timestamps,TP9,AF7,AF8,TP10,Right AUX
1732204951.606,-28.320,-28.809,-11.719,9.766,0.000
1732204951.610,-11.230,-25.879,-14.648,18.555,0.000
1732204951.614,-23.438,-17.578,-20.508,-19.531,0.000
1732204951.617,-49.805,-14.648,-8.789,-33.203,0.000
1732204951.621,-48.828,-20.996,-3.906,-26.367,0.000
1732204951.625,-28.809,-15.625,-5.859,-57.129,0.000
1732204951.629,-14.160,-12.695,-8.789,-41.016,0.000
1732204951.633,-18.555,-21.973,-9.277,-9.277,0.000
1732204951.637,-31.250,-25.391,-7.812,-23.926,0.000
1732204951.641,-29.297,-18.066,-15.137,-23.438,0.000
1732204951.645,-44.434,-21.484,-26.367,-29.297,0.000
1732204951.649,-56.641,-27.832,-12.695,-60.059,0.000
1732204951.653,-47.363,-32.715,-8.789,-43.945,0.000
1732204951.656,-28.809,-29.297,-26.367,-47.852,0.000
1732204951.660,-15.625,-17.090,-25.879,-63.965,0.000
1732204951.664,0.977,-14.160,-17.578,-31.738,0.000
1732204951.668,-7.812,-15.137,-17.090,-15.625,0.000
1732204951.672,-41.016,-24.902,-7.324,-6.348,0.000
1732204951.676,-28.809,-22.461,-9.766,-1.953,0.000
1732204951.680,-11.230,-9.766,-15.137,4.395,0.000
1732204951.684,-31.738,-15.625,-13.184,-3.418,0.000
1732204951.688,-41.016,-28.809,-20.508,-22.461,0.000
1732204951.691,-29.785,-31.250,-31.738,-56.152,0.000
1732204951.695,-25.879,-30.762,-31.250,-59.082,0.000
1732204951.700,-16.113,-32.227,-15.625,-34.668,0.000
1732204951.703,-1.953,-28.320,-16.113,-38.086,0.000
1732204951.707,-2.441,-19.531,-16.602,-34.668,0.000
1732204951.711,-25.391,-19.043,-9.766,-26.855,0.000
1732204951.715,-41.992,-27.832,-13.672,-25.391,0.000
1732204951.719,-43.945,-29.785,-19.043,2.930,0.000
1732204951.723,-67.383,-19.043,-14.648,8.301,0.000
1732204951.727,-65.430,-20.020,-13.672,3.418,0.000
1732204951.731,-54.199,-26.367,-11.230,13.672,0.000
1732204951.734,-59.570,-26.367,-12.207,-17.578,0.000
1732204951.738,-32.227,-27.344,-17.578,-43.457,0.000
1732204951.742,-24.414,-25.391,-17.090,-34.180,0.000
1732204951.746,-49.805,-32.227,-27.832,-43.945,0.000
1732204951.750,-47.852,-31.250,-17.090,-65.430,0.000
1732204951.754,-20.996,-26.367,-6.836,-42.969,0.000
1732204951.758,-23.438,-34.668,-20.020,-22.461,0.000
1732204951.762,-17.090,-29.297,-30.762,-39.551,0.000
1732204951.766,-25.391,-23.926,-22.949,-26.367,0.000
1732204951.770,-27.832,-20.508,-18.066,-23.926,0.000
1732204951.774,-20.020,-17.578,-26.855,-32.227,0.000
1732204951.778,-29.297,-25.391,-31.250,-17.090,0.000
1732204951.781,-29.297,-27.832,-31.250,-24.902,0.000
1732204951.785,-18.555,-24.414,-20.508,-32.227,0.000
1732204951.789,-25.879,-24.414,-14.160,-10.742,0.000
1732204951.793,-35.645,-23.926,-21.484,-4.395,0.000
1732204951.797,-34.180,-20.996,-20.996,-22.949,0.000
1732204951.801,-22.461,-22.949,-26.855,-34.668,0.000
1732204951.805,-27.344,-28.320,-29.297,-27.344,0.000
1732204951.809,-36.133,-27.344,-17.090,-12.695,0.000
1732204951.813,-32.715,-25.879,-20.020,-5.859,0.000
1732204951.817,-33.691,-28.809,-20.996,-21.484,0.000
1732204951.821,-43.945,-31.250,-22.949,-34.668,0.000
1732204951.824,-35.645,-28.320,-20.508,-43.457,0.000
1732204951.828,-30.273,-26.855,-16.602,-57.617,0.000
1732204951.832,-32.227,-22.461,-22.461,-34.180,0.000
1732204951.836,-29.785,-19.043,-20.508,-12.695,0.000
1732204951.840,0.000,-26.855,-11.230,-27.832,0.000
1732204951.844,0.000,-20.996,-14.160,-66.895,0.000
1732204951.848,0.000,-6.348,-20.020,-63.477,0.000
1732204951.852,0.000,-7.812,-19.043,-31.250,0.000
1732204951.856,0.000,-17.578,-14.648,-32.715,0.000
1732204951.860,0.000,-16.113,-15.137,-30.273,0.000
1732204951.864,0.000,-23.926,-11.719,-37.109,0.000
1732204951.867,0.000,-18.555,-7.812,-31.738,0.000
1732204951.871,0.000,-5.859,-8.789,-10.742,0.000
1732204951.875,0.000,-0.977,-7.324,-11.230,0.000
1732204951.879,0.000,-10.742,-7.324,-2.930,0.000
1732204951.883,0.000,-20.020,-21.484,-19.043,0.000
1732204951.887,-35.645,-8.789,0.000,-35.645,0.000
1732204951.891,-39.551,-19.043,0.000,-27.344,0.000
1732204951.894,-15.137,-18.066,0.000,-0.488,0.000
1732204951.898,-1.953,-7.812,0.000,6.348,0.000
1732204951.902,-7.812,-18.555,0.000,-38.574,0.000
1732204951.906,-26.855,-20.996,0.000,-63.965,0.000
1732204951.910,-19.531,-21.484,0.000,-54.688,0.000
1732204951.914,0.488,-10.742,0.000,-31.738,0.000
1732204951.918,-36.133,-7.812,0.000,-43.457,0.000
1732204951.922,-54.688,-9.766,0.000,-51.270,0.000
1732204951.926,-46.875,-6.348,0.000,-21.973,0.000
1732204951.929,-30.273,-15.625,0.000,-10.742,0.000
1732204951.934,-7.324,-14.160,-3.418,-32.227,0.000
1732204951.937,-20.020,-14.648,-6.836,-63.477,0.000
1732204951.941,-14.648,-20.996,-0.488,-60.059,0.000
1732204951.945,-0.488,-11.719,4.395,-17.090,0.000
1732204951.949,-15.137,-9.766,4.395,-4.395,0.000
1732204951.953,-35.645,-26.367,-0.488,-15.625,0.000
1732204951.957,-41.992,-31.250,-6.348,-47.852,0.000
1732204951.961,-40.039,-22.461,-10.254,-84.961,0.000
1732204951.965,-43.457,-21.484,-8.789,-80.566,0.000
1732204951.969,-32.715,-24.902,1.953,-50.781,0.000
1732204951.972,-19.531,-19.531,5.371,-33.691,0.000
1732204951.976,-34.668,-15.625,0.977,-27.832,0.000
1732204951.980,-26.855,-21.973,-2.930,-21.484,0.000
1732204951.984,-2.441,-16.602,-4.395,-27.344,0.000
1732204951.988,-22.461,-15.625,-6.836,-41.504,0.000
1732204951.992,-24.414,-14.648,-2.930,-47.363,0.000
1732204951.996,-14.160,-15.137,-1.953,-35.156,0.000
1732204952.000,-39.062,-22.461,1.465,-29.785,0.000
1732204952.004,-35.156,-19.531,0.977,-47.363,0.000
1732204952.008,-1.465,-18.066,-8.301,-22.949,0.000
1732204952.012,-13.184,-19.531,0.977,2.930,0.000
1732204952.015,-20.020,-26.855,-1.465,-18.066,0.000
1732204952.019,-17.090,-24.414,-18.555,-33.691,0.000
1732204952.023,-40.527,-25.879,-21.484,-67.383,0.000
1732204952.027,-41.504,-37.109,-17.090,-63.965,0.000
1732204952.031,-31.250,-29.297,-12.695,-36.133,0.000
1732204952.035,-20.508,-17.578,-11.719,-28.320,0.000
1732204952.039,-14.648,-21.484,-15.625,-54.199,0.000
1732204952.043,-31.738,-29.297,-25.879,-68.359,0.000
1732204952.047,-41.016,-30.762,-21.973,-57.129,0.000
1732204952.051,-31.250,-23.438,-17.090,-32.227,0.000
1732204952.054,-35.645,-27.832,-16.602,-26.367,0.000
1732204952.058,-29.785,-26.367,-26.855,-50.293,0.000
1732204952.062,-18.555,-28.320,-21.973,-67.383,0.000
1732204952.066,-48.340,-35.645,-10.742,-65.918,0.000
1732204952.070,-50.293,-25.391,-23.438,-46.387,0.000
1732204952.074,-9.277,-24.902,-31.738,-20.020,0.000
1732204952.078,-20.508,-26.367,-12.695,-7.812,0.000
1732204952.082,-40.527,-25.879,-8.301,-28.320,0.000
1732204952.086,-34.180,-35.645,-16.113,-28.809,0.000
1732204952.090,-10.254,-26.855,-17.090,-30.762,0.000
1732204952.094,-3.418,-17.578,-20.020,-20.020,0.000
1732204952.098,-27.832,-30.273,-22.949,-13.184,0.000
1732204952.102,-22.461,-32.715,-21.484,-38.086,0.000
1732204952.105,-17.090,-16.602,-14.160,-39.551,0.000
1732204952.109,-28.809,-8.789,-18.555,-26.855,0.000
1732204952.113,-19.531,-9.277,-21.973,-12.695,0.000
1732204952.117,-2.930,-11.719,-8.301,3.418,0.000
1732204952.121,-16.602,-12.695,-9.277,-2.930,0.000
1732204952.125,-16.602,-12.695,-18.555,-19.043,0.000
1732204952.129,-13.672,-19.043,-14.648,-9.277,0.000
1732204952.133,-18.066,-18.066,-16.113,8.301,0.000
1732204952.137,-1.465,-17.090,-20.508,5.859,0.000
1732204952.141,-10.742,-24.414,-18.555,-3.906,0.000
1732204952.145,-15.625,-18.066,-24.414,-5.859,0.000
1732204952.148,-20.020,-12.695,-20.508,1.465,0.000
1732204952.152,-24.414,-24.414,-16.113,-20.020,0.000
1732204952.156,-30.762,-32.227,-9.766,-26.855,0.000
1732204952.160,-38.086,-37.598,-4.395,-16.602,0.000
1732204952.164,-20.020,-33.691,-9.277,-20.996,0.000
1732204952.168,-18.555,-25.391,-7.812,-44.922,0.000
1732204952.172,-28.809,-23.926,-8.789,-33.203,0.000
1732204952.176,-27.344,-19.531,-6.836,-7.324,0.000
1732204952.180,-17.090,-15.625,-3.418,4.883,0.000
1732204952.184,-24.902,-17.090,-8.301,-15.137,0.000
1732204952.188,-50.781,-21.973,-14.160,-39.551,0.000
1732204952.192,-29.785,-17.578,-17.090,-30.762,0.000
1732204952.195,-13.184,-17.090,-10.254,-42.480,0.000
1732204952.199,-28.320,-18.066,-10.254,-37.109,0.000
1732204952.203,-42.969,-23.438,-9.766,-42.969,0.000
1732204952.207,-41.504,-30.273,-17.578,-42.480,0.000
1732204952.211,-6.348,-18.066,-24.902,-18.555,0.000
1732204952.215,0.488,-13.672,-15.137,-38.574,0.000
1732204952.219,-21.973,-19.531,-13.184,-29.297,0.000
1732204952.223,-30.762,-17.090,-11.719,-11.230,0.000
1732204952.227,-35.156,-17.578,-9.277,-5.859,0.000
1732204952.231,-35.156,-25.391,-15.625,-18.066,0.000
1732204952.235,-44.434,-27.344,-10.742,-11.230,0.000
1732204952.238,-42.969,-24.414,-20.020,-25.391,0.000
1732204952.242,-29.297,-27.832,-29.785,-43.945,0.000
1732204952.246,-31.738,-32.715,-14.648,0.000,0.000
1732204952.250,-30.762,-27.344,-22.949,11.230,0.000
1732204952.254,-41.016,-28.809,-31.250,4.395,0.000
1732204952.258,-66.895,-27.832,-21.484,13.184,0.000
1732204952.262,-40.039,-31.250,-32.715,-33.203,0.000
1732204952.266,-15.137,-32.227,-37.598,-46.387,0.000
1732204952.270,-46.875,-26.855,-39.551,-47.363,0.000
1732204952.274,-54.688,-32.715,-40.527,-72.266,0.000
1732204952.277,-39.062,-31.250,-35.645,-50.293,0.000
1732204952.281,-36.621,-24.902,-35.156,-51.758,0.000
1732204952.285,-57.129,-30.762,-32.715,-39.062,0.000
1732204952.289,-47.363,-37.598,-31.250,-26.367,0.000
1732204952.293,-26.367,-29.785,-22.949,-45.898,0.000
1732204952.297,-25.879,-20.020,-22.949,-41.016,0.000
1732204952.301,-21.973,-21.484,-29.785,-19.043,0.000
1732204952.305,-13.672,-20.508,-31.250,-18.555,0.000
1732204952.309,0.000,-19.043,0.000,-5.371,0.000
1732204952.313,0.000,-9.766,0.000,-52.734,0.000
1732204952.317,0.000,-6.836,0.000,-77.148,0.000
1732204952.321,0.000,-5.859,0.000,-55.176,0.000
1732204952.325,0.000,-9.277,0.000,-32.715,0.000
1732204952.329,0.000,-9.766,0.000,-33.691,0.000
1732204952.333,0.000,-9.277,0.000,-33.691,0.000
1732204952.336,0.000,-19.531,0.000,-18.066,0.000
1732204952.340,0.000,-26.367,0.000,-2.441,0.000
1732204952.344,0.000,-31.250,0.000,-22.461,0.000
1732204952.348,0.000,-25.391,0.000,-46.387,0.000
1732204952.352,0.000,-23.438,0.000,-37.109,0.000
1732204952.356,-20.020,-21.973,-31.250,0.000,0.000
1732204952.360,-20.508,-14.648,-30.762,0.000,0.000
1732204952.364,-10.742,-14.160,-31.738,0.000,0.000
1732204952.368,-25.391,-20.508,-29.785,0.000,0.000
1732204952.372,-25.391,-20.508,-34.180,0.000,0.000
1732204952.376,-23.926,-14.648,-24.414,0.000,0.000
1732204952.379,-33.691,-16.602,-21.484,0.000,0.000
1732204952.383,-59.570,-24.414,-26.855,0.000,0.000
1732204952.387,-48.828,-19.531,-22.949,0.000,0.000
1732204952.391,-29.785,-12.695,-25.391,0.000,0.000
1732204952.395,-32.227,-15.137,-35.156,0.000,0.000
1732204952.399,-37.109,-24.414,-36.621,0.000,0.000
1732204952.403,-62.988,-34.180,-29.785,-48.340,0.000
1732204952.407,-60.547,-36.133,-37.598,-63.477,0.000
1732204952.411,-37.598,-22.461,-38.574,-54.688,0.000
1732204952.415,-26.855,-21.973,-29.785,-35.645,0.000
1732204952.419,-40.039,-26.855,-33.203,-24.902,0.000
1732204952.423,-66.406,-21.973,-34.180,-37.598,0.000
1732204952.426,-90.332,-34.180,-25.879,-38.086,0.000
1732204952.430,-79.590,-36.621,-28.809,-18.066,0.000
1732204952.434,-56.152,-31.738,-30.762,-7.812,0.000
1732204952.438,-69.824,-36.621,-23.926,-21.484,0.000
1732204952.442,-50.781,-30.273,-30.762,-16.602,0.000
1732204952.446,-35.645,-22.461,-31.250,-15.625,0.000
1732204952.450,-59.570,-20.996,-32.715,-46.875,0.000
1732204952.454,-47.852,-23.438,-35.156,-58.105,0.000
1732204952.458,-32.715,-21.484,-30.273,-62.012,0.000
1732204952.462,-34.180,-18.066,-27.344,-57.129,0.000
1732204952.466,-34.668,-22.949,-24.414,-38.574,0.000
1732204952.470,-51.758,-24.902,-29.297,-13.672,0.000
1732204952.473,-53.711,-13.672,-28.809,3.906,0.000
1732204952.477,-54.688,-3.906,-20.996,-3.418,0.000
1732204952.481,-44.434,-9.766,-19.531,-0.977,0.000
1732204952.485,-29.785,-24.902,-14.648,11.719,0.000
1732204952.489,-39.551,-19.043,-18.066,-29.785,0.000
1732204952.493,-24.902,-16.602,-20.996,-38.574,0.000
1732204952.497,-26.855,-21.484,-17.578,-37.598,0.000
1732204952.501,-46.875,-6.836,-20.508,-41.016,0.000
1732204952.505,-43.945,-11.230,-25.391,-26.855,0.000
1732204952.509,-17.578,-14.160,-15.625,-38.086,0.000
1732204952.513,-8.789,-9.766,-8.789,-36.621,0.000
1732204952.516,-14.160,-15.625,-18.555,-23.438,0.000
1732204952.520,-31.250,-25.391,-24.902,-22.949,0.000
1732204952.524,-28.809,-20.020,-25.879,-1.953,0.000
1732204952.528,-13.184,-20.996,-25.391,-4.395,0.000
1732204952.532,-13.184,-29.785,-35.156,-26.367,0.000
1732204952.536,-23.926,-26.367,-25.879,-8.301,0.000
1732204952.540,-26.855,-20.020,-16.113,-15.137,0.000
1732204952.544,-27.832,-15.625,-21.973,-27.832,0.000
1732204952.548,-29.785,-20.020,-31.738,-29.785,0.000
1732204952.552,-35.156,-20.508,-33.691,-54.199,0.000
1732204952.556,-38.086,-18.066,-25.391,-43.457,0.000
1732204952.559,-25.879,-20.020,-25.391,-38.086,0.000
1732204952.563,-28.809,-18.555,-26.367,-34.668,0.000
1732204952.567,-34.180,-18.066,-22.949,-36.133,0.000
1732204952.571,-17.578,-15.137,-18.555,-41.504,0.000
1732204952.575,-17.578,-24.902,-20.996,-45.898,0.000
1732204952.579,-12.207,-23.438,-31.250,-39.062,0.000
1732204952.583,-36.133,-19.531,-26.855,-21.484,0.000
1732204952.587,-55.664,-16.113,-27.344,-33.691,0.000
1732204952.591,-43.457,-11.719,-36.621,-31.738,0.000
1732204952.595,-46.875,-21.973,-23.926,-5.371,0.000
1732204952.599,-29.785,-24.902,-20.508,-5.859,0.000
1732204952.602,-17.090,-22.461,-29.297,-22.949,0.000
1732204952.606,-21.973,-21.973,-31.250,-40.039,0.000
1732204952.610,-29.785,-23.926,-28.809,-40.527,0.000
1732204952.614,-17.090,-19.531,-26.855,-39.551,0.000
1732204952.618,-20.996,-14.160,-26.367,-42.480,0.000
1732204952.622,-39.551,-16.113,-20.020,-47.852,0.000
1732204952.626,-55.176,-12.207,-35.156,-69.824,0.000
1732204952.630,-67.871,-14.160,-29.785,-25.879,0.000
1732204952.634,-52.246,-15.625,-14.160,-10.742,0.000
1732204952.638,0.000,-17.090,-23.926,-18.066,0.000
1732204952.642,0.000,-19.043,-28.809,-8.301,0.000
1732204952.646,0.000,-15.137,-24.902,-31.250,0.000
1732204952.649,0.000,-20.996,-15.137,-41.504,0.000
1732204952.653,0.000,-18.066,-20.508,-50.781,0.000
1732204952.657,0.000,-21.484,-26.367,-49.316,0.000
1732204952.661,0.000,-26.367,-29.297,-41.016,0.000
1732204952.665,0.000,-15.137,-27.832,-26.855,0.000
1732204952.669,0.000,-15.137,-32.227,-22.461,0.000
1732204952.673,0.000,-19.043,-33.203,-24.902,0.000
1732204952.677,0.000,-14.160,-30.273,-19.531,0.000
1732204952.681,0.000,-10.254,-24.414,-15.625,0.000
1732204952.685,-13.184,-15.625,-14.648,-9.277,0.000
1732204952.689,-36.621,-19.043,-16.113,-9.277,0.000
1732204952.692,-48.828,-16.113,-16.113,-18.555,0.000
1732204952.696,-52.246,-21.484,-15.137,8.789,0.000
1732204952.700,-55.176,-19.043,-13.184,18.555,0.000
1732204952.704,-32.227,-10.254,-11.719,-12.207,0.000
1732204952.708,-26.855,-13.184,-21.484,-41.504,0.000
1732204952.712,-30.762,-19.043,-20.020,-54.199,0.000
1732204952.716,-9.766,-14.648,-24.414,-60.547,0.000
1732204952.720,-1.953,-10.254,-32.227,-33.203,0.000
1732204952.724,-29.785,-20.996,-19.531,-6.348,0.000
1732204952.727,-34.180,-20.020,-13.672,-0.977,0.000
1732204952.732,-25.879,-8.301,-14.160,0.977,0.000
1732204952.735,-37.109,-10.742,-20.020,-9.277,0.000
1732204952.739,-32.715,-17.090,-34.668,-26.367,0.000
1732204952.743,-22.461,-19.043,-27.832,-44.434,0.000
1732204952.747,-31.738,-14.648,-22.949,-44.922,0.000
1732204952.751,-38.574,-14.648,-22.949,-41.504,0.000
1732204952.755,-27.832,-17.090,-18.555,-30.273,0.000
1732204952.759,-27.344,-14.648,-25.879,-33.691,0.000
1732204952.763,-32.715,-19.531,-22.461,-32.227,0.000
1732204952.767,-17.090,-12.207,-25.879,-15.625,0.000
1732204952.770,-8.789,-4.883,-27.344,-40.527,0.000
1732204952.774,-31.738,-11.230,-22.949,-56.641,0.000
1732204952.779,-45.898,-20.508,-25.391,-43.457,0.000
1732204952.783,-28.320,-21.973,-25.391,-38.086,0.000
1732204952.786,-45.410,-20.996,-28.809,-30.762,0.000
1732204952.790,-72.754,-26.367,-30.273,-9.766,0.000
1732204952.794,-54.199,-23.438,-32.227,-18.066,0.000
1732204952.798,-35.156,-20.508,-27.344,-2.441,0.000
1732204952.802,-42.480,-29.785,-22.461,6.348,0.000
1732204952.806,-34.180,-29.785,-19.043,-2.930,0.000
1732204952.810,-25.391,-20.996,-17.090,-6.348,0.000
1732204952.814,-35.156,-14.160,-17.090,-38.086,0.000
1732204952.818,-40.039,-7.812,-30.762,-79.590,0.000
1732204952.821,-50.293,-4.395,-39.551,-99.609,0.000
1732204952.826,0.000,-7.812,0.000,-59.570,0.000
1732204952.829,0.000,-16.113,0.000,-27.832,0.000
1732204952.833,0.000,-11.719,0.000,-52.734,0.000
1732204952.837,0.000,-12.695,0.000,-76.172,0.000
1732204952.841,0.000,-14.648,0.000,-54.199,0.000
1732204952.845,0.000,-22.461,0.000,-38.086,0.000
1732204952.849,0.000,-23.926,0.000,-43.457,0.000
1732204952.853,0.000,-9.277,0.000,-30.273,0.000
1732204952.857,0.000,-19.531,0.000,-25.879,0.000
1732204952.861,0.000,-17.578,0.000,-30.273,0.000
1732204952.864,0.000,-18.066,0.000,-35.156,0.000
1732204952.868,0.000,-25.391,0.000,-35.645,0.000
1732204952.872,-28.320,-17.090,-28.320,-35.156,0.000
1732204952.876,-24.902,-14.160,-28.809,-35.156,0.000
1732204952.880,-17.090,-12.207,-29.297,-24.902,0.000
1732204952.884,-29.785,-8.301,-29.297,-16.113,0.000
1732204952.888,-41.016,-12.207,-22.949,-16.602,0.000
1732204952.892,-42.480,-18.066,-21.484,-18.555,0.000
1732204952.896,-39.551,-18.066,-35.156,-41.992,0.000
1732204952.900,-30.273,-19.043,-37.109,-54.199,0.000
1732204952.904,-22.949,-16.602,-30.273,-29.785,0.000
1732204952.907,-27.344,-14.648,-39.551,-33.691,0.000
1732204952.911,-45.898,-25.879,-36.133,-41.504,0.000
1732204952.915,-51.270,-30.762,-21.484,-32.715,0.000
1732204952.919,-50.781,-24.902,-22.461,-37.598,0.000
1732204952.923,-59.570,-28.320,-30.762,-56.152,0.000
1732204952.927,-28.320,-28.320,-37.109,-52.734,0.000
1732204952.931,-41.016,-26.855,-36.621,-50.781,0.000
1732204952.935,-55.664,-21.973,-29.297,-47.363,0.000
1732204952.939,-37.109,-20.508,-26.855,-30.273,0.000
1732204952.943,-35.645,-21.484,-21.973,-20.996,0.000
1732204952.947,-47.852,-19.043,-20.508,-35.645,0.000
1732204952.951,-48.828,-17.090,-35.156,-36.621,0.000
1732204952.954,-16.113,-13.672,-39.551,-41.992,0.000
1732204952.958,-11.719,-14.648,-23.926,-47.852,0.000
1732204952.962,-22.461,-17.578,-17.090,-43.457,0.000
1732204952.966,-27.832,-22.949,-29.785,-57.617,0.000
1732204952.970,-17.578,-22.949,-39.551,-66.406,0.000
1732204952.974,-9.766,-22.461,-37.109,-54.199,0.000
1732204952.978,-4.883,-24.414,-29.785,-17.090,0.000
1732204952.982,-12.695,-25.391,-29.297,-18.555,0.000
1732204952.986,-24.902,-22.461,-40.039,-30.273,0.000
1732204952.990,-27.344,-22.461,-38.574,-28.809,0.000
1732204952.994,-33.691,-29.785,-38.086,-11.230,0.000
1732204952.998,-37.109,-29.297,-37.109,16.113,0.000
1732204953.001,-26.855,-23.926,-31.738,-0.977,0.000
1732204953.005,-15.625,-21.973,-30.762,-19.531,0.000
1732204953.009,-22.949,-21.973,-36.133,-39.062,0.000
1732204953.013,-30.273,-23.926,-31.250,-54.688,0.000
1732204953.017,-29.297,-20.020,-23.438,-57.617,0.000
1732204953.021,-32.715,-23.438,-29.785,-54.199,0.000
1732204953.025,-33.203,-24.902,-35.645,-42.480,0.000
1732204953.029,-38.086,-28.320,-21.973,-25.391,0.000
1732204953.033,-35.156,-23.926,-23.926,-25.391,0.000
1732204953.037,-23.438,-18.555,-28.809,-26.367,0.000
1732204953.041,-30.273,-24.902,-20.996,-27.344,0.000
1732204953.045,-30.273,-23.926,-19.531,-17.090,0.000
1732204953.048,-18.555,-18.066,-17.578,-26.367,0.000
1732204953.052,-7.324,-11.719,-12.207,-20.508,0.000
1732204953.056,-20.020,-14.160,-10.742,-30.762,0.000
1732204953.060,-36.621,-18.555,-18.555,-41.504,0.000
1732204953.064,-32.715,-17.090,-25.879,-24.902,0.000
1732204953.068,-23.926,-14.648,-15.625,-53.223,0.000
1732204953.072,-37.598,-13.184,-19.043,-54.688,0.000
1732204953.076,-25.391,-14.160,-26.855,-7.812,0.000
1732204953.080,-15.625,-15.625,-22.949,-4.395,0.000
1732204953.084,-5.371,-14.160,-19.531,-13.184,0.000
1732204953.088,-8.789,-12.207,-20.508,-17.090,0.000
1732204953.092,-33.691,-17.578,-25.879,-32.715,0.000
1732204953.095,-17.090,-15.137,-13.184,-26.367,0.000
1732204953.099,-18.555,-15.137,-9.277,0.488,0.000
1732204953.103,-42.969,-19.043,-22.461,-15.625,0.000
1732204953.107,-31.250,-12.207,-30.273,-21.973,0.000
1732204953.111,-12.207,-8.789,-28.320,-16.113,0.000
1732204953.115,-23.438,-10.742,-29.785,-35.645,0.000
1732204953.119,-35.156,-13.672,-31.738,-51.270,0.000
1732204953.123,-47.363,-17.090,-26.855,-54.199,0.000
1732204953.127,-30.273,-15.625,-21.484,-28.320,0.000
1732204953.131,-18.066,-20.508,-22.949,-41.016,0.000
1732204953.135,-35.156,-18.555,-28.320,-27.344,0.000
1732204953.138,-51.270,-20.508,-19.043,-1.953,0.000
1732204953.142,-23.438,-20.020,-25.879,-5.859,0.000
1732204953.146,-21.484,-13.184,-30.273,-9.277,0.000
1732204953.150,-43.457,-16.602,-16.113,-42.480,0.000
1732204953.154,-33.691,-16.113,-18.066,-47.852,0.000
1732204953.158,-20.020,-14.160,-26.367,-53.223,0.000
1732204953.162,-28.320,-8.789,-20.996,-62.500,0.000
1732204953.166,-43.457,-10.254,-23.926,-71.777,0.000
1732204953.170,-49.316,-24.414,-23.438,-54.688,0.000
1732204953.174,-40.039,-24.902,-20.508,-32.715,0.000
1732204953.178,-24.902,-19.531,-21.484,-34.180,0.000
1732204953.181,-34.668,-26.855,-20.020,-45.898,0.000
1732204953.185,-42.969,-22.461,-18.066,-50.293,0.000
1732204953.189,-51.758,-16.113,-16.602,-53.223,0.000
1732204953.193,-40.527,-11.230,-16.602,-64.453,0.000
1732204953.197,-13.672,-7.324,-9.277,-42.480,0.000
1732204953.201,-38.574,-11.230,-8.301,-20.020,0.000
1732204953.205,-57.617,-16.113,-12.207,-50.293,0.000
1732204953.209,-57.129,-20.508,-13.184,-65.918,0.000
1732204953.213,-80.078,-25.879,-12.207,-73.242,0.000
1732204953.217,-91.797,-19.043,-9.277,-70.801,0.000
1732204953.221,-78.125,-15.137,-9.766,-48.828,0.000
1732204953.224,-75.684,-19.531,-5.371,-82.520,0.000
1732204953.228,-89.844,-11.719,-4.395,-89.355,0.000
1732204953.232,-75.684,-9.766,-13.184,-52.734,0.000
1732204953.236,-80.566,-12.695,-19.043,-65.918,0.000
1732204953.240,-91.309,-10.254,-3.418,-68.848,0.000
1732204953.244,-77.637,-9.766,7.324,-96.191,0.000
1732204953.248,-81.055,-13.672,0.488,-139.648,0.000
1732204953.252,-91.797,-11.230,3.418,-143.555,0.000
1732204953.256,-102.051,-6.348,5.371,-140.137,0.000
1732204953.260,-108.398,-8.301,-3.906,-149.414,0.000
1732204953.264,-105.469,-5.859,-9.277,-131.348,0.000
1732204953.267,-97.656,-4.883,-9.766,-123.047,0.000
1732204953.271,-94.238,-6.348,-5.371,-113.281,0.000
1732204953.275,-89.844,-2.930,-1.465,-104.004,0.000
1732204953.279,-89.355,-7.324,-6.836,-102.539,0.000
1732204953.283,-67.383,-16.113,-8.301,-89.355,0.000
1732204953.287,-71.777,-13.184,-8.301,-88.379,0.000
1732204953.291,-85.449,-15.137,-8.789,-86.914,0.000
1732204953.295,-63.477,-18.555,-10.254,-77.148,0.000
1732204953.299,-64.453,-12.207,-12.207,-77.148,0.000
1732204953.303,-78.613,-11.230,-13.672,-75.684,0.000
1732204953.307,-72.754,-12.695,-9.277,-54.199,0.000
1732204953.310,-61.035,-11.719,-18.066,-57.129,0.000
1732204953.314,-52.734,-13.672,-26.367,-67.383,0.000
1732204953.318,-31.250,-17.578,-25.879,-78.125,0.000
1732204953.322,-23.438,-21.973,-25.879,-86.426,0.000
1732204953.326,-50.293,-27.832,-21.484,-68.359,0.000
1732204953.330,-47.852,-29.297,-28.320,-59.570,0.000
1732204953.334,-32.715,-31.250,-31.738,-63.965,0.000
1732204953.338,-24.414,-31.250,-31.250,-62.500,0.000
1732204953.342,0.000,-23.926,-34.668,-54.199,0.000
1732204953.346,0.000,-26.367,-35.156,-42.969,0.000
1732204953.350,0.000,-26.367,-24.414,-24.902,0.000
1732204953.353,0.000,-24.414,-18.066,-32.715,0.000
1732204953.357,0.000,-27.832,-28.320,-26.855,0.000
1732204953.361,0.000,-24.902,-37.598,-14.648,0.000
1732204953.365,0.000,-12.207,-36.621,-23.438,0.000
1732204953.369,0.000,-13.184,-34.180,-13.672,0.000
1732204953.373,0.000,-14.160,-35.156,-38.574,0.000
1732204953.377,0.000,-17.090,-30.762,-53.711,0.000
1732204953.381,0.000,-32.715,-30.273,-51.270,0.000
1732204953.385,0.000,-30.762,-34.668,-37.598,0.000
1732204953.388,-27.344,-27.832,-27.344,-20.508,0.000
1732204953.392,-32.227,-20.996,-22.461,-49.805,0.000
1732204953.396,-43.457,-24.414,-20.508,-58.105,0.000
1732204953.400,-45.898,-24.414,-28.809,-35.156,0.000
1732204953.404,-54.688,-13.184,-35.156,-24.414,0.000
1732204953.408,-61.523,-21.484,-24.414,-41.992,0.000
1732204953.412,2.441,-22.949,-27.832,-78.125,0.000
1732204953.416,-12.695,-21.484,-26.367,-68.359,0.000
1732204953.420,-72.754,-23.438,-18.555,-46.875,0.000
1732204953.423,-58.594,-14.160,-18.066,-64.453,0.000
1732204953.427,-64.941,-11.230,-21.973,-65.918,0.000
1732204953.431,-64.453,-12.207,-17.090,-57.129,0.000
1732204953.435,-50.293,-22.461,-15.625,-72.266,0.000
1732204953.439,-32.227,-20.508,-17.578,-83.984,0.000
1732204953.443,-36.133,-17.090,-10.742,-89.844,0.000
1732204953.447,-54.199,-25.879,-9.766,-108.398,0.000
1732204953.451,-50.781,-25.391,-12.207,-123.535,0.000
1732204953.455,-26.855,-20.996,-11.719,-137.207,0.000
1732204953.459,-26.855,-22.949,-2.930,-137.207,0.000
1732204953.462,-44.922,-23.438,-4.883,-146.484,0.000
1732204953.466,-35.645,-19.531,-6.836,-151.855,0.000
1732204953.470,-38.574,-19.043,-10.254,-159.180,0.000
1732204953.474,-52.246,-16.602,-8.301,-194.336,0.000
1732204953.478,-77.148,-31.250,1.953,-175.781,0.000
1732204953.482,-81.543,-37.109,-3.418,-145.508,0.000
1732204953.486,-65.430,-21.484,-5.371,-163.086,0.000
1732204953.490,-44.922,-20.020,4.395,-136.230,0.000
1732204953.494,-34.180,-25.879,8.789,-108.887,0.000
1732204953.498,-62.500,-29.297,7.324,-126.953,0.000
1732204953.502,-66.406,-33.203,9.277,-133.789,0.000
1732204953.505,-67.383,-42.480,1.465,-130.371,0.000
1732204953.509,-73.242,-48.340,1.953,-132.812,0.000
1732204953.513,-60.059,-41.504,5.859,-125.488,0.000
1732204953.517,-65.918,-32.227,-6.348,-175.293,0.000
1732204953.521,-63.965,-34.180,-11.230,-185.059,0.000
1732204953.525,-68.848,-39.062,-8.789,-160.156,0.000
1732204953.529,-49.805,-40.039,-9.277,-130.371,0.000
1732204953.533,-18.555,-33.203,-2.441,-144.043,0.000
1732204953.537,-22.949,-23.926,-13.672,-173.340,0.000
1732204953.541,-52.246,-29.785,-10.254,-108.887,0.000
1732204953.545,-58.594,-41.016,6.348,-145.508,0.000
1732204953.548,-9.766,-30.762,-1.953,-145.020,0.000
1732204953.552,-0.977,-24.414,-6.836,-77.637,0.000
1732204953.556,-1.465,-30.762,-2.930,-99.609,0.000
1732204953.560,-16.113,-29.297,0.000,-115.234,0.000
1732204953.564,-37.598,-28.809,-4.883,-119.141,0.000
1732204953.568,-34.668,-23.926,-6.348,-112.793,0.000
1732204953.572,-47.852,-28.320,-4.883,-95.215,0.000
1732204953.576,-30.762,-30.273,-7.812,-125.977,0.000
1732204953.580,-8.301,-21.973,-12.207,-117.676,0.000
1732204953.584,-11.719,-28.320,-16.113,-69.824,0.000
1732204953.588,-3.906,-27.344,-18.555,-72.266,0.000
1732204953.592,-7.324,-28.320,-16.602,-89.355,0.000
1732204953.595,-20.508,-36.133,-26.367,-96.191,0.000
1732204953.599,-32.227,-32.715,-33.691,-78.125,0.000
1732204953.603,-43.945,-20.996,-21.484,-73.242,0.000
1732204953.607,-45.410,-26.367,-18.066,-83.496,0.000
1732204953.611,-34.668,-34.668,-22.949,-34.180,0.000
1732204953.615,-24.414,-26.855,-19.043,10.742,0.000
1732204953.619,-26.855,-28.809,-17.578,-1.465,0.000
1732204953.623,-21.973,-34.180,-21.973,-26.855,0.000
1732204953.627,-13.672,-32.227,-26.855,-64.453,0.000
1732204953.631,-11.230,-35.645,-25.879,-76.172,0.000
1732204953.635,-7.812,-38.086,-19.531,-90.820,0.000
1732204953.638,-5.371,-37.109,-20.508,-83.008,0.000
1732204953.642,8.789,-38.574,-25.391,-87.402,0.000
1732204953.646,0.977,-32.227,-31.250,-101.562,0.000
1732204953.650,-11.230,-34.180,-31.250,-68.848,0.000
1732204953.654,-5.859,-37.598,-20.996,-33.691,0.000
1732204953.658,-1.953,-33.691,-21.973,-29.785,0.000
1732204953.662,-6.348,-35.645,-28.320,-59.082,0.000
1732204953.666,0.977,-33.203,-28.809,-56.152,0.000
1732204953.670,3.418,-31.738,-24.414,-41.992,0.000
1732204953.674,10.742,-34.180,-24.414,-38.086,0.000
1732204953.678,15.625,-24.902,-27.832,-53.711,0.000
1732204953.681,14.160,-15.137,-25.391,-69.336,0.000
1732204953.685,16.113,-20.996,-22.949,-58.594,0.000
1732204953.689,8.789,-17.090,-20.996,-43.945,0.000
1732204953.693,12.695,-11.719,-20.020,-34.180,0.000
1732204953.697,16.113,-13.184,-18.555,-33.203,0.000
1732204953.701,3.418,-7.812,-22.461,-22.949,0.000
1732204953.705,-3.418,-6.348,-21.484,-27.832,0.000
1732204953.709,9.277,-10.742,-20.020,-56.152,0.000
1732204953.713,2.441,-15.625,-20.020,-51.270,0.000
1732204953.717,-15.137,-19.043,-16.113,-37.109,0.000
1732204953.721,-11.230,-16.602,-19.043,-43.457,0.000
1732204953.724,7.812,-14.648,-18.066,-37.109,0.000
1732204953.728,12.207,-17.090,-9.766,-28.320,0.000
1732204953.732,18.555,-12.695,0.488,-13.672,0.000
1732204953.736,13.184,-12.695,-0.488,-27.344,0.000
1732204953.740,-8.301,-10.254,2.441,-41.504,0.000
1732204953.744,-18.066,-6.836,5.371,-40.039,0.000
1732204953.748,-3.418,-18.555,12.695,-5.859,0.000
1732204953.752,20.996,-20.020,8.301,-6.836,0.000
1732204953.756,4.395,-15.137,-0.488,-44.434,0.000
1732204953.759,-6.348,-15.625,6.836,-25.391,0.000
1732204953.764,0.000,-16.602,6.348,-28.809,0.000
1732204953.767,0.000,-9.766,11.230,-41.504,0.000
1732204953.771,0.000,-10.254,10.742,-47.852,0.000
1732204953.775,0.000,-22.949,16.113,-53.711,0.000
1732204953.779,0.000,-23.438,23.926,-57.617,0.000
1732204953.783,0.000,-19.531,12.695,-101.562,0.000
1732204953.787,0.000,-23.926,10.254,-98.633,0.000
1732204953.791,0.000,-23.926,27.344,-48.828,0.000
1732204953.795,0.000,-16.113,28.809,-31.250,0.000
1732204953.799,0.000,-25.391,20.508,-64.941,0.000
1732204953.802,0.000,-27.344,19.531,-78.125,0.000
1732204953.806,0.000,-23.926,20.020,-83.496,0.000
1732204953.810,1.465,-28.809,26.855,-71.289,0.000
1732204953.814,21.484,-24.414,38.086,-44.434,0.000
1732204953.818,12.695,-20.508,40.039,-57.617,0.000
1732204953.822,-50.293,-22.949,34.180,-58.105,0.000
1732204953.826,-26.367,-21.973,30.762,-69.336,0.000
1732204953.829,-7.324,-17.578,33.691,-89.355,0.000
1732204953.833,-23.438,-20.996,35.156,-75.684,0.000
1732204953.837,13.184,-19.043,35.156,-55.664,0.000
1732204953.841,10.742,-12.695,29.297,-48.340,0.000
1732204953.845,-41.992,-16.113,27.344,-42.969,0.000
1732204953.849,-61.035,-15.625,36.133,-53.223,0.000
1732204953.853,-42.969,-26.855,27.832,-102.051,0.000
1732204953.857,-57.617,-37.109,14.648,-118.652,0.000
1732204953.861,-39.551,-26.855,19.531,-108.398,0.000
1732204953.865,-33.203,-25.879,27.832,-86.426,0.000
1732204953.869,-15.137,-27.344,28.809,-73.730,0.000
1732204953.872,-39.551,-23.438,26.367,-79.102,0.000
1732204953.876,-55.664,-21.973,20.508,-81.055,0.000
1732204953.880,-47.363,-24.414,15.137,-101.562,0.000
1732204953.884,-53.711,-21.973,18.555,-101.074,0.000
1732204953.888,-60.547,-14.648,20.996,-98.633,0.000
1732204953.892,-74.219,-17.578,20.508,-104.980,0.000
1732204953.896,-75.684,-21.973,18.555,-90.332,0.000
1732204953.900,-62.988,-24.902,8.789,-93.262,0.000
1732204953.904,-58.105,-28.320,1.953,-111.328,0.000
1732204953.908,-63.477,-23.438,2.930,-104.492,0.000
1732204953.911,-73.730,-23.926,1.953,-92.773,0.000
1732204953.915,-74.219,-38.574,-10.254,-97.168,0.000
1732204953.919,-55.664,-29.297,25.879,-91.797,0.000
1732204953.923,-20.996,-0.977,31.738,-61.035,0.000
1732204953.927,-30.762,-23.438,-5.859,-61.523,0.000
1732204953.931,-47.363,-32.227,1.953,-81.055,0.000
1732204953.935,-82.031,-24.902,12.695,-100.586,0.000
1732204953.939,-85.449,-27.344,7.812,-141.602,0.000
1732204953.943,-88.379,-21.973,8.301,-133.789,0.000
1732204953.946,-74.219,-14.648,19.043,-102.539,0.000
1732204953.951,-66.406,-5.371,15.137,-112.793,0.000
1732204953.954,-53.223,-8.789,13.184,-117.676,0.000
1732204953.958,-57.129,-11.230,16.602,-112.305,0.000
1732204953.962,-85.449,-12.207,20.508,-118.164,0.000
1732204953.966,-80.566,-7.812,17.090,-91.309,0.000
1732204953.970,-78.613,-7.812,8.301,-82.520,0.000
1732204953.974,-60.059,-12.207,12.207,-91.309,0.000
1732204953.978,-76.660,-15.137,14.160,-84.473,0.000
1732204953.982,-83.008,-15.625,9.277,-113.770,0.000
1732204953.986,-63.965,-14.648,9.277,-113.281,0.000
1732204953.990,-92.773,-22.949,9.766,-125.000,0.000
1732204953.993,-89.355,-21.484,4.883,-134.277,0.000
1732204953.998,-31.250,-15.625,-1.465,-54.199,0.000
1732204954.001,-23.438,-6.836,-7.324,-35.156,0.000
1732204954.005,-64.941,-11.719,-9.277,-49.805,0.000
1732204954.009,-46.387,-20.020,-18.066,-34.180,0.000
1732204954.013,-2.441,-7.324,-9.766,-37.109,0.000
1732204954.017,-14.160,-8.301,-4.883,-35.645,0.000
1732204954.021,-4.883,-11.230,-15.137,-35.645,0.000
1732204954.025,-2.930,-3.418,-14.160,-29.785,0.000
1732204954.029,-18.066,0.977,-16.602,-45.898,0.000
1732204954.033,-1.465,1.465,-17.578,-50.781,0.000
1732204954.036,7.324,-0.977,-17.090,-28.320,0.000
1732204954.040,5.859,0.488,-16.113,-3.418,0.000
1732204954.044,-12.207,-4.883,-23.438,-18.555,0.000
1732204954.048,-20.508,-2.930,-31.250,-37.598,0.000
1732204954.052,-10.254,-5.371,-28.809,-19.531,0.000
1732204954.056,-21.973,-12.695,-31.738,-2.441,0.000
1732204954.060,-62.988,-12.207,-32.227,6.348,0.000
1732204954.064,-75.195,-17.578,-29.297,2.441,0.000
1732204954.068,-35.156,-19.531,-27.344,2.930,0.000
1732204954.072,-34.180,-19.043,-31.738,14.160,0.000
1732204954.076,-35.156,-22.949,-34.180,25.879,0.000
1732204954.079,-32.715,-22.461,-35.156,-1.465,0.000
1732204954.083,-51.270,-18.066,-36.621,-36.133,0.000
1732204954.087,-27.344,-21.973,-33.691,-20.508,0.000
1732204954.091,-12.207,-24.414,-26.855,21.484,0.000
1732204954.095,1.465,-18.066,-29.297,4.883,0.000
1732204954.099,10.742,-15.137,-32.715,-17.578,0.000
1732204954.103,-9.277,-22.949,-31.250,-40.527,0.000
1732204954.107,-5.371,-23.438,-39.062,-29.785,0.000
1732204954.111,3.418,-20.996,-32.227,36.133,0.000
1732204954.115,0.488,-19.531,-21.973,26.367,0.000
1732204954.119,12.695,-19.531,-26.367,18.066,0.000
1732204954.122,23.926,-19.043,-29.297,9.766,0.000
1732204954.126,17.578,-22.461,-32.715,-14.160,0.000
1732204954.130,18.066,-27.832,-32.227,-0.488,0.000
1732204954.134,12.695,-31.250,-31.738,-19.531,0.000
1732204954.138,5.859,-38.086,-30.273,-23.926,0.000
1732204954.142,4.395,-40.039,-35.156,6.348,0.000
1732204954.146,-31.250,-42.969,-36.621,0.000,0.000
1732204954.150,-31.250,-37.598,-44.922,-35.645,0.000
1732204954.154,12.207,-23.438,-54.199,-2.441,0.000
1732204954.158,3.906,-21.973,-38.086,53.223,0.000
1732204954.162,14.160,-31.738,-34.668,41.016,0.000
1732204954.165,32.715,-33.691,-37.109,35.645,0.000
1732204954.169,16.602,-33.203,-39.551,23.438,0.000
1732204954.173,7.324,-35.156,-40.039,11.719,0.000
1732204954.177,1.465,-31.250,-41.504,16.602,0.000
1732204954.181,-6.836,-25.879,-31.250,24.902,0.000
1732204954.185,0.000,-34.668,-24.414,11.719,0.000
1732204954.189,0.000,-33.691,-32.715,3.906,0.000
1732204954.193,0.000,-25.879,-30.273,17.578,0.000
1732204954.197,0.000,-32.715,-12.695,-31.250,0.000
1732204954.201,0.000,-34.180,-3.418,-65.918,0.000
1732204954.204,0.000,-31.250,-1.465,-42.480,0.000
1732204954.208,0.000,-26.367,10.742,-56.641,0.000
1732204954.212,0.000,-24.902,11.719,-56.152,0.000
1732204954.216,0.000,-27.832,9.277,-69.336,0.000
1732204954.220,0.000,-23.926,22.949,-105.957,0.000
1732204954.224,0.000,-29.297,30.273,-112.305,0.000
1732204954.228,0.000,-40.039,38.086,-120.605,0.000
1732204954.232,-142.578,-31.738,0.000,-136.230,0.000
1732204954.236,-150.879,-33.203,0.000,-152.344,0.000
1732204954.240,-176.758,-33.203,0.000,-145.996,0.000
1732204954.244,-187.500,-28.809,0.000,-150.879,0.000
1732204954.247,-192.383,-37.598,0.000,-177.734,0.000
1732204954.251,-198.730,-39.062,0.000,-176.758,0.000
1732204954.255,-190.430,-32.715,0.000,-172.363,0.000
1732204954.259,-180.176,-35.645,0.000,-200.195,0.000
1732204954.263,-191.406,-39.551,0.000,-224.609,0.000
1732204954.267,-187.988,-24.414,0.000,-201.660,0.000
1732204954.271,-146.973,-25.879,0.000,-166.016,0.000
1732204954.275,-160.645,-32.227,0.000,-180.664,0.000
1732204954.279,-178.711,-31.738,96.680,-177.734,0.000
1732204954.283,-175.293,-42.480,102.539,-183.105,0.000
1732204954.286,-179.199,-46.387,102.051,-171.875,0.000
1732204954.290,-188.965,-42.969,101.074,-147.461,0.000
1732204954.294,-191.406,-40.039,106.445,-173.828,0.000
1732204954.298,-204.102,-45.410,109.375,-178.711,0.000
1732204954.302,-185.547,-47.363,97.168,-162.598,0.000
1732204954.306,-166.992,-41.992,90.332,-167.480,0.000
1732204954.310,-173.340,-43.945,83.496,-183.105,0.000
1732204954.314,-143.066,-45.898,79.590,-175.293,0.000
1732204954.318,-133.301,-46.875,76.172,-146.973,0.000
1732204954.321,-134.277,-44.434,63.477,-135.742,0.000
1732204954.326,-125.000,-44.434,52.246,-148.438,0.000
1732204954.330,-153.320,-50.293,49.316,-131.348,0.000
1732204954.333,-173.828,-52.734,46.387,-144.043,0.000
1732204954.337,-137.695,-52.246,38.574,-152.832,0.000
1732204954.341,-110.352,-53.223,27.832,-91.309,0.000
1732204954.345,-107.910,-52.246,34.180,-71.777,0.000
1732204954.349,-100.098,-45.898,20.996,-95.703,0.000
1732204954.353,-76.172,-46.387,-5.371,-117.676,0.000
1732204954.357,-64.453,-55.664,-4.883,-109.863,0.000
1732204954.361,-90.332,-62.988,3.418,-78.125,0.000
1732204954.365,-75.684,-68.359,-4.395,-83.008,0.000
1732204954.368,-39.062,-67.871,-13.184,-67.871,0.000
1732204954.373,-26.855,-66.406,-15.625,-50.781,0.000
1732204954.376,-23.438,-67.871,-33.691,-49.316,0.000
1732204954.380,-10.742,-65.918,-36.133,-3.418,0.000
1732204954.384,-23.926,-62.988,-38.574,-17.090,0.000
1732204954.388,-29.785,-63.965,-49.805,-0.488,0.000
1732204954.392,-16.602,-58.594,-67.871,20.020,0.000
1732204954.396,21.973,-47.363,-80.078,22.461,0.000
1732204954.400,43.945,-41.016,-86.914,35.156,0.000
1732204954.404,42.480,-44.434,-96.191,30.273,0.000
1732204954.408,38.086,-44.434,-100.586,29.297,0.000
1732204954.411,43.945,-39.551,-97.656,9.766,0.000
1732204954.415,53.711,-36.133,-102.539,18.066,0.000
1732204954.419,49.316,-32.715,-110.352,46.387,0.000
1732204954.423,63.965,-33.203,-114.258,47.852,0.000
1732204954.427,61.523,-38.086,-121.582,41.016,0.000
1732204954.431,51.270,-46.387,-127.930,53.223,0.000
1732204954.435,60.059,-55.176,-134.277,79.102,0.000
1732204954.439,54.688,-52.734,-138.672,79.590,0.000
1732204954.443,61.035,-50.293,-135.254,93.750,0.000
1732204954.447,99.609,-47.852,-137.695,77.148,0.000
1732204954.451,112.305,-48.828,-138.184,86.426,0.000
1732204954.454,103.027,-54.199,-137.695,129.883,0.000
1732204954.458,97.168,-52.734,-150.391,97.168,0.000
1732204954.462,90.332,-51.270,-155.273,80.566,0.000
1732204954.466,100.098,-51.758,-146.484,106.934,0.000
1732204954.470,115.234,-58.594,-146.973,112.793,0.000
1732204954.474,135.742,-62.012,-151.367,132.812,0.000
1732204954.478,151.855,-64.453,-145.508,129.883,0.000
1732204954.482,139.160,-73.730,-146.973,124.023,0.000
1732204954.486,127.930,-76.172,-143.555,108.887,0.000
1732204954.490,124.023,-80.078,-139.160,104.004,0.000
1732204954.494,151.367,-81.543,-151.367,99.121,0.000
1732204954.497,155.762,-85.449,-150.879,116.211,0.000
1732204954.501,135.254,-90.820,-135.742,155.273,0.000
1732204954.505,151.367,-87.891,-125.000,155.762,0.000
1732204954.509,156.250,-84.961,-124.023,181.152,0.000
1732204954.513,0.000,-87.402,-129.395,126.465,0.000
1732204954.517,0.000,-88.867,-128.418,82.031,0.000
1732204954.521,0.000,-83.984,-122.070,95.703,0.000
1732204954.525,0.000,-79.590,-121.094,93.750,0.000
1732204954.529,0.000,-80.566,-120.605,122.559,0.000
1732204954.533,0.000,-83.984,-102.539,147.949,0.000
1732204954.537,0.000,-81.055,-97.656,145.508,0.000
1732204954.540,0.000,-82.520,-101.562,161.133,0.000
1732204954.544,0.000,-81.055,-96.191,152.832,0.000
1732204954.548,0.000,-80.078,-95.215,133.301,0.000
1732204954.552,0.000,-82.031,-104.492,121.094,0.000
1732204954.556,0.000,-78.125,-100.098,106.445,0.000
1732204954.560,106.934,-83.984,-90.332,95.703,0.000
1732204954.564,100.098,-86.426,-93.262,107.910,0.000
1732204954.568,98.633,-82.031,-86.426,132.324,0.000
1732204954.572,105.469,-80.078,-83.496,115.723,0.000
1732204954.576,78.613,-83.496,-84.961,104.980,0.000
1732204954.580,90.820,-79.102,-95.215,59.570,0.000
1732204954.583,121.582,-79.102,-96.191,64.941,0.000
1732204954.587,98.145,-80.566,-80.566,140.137,0.000
1732204954.591,63.965,-78.613,-74.707,154.785,0.000
1732204954.595,69.824,-86.914,-71.777,133.301,0.000
1732204954.599,79.102,-87.891,-69.336,134.277,0.000
1732204954.603,83.008,-90.820,-62.500,122.559,0.000
1732204954.607,77.148,-90.820,-67.871,62.012,0.000
1732204954.611,42.480,-84.961,-73.242,104.004,0.000
1732204954.615,52.734,-81.543,-64.941,124.023,0.000
1732204954.619,65.430,-85.938,-63.965,65.918,0.000
1732204954.622,41.504,-91.797,-67.383,80.078,0.000
1732204954.626,39.551,-89.844,-63.477,83.984,0.000
1732204954.630,61.035,-90.332,-56.641,85.938,0.000
1732204954.634,75.684,-84.961,-58.105,81.055,0.000
1732204954.638,68.848,-85.938,-50.781,78.125,0.000
1732204954.642,65.918,-86.914,-41.504,65.918,0.000
1732204954.646,61.523,-78.613,-46.875,38.574,0.000
1732204954.650,44.434,-83.496,-40.039,86.426,0.000
1732204954.654,0.000,-89.355,-36.133,85.938,0.000
1732204954.658,0.000,-85.449,-40.527,52.246,0.000
1732204954.662,0.000,-87.891,-35.645,65.430,0.000
1732204954.665,0.000,-85.938,-29.785,94.238,0.000
1732204954.669,0.000,-86.426,-23.438,75.684,0.000
1732204954.673,0.000,-87.891,-18.555,67.871,0.000
1732204954.677,0.000,-84.473,-18.555,66.406,0.000
1732204954.681,0.000,-79.102,-17.090,39.062,0.000
1732204954.685,0.000,-72.754,-16.113,41.504,0.000
1732204954.689,0.000,-74.219,-17.090,50.293,0.000
1732204954.693,0.000,-73.242,-15.625,56.641,0.000
1732204954.697,0.000,-73.242,-17.578,16.602,0.000
1732204954.701,22.461,-70.312,-17.090,10.254,0.000
1732204954.705,2.930,-74.219,-9.277,47.363,0.000
1732204954.708,38.574,-72.754,-17.090,-0.488,0.000
1732204954.712,51.270,-66.895,-20.508,-3.906,0.000
1732204954.716,0.977,-71.777,-17.090,23.926,0.000
1732204954.720,-14.160,-74.707,-14.160,30.273,0.000
1732204954.724,-2.441,-76.660,-18.066,-2.441,0.000
1732204954.728,23.438,-75.195,-34.180,6.836,0.000
1732204954.732,35.156,-75.195,-22.949,49.805,0.000
1732204954.736,20.020,-65.430,-11.719,24.902,0.000
1732204954.740,10.742,-56.152,-7.812,-4.395,0.000
1732204954.743,13.184,-55.176,-7.324,-22.949,0.000
1732204954.748,0.000,-53.711,-9.277,-17.578,0.000
1732204954.752,0.000,-54.688,-20.996,0.000,0.000
1732204954.756,0.000,-63.477,-15.137,-16.113,0.000
1732204954.759,0.000,-59.082,2.441,-9.277,0.000
1732204954.763,0.000,-54.199,-3.906,1.953,0.000
1732204954.767,0.000,-56.152,-1.465,-9.277,0.000
1732204954.771,0.000,-60.547,2.930,4.395,0.000
1732204954.775,0.000,-65.430,-7.812,-1.953,0.000
1732204954.779,0.000,-59.570,-16.113,-20.020,0.000
1732204954.783,0.000,-62.012,-8.789,15.625,0.000
1732204954.787,0.000,-73.242,4.395,-6.836,0.000
1732204954.791,0.000,-69.336,1.953,-5.371,0.000
1732204954.794,22.461,-67.871,2.441,48.828,0.000
1732204954.798,29.297,-70.312,2.441,17.090,0.000
1732204954.802,0.000,-72.754,-2.441,2.441,0.000
1732204954.806,-24.902,-76.172,-7.812,12.207,0.000
1732204954.810,-28.320,-77.637,-2.930,-14.160,0.000
1732204954.814,-13.672,-68.848,-8.301,-20.996,0.000
1732204954.818,-1.465,-64.453,-13.672,-10.742,0.000
1732204954.822,-9.277,-66.406,-5.859,-28.809,0.000
1732204954.826,-3.906,-71.777,-4.883,-29.785,0.000
1732204954.829,-1.465,-80.566,-5.859,-34.180,0.000
1732204954.833,-12.695,-83.984,-9.766,-31.250,0.000
1732204954.837,-26.367,-84.473,-12.207,10.254,0.000
1732204954.841,-21.973,-87.402,-7.812,26.855,0.000
1732204954.845,-9.766,-87.891,-6.836,16.113,0.000
1732204954.849,-17.578,-85.449,-12.695,-7.812,0.000
1732204954.853,-11.230,-86.914,-14.648,-34.668,0.000
1732204954.857,-18.066,-91.309,-19.531,-24.414,0.000
1732204954.861,-14.160,-91.309,-23.438,-16.602,0.000
1732204954.865,-8.301,-90.332,-32.227,9.277,0.000
1732204954.869,-33.203,-93.262,-36.621,24.902,0.000
1732204954.872,-42.480,-96.191,-38.574,-34.668,0.000
1732204954.876,-12.207,-93.750,-32.227,-62.012,0.000
1732204954.880,5.859,-92.285,-33.691,-46.875,0.000
1732204954.884,-0.977,-93.750,-42.969,-52.734,0.000
1732204954.888,-22.461,-97.656,-28.320,-31.738,0.000
1732204954.892,-8.301,-87.891,-20.996,-31.250,0.000
1732204954.896,26.855,-84.473,-35.156,-40.039,0.000
1732204954.900,31.250,-87.891,-38.574,-39.551,0.000
1732204954.904,0.000,-85.938,-35.156,-19.531,0.000
1732204954.908,0.977,-100.098,-32.227,-21.484,0.000
1732204954.911,24.414,-109.375,-23.926,-4.395,0.000
1732204954.915,1.465,-101.074,-16.602,14.648,0.000
1732204954.919,-3.906,-89.844,-24.414,-16.602,0.000
1732204954.923,14.160,-86.426,-31.738,-10.742,0.000
1732204954.927,0.000,-95.703,-30.273,-3.906,0.000
1732204954.931,-6.836,-94.727,-34.180,-18.066,0.000
1732204954.935,-0.488,-88.867,-34.180,-40.039,0.000
1732204954.939,-17.578,-100.586,-29.785,-55.664,0.000
1732204954.943,-26.855,-104.980,-25.391,-13.184,0.000
1732204954.947,-20.996,-103.516,-22.461,-1.465,0.000
1732204954.951,-41.504,-101.074,-27.832,-39.551,0.000
1732204954.954,-49.316,-96.680,-25.391,-39.062,0.000
1732204954.958,-12.695,-93.750,-26.855,-13.184,0.000
1732204954.962,-12.695,-94.727,-33.691,7.324,0.000
1732204954.966,-24.414,-91.797,-33.691,5.371,0.000
1732204954.970,-30.762,-94.238,-36.621,-15.625,0.000
1732204954.974,-39.551,-99.609,-43.945,-11.719,0.000
1732204954.978,-32.715,-101.074,-42.969,10.254,0.000
1732204954.982,-15.625,-94.238,-41.992,-9.277,0.000
1732204954.986,-36.133,-91.309,-45.898,-14.160,0.000
1732204954.990,-49.316,-93.262,-42.969,16.602,0.000
1732204954.994,-26.367,-87.891,-45.410,13.184,0.000
1732204954.997,-12.695,-89.355,-40.527,13.672,0.000
1732204955.001,-12.207,-93.262,-34.180,7.812,0.000
1732204955.005,-19.043,-100.586,-36.133,-7.812,0.000
1732204955.009,-8.301,-95.703,-45.898,-5.859,0.000
1732204955.013,-25.391,-88.867,-45.410,-1.465,0.000
1732204955.017,-38.574,-88.379,-40.527,-13.672,0.000
1732204955.021,-10.254,-89.844,-47.852,-20.996,0.000
1732204955.025,-18.555,-91.797,-50.781,-36.621,0.000
1732204955.029,-34.180,-95.703,-52.734,-36.621,0.000
1732204955.033,-26.855,-99.609,-49.805,-4.395,0.000
1732204955.036,-25.391,-97.168,-50.293,-10.742,0.000
1732204955.040,-32.715,-96.191,-56.641,-8.789,0.000
1732204955.044,-43.457,-97.168,-59.570,-19.531,0.000
1732204955.048,-48.340,-96.191,-65.430,-20.508,0.000
1732204955.052,-35.156,-93.262,-67.383,11.230,0.000
1732204955.056,-18.555,-91.309,-61.523,1.465,0.000
1732204955.060,-45.898,-98.633,-59.082,-30.273,0.000
1732204955.064,-36.133,-99.609,-68.848,-44.922,0.000
1732204955.068,-5.859,-94.238,-66.406,-36.621,0.000
1732204955.071,-18.555,-92.773,-56.641,-20.020,0.000
1732204955.076,-32.227,-94.727,-54.199,3.906,0.000
1732204955.080,-24.414,-92.285,-52.734,4.395,0.000
1732204955.083,-21.973,-84.473,-56.152,-3.418,0.000
1732204955.087,-33.691,-84.473,-57.617,3.418,0.000
1732204955.091,-16.602,-85.938,-61.035,-3.418,0.000
1732204955.095,3.906,-80.078,-62.500,-3.906,0.000
1732204955.099,-5.371,-76.660,-57.617,-15.625,0.000
1732204955.103,-23.438,-78.125,-50.781,-14.160,0.000
1732204955.107,-17.090,-76.172,-44.434,13.672,0.000
1732204955.111,-17.090,-80.566,-49.805,-10.742,0.000
1732204955.115,-17.578,-85.938,-56.152,-29.297,0.000
1732204955.118,5.859,-79.102,-51.270,-2.441,0.000
1732204955.123,6.836,-80.078,-42.480,0.977,0.000
1732204955.126,-16.113,-81.055,-44.922,-9.766,0.000
1732204955.130,-5.371,-76.660,-47.363,-13.184,0.000
1732204955.134,20.020,-78.125,-34.668,-0.488,0.000
1732204955.138,23.926,-82.520,-35.156,-3.418,0.000
1732204955.142,10.742,-81.543,-44.922,-9.277,0.000
1732204955.146,-3.418,-83.008,-43.457,10.742,0.000
1732204955.150,-31.250,-91.309,-41.504,11.230,0.000
1732204955.154,-42.969,-92.285,-41.016,-3.906,0.000
1732204955.158,-35.645,-88.867,-33.691,-3.418,0.000
1732204955.161,-41.504,-90.332,-35.645,3.906,0.000
1732204955.165,-22.949,-94.238,-38.574,17.090,0.000
1732204955.169,-38.086,-89.844,-38.574,-20.508,0.000
1732204955.173,-28.320,-91.309,-38.086,-31.738,0.000
1732204955.177,-6.348,-94.727,-29.297,-8.301,0.000
1732204955.181,-24.902,-87.891,-20.508,-13.672,0.000
1732204955.185,-32.715,-91.797,-20.508,-4.395,0.000
1732204955.189,-33.691,-98.145,-17.578,-12.695,0.000
1732204955.193,-28.320,-93.750,-13.672,-33.691,0.000
1732204955.197,-16.113,-87.402,-6.836,-4.395,0.000
1732204955.201,-11.719,-89.355,8.789,13.672,0.000
1732204955.204,-20.508,-105.957,4.883,-15.625,0.000
1732204955.208,-29.785,-113.770,-7.812,-30.273,0.000
1732204955.212,-26.855,-109.375,-10.254,-33.691,0.000
1732204955.216,0.000,-111.328,-11.230,-35.156,0.000
1732204955.220,0.000,-117.188,-4.883,-37.109,0.000
1732204955.224,0.000,-113.770,-6.348,-37.109,0.000
1732204955.228,0.000,-109.375,-7.324,2.441,0.000
1732204955.232,0.000,-108.887,0.977,0.488,0.000
1732204955.236,0.000,-106.934,1.953,-11.230,0.000
1732204955.240,0.000,-104.980,7.324,-15.137,0.000
1732204955.244,0.000,-106.445,13.184,-17.090,0.000
1732204955.247,0.000,-104.980,9.277,-26.855,0.000
1732204955.251,0.000,-92.285,11.719,-35.645,0.000
1732204955.255,0.000,-92.285,18.066,-14.648,0.000
1732204955.259,0.000,-94.238,15.625,-11.230,0.000
1732204955.263,-30.762,-91.309,18.555,-14.648,0.000
1732204955.267,-7.812,-88.867,26.367,-10.742,0.000
1732204955.271,5.371,-93.750,23.926,-16.602,0.000
1732204955.275,-8.301,-95.703,20.020,-5.859,0.000
1732204955.279,6.836,-90.332,20.996,-2.441,0.000
1732204955.283,25.879,-84.961,19.531,-5.859,0.000
1732204955.287,6.836,-90.332,23.438,-2.441,0.000
1732204955.290,-27.832,-94.727,29.785,-23.438,0.000
1732204955.294,-30.762,-89.355,30.273,-31.250,0.000
1732204955.298,-47.852,-85.938,27.344,-10.742,0.000
1732204955.302,-62.988,-85.449,20.020,1.953,0.000
1732204955.306,-52.734,-85.938,11.230,0.000,0.000
1732204955.310,-34.668,-85.938,15.137,-7.324,0.000
1732204955.314,-35.645,-84.961,19.043,-19.531,0.000
1732204955.318,-40.039,-78.125,16.602,-41.504,0.000
1732204955.322,-30.273,-68.359,20.996,-36.621,0.000
1732204955.326,-62.500,-70.801,20.508,-31.738,0.000
1732204955.329,-78.125,-74.219,11.719,-42.969,0.000
1732204955.333,-66.895,-75.195,6.836,-23.438,0.000
1732204955.337,-40.039,-77.637,6.836,-16.113,0.000
1732204955.341,-28.809,-74.707,1.465,-4.395,0.000
1732204955.345,-29.785,-80.566,0.977,2.930,0.000
1732204955.349,-11.719,-85.449,-2.930,-12.695,0.000
1732204955.353,-28.809,-83.984,-7.812,-22.461,0.000
1732204955.357,-45.898,-82.520,-18.555,-55.176,0.000
1732204955.361,-50.293,-80.566,-20.508,-45.898,0.000
1732204955.365,-62.012,-79.102,-14.648,-18.066,0.000
1732204955.369,-44.434,-73.730,-12.207,-20.508,0.000
1732204955.372,-48.340,-79.590,-6.348,-24.902,0.000
1732204955.376,-73.730,-87.402,-14.160,-30.762,0.000
1732204955.380,-49.316,-85.938,-27.832,-25.391,0.000
1732204955.384,-41.016,-80.566,-31.250,-18.066,0.000
1732204955.388,-37.598,-79.102,-29.297,-17.578,0.000
1732204955.392,-29.297,-83.984,-30.273,-28.809,0.000
1732204955.396,-43.457,-81.055,-30.762,-60.059,0.000
1732204955.400,-49.805,-78.125,-33.691,-35.645,0.000
1732204955.404,-55.176,-77.637,-36.621,-7.812,0.000
1732204955.408,-39.062,-77.148,-34.668,-20.996,0.000
1732204955.411,-37.598,-75.684,-40.039,-33.691,0.000
1732204955.415,-7.324,-76.660,-35.645,-54.688,0.000
1732204955.419,-4.883,-73.730,-36.621,-39.551,0.000
1732204955.423,-32.715,-66.895,-49.805,-19.043,0.000
1732204955.427,-29.297,-67.383,-48.340,-33.691,0.000
1732204955.431,-44.922,-77.637,-40.039,-31.738,0.000
1732204955.435,-51.758,-68.359,-41.016,-20.020,0.000
1732204955.439,-51.270,-58.105,-44.922,-30.273,0.000
1732204955.443,-36.621,-59.570,-50.781,-30.762,0.000
1732204955.447,-44.434,-54.199,-60.059,-31.738,0.000
1732204955.451,0.000,-55.176,-53.711,-14.648,0.000
1732204955.455,0.000,-62.500,-46.387,-5.371,0.000
1732204955.458,0.000,-60.059,-55.176,-27.344,0.000
1732204955.462,0.000,-59.082,-60.059,-52.246,0.000
1732204955.466,0.000,-55.664,-57.617,-79.102,0.000
1732204955.470,0.000,-47.363,-36.133,-58.594,0.000
1732204955.474,0.000,-52.734,-20.996,-52.734,0.000
1732204955.478,0.000,-57.617,-8.301,-83.984,0.000
1732204955.482,0.000,-54.688,3.906,-65.430,0.000
1732204955.486,0.000,-58.594,1.465,-41.504,0.000
1732204955.490,0.000,-65.918,-1.465,-47.363,0.000
1732204955.493,0.000,-65.430,5.859,-53.223,0.000
1732204955.498,-42.969,-64.941,14.648,-31.250,0.000
1732204955.501,-19.043,-67.871,19.043,-15.625,0.000
1732204955.505,-28.320,-66.895,22.949,-20.508,0.000
1732204955.509,-62.988,-64.453,19.043,-13.672,0.000
1732204955.513,-105.469,-62.500,24.902,-31.250,0.000
1732204955.517,-128.418,-52.246,39.551,-30.762,0.000
1732204955.521,-106.934,-41.016,37.109,-52.734,0.000
1732204955.525,-117.676,-45.898,40.527,-96.680,0.000
1732204955.529,-120.117,-56.152,42.969,-86.426,0.000
1732204955.533,-89.355,-48.340,37.109,-77.637,0.000
1732204955.536,-87.891,-44.922,50.781,-86.914,0.000
1732204955.540,-103.516,-51.270,53.223,-64.941,0.000
1732204955.544,-111.328,-47.363,49.805,-49.316,0.000
1732204955.548,-130.371,-44.434,61.523,-41.992,0.000
1732204955.552,-145.996,-43.457,54.688,-41.016,0.000
1732204955.556,-185.059,-47.852,52.246,-41.504,0.000
1732204955.560,-225.586,-48.828,58.105,-30.762,0.000
1732204955.564,-193.848,-42.480,52.734,-93.262,0.000
1732204955.568,-162.598,-40.039,56.152,-165.039,0.000
1732204955.572,-161.621,-45.410,62.500,-146.973,0.000
1732204955.576,-152.832,-56.641,62.012,-87.891,0.000
1732204955.579,-185.547,-63.477,61.035,-59.570,0.000
1732204955.583,-188.965,-54.688,59.082,-24.902,0.000
1732204955.587,-172.363,-51.758,57.617,10.254,0.000
1732204955.591,-188.477,-48.828,50.293,-104.004,0.000
1732204955.595,-177.246,-41.504,43.945,-207.520,0.000
1732204955.599,-150.391,-42.480,42.480,-142.090,0.000
1732204955.603,-151.855,-39.062,51.758,-90.820,0.000
1732204955.607,-187.500,-42.969,66.895,-99.609,0.000
1732204955.611,-195.312,-44.922,67.871,-140.625,0.000
1732204955.615,-185.059,-33.691,73.242,-141.113,0.000
1732204955.619,-212.402,-31.738,72.754,-173.828,0.000
1732204955.622,-233.398,-29.785,61.035,-203.613,0.000
1732204955.626,-207.031,-20.020,59.082,-132.812,0.000
1732204955.630,-217.285,-18.555,70.801,-81.055,0.000
1732204955.634,-245.605,-21.484,75.195,-143.066,0.000
1732204955.638,-219.238,-17.090,64.941,-250.977,0.000
1732204955.642,-228.516,-18.555,74.219,-300.293,0.000
1732204955.646,-279.297,-18.066,87.891,-263.184,0.000
1732204955.650,-266.602,-8.789,84.961,-223.633,0.000
1732204955.654,-247.559,-0.488,74.707,-236.328,0.000
1732204955.658,-302.734,1.465,69.336,-242.676,0.000
1732204955.662,-384.766,1.953,83.496,-192.383,0.000
1732204955.665,-401.855,2.441,94.238,-147.949,0.000
1732204955.669,-409.180,1.953,85.938,-157.227,0.000
1732204955.673,-433.594,5.859,89.355,-195.312,0.000
1732204955.677,-419.922,1.953,94.238,-245.605,0.000
1732204955.681,-402.344,3.906,97.656,-260.742,0.000
1732204955.685,-390.625,6.348,95.215,-210.938,0.000
1732204955.689,-445.312,-0.977,92.285,-215.332,0.000
1732204955.693,-463.379,2.930,90.332,-321.289,0.000
1732204955.697,-450.684,-1.465,79.102,-317.871,0.000
1732204955.701,-454.590,0.488,93.750,-270.996,0.000
1732204955.705,-432.617,10.742,107.422,-261.230,0.000
1732204955.708,-435.547,-1.953,97.168,-256.836,0.000
1732204955.712,-407.227,-4.883,92.773,-231.445,0.000
1732204955.716,-381.348,-0.977,95.215,-205.566,0.000
1732204955.720,-371.094,4.395,102.051,-191.406,0.000
1732204955.724,-361.816,2.930,104.492,-144.531,0.000
1732204955.728,-375.977,-12.695,105.469,-94.238,0.000
1732204955.732,-376.465,-29.297,103.516,-80.566,0.000
1732204955.736,-338.867,-31.250,92.285,-125.488,0.000
1732204955.740,-296.875,-27.344,90.820,-191.406,0.000
1732204955.744,-298.340,-34.180,102.051,-136.719,0.000
1732204955.747,-302.734,-41.504,93.262,38.086,0.000
1732204955.751,-283.203,-44.922,84.961,84.473,0.000
1732204955.755,-265.625,-36.133,86.914,-135.254,0.000
1732204955.759,-231.445,-32.227,82.520,-301.758,0.000
1732204955.763,-228.027,-33.691,84.473,-234.863,0.000
1732204955.767,-251.465,-33.691,88.379,-136.719,0.000
1732204955.771,-238.281,-32.715,86.914,-78.125,0.000
1732204955.775,-204.102,-33.691,82.031,-115.723,0.000
1732204955.779,-197.266,-36.133,75.684,-186.523,0.000
1732204955.783,-210.449,-31.738,82.520,-147.949,0.000
1732204955.787,-197.754,-29.785,83.496,-92.773,0.000
1732204955.790,-176.758,-32.227,80.078,-35.645,0.000
1732204955.794,-208.496,-35.156,84.473,-30.273,0.000
1732204955.798,-192.871,-30.762,83.496,-20.996,0.000
1732204955.802,-175.781,-29.785,97.168,16.113,0.000
1732204955.806,-187.988,-23.438,106.445,-6.836,0.000
1732204955.810,-145.508,-15.137,106.445,-41.504,0.000
1732204955.814,-137.695,-12.695,118.164,-106.445,0.000
1732204955.818,-137.695,-16.113,116.699,-134.277,0.000
1732204955.822,-93.750,-19.043,118.164,-25.391,0.000
1732204955.826,0.000,-12.207,125.977,25.391,0.000
1732204955.830,0.000,-15.625,131.348,15.137,0.000
1732204955.833,0.000,-13.672,127.441,-20.508,0.000
1732204955.837,0.000,-3.906,115.723,-140.137,0.000
1732204955.841,0.000,-0.488,123.535,-134.766,0.000
1732204955.845,0.000,-6.348,126.465,-57.129,0.000
1732204955.849,0.000,-11.230,119.629,-38.574,0.000
1732204955.853,0.000,-10.742,125.977,-43.945,0.000
1732204955.857,0.000,-10.742,124.023,-42.969,0.000
1732204955.861,0.000,-4.883,119.141,-37.109,0.000
1732204955.865,0.000,-3.906,126.465,-19.531,0.000
1732204955.868,0.000,-1.953,126.953,-4.883,0.000
1732204955.873,-52.246,-7.324,133.789,-8.789,0.000
1732204955.876,-77.148,-17.578,137.207,-18.066,0.000
1732204955.880,-94.727,-6.348,125.488,-37.598,0.000
1732204955.884,-71.289,-5.371,128.906,-21.973,0.000
1732204955.888,-75.684,-9.766,133.301,-14.160,0.000
1732204955.892,-92.285,-4.395,127.441,-44.434,0.000
1732204955.896,-77.637,3.906,115.723,-117.676,0.000
1732204955.900,-59.082,-0.488,126.953,-109.863,0.000
1732204955.904,-64.453,-20.020,133.301,-70.801,0.000
1732204955.908,-54.688,-26.367,124.512,-106.934,0.000
1732204955.912,-41.992,-21.973,137.207,-120.117,0.000
1732204955.915,-27.344,-17.578,147.461,-115.234,0.000
1732204955.919,-20.020,-15.137,157.715,-93.262,0.000
1732204955.923,-38.574,-10.254,162.109,-96.191,0.000
1732204955.927,-57.617,-13.672,174.316,-102.539,0.000
1732204955.931,-51.758,-15.137,192.871,-91.309,0.000
1732204955.935,-5.859,3.906,196.289,-68.848,0.000
1732204955.939,-33.203,5.371,200.195,-63.965,0.000
1732204955.943,-149.902,-10.742,201.660,-119.141,0.000
1732204955.947,-169.434,-14.160,211.914,-115.234,0.000
1732204955.951,-107.910,-18.555,218.262,-58.105,0.000
1732204955.955,-72.266,-7.812,225.586,-45.410,0.000
1732204955.958,-64.453,22.461,217.773,-117.188,0.000
1732204955.962,-63.965,28.320,193.359,-165.039,0.000
1732204955.966,-118.652,11.719,206.055,-141.602,0.000
1732204955.970,-175.293,9.766,219.727,-183.105,0.000
1732204955.974,-157.227,33.203,208.008,-224.121,0.000
1732204955.978,-150.879,45.410,201.172,-199.707,0.000
1732204955.982,-173.340,52.246,192.871,-207.031,0.000
1732204955.986,-169.434,55.176,196.289,-219.238,0.000
1732204955.990,-231.445,54.199,201.660,-239.258,0.000
1732204955.994,-263.184,63.965,199.219,-251.465,0.000
1732204955.998,-259.766,80.566,193.848,-255.859,0.000
1732204956.001,-281.738,93.750,187.012,-256.836,0.000
1732204956.005,-301.758,98.633,189.941,-278.320,0.000
1732204956.009,-252.930,98.145,194.824,-286.621,0.000
1732204956.013,0.000,96.191,192.871,-292.480,0.000
1732204956.017,0.000,108.887,170.898,-300.781,0.000
1732204956.021,0.000,114.258,142.578,-306.152,0.000
1732204956.025,0.000,115.234,128.906,-309.570,0.000
1732204956.029,0.000,111.328,128.906,-304.199,0.000
1732204956.033,0.000,104.492,129.395,-303.711,0.000
1732204956.037,0.000,109.375,118.164,-301.758,0.000
1732204956.041,0.000,104.980,104.980,-309.570,0.000
1732204956.044,0.000,104.492,94.238,-310.547,0.000
1732204956.048,0.000,103.516,95.703,-287.598,0.000
1732204956.052,0.000,90.820,95.215,-268.555,0.000
1732204956.056,0.000,81.543,79.102,-275.879,0.000
1732204956.060,-287.598,84.473,62.012,-263.184,0.000
1732204956.064,-262.695,83.496,64.453,-231.934,0.000
1732204956.068,-233.887,74.707,61.523,-231.445,0.000
1732204956.072,-222.168,69.336,54.199,-195.312,0.000
1732204956.076,-234.375,61.035,60.547,-201.660,0.000
1732204956.080,-252.930,50.781,58.105,-238.281,0.000
1732204956.083,-229.492,51.758,48.828,-225.586,0.000
1732204956.087,-192.383,50.293,43.945,-179.199,0.000
1732204956.091,-201.172,45.410,44.434,-145.996,0.000
1732204956.095,-185.059,48.828,47.363,-126.465,0.000
1732204956.099,-176.270,51.758,31.738,-146.484,0.000
1732204956.103,-158.691,42.969,25.391,-132.812,0.000
1732204956.107,-145.508,40.039,28.320,-91.309,0.000
1732204956.111,-141.113,37.109,24.902,-89.844,0.000
1732204956.115,-106.934,27.344,27.344,-42.480,0.000
1732204956.119,-89.844,33.203,22.949,-3.906,0.000
1732204956.123,-90.332,25.879,7.812,3.418,0.000
1732204956.126,-94.238,15.625,0.000,21.484,0.000
1732204956.130,-102.539,14.648,-2.441,42.969,0.000
1732204956.134,-73.242,16.113,-9.277,62.012,0.000
1732204956.138,-58.105,11.719,-10.742,78.613,0.000
1732204956.142,-52.246,-0.977,-16.113,76.660,0.000
1732204956.146,4.395,-2.930,-20.508,89.355,0.000
1732204956.150,35.156,-7.324,-20.996,147.949,0.000
1732204956.154,20.996,-17.578,-19.531,159.668,0.000
1732204956.158,21.484,-21.484,-11.719,114.258,0.000
1732204956.162,41.504,-25.879,-5.371,75.195,0.000
1732204956.165,61.523,-31.738,-8.789,93.750,0.000
1732204956.169,81.055,-40.527,-16.602,151.367,0.000
1732204956.173,85.938,-47.852,-15.137,132.324,0.000
1732204956.177,84.961,-56.641,-10.254,126.465,0.000
1732204956.181,68.359,-66.406,-13.184,122.070,0.000
1732204956.185,44.922,-65.430,-11.230,99.121,0.000
1732204956.189,37.598,-69.824,-1.953,135.742,0.000
1732204956.193,13.672,-76.660,-11.719,133.301,0.000
1732204956.197,15.137,-78.613,-18.555,111.816,0.000
1732204956.201,36.133,-84.473,-13.184,109.863,0.000
1732204956.205,56.152,-93.262,-8.789,130.859,0.000
1732204956.208,79.590,-96.191,-12.207,128.418,0.000
1732204956.212,66.895,-95.215,-17.090,99.121,0.000
1732204956.216,59.082,-95.215,-12.695,99.121,0.000
1732204956.220,60.059,-104.492,-6.348,117.676,0.000
1732204956.224,66.895,-102.539,-17.090,92.773,0.000
1732204956.228,64.453,-91.797,-20.020,54.199,0.000
1732204956.232,61.523,-102.051,0.488,65.918,0.000
1732204956.236,76.172,-108.887,5.371,66.406,0.000
1732204956.240,87.402,-100.098,-3.906,48.828,0.000
1732204956.244,69.336,-98.633,-1.953,56.152,0.000
1732204956.248,57.617,-97.168,1.465,58.105,0.000
1732204956.252,73.730,-92.773,8.301,54.199,0.000
1732204956.255,76.172,-95.215,3.418,46.875,0.000
1732204956.259,74.707,-94.238,28.809,33.203,0.000
1732204956.263,83.496,-86.426,83.984,31.738,0.000
1732204956.267,72.754,-85.449,85.449,47.852,0.000
1732204956.271,37.109,-93.262,79.590,31.738,0.000
1732204956.275,24.902,-86.426,83.496,16.113,0.000
1732204956.279,44.434,-76.172,78.613,20.996,0.000
1732204956.283,63.965,-78.125,77.148,30.273,0.000
1732204956.287,47.852,-78.613,71.289,18.066,0.000
1732204956.290,52.246,-81.055,69.824,9.277,0.000
1732204956.295,54.688,-75.684,71.289,21.973,0.000
1732204956.298,39.062,-71.777,65.430,21.484,0.000
1732204956.302,56.152,-72.266,67.383,24.902,0.000
1732204956.306,53.223,-70.312,71.777,31.738,0.000
1732204956.310,50.781,-65.918,70.312,17.578,0.000
1732204956.314,56.152,-61.523,64.453,14.648,0.000
1732204956.318,59.570,-68.848,63.965,15.137,0.000
1732204956.322,59.082,-71.289,61.523,15.625,0.000
1732204956.326,42.480,-59.082,51.758,19.043,0.000
1732204956.330,31.250,-57.129,46.875,10.742,0.000
1732204956.333,14.648,-61.523,46.875,-2.441,0.000
1732204956.337,8.789,-59.570,45.898,2.930,0.000
1732204956.341,0.000,-54.688,51.270,9.277,0.000
1732204956.345,0.000,-46.875,48.340,0.488,0.000
1732204956.349,0.000,-41.504,41.504,10.254,0.000
1732204956.353,0.000,-48.340,45.898,18.066,0.000
1732204956.357,0.000,-47.363,41.016,13.184,0.000
1732204956.361,0.000,-40.527,31.250,3.418,0.000
1732204956.365,0.000,-42.969,29.785,0.488,0.000
1732204956.369,0.000,-43.457,33.203,2.441,0.000
1732204956.373,0.000,-48.828,38.086,20.508,0.000
1732204956.376,0.000,-50.781,36.621,-10.742,0.000
1732204956.380,0.000,-42.969,34.180,-35.156,0.000
1732204956.384,0.000,-36.621,31.738,-36.621,0.000
1732204956.388,5.371,-37.598,29.297,-22.461,0.000
1732204956.392,11.230,-44.922,25.879,-11.230,0.000
1732204956.396,37.109,-40.527,23.926,-23.438,0.000
1732204956.400,27.832,-36.621,26.367,-16.602,0.000
1732204956.404,-3.418,-43.457,28.320,9.766,0.000
1732204956.407,-11.230,-35.156,31.738,22.949,0.000
1732204956.411,-3.906,-28.809,27.344,-19.531,0.000
1732204956.415,3.418,-38.086,21.484,-42.969,0.000
1732204956.419,-6.348,-32.715,15.625,-28.320,0.000
1732204956.423,-2.441,-26.855,19.531,-39.062,0.000
1732204956.427,11.230,-28.320,26.367,-35.156,0.000
1732204956.431,9.277,-26.367,20.996,-40.039,0.000
1732204956.435,-22.461,-25.391,21.973,-46.387,0.000
1732204956.439,-12.207,-26.855,20.508,-40.527,0.000
1732204956.443,-10.742,-26.855,13.672,-46.387,0.000
1732204956.446,-15.625,-21.484,11.230,-60.059,0.000
1732204956.450,-14.648,-26.367,10.742,-45.898,0.000
1732204956.454,-28.809,-34.180,8.789,-34.668,0.000
1732204956.458,-18.555,-25.879,4.395,-44.922,0.000
1732204956.462,-1.465,-27.344,2.441,-49.316,0.000
1732204956.466,-6.348,-32.715,4.883,-59.570,0.000
1732204956.470,-4.883,-26.855,4.883,-53.711,0.000
1732204956.474,-6.348,-29.297,1.465,-39.551,0.000
1732204956.478,-9.277,-37.109,6.836,-27.344,0.000
1732204956.482,-9.277,-33.203,8.789,-36.133,0.000
1732204956.486,5.371,-24.902,0.000,-94.727,0.000
1732204956.489,-1.465,-32.227,-3.906,-98.633,0.000
1732204956.493,-18.066,-41.016,-1.953,-79.590,0.000
1732204956.497,5.859,-40.039,9.277,-97.656,0.000
1732204956.501,11.719,-32.715,14.648,-79.590,0.000
1732204956.505,-6.348,-31.250,1.465,-61.523,0.000
1732204956.509,-9.277,-28.320,-3.418,-62.988,0.000
1732204956.513,-13.184,-29.297,4.395,-45.898,0.000
1732204956.517,-22.949,-31.738,7.324,-29.785,0.000
1732204956.521,-33.691,-32.715,5.371,-22.949,0.000
1732204956.524,-17.578,-34.668,-0.488,-30.273,0.000
1732204956.529,0.000,-34.180,0.977,-58.105,0.000
1732204956.533,0.000,-27.832,3.418,-73.242,0.000
1732204956.536,0.000,-28.320,2.441,-76.660,0.000
1732204956.540,0.000,-26.367,5.859,-68.848,0.000
1732204956.544,0.000,-30.273,15.625,-48.340,0.000
1732204956.548,0.000,-30.762,17.578,-56.641,0.000
1732204956.552,0.000,-19.043,4.395,-57.617,0.000
1732204956.556,0.000,-21.484,-4.395,-46.875,0.000
1732204956.560,0.000,-18.066,-0.488,-62.012,0.000
1732204956.564,0.000,-18.555,11.230,-58.105,0.000
1732204956.568,0.000,-21.973,16.602,-40.039,0.000
1732204956.571,0.000,-26.855,9.766,-57.129,0.000
1732204956.575,26.855,-37.598,3.418,-67.871,0.000
1732204956.579,41.504,-33.203,8.789,-52.734,0.000
1732204956.583,69.824,-21.484,12.695,-55.664,0.000
1732204956.587,37.109,-26.367,9.277,-52.734,0.000
1732204956.591,8.301,-35.156,14.648,-22.949,0.000
1732204956.595,-8.301,-34.180,26.367,-23.438,0.000
1732204956.599,8.301,-28.320,25.391,-40.527,0.000
1732204956.603,30.273,-33.691,27.832,-36.621,0.000
1732204956.607,30.762,-40.527,20.996,-39.551,0.000
1732204956.610,42.480,-44.434,23.438,-10.254,0.000
1732204956.614,27.344,-35.156,27.344,-20.508,0.000
1732204956.618,5.859,-14.648,15.625,-86.426,0.000
1732204956.622,-3.418,-13.672,19.531,-101.562,0.000
1732204956.626,-16.113,-12.207,24.414,-73.730,0.000
1732204956.630,-28.809,-11.230,35.156,-79.102,0.000
1732204956.634,-47.852,-19.531,29.297,-105.469,0.000
1732204956.638,-27.832,-17.578,20.020,-86.426,0.000
1732204956.642,-12.207,-13.672,30.273,-86.426,0.000
1732204956.646,-42.969,-15.137,31.250,-116.211,0.000
1732204956.650,-50.293,-15.137,26.855,-129.395,0.000
1732204956.654,-35.645,-11.719,15.625,-115.723,0.000
1732204956.657,-20.508,-9.277,13.184,-98.633,0.000
1732204956.661,-10.742,-13.184,22.461,-106.445,0.000
1732204956.665,8.789,-18.066,20.996,-94.238,0.000
1732204956.669,34.180,-13.672,16.113,-82.031,0.000
1732204956.673,2.930,-14.648,13.672,-60.059,0.000
1732204956.677,5.371,-18.066,15.137,-38.574,0.000
1732204956.681,23.926,-12.695,22.461,-53.223,0.000
1732204956.685,2.441,-10.742,25.391,-49.805,0.000
1732204956.689,11.230,-6.348,19.043,-43.945,0.000
1732204956.693,23.926,-6.348,12.695,-35.156,0.000
1732204956.697,22.949,-11.719,15.137,5.859,0.000
1732204956.700,22.461,-9.277,20.020,15.137,0.000
1732204956.704,14.648,-2.930,14.160,26.855,0.000
1732204956.708,11.230,-10.742,13.184,23.438,0.000
1732204956.712,22.461,-16.602,9.277,0.488,0.000
1732204956.716,51.270,-12.695,4.395,-18.066,0.000
1732204956.720,68.359,-8.789,4.395,-34.668,0.000
1732204956.724,77.148,-8.789,-0.488,-37.598,0.000
1732204956.728,72.266,-17.090,-4.395,-18.066,0.000
1732204956.732,24.902,-18.555,-1.953,-21.484,0.000
1732204956.736,5.371,-14.648,-2.930,-20.508,0.000
1732204956.740,15.137,-19.531,-3.906,-10.254,0.000
1732204956.743,44.434,-21.484,-11.719,-30.273,0.000
1732204956.747,79.102,-21.484,-12.207,-38.574,0.000
1732204956.751,101.562,-25.879,-22.461,-31.738,0.000
1732204956.755,123.047,-25.391,-57.129,-8.789,0.000
1732204956.759,101.074,-28.809,-63.965,-10.254,0.000
1732204956.763,0.000,-31.738,-53.223,-43.457,0.000
1732204956.767,0.000,-27.832,-43.945,-14.160,0.000
1732204956.771,0.000,-23.438,-47.363,-1.465,0.000
1732204956.775,0.000,-24.902,-47.852,-41.992,0.000
1732204956.779,0.000,-26.855,-50.781,-36.621,0.000
1732204956.783,0.000,-30.762,-53.711,-29.785,0.000
1732204956.786,0.000,-30.273,-57.129,-29.297,0.000
1732204956.790,0.000,-21.484,-61.523,6.836,0.000
1732204956.794,0.000,-22.461,-55.176,13.184,0.000
1732204956.798,0.000,-22.949,-55.664,0.000,0.000
1732204956.802,0.000,-19.531,-59.570,-23.438,0.000
1732204956.806,0.000,-15.137,-63.477,-37.598,0.000
1732204956.810,93.750,-21.484,-55.664,-57.617,0.000
1732204956.814,16.602,-33.691,-53.711,-59.082,0.000
1732204956.818,-17.090,-31.250,-63.477,-33.203,0.000
1732204956.822,-1.953,-24.414,-59.082,-21.973,0.000
1732204956.826,29.297,-21.973,-54.688,-27.832,0.000
1732204956.829,78.613,-25.879,-47.852,-13.184,0.000
1732204956.833,107.422,-20.508,-40.039,0.977,0.000
1732204956.837,26.855,-3.418,-36.621,-37.109,0.000
1732204956.841,-62.500,0.488,-38.574,-46.875,0.000
1732204956.845,-70.312,3.906,-48.340,-33.691,0.000
1732204956.849,-52.734,10.742,-50.293,-51.270,0.000
1732204956.853,-11.719,11.230,-45.410,-90.820,0.000
1732204956.857,22.949,13.184,-44.922,-118.652,0.000
1732204956.861,58.594,23.926,-40.527,-128.906,0.000
1732204956.865,38.086,31.738,-37.598,-156.738,0.000
1732204956.868,-29.785,39.062,-40.527,-147.949,0.000
1732204956.872,-60.547,42.969,-41.992,-111.328,0.000
1732204956.876,-175.293,37.109,-31.738,-98.633,0.000
1732204956.880,-226.074,34.668,-35.156,-80.566,0.000
1732204956.884,-163.086,36.133,-41.016,-52.734,0.000
1732204956.888,-147.949,40.527,-30.273,-67.383,0.000
1732204956.892,-118.164,44.434,-36.133,-115.234,0.000
1732204956.896,-87.891,41.016,-29.297,-124.512,0.000
1732204956.900,-73.242,46.387,-30.762,-131.348,0.000
1732204956.904,-57.617,52.734,-35.156,-188.965,0.000
1732204956.908,-63.477,46.875,-18.066,-235.352,0.000
1732204956.911,-51.270,44.922,-27.832,-206.055,0.000
1732204956.915,-28.809,42.969,-29.297,-161.621,0.000
1732204956.919,-23.926,36.621,-11.719,-160.156,0.000
1732204956.923,51.758,47.852,-16.602,-141.113,0.000
1732204956.927,111.328,52.734,-20.508,-141.602,0.000
1732204956.931,110.352,41.992,-19.043,-129.883,0.000
1732204956.935,17.578,38.574,-12.695,-116.699,0.000
1732204956.939,-103.516,38.574,-10.254,-113.281,0.000
1732204956.943,-125.488,33.203,-12.207,-76.172,0.000
1732204956.946,-111.328,26.367,-11.230,-67.871,0.000
1732204956.950,-99.121,24.902,0.000,-99.121,0.000
1732204956.954,-109.375,12.695,0.000,-80.078,0.000
1732204956.958,-118.164,1.953,0.000,-65.918,0.000
1732204956.962,-100.586,-2.930,0.000,-62.500,0.000
1732204956.966,-87.891,-2.930,0.000,-68.848,0.000
1732204956.970,-61.523,0.488,0.000,-84.473,0.000
1732204956.974,-34.180,-6.836,0.000,-77.148,0.000
1732204956.978,-2.930,-18.066,0.000,-87.891,0.000
1732204956.982,-25.391,-20.020,0.000,-59.570,0.000
1732204956.986,-68.359,-17.090,0.000,-50.293,0.000
1732204956.989,36.621,-15.625,0.000,-45.410,0.000
1732204956.993,182.617,-15.137,0.000,-40.527,0.000
1732204956.997,0.000,-13.184,-6.836,-60.059,0.000
1732204957.001,0.000,-24.414,-0.977,-66.406,0.000
1732204957.005,0.000,-41.504,-0.488,-74.219,0.000
1732204957.009,0.000,-42.969,1.953,-54.688,0.000
1732204957.013,0.000,-48.828,0.000,-47.363,0.000
1732204957.017,0.000,-50.781,-3.906,-57.129,0.000
1732204957.021,0.000,-43.457,-0.977,-52.246,0.000
1732204957.025,0.000,-41.504,2.930,-31.738,0.000
1732204957.029,0.000,-38.086,10.254,-15.625,0.000
1732204957.032,0.000,-36.621,7.324,-45.898,0.000
1732204957.036,0.000,-39.551,-1.953,-61.035,0.000
1732204957.040,0.000,-45.898,0.488,-46.387,0.000
1732204957.044,42.969,-42.969,3.906,-23.926,0.000
1732204957.048,44.922,-39.551,5.371,-24.902,0.000
1732204957.052,25.879,-48.828,6.836,-21.484,0.000
1732204957.056,116.699,-46.875,1.465,-32.715,0.000
1732204957.060,289.551,-38.086,52.734,-35.156,0.000
1732204957.064,233.887,-41.016,92.773,-19.043,0.000
1732204957.068,-40.527,-54.199,75.684,-34.668,0.000
1732204957.072,-157.227,-60.059,79.590,0.000,0.000
1732204957.075,-121.582,-54.199,78.125,-2.930,0.000
1732204957.079,-24.414,-55.176,67.383,-58.594,0.000
1732204957.083,-67.871,-59.570,55.664,-69.336,0.000
1732204957.087,-164.551,-72.266,60.547,-19.531,0.000
1732204957.091,-145.508,-79.102,64.453,12.695,0.000
1732204957.095,-92.773,-61.523,42.969,-37.109,0.000
1732204957.099,-45.410,-48.340,32.227,-58.105,0.000
1732204957.103,-27.832,-53.223,33.203,-75.684,0.000
1732204957.107,-10.254,-51.758,36.133,-89.355,0.000
1732204957.111,-30.762,-46.387,39.062,-60.547,0.000
1732204957.115,-69.824,-53.223,41.992,-28.320,0.000
1732204957.118,-84.473,-55.664,37.109,-31.250,0.000
1732204957.122,-99.121,-53.223,30.273,-69.824,0.000
1732204957.126,-69.824,-51.758,40.039,-61.035,0.000
1732204957.130,29.785,-46.875,33.203,-56.641,0.000
1732204957.134,59.570,-43.945,32.227,-64.453,0.000
1732204957.138,-120.117,-48.340,52.246,-35.645,0.000
1732204957.142,-272.461,-56.152,60.547,-20.996,0.000
1732204957.146,-246.094,-54.688,55.664,-23.438,0.000
1732204957.150,-166.504,-53.223,63.477,-22.949,0.000
1732204957.154,-137.207,-53.711,69.824,17.090,0.000
1732204957.158,-146.973,-52.246,68.359,57.129,0.000
1732204957.161,-164.062,-62.012,73.730,-5.859,0.000
1732204957.165,-130.859,-50.293,64.453,-32.227,0.000
1732204957.169,-54.199,-26.855,52.246,-64.941,0.000
1732204957.173,-60.059,-42.969,75.684,-66.895,0.000
1732204957.177,-93.750,-49.316,102.051,-4.883,0.000
1732204957.181,-111.816,-37.598,90.820,-56.152,0.000
1732204957.185,-118.652,-47.852,94.238,-81.055,0.000
1732204957.189,-119.141,-46.387,104.980,-48.340,0.000
1732204957.193,-129.395,-33.203,106.934,-74.219,0.000
1732204957.197,-135.254,-37.598,115.234,-61.035,0.000
1732204957.200,-55.176,-41.992,119.629,-24.414,0.000
1732204957.204,-27.344,-41.504,124.023,-27.832,0.000
1732204957.208,23.926,-27.832,129.395,-25.391,0.000
1732204957.212,37.598,-24.902,133.301,-23.438,0.000
1732204957.216,-102.539,-38.574,142.090,-9.277,0.000
1732204957.220,-124.023,-36.621,152.344,8.301,0.000
1732204957.224,-118.164,-34.180,152.344,-15.137,0.000
1732204957.228,-84.961,-24.414,151.367,-44.922,0.000
1732204957.232,-38.574,-15.625,144.531,-42.480,0.000
1732204957.236,-82.031,-20.508,145.020,-1.465,0.000
1732204957.240,-125.488,-25.391,155.762,-19.531,0.000
1732204957.243,-85.938,-25.391,146.484,-47.363,0.000
1732204957.247,-53.223,-17.090,136.230,-17.578,0.000
1732204957.251,-57.617,-11.719,141.602,-20.020,0.000
1732204957.255,-17.578,-4.395,134.277,-28.809,0.000
1732204957.259,14.648,1.465,118.652,-21.973,0.000
1732204957.263,7.812,-12.695,123.535,-21.484,0.000
1732204957.267,15.137,-9.277,131.836,-5.371,0.000
1732204957.271,12.695,6.348,124.023,-19.531,0.000
1732204957.275,45.410,2.930,115.234,-4.883,0.000
1732204957.279,69.336,3.906,118.652,-3.418,0.000
1732204957.282,34.180,2.930,112.793,-52.734,0.000
1732204957.286,-14.160,-5.371,107.422,-57.617,0.000
1732204957.290,-31.738,-3.906,107.910,-18.066,0.000
1732204957.294,-40.039,-9.766,109.863,-21.484,0.000
1732204957.298,-37.109,-10.254,102.051,-62.012,0.000
1732204957.302,-60.547,-4.883,96.680,-88.379,0.000
1732204957.306,-61.035,-3.906,99.121,-104.004,0.000
1732204957.310,-23.438,-3.418,94.727,-105.469,0.000
1732204957.314,-39.551,-3.906,102.539,-80.078,0.000
1732204957.318,-111.328,-4.395,109.375,-78.613,0.000
1732204957.321,-108.398,-6.348,106.934,-62.012,0.000
1732204957.325,-47.363,-4.883,95.215,-58.594,0.000
1732204957.329,-33.203,-9.277,90.332,-103.027,0.000
1732204957.333,-54.199,-10.254,101.074,-89.355,0.000
1732204957.337,-108.398,-15.137,102.051,-43.457,0.000
1732204957.341,-178.711,-26.855,91.797,-58.594,0.000
1732204957.345,-105.957,-20.996,92.773,-62.988,0.000
1732204957.349,-3.418,-15.137,91.797,-46.875,0.000
1732204957.353,41.504,-11.230,87.402,-28.320,0.000
1732204957.357,-12.695,-19.531,83.008,-16.602,0.000
1732204957.360,-135.742,-37.598,93.262,-13.672,0.000
1732204957.364,-187.988,-40.527,110.352,29.785,0.000
1732204957.368,-170.410,-29.785,109.863,57.617,0.000
1732204957.372,-154.785,-32.227,89.355,40.039,0.000
1732204957.376,-126.953,-30.762,72.266,20.996,0.000
1732204957.380,-108.398,-27.832,70.801,61.523,0.000
1732204957.384,-113.770,-49.805,87.891,73.730,0.000
1732204957.388,-91.797,-48.828,89.355,31.738,0.000
1732204957.392,-47.363,-25.391,64.453,41.016,0.000
1732204957.396,-42.480,-25.879,68.359,100.586,0.000
1732204957.400,-85.938,-25.879,67.383,99.609,0.000
1732204957.403,-107.910,-31.250,67.383,105.469,0.000
1732204957.407,-80.566,-40.039,88.867,137.207,0.000
1732204957.411,-7.812,-36.133,80.566,58.105,0.000
1732204957.415,67.383,-24.414,68.359,-2.930,0.000
1732204957.419,0.000,-23.926,0.000,13.184,0.000
1732204957.423,0.000,-39.551,0.000,26.855,0.000
1732204957.427,0.000,-36.133,0.000,31.738,0.000
1732204957.431,0.000,-31.738,0.000,53.223,0.000
1732204957.435,0.000,-40.039,0.000,51.270,0.000
1732204957.439,0.000,-21.973,0.000,20.020,0.000
1732204957.443,0.000,-25.879,0.000,38.574,0.000
1732204957.446,0.000,-45.410,0.000,40.527,0.000
1732204957.450,0.000,-43.945,0.000,48.828,0.000
1732204957.454,0.000,-47.852,0.000,70.801,0.000
1732204957.458,0.000,-42.969,0.000,76.172,0.000
1732204957.462,0.000,-47.363,0.000,62.988,0.000
1732204957.466,34.180,-48.340,103.516,61.035,0.000
1732204957.470,-105.469,-50.781,106.445,73.730,0.000
1732204957.474,-166.992,-53.711,107.422,41.992,0.000
1732204957.477,-112.305,-46.875,110.352,-7.812,0.000
1732204957.481,-31.250,-45.410,111.328,-16.602,0.000
1732204957.485,-11.230,-50.293,107.910,-1.953,0.000
1732204957.489,-17.578,-53.223,107.422,8.789,0.000
1732204957.493,-17.090,-49.805,114.258,0.488,0.000
1732204957.497,-50.781,-49.805,114.258,-6.836,0.000
1732204957.501,-95.703,-46.387,110.840,-14.648,0.000
1732204957.505,-67.383,-41.016,115.723,-6.836,0.000
1732204957.509,-53.223,-45.898,120.605,12.695,0.000
1732204957.512,-48.828,-52.734,111.328,-1.953,0.000
1732204957.516,-41.992,-49.805,102.051,-8.789,0.000
1732204957.520,-17.578,-47.852,105.957,-6.836,0.000
1732204957.524,44.434,-48.828,114.746,0.488,0.000
1732204957.528,30.762,-55.176,120.117,40.039,0.000
1732204957.532,-63.965,-49.316,117.188,48.828,0.000
1732204957.536,-132.812,-44.922,122.070,38.574,0.000
1732204957.540,-119.141,-49.316,123.047,45.410,0.000
1732204957.544,-76.172,-46.387,120.605,-35.645,0.000
1732204957.547,-63.965,-41.504,120.605,-91.309,0.000
1732204957.551,-71.777,-39.551,115.234,-51.758,0.000
1732204957.555,-54.199,-33.203,117.676,-50.781,0.000
1732204957.559,4.395,-29.297,125.000,-103.516,0.000
1732204957.563,-1.953,-32.715,131.836,-99.121,0.000
1732204957.567,13.184,-28.320,125.488,-56.152,0.000
1732204957.571,-9.277,-28.320,117.188,-34.668,0.000
1732204957.575,-38.574,-32.227,121.582,-12.207,0.000
1732204957.579,-41.992,-37.109,124.512,48.340,0.000
1732204957.583,2.930,-38.086,124.512,60.059,0.000
1732204957.586,-21.484,-27.832,110.352,-2.930,0.000
1732204957.590,-32.227,-23.438,98.633,-40.039,0.000
1732204957.594,-24.414,-23.438,114.746,-71.289,0.000
1732204957.598,-80.566,-19.043,125.488,-81.055,0.000
1732204957.602,-76.172,-13.672,125.977,-32.715,0.000
1732204957.606,-41.016,-10.742,126.465,-35.645,0.000
1732204957.610,-28.320,-11.230,131.836,-10.254,0.000
1732204957.614,-28.809,-10.742,134.277,15.625,0.000
1732204957.618,-29.297,0.000,122.070,5.859,0.000
1732204957.622,-14.160,4.395,126.953,32.715,0.000
1732204957.626,4.883,-12.207,128.418,-11.719,0.000
1732204957.629,11.719,-14.648,130.371,-45.410,0.000
1732204957.633,10.742,0.000,125.977,-12.207,0.000
1732204957.637,14.160,4.883,116.699,-28.320,0.000
1732204957.641,2.930,7.812,125.977,-6.348,0.000
1732204957.645,-17.090,6.348,126.953,-4.395,0.000
1732204957.649,7.812,2.930,116.699,-38.574,0.000
1732204957.653,16.602,0.977,118.652,-37.109,0.000
1732204957.657,-8.301,0.000,120.117,-24.414,0.000
1732204957.661,-16.113,0.000,111.328,-32.715,0.000
1732204957.665,-24.414,-2.930,113.770,-36.621,0.000
1732204957.669,-49.316,-11.719,114.746,-37.109,0.000
1732204957.672,-64.941,-16.113,107.910,-29.785,0.000
1732204957.676,-54.199,-22.461,105.469,-28.809,0.000
1732204957.680,-53.223,-15.137,100.586,-35.645,0.000
1732204957.684,-84.961,-9.766,100.098,-35.156,0.000
1732204957.688,-79.102,-7.812,105.469,-24.902,0.000
1732204957.692,-85.449,-0.977,110.352,-4.883,0.000
1732204957.696,-70.312,-6.836,101.562,-17.578,0.000
1732204957.700,-60.059,-14.648,87.891,-35.645,0.000
1732204957.704,-85.938,-17.578,86.914,-42.969,0.000
1732204957.708,-84.473,-16.113,91.797,-15.625,0.000
1732204957.712,-90.820,-19.043,91.797,-1.953,0.000
1732204957.715,-107.910,-21.973,88.379,-46.387,0.000
1732204957.719,-83.496,-23.926,84.961,-38.086,0.000
1732204957.723,-69.824,-17.578,74.219,-16.602,0.000
1732204957.727,-79.590,-13.184,76.172,-27.344,0.000
1732204957.731,-68.848,-20.020,87.891,-21.973,0.000
1732204957.735,-65.918,-14.160,86.426,-6.836,0.000
1732204957.739,-44.922,-9.277,83.984,-13.672,0.000
1732204957.743,-55.176,-13.672,81.055,-22.949,0.000
1732204957.747,-58.105,-7.812,79.102,-30.762,0.000
1732204957.751,-35.645,-2.930,83.496,-49.316,0.000
1732204957.755,-15.625,-11.719,80.078,-58.105,0.000
1732204957.758,-27.832,-15.625,80.566,-36.133,0.000
1732204957.762,-59.082,-10.742,80.566,-36.621,0.000
1732204957.766,-44.434,-10.742,82.520,-50.781,0.000
1732204957.770,-57.617,-17.578,81.543,-23.926,0.000
1732204957.774,-84.961,-21.484,79.590,-7.324,0.000
1732204957.778,-77.148,-20.508,82.031,-15.625,0.000
1732204957.782,-39.062,-15.137,74.219,-10.742,0.000
1732204957.786,-18.555,-18.555,78.613,19.043,0.000
1732204957.790,-37.109,-22.461,84.473,37.109,0.000
1732204957.794,0.000,-20.508,81.543,17.090,0.000
1732204957.798,0.000,-21.973,79.102,13.672,0.000
1732204957.801,0.000,-19.043,83.008,13.184,0.000
1732204957.805,0.000,-20.020,87.891,18.066,0.000
1732204957.809,0.000,-25.879,84.961,21.973,0.000
1732204957.813,0.000,-25.391,80.566,0.000,0.000
1732204957.817,0.000,-16.602,75.684,-0.488,0.000
1732204957.821,0.000,-20.508,67.383,-13.672,0.000
1732204957.825,0.000,-17.578,66.895,-26.855,0.000
1732204957.829,0.000,-22.949,70.312,-14.648,0.000
1732204957.833,0.000,-37.598,75.684,0.977,0.000
1732204957.837,0.000,-34.180,77.148,2.930,0.000
1732204957.841,-45.898,-25.391,66.406,-41.504,0.000
1732204957.844,-49.805,-24.902,65.918,-43.945,0.000
1732204957.848,-28.809,-27.344,74.707,-13.672,0.000
1732204957.852,-33.691,-25.879,71.777,-21.973,0.000
1732204957.856,-50.293,-23.438,71.289,-14.648,0.000
1732204957.860,-69.336,-26.855,73.242,-6.348,0.000
1732204957.864,-55.664,-21.973,72.266,-27.344,0.000
1732204957.868,-40.039,-13.672,62.500,-59.082,0.000
1732204957.872,-44.434,-15.625,54.199,-73.242,0.000
1732204957.876,-30.762,-9.766,55.664,-50.781,0.000
1732204957.880,-39.062,-6.348,51.758,-47.852,0.000
1732204957.883,-68.848,-5.371,59.082,-66.406,0.000
1732204957.887,0.000,4.395,73.242,-31.250,0.000
1732204957.891,0.000,6.348,65.430,-32.715,0.000
1732204957.895,0.000,10.742,52.246,-58.105,0.000
1732204957.899,0.000,22.949,39.062,-72.266,0.000
1732204957.903,0.000,31.738,39.062,-114.746,0.000
1732204957.907,0.000,32.227,60.547,-131.836,0.000
1732204957.911,0.000,27.344,70.312,-108.398,0.000
1732204957.915,0.000,25.879,60.547,-139.160,0.000
1732204957.919,0.000,34.668,58.105,-195.801,0.000
1732204957.923,0.000,42.969,65.430,-196.289,0.000
1732204957.926,0.000,43.457,83.496,-212.891,0.000
1732204957.930,0.000,55.176,108.398,-244.141,0.000
1732204957.934,-275.391,59.570,115.234,-263.184,0.000
1732204957.938,-350.098,48.828,129.883,-293.457,0.000
1732204957.942,-356.445,47.363,143.555,-313.965,0.000
1732204957.946,-353.516,53.711,148.926,-309.082,0.000
1732204957.950,-371.582,40.527,156.738,-321.289,0.000
1732204957.954,-362.793,30.273,159.180,-334.961,0.000
1732204957.958,-355.957,17.090,154.297,-330.078,0.000
1732204957.962,-358.887,13.672,145.508,-310.547,0.000
1732204957.965,-330.566,17.090,145.020,-319.336,0.000
1732204957.969,-322.266,13.184,143.066,-317.383,0.000
1732204957.973,-306.641,7.324,134.766,-300.293,0.000
1732204957.977,-304.688,-5.859,131.348,-311.035,0.000
1732204957.981,-277.344,-8.789,138.672,-274.414,0.000
1732204957.985,-267.090,-3.906,128.418,-250.000,0.000
1732204957.989,-280.273,-22.949,123.535,-246.094,0.000
1732204957.993,-267.578,-35.645,123.535,-235.840,0.000
1732204957.997,-243.652,-29.785,119.629,-229.004,0.000
1732204958.001,-237.305,-39.062,114.258,-224.609,0.000
1732204958.005,-220.215,-50.293,102.051,-213.867,0.000
1732204958.008,-173.340,-42.480,99.609,-181.152,0.000
1732204958.012,-160.645,-38.574,107.910,-166.992,0.000
1732204958.016,-177.734,-49.805,101.562,-176.270,0.000
1732204958.020,-184.570,-57.129,90.820,-174.805,0.000
1732204958.024,-199.219,-57.129,96.680,-137.695,0.000
1732204958.028,0.000,-64.453,105.469,-102.539,0.000
1732204958.032,0.000,-73.242,108.398,-94.727,0.000
1732204958.036,0.000,-72.754,97.656,-97.656,0.000
1732204958.040,0.000,-66.895,81.543,-85.938,0.000
1732204958.044,0.000,-71.777,76.172,-48.340,0.000
1732204958.047,0.000,-73.242,72.754,-67.871,0.000
1732204958.051,0.000,-69.824,67.871,-75.684,0.000
1732204958.055,0.000,-69.336,67.383,-48.828,0.000
1732204958.059,0.000,-67.871,63.965,-68.359,0.000
1732204958.063,0.000,-70.801,55.664,-45.410,0.000
1732204958.067,0.000,-62.500,55.664,-8.789,0.000
1732204958.071,0.000,-63.965,67.871,-3.418,0.000
1732204958.075,-212.402,-67.871,65.430,5.371,0.000
1732204958.079,-204.102,-65.918,48.340,-16.602,0.000
1732204958.082,-206.543,-64.941,42.969,-53.711,0.000
1732204958.086,-189.453,-63.965,45.898,-45.410,0.000
1732204958.090,-161.133,-66.895,42.969,-19.043,0.000
1732204958.094,-149.902,-64.941,34.668,-11.719,0.000
1732204958.098,-151.855,-65.918,35.156,-2.441,0.000
1732204958.102,-150.879,-70.801,44.922,17.578,0.000
1732204958.106,-150.391,-70.312,47.363,15.137,0.000
1732204958.110,-115.723,-70.312,36.133,-14.160,0.000
1732204958.114,-72.266,-72.754,22.461,-16.113,0.000
1732204958.117,-81.055,-73.242,21.484,29.785,0.000
1732204958.122,-24.414,-64.453,20.508,62.012,0.000
1732204958.125,-34.180,-56.641,7.324,53.223,0.000
1732204958.129,-33.691,-54.688,-6.348,39.551,0.000
1732204958.133,-46.875,-51.270,-11.230,40.039,0.000
1732204958.137,-41.016,-52.246,-14.160,45.410,0.000
1732204958.141,7.812,-42.480,-16.602,37.109,0.000
1732204958.145,0.488,-44.434,-24.902,24.414,0.000
1732204958.149,-5.859,-44.922,-38.574,30.273,0.000
1732204958.153,5.371,-33.203,-47.363,41.504,0.000
1732204958.157,-13.672,-37.598,-46.387,29.297,0.000
1732204958.160,-17.578,-40.527,-53.711,14.160,0.000
1732204958.164,2.930,-50.781,-62.988,39.551,0.000
1732204958.169,37.109,-66.406,-63.965,84.473,0.000
1732204958.172,31.738,-56.152,-74.707,79.590,0.000
1732204958.176,34.180,-37.598,-85.449,100.098,0.000
1732204958.180,62.012,-36.133,-98.633,111.816,0.000
1732204958.184,52.734,-40.039,-122.070,68.848,0.000
1732204958.188,39.551,-46.875,-139.160,51.758,0.000
1732204958.192,58.105,-39.062,-146.973,76.172,0.000
1732204958.196,83.984,-30.273,-152.832,80.566,0.000
1732204958.200,85.938,-29.297,-166.504,77.637,0.000
1732204958.204,107.910,-24.902,-174.805,113.770,0.000
1732204958.207,135.742,-29.297,-168.457,135.742,0.000
1732204958.211,127.930,-27.344,-165.527,145.996,0.000
1732204958.215,110.840,-29.297,-163.574,145.020,0.000
1732204958.219,96.191,-34.668,-157.227,159.180,0.000
1732204958.223,100.586,-32.715,-164.062,183.594,0.000
1732204958.227,110.840,-35.645,-158.203,190.430,0.000
1732204958.231,137.695,-38.086,-147.949,166.992,0.000
1732204958.235,180.664,-33.691,-148.926,163.086,0.000
1732204958.239,159.180,-30.762,-154.785,162.598,0.000
1732204958.243,125.977,-40.039,-158.691,138.184,0.000
1732204958.247,146.973,-46.387,-152.832,154.785,0.000
1732204958.250,144.531,-38.086,-156.738,174.316,0.000
1732204958.254,142.578,-34.668,-146.973,173.828,0.000
1732204958.258,131.348,-41.504,-124.023,177.734,0.000
1732204958.262,0.000,-47.852,-123.535,182.617,0.000
1732204958.266,0.000,-44.434,-130.371,174.316,0.000
1732204958.270,0.000,-43.945,-128.906,177.734,0.000
1732204958.274,0.000,-41.504,-121.582,187.500,0.000
1732204958.278,0.000,-38.086,-112.793,188.965,0.000
1732204958.282,0.000,-34.180,-110.840,196.289,0.000
1732204958.286,0.000,-29.297,-108.398,197.754,0.000
1732204958.290,0.000,-40.527,-100.098,170.898,0.000
1732204958.293,0.000,-41.504,-98.145,158.691,0.000
1732204958.297,0.000,-30.273,-94.727,170.410,0.000
1732204958.301,0.000,-27.832,-87.402,154.297,0.000
1732204958.305,0.000,-26.855,-79.590,172.852,0.000
1732204958.309,88.379,-26.855,-78.125,177.734,0.000
1732204958.313,52.246,-28.809,-84.473,144.531,0.000
1732204958.317,45.410,-32.715,-77.148,151.367,0.000
1732204958.321,44.922,-35.156,-76.660,155.273,0.000
1732204958.325,23.926,-28.809,-74.707,125.488,0.000
1732204958.329,0.488,-29.297,-73.242,110.352,0.000
1732204958.333,-9.277,-26.855,-74.219,130.371,0.000
1732204958.337,13.672,-24.414,-66.406,126.953,0.000
1732204958.340,41.504,-30.273,-61.035,131.348,0.000
1732204958.344,19.531,-26.367,-68.359,102.051,0.000
1732204958.348,18.066,-28.809,-68.848,49.316,0.000
1732204958.352,29.297,-25.879,-63.477,55.176,0.000
1732204958.356,0.000,-16.602,-61.523,65.918,0.000
1732204958.360,0.000,-20.996,-62.500,49.316,0.000
1732204958.364,0.000,-23.926,-63.477,50.781,0.000
1732204958.368,0.000,-20.996,-61.035,49.316,0.000
1732204958.372,0.000,-25.879,-57.617,45.410,0.000
1732204958.376,0.000,-29.785,-55.664,35.645,0.000
1732204958.380,0.000,-30.762,-55.176,36.133,0.000
1732204958.383,0.000,-29.785,-59.570,31.738,0.000
1732204958.387,0.000,-28.809,-57.129,41.504,0.000
1732204958.391,0.000,-21.484,-45.898,71.289,0.000
1732204958.395,0.000,-20.508,-46.387,64.941,0.000
1732204958.399,0.000,-22.461,-45.410,56.641,0.000
1732204958.403,46.387,-21.484,-41.992,49.316,0.000
1732204958.407,50.781,-24.902,-42.480,47.363,0.000
1732204958.410,14.648,-19.531,-37.598,22.461,0.000
1732204958.414,11.719,-14.648,-36.621,-27.344,0.000
1732204958.418,18.066,-21.484,-34.180,-56.152,0.000
1732204958.422,14.648,-28.320,-31.738,-63.965,0.000
1732204958.426,12.207,-27.344,-36.621,-46.875,0.000
1732204958.430,-7.324,-20.508,-41.504,-40.527,0.000
1732204958.434,-15.137,-17.578,-42.480,-49.316,0.000
1732204958.438,-10.742,-25.391,-39.062,-35.156,0.000
1732204958.442,-15.137,-32.227,-35.156,-21.973,0.000
1732204958.446,-22.949,-33.203,-42.969,-47.852,0.000
1732204958.450,-20.508,-30.273,-47.363,-51.270,0.000
1732204958.453,-25.391,-32.715,-39.551,-38.086,0.000
1732204958.457,-23.926,-41.504,-45.898,-51.758,0.000
1732204958.461,-13.672,-34.180,-49.316,-41.016,0.000
1732204958.465,20.508,-21.973,-37.598,-35.645,0.000
1732204958.469,28.809,-24.414,-34.668,-28.320,0.000
1732204958.473,10.254,-34.180,-36.621,-28.320,0.000
1732204958.477,-5.859,-34.180,-35.645,-47.852,0.000
1732204958.481,1.953,-29.297,-29.297,-40.527,0.000
1732204958.485,19.043,-31.738,-30.273,-55.176,0.000
1732204958.488,16.602,-24.902,-40.527,-79.102,0.000
1732204958.492,41.016,-17.090,-36.133,-68.359,0.000
1732204958.496,51.758,-17.578,-35.156,-82.520,0.000
1732204958.500,42.969,-14.648,-29.297,-59.570,0.000
1732204958.504,2.441,-18.555,-28.320,-49.316,0.000
1732204958.508,-21.484,-27.832,-31.250,-64.941,0.000
1732204958.512,-8.789,-24.414,-29.785,-41.504,0.000
1732204958.516,-7.812,-28.809,-29.785,-37.109,0.000
1732204958.520,28.320,-28.809,-30.762,-51.270,0.000
1732204958.524,38.574,-17.090,-37.109,-62.012,0.000
1732204958.528,12.695,-16.113,-37.598,-55.664,0.000
1732204958.531,7.812,-16.602,-38.086,-44.434,0.000
1732204958.535,-13.184,-18.066,-32.227,-28.809,0.000
1732204958.539,-21.973,-25.391,-21.973,-22.461,0.000
1732204958.543,-0.488,-17.090,0.000,-7.812,0.000
1732204958.547,35.645,-3.906,0.000,-11.230,0.000
1732204958.551,48.828,-11.719,0.000,-29.297,0.000
1732204958.555,5.371,-15.625,0.000,-43.945,0.000
1732204958.559,-32.227,-16.602,0.000,-49.316,0.000
1732204958.563,-7.812,-19.531,0.000,-6.836,0.000
1732204958.567,-2.441,-13.672,0.000,19.531,0.000
1732204958.571,-9.766,-15.137,0.000,-14.648,0.000
1732204958.574,6.348,-22.461,0.000,18.066,0.000
1732204958.578,8.301,-17.578,0.000,-2.930,0.000
1732204958.582,4.883,-14.160,0.000,-62.500,0.000
1732204958.586,-6.836,-20.020,0.000,-78.613,0.000
1732204958.590,-3.906,-27.832,-46.875,-81.055,0.000
1732204958.594,12.695,-28.320,-46.875,-45.898,0.000
1732204958.598,14.160,-22.461,-40.039,-42.969,0.000
1732204958.602,-6.836,-20.996,-40.527,-52.246,0.000
1732204958.606,-12.207,-22.461,-36.621,-52.734,0.000
1732204958.610,-2.441,-24.414,-30.762,-67.871,0.000
1732204958.614,-1.465,-20.508,-35.156,-49.805,0.000
1732204958.617,5.371,-19.043,-40.039,-34.668,0.000
1732204958.621,32.227,-23.438,-33.691,-21.973,0.000
1732204958.625,46.387,-22.949,-31.738,0.488,0.000
1732204958.629,50.781,-24.414,-28.809,12.695,0.000
1732204958.633,55.664,-24.414,-31.738,21.973,0.000
1732204958.637,60.059,-19.043,-35.156,27.344,0.000
1732204958.641,68.359,-20.996,-31.738,26.367,0.000
1732204958.645,68.359,-20.996,-29.785,4.883,0.000
1732204958.649,60.059,-17.090,-31.738,-26.855,0.000
1732204958.653,62.012,-18.555,-34.180,-59.570,0.000
1732204958.657,53.711,-19.043,-34.180,-37.109,0.000
1732204958.660,51.758,-19.043,-35.645,9.277,0.000
1732204958.664,63.477,-17.090,-37.109,9.277,0.000
1732204958.668,51.758,-15.137,-31.738,-0.488,0.000
1732204958.672,51.758,-13.184,-32.715,-13.184,0.000
1732204958.676,45.898,-9.277,-37.109,-17.578,0.000
1732204958.680,24.414,-13.184,-29.297,-19.531,0.000
1732204958.684,7.324,-19.531,-20.020,-26.855,0.000
1732204958.688,-0.977,-19.531,-28.320,-21.973,0.000
1732204958.692,22.949,-20.508,-34.668,-7.324,0.000
1732204958.696,23.926,-21.973,-27.344,-3.418,0.000
1732204958.700,14.648,-23.926,-25.879,-3.906,0.000
1732204958.703,35.156,-24.902,-29.785,-21.484,0.000
1732204958.707,53.711,-24.902,-33.691,-25.391,0.000
1732204958.711,62.500,-24.414,-32.227,-7.812,0.000
1732204958.715,64.941,-20.996,-27.832,-16.602,0.000
1732204958.719,63.477,-20.020,-27.344,-17.578,0.000
1732204958.723,51.270,-21.973,-24.902,-5.371,0.000
1732204958.727,36.621,-22.461,-22.461,-14.648,0.000
1732204958.731,30.762,-21.973,-20.020,-22.949,0.000
1732204958.735,33.691,-18.555,-22.461,-43.457,0.000
1732204958.739,55.664,-10.742,-22.461,-37.598,0.000
1732204958.743,52.734,-8.789,-24.902,-24.414,0.000
1732204958.746,34.668,-9.277,-25.879,-39.062,0.000
1732204958.750,42.969,-6.836,-20.996,-36.133,0.000
1732204958.754,45.898,-11.230,-23.438,-32.227,0.000
1732204958.758,48.828,-16.113,-31.250,-29.785,0.000
1732204958.762,42.480,-16.602,-36.621,-31.738,0.000
1732204958.766,45.410,-19.043,-34.180,-33.203,0.000
1732204958.770,46.387,-18.555,-33.691,-10.742,0.000
1732204958.774,38.574,-16.602,-38.086,-17.090,0.000
1732204958.778,40.527,-11.719,-37.598,-13.672,0.000
1732204958.782,38.574,-4.395,-37.109,-22.461,0.000
1732204958.785,32.715,-3.906,-45.898,-46.875,0.000
1732204958.789,47.852,-3.906,-51.758,-35.645,0.000
1732204958.793,40.039,-7.812,-49.316,-38.086,0.000
1732204958.797,20.508,-9.766,-52.734,-34.180,0.000
1732204958.801,32.715,-4.395,-58.594,-35.156,0.000
1732204958.805,43.457,-8.789,-57.617,-72.266,0.000
1732204958.809,44.434,-6.348,-70.312,-71.289,0.000
1732204958.813,44.434,-3.418,-80.566,-63.965,0.000
1732204958.817,26.367,-7.324,-83.984,-75.195,0.000
1732204958.821,22.461,-7.324,-87.891,-41.016,0.000
1732204958.825,31.738,-7.324,-85.938,-17.090,0.000
1732204958.828,27.344,-10.254,-84.961,-26.855,0.000
1732204958.832,24.414,-6.836,-91.797,-27.832,0.000
1732204958.836,21.973,-5.371,-90.820,-19.531,0.000
1732204958.840,12.695,-15.137,-77.148,-35.645,0.000
1732204958.844,21.973,-15.137,-86.426,-35.156,0.000
1732204958.848,38.574,-9.766,-92.773,-22.461,0.000
1732204958.852,41.504,-20.996,-80.078,-36.133,0.000
1732204958.856,47.852,-22.461,-76.172,-39.551,0.000
1732204958.860,22.461,-25.879,-79.590,-28.809,0.000
1732204958.864,20.020,-28.809,-82.031,-32.227,0.000
1732204958.867,41.016,-21.973,-86.914,-20.020,0.000
1732204958.872,23.438,-24.902,-90.820,0.000,0.000
1732204958.875,31.738,-24.414,-87.402,16.113,0.000
1732204958.879,45.410,-25.391,-84.961,34.180,0.000
1732204958.883,35.645,-29.785,-93.750,39.062,0.000
1732204958.887,26.367,-30.762,-85.938,44.434,0.000
1732204958.891,41.504,-29.297,-72.754,68.359,0.000
1732204958.895,40.039,-30.273,-75.684,67.871,0.000
1732204958.899,32.227,-29.297,-82.031,1.465,0.000
1732204958.903,39.551,-26.367,-82.520,-57.617,0.000
1732204958.907,32.227,-20.996,-84.473,-37.109,0.000
1732204958.910,26.367,-16.602,-83.496,-3.906,0.000
1732204958.914,19.043,-21.484,-76.172,4.395,0.000
1732204958.918,0.000,-22.949,-71.289,-5.371,0.000
1732204958.922,0.000,-18.555,-73.730,-4.883,0.000
1732204958.926,0.000,-18.066,-72.754,6.836,0.000
1732204958.930,0.000,-25.879,-70.801,11.719,0.000
1732204958.934,0.000,-22.949,-71.289,-1.953,0.000
1732204958.938,0.000,-20.020,-66.895,1.465,0.000
1732204958.942,0.000,-26.367,-68.848,33.691,0.000
1732204958.946,0.000,-21.484,-62.500,37.598,0.000
1732204958.950,0.000,-22.461,-59.082,-6.348,0.000
1732204958.953,0.000,-18.555,-66.895,-41.016,0.000
1732204958.957,0.000,-10.742,-65.918,-19.531,0.000
1732204958.961,0.000,-6.348,-66.406,-18.066,0.000
1732204958.966,-2.441,-16.602,-57.129,9.766,0.000
1732204958.969,-2.930,-28.320,-50.293,18.555,0.000
1732204958.973,-9.766,-23.438,-53.223,-9.766,0.000
1732204958.977,-13.672,-19.043,-44.434,9.277,0.000
1732204958.981,-16.602,-23.438,-38.086,-7.324,0.000
1732204958.985,-14.160,-30.762,-38.574,0.488,0.000
1732204958.989,-10.742,-25.391,-44.434,45.898,0.000
1732204958.993,-1.465,-24.902,-47.852,9.277,0.000
1732204958.997,0.977,-22.461,-43.945,-25.879,0.000
1732204959.001,1.953,-17.578,-44.922,-23.438,0.000
1732204959.004,2.441,-19.043,-44.922,-11.230,0.000
1732204959.008,-8.789,-20.996,-41.504,-14.648,0.000
1732204959.012,0.000,-19.531,-41.016,-41.992,0.000
1732204959.016,2.441,-23.926,-46.875,-38.574,0.000
1732204959.020,-0.488,-20.996,-51.758,-31.250,0.000
1732204959.024,3.906,-14.160,-56.641,-20.508,0.000
1732204959.028,1.465,-17.090,-53.223,0.977,0.000
1732204959.032,-17.578,-24.414,-46.875,-7.812,0.000
1732204959.036,3.906,-22.949,-45.898,3.906,0.000
1732204959.040,5.371,-13.672,-45.410,25.879,0.000
1732204959.044,-20.996,-14.160,-41.992,3.418,0.000
1732204959.047,-8.789,-16.602,-37.109,-3.906,0.000
1732204959.051,-20.020,-15.625,-34.180,14.648,0.000
1732204959.055,-14.160,-20.020,-32.715,-1.465,0.000
1732204959.059,0.000,-21.973,-39.062,18.066,0.000
1732204959.063,0.000,-19.043,-42.969,3.906,0.000
1732204959.067,0.000,-19.531,-44.434,-20.508,0.000
1732204959.071,0.000,-19.531,-44.434,20.020,0.000
1732204959.075,0.000,-15.137,-43.945,3.418,0.000
1732204959.079,0.000,-18.555,-49.805,-49.316,0.000
1732204959.083,0.000,-22.949,-49.805,-63.477,0.000
1732204959.087,0.000,-27.344,-46.875,-39.062,0.000
1732204959.090,0.000,-28.320,-51.270,-19.043,0.000
1732204959.094,0.000,-25.391,-47.852,-10.254,0.000
1732204959.098,0.000,-24.902,-41.504,-31.738,0.000
1732204959.102,0.000,-23.926,-40.039,-68.848,0.000
1732204959.106,-0.488,-20.020,-40.527,-56.152,0.000
1732204959.110,-16.602,-16.113,-43.945,-23.926,0.000
1732204959.114,-30.273,-19.043,-38.086,0.977,0.000
1732204959.117,-21.973,-16.602,-35.645,-1.953,0.000
1732204959.121,-22.949,-17.578,-45.410,3.418,0.000
1732204959.125,-23.438,-24.902,-39.062,0.977,0.000
1732204959.129,-29.297,-22.461,-43.457,-39.551,0.000
1732204959.133,-45.898,-18.555,-48.828,-28.320,0.000
1732204959.137,-28.320,-26.855,-47.852,-9.766,0.000
1732204959.141,-15.625,-25.879,-45.898,-12.695,0.000
1732204959.145,-24.902,-13.672,-44.434,14.648,0.000
1732204959.149,-25.391,-12.695,-47.852,15.625,0.000
1732204959.152,-34.668,-19.043,-50.293,-6.348,0.000
1732204959.156,-42.480,-17.578,-50.781,-23.926,0.000
1732204959.160,-29.785,-14.648,-50.293,-34.180,0.000
1732204959.164,-14.648,-14.648,-55.176,-30.762,0.000
1732204959.168,-17.578,-20.996,-53.223,-25.391,0.000
1732204959.172,-21.973,-23.926,-49.316,-40.039,0.000
1732204959.176,-20.020,-20.996,-53.223,-38.574,0.000
1732204959.180,-24.414,-26.855,-52.246,-28.809,0.000
1732204959.184,-15.137,-27.344,-47.852,-45.898,0.000
1732204959.187,-19.043,-23.438,-40.527,-54.688,0.000
1732204959.191,-35.645,-20.508,-38.086,-29.785,0.000
1732204959.195,-31.250,-19.043,-41.992,-14.648,0.000
1732204959.199,-32.227,-26.367,-45.410,-17.090,0.000
1732204959.203,-37.109,-22.461,-47.363,-42.969,0.000
1732204959.207,-29.785,-17.578,-41.992,-37.109,0.000
1732204959.211,-22.949,-24.902,-41.016,-26.367,0.000
1732204959.215,-36.621,-20.508,-43.945,-56.641,0.000
1732204959.218,-34.180,-18.066,-47.852,-40.527,0.000
1732204959.222,-32.715,-21.973,-49.805,-29.297,0.000
1732204959.226,-47.363,-13.184,-50.781,-39.062,0.000
1732204959.230,-41.992,-6.348,-55.176,-45.898,0.000
1732204959.234,-44.922,-17.578,-59.082,-39.551,0.000
1732204959.238,-47.363,-22.461,-65.430,-37.598,0.000
1732204959.242,-47.363,-20.996,-75.684,-32.715,0.000
1732204959.246,-44.922,-19.531,-78.125,-30.762,0.000
1732204959.250,-18.555,-13.672,-79.590,-28.809,0.000
1732204959.254,-39.551,-18.066,-86.914,-32.715,0.000
1732204959.258,-60.059,-18.066,-95.703,-22.949,0.000
1732204959.262,-56.641,-16.602,-96.191,-39.062,0.000
1732204959.265,-60.059,-24.902,-92.285,-66.895,0.000
1732204959.269,-67.871,-20.508,-92.773,-58.594,0.000
1732204959.273,-79.590,-20.508,-95.215,-61.035,0.000
1732204959.277,-78.613,-30.273,-102.539,-62.012,0.000
1732204959.281,-55.664,-26.367,-107.910,-64.453,0.000
1732204959.285,-52.734,-24.414,-103.516,-61.523,0.000
1732204959.289,-45.410,-23.926,-98.633,-61.035,0.000
1732204959.293,0.000,-14.648,-96.191,-63.477,0.000
1732204959.297,0.000,-15.625,-99.121,-63.965,0.000
1732204959.301,0.000,-24.902,-102.539,-52.734,0.000
1732204959.305,0.000,-24.414,-100.098,-44.922,0.000
1732204959.309,0.000,-15.625,-101.074,-45.410,0.000
1732204959.312,0.000,-19.531,-101.562,-32.715,0.000
1732204959.316,0.000,-22.949,-99.121,-50.781,0.000
1732204959.320,0.000,-21.484,-105.469,-53.223,0.000
1732204959.324,0.000,-23.438,-115.723,-26.367,0.000
1732204959.328,0.000,-26.367,-118.164,-31.250,0.000
1732204959.332,0.000,-27.832,-125.488,-36.133,0.000
1732204959.336,0.000,-23.926,-131.836,-51.758,0.000
1732204959.340,-35.156,-20.508,0.000,-53.711,0.000
1732204959.344,-34.180,-14.648,0.000,-42.480,0.000
1732204959.348,-32.715,-19.531,0.000,-39.062,0.000
1732204959.352,-41.992,-25.391,0.000,-39.551,0.000
1732204959.355,-37.109,-12.695,0.000,-63.477,0.000
1732204959.359,-30.273,-6.348,0.000,-47.363,0.000
1732204959.363,-42.480,-10.254,0.000,-37.598,0.000
1732204959.367,-36.621,-15.625,0.000,-36.621,0.000
1732204959.371,-22.461,-11.230,0.000,-32.715,0.000
1732204959.375,-30.762,-7.812,0.000,-50.293,0.000
1732204959.379,-26.855,-16.113,0.000,-53.223,0.000
1732204959.383,-19.531,-17.090,0.000,-22.461,0.000
1732204959.387,-20.996,-19.531,-132.324,-27.832,0.000
1732204959.391,-6.836,-16.602,-130.859,-31.738,0.000
1732204959.394,-3.906,-16.113,-125.000,-19.043,0.000
1732204959.398,-25.879,-20.508,-127.930,-28.320,0.000
1732204959.402,-31.250,-13.184,-126.953,-32.715,0.000
1732204959.406,-24.902,-4.395,-128.418,-21.973,0.000
1732204959.410,-20.996,-2.441,-133.301,-15.625,0.000
1732204959.414,-27.832,-9.766,-117.676,-28.320,0.000
1732204959.418,-36.133,-12.207,-117.676,-39.062,0.000
1732204959.422,-18.066,-6.836,-113.770,-8.789,0.000
1732204959.426,-9.766,-4.883,-101.074,0.000,0.000
1732204959.430,-29.785,-8.789,-104.004,-40.527,0.000
1732204959.434,0.000,-15.137,-99.121,-45.410,0.000
1732204959.438,0.000,-13.184,-92.285,-46.387,0.000
1732204959.441,0.000,-6.836,-93.750,-48.828,0.000
1732204959.445,0.000,-2.930,-91.797,-25.391,0.000
1732204959.449,0.000,-6.836,-92.285,-26.367,0.000
1732204959.453,0.000,-13.672,-95.703,-32.715,0.000
1732204959.457,0.000,-16.602,-86.914,-41.504,0.000
1732204959.461,0.000,-10.742,-89.844,-36.133,0.000
1732204959.465,0.000,-1.465,-85.938,-31.250,0.000
1732204959.469,0.000,0.000,-78.125,-37.598,0.000
1732204959.473,0.000,-4.395,-78.125,-44.434,0.000
1732204959.477,0.000,-7.812,-81.055,-43.945,0.000
1732204959.481,-32.715,-14.160,-78.613,-36.133,0.000
1732204959.484,-27.832,-12.695,-78.125,-11.230,0.000
1732204959.488,-18.555,-11.719,-78.613,-7.324,0.000
1732204959.492,-26.367,-17.578,-76.172,-25.391,0.000
1732204959.496,-36.621,-20.508,-82.031,-48.828,0.000
1732204959.500,-32.715,-18.066,-86.426,-63.477,0.000
1732204959.504,-31.738,-12.695,-83.008,-46.875,0.000
1732204959.508,-33.691,-10.742,-82.520,-29.297,0.000
1732204959.512,-28.320,-8.789,-83.984,-29.297,0.000
1732204959.516,-19.043,-11.230,-85.449,-36.133,0.000
1732204959.519,-14.648,-17.578,-83.984,-51.270,0.000
1732204959.523,-19.043,-15.137,-88.867,-63.477,0.000
1732204959.527,-3.906,-16.602,-106.934,-53.223,0.000
1732204959.531,20.996,-16.113,-113.281,-34.180,0.000
1732204959.535,11.230,-11.230,-100.098,-28.320,0.000
1732204959.539,-10.742,-20.996,-88.867,-37.109,0.000
1732204959.543,-16.602,-24.902,-83.008,-48.828,0.000
1732204959.547,-12.207,-21.484,-83.984,-36.133,0.000
1732204959.551,-17.090,-27.832,-92.285,-4.395,0.000
1732204959.555,-35.156,-28.320,-99.121,-19.531,0.000
1732204959.559,-33.691,-28.320,-100.098,-43.457,0.000
1732204959.563,-18.066,-33.203,-88.867,-27.344,0.000
1732204959.566,-16.113,-35.645,-83.496,-31.738,0.000
1732204959.570,-32.715,-32.227,-89.355,-42.969,0.000
1732204959.574,0.000,-30.762,-95.215,-49.805,0.000
1732204959.578,0.000,-24.414,-109.375,-55.176,0.000
1732204959.582,0.000,-20.508,-106.445,-29.785,0.000
1732204959.586,0.000,-27.344,-100.098,-28.809,0.000
1732204959.590,0.000,-23.926,-107.910,-50.781,0.000
1732204959.594,0.000,-29.297,-107.422,-38.574,0.000
1732204959.598,0.000,-36.621,-101.562,-8.789,0.000
1732204959.602,0.000,-28.320,-100.586,-20.508,0.000
1732204959.606,0.000,-22.949,-104.980,-26.367,0.000
1732204959.609,0.000,-20.996,-102.051,-11.230,0.000
1732204959.613,0.000,-22.461,-105.469,-9.277,0.000
1732204959.617,0.000,-25.391,-112.305,7.812,0.000
1732204959.621,-33.203,-20.996,-110.352,6.348,0.000
1732204959.625,-16.113,-13.184,-110.352,-34.180,0.000
1732204959.629,-21.973,-12.695,-112.305,-45.410,0.000
1732204959.633,-30.273,-8.789,-116.699,-41.992,0.000
1732204959.637,-33.691,-8.789,-116.211,-60.547,0.000
1732204959.641,-31.250,-11.719,-113.770,-50.293,0.000
1732204959.644,-22.461,-8.301,-119.141,-29.297,0.000
1732204959.648,-22.949,-9.277,-120.117,-17.578,0.000
1732204959.652,-27.344,-18.066,-117.188,-5.859,0.000
1732204959.656,-11.230,-16.602,-115.723,-14.648,0.000
1732204959.660,-14.648,-11.719,-116.699,-24.414,0.000
1732204959.664,-23.926,-17.578,-116.699,-12.207,0.000
1732204959.668,-15.137,-17.578,-109.375,-8.301,0.000
1732204959.672,-12.695,-11.230,-106.934,-12.207,0.000
1732204959.676,-12.695,-9.277,-114.258,-6.348,0.000
1732204959.680,-13.184,-10.742,-122.559,-28.320,0.000
1732204959.684,-23.926,-9.277,-119.141,-22.461,0.000
1732204959.687,-22.461,-8.301,-106.445,16.602,0.000
1732204959.691,-11.230,-16.602,-116.211,-12.695,0.000
1732204959.695,-14.160,-23.438,-125.977,-40.527,0.000
1732204959.699,-18.555,-20.996,-109.863,-19.043,0.000
1732204959.703,-11.719,-11.230,-112.305,-20.996,0.000
1732204959.707,-7.324,-7.812,-125.488,-21.484,0.000
1732204959.711,-4.395,-13.672,-121.094,0.977,0.000
1732204959.715,0.000,-16.602,-114.258,20.020,0.000
1732204959.719,0.000,-15.137,-114.746,9.766,0.000
1732204959.723,0.000,-13.184,-113.281,-8.789,0.000
1732204959.727,0.000,-11.719,-113.281,-14.648,0.000
1732204959.730,0.000,-14.160,-121.094,-34.180,0.000
1732204959.734,0.000,-16.602,-116.211,-31.250,0.000
1732204959.738,0.000,-20.996,-113.281,-12.695,0.000
1732204959.742,0.000,-21.484,-118.652,0.488,0.000
1732204959.746,0.000,-12.207,-124.023,-2.930,0.000
1732204959.750,0.000,-14.648,-130.371,-24.902,0.000
1732204959.754,0.000,-24.414,-137.207,-42.480,0.000
1732204959.758,0.000,-19.043,-133.789,-38.086,0.000
1732204959.762,-15.137,-11.719,-127.930,-27.344,0.000
1732204959.766,1.953,-10.742,-132.812,-28.809,0.000
1732204959.770,7.324,-10.254,-125.488,-10.742,0.000
1732204959.774,4.395,-6.348,-112.793,8.301,0.000
1732204959.777,-5.859,-15.625,-116.211,-2.930,0.000
1732204959.781,-18.555,-27.832,-124.023,-4.395,0.000
1732204959.785,-26.855,-24.902,-126.465,-36.133,0.000
1732204959.789,-18.555,-20.508,-127.441,-39.062,0.000
1732204959.793,-10.742,-28.320,-127.441,-22.461,0.000
1732204959.797,-11.230,-30.273,-121.582,-42.969,0.000
1732204959.801,-0.488,-16.602,-118.652,-34.180,0.000
1732204959.805,-2.930,-16.113,-121.582,1.953,0.000
1732204959.809,-18.066,-19.531,-122.070,-16.113,0.000
1732204959.813,-21.484,-18.066,-125.977,-32.715,0.000
1732204959.817,-34.180,-15.625,-126.465,-15.137,0.000
1732204959.820,-47.363,-18.066,-120.117,-19.531,0.000
1732204959.824,-35.156,-22.949,-118.164,-19.043,0.000
1732204959.828,-14.648,-23.926,-120.117,-22.461,0.000
1732204959.832,-2.930,-22.949,-128.418,-38.086,0.000
1732204959.836,-22.461,-21.484,-127.930,-41.992,0.000
1732204959.840,-22.461,-7.812,-128.418,-30.273,0.000
1732204959.844,-19.043,-11.230,-126.953,-42.969,0.000
1732204959.848,-27.832,-16.602,-124.023,-40.527,0.000
1732204959.852,-11.719,-9.766,-122.070,-33.203,0.000
1732204959.856,-13.184,-17.090,-129.883,-46.875,0.000
1732204959.860,-25.391,-20.996,-132.324,-31.250,0.000
1732204959.863,-14.648,-23.438,-130.859,-25.391,0.000
1732204959.867,-11.230,-18.066,-133.301,-24.414,0.000
1732204959.871,-12.695,-4.395,-127.930,-29.785,0.000
1732204959.875,-10.254,-14.648,-137.695,-37.598,0.000
1732204959.879,-11.230,-25.879,-135.742,-15.625,0.000
1732204959.883,-8.789,-18.066,-130.859,-13.672,0.000
1732204959.887,-5.859,-20.508,-135.254,-20.996,0.000
1732204959.891,-5.371,-23.926,-136.230,-20.020,0.000
1732204959.895,-17.578,-23.926,-138.184,-39.551,0.000
1732204959.898,-33.203,-24.902,-134.766,-21.973,0.000
1732204959.902,-35.645,-19.531,-136.230,-6.836,0.000
1732204959.906,-18.555,-21.973,-138.672,-33.203,0.000
1732204959.910,-12.695,-24.902,-131.836,-35.156,0.000
1732204959.914,-24.902,-14.648,-133.789,-12.695,0.000
1732204959.918,-5.859,-11.719,-142.578,-42.480,0.000
1732204959.922,7.812,-12.695,-142.090,-40.039,0.000
1732204959.926,-5.371,-20.020,-135.742,10.254,0.000
1732204959.930,-14.648,-19.531,-136.230,-12.695,0.000
1732204959.934,-16.602,-7.324,-137.207,-35.156,0.000
1732204959.938,-22.461,-11.230,-140.137,-27.832,0.000
1732204959.941,-20.020,-16.113,-154.785,-18.066,0.000
1732204959.945,-13.672,-11.230,-158.691,-25.879,0.000
1732204959.949,-15.625,-10.254,-148.438,-50.781,0.000
1732204959.953,-11.719,-6.836,-144.043,-63.965,0.000
1732204959.957,-17.578,-14.648,-150.391,-49.316,0.000
1732204959.961,-20.996,-18.555,-152.832,-24.902,0.000
1732204959.965,-35.645,-12.695,-150.879,-28.809,0.000
1732204959.969,-35.645,-15.137,-148.438,-37.598,0.000
1732204959.973,-17.578,-9.277,-146.973,-46.875,0.000
1732204959.977,-16.602,-8.301,-146.973,-55.664,0.000
1732204959.980,-20.020,-13.184,-150.391,-61.035,0.000
1732204959.984,-18.555,-15.625,-159.668,-48.828,0.000
1732204959.988,-12.207,-19.043,-161.133,-40.527,0.000
1732204959.992,-12.207,-15.625,-162.598,-21.484,0.000
1732204959.996,0.000,-17.090,-159.180,-24.902,0.000
1732204960.000,0.000,-19.043,-148.926,-18.555,0.000
1732204960.004,0.000,-15.137,-148.926,15.137,0.000
1732204960.008,0.000,-12.695,-145.996,-19.043,0.000
1732204960.012,0.000,-13.184,-145.508,-64.941,0.000
1732204960.016,0.000,-5.371,-148.438,-37.109,0.000
1732204960.020,0.000,6.348,-144.043,-18.066,0.000
1732204960.023,0.000,-7.324,-140.625,-18.066,0.000
1732204960.027,0.000,-17.578,-136.230,-29.297,0.000
1732204960.031,0.000,-11.719,-128.906,-44.922,0.000
1732204960.035,0.000,-11.230,-135.254,-50.293,0.000
1732204960.039,0.000,-12.207,-130.859,-40.527,0.000
1732204960.043,-31.738,-8.789,-123.535,-10.742,0.000
1732204960.047,-29.785,-11.719,-130.859,-13.184,0.000
1732204960.051,-30.273,-11.230,-128.418,-45.410,0.000
1732204960.055,-24.414,-1.953,-132.324,-49.316,0.000
1732204960.059,-21.484,-7.812,-140.625,-29.297,0.000
1732204960.063,-18.066,-13.672,-138.184,-32.715,0.000
1732204960.067,-12.695,-7.324,-138.184,-52.246,0.000
1732204960.070,-1.953,-7.812,-140.137,-53.223,0.000
1732204960.074,-10.254,-12.695,-142.090,-52.734,0.000
1732204960.078,-16.113,-3.906,-140.625,-46.875,0.000
1732204960.082,-9.277,-1.465,-127.930,-32.715,0.000
1732204960.086,-11.230,-1.465,-129.883,-30.273,0.000
1732204960.090,0.000,-7.324,-137.207,-29.785,0.000
1732204960.094,0.000,-13.672,-140.137,-50.293,0.000
1732204960.098,0.000,-9.277,-146.973,-52.246,0.000
1732204960.102,0.000,-8.789,-150.391,-45.410,0.000
1732204960.106,0.000,-6.836,-138.672,-43.457,0.000
1732204960.110,0.000,-8.301,-137.207,-47.363,0.000
1732204960.113,0.000,-14.648,-144.531,-41.016,0.000
1732204960.117,0.000,-8.789,-141.113,-21.973,0.000
1732204960.121,0.000,-10.742,-142.578,-17.578,0.000
1732204960.125,0.000,-11.719,-146.484,-10.742,0.000
1732204960.129,0.000,-4.883,-153.809,-3.418,0.000
1732204960.133,0.000,-2.441,-145.020,-9.277,0.000
1732204960.137,-3.418,-5.859,-145.996,-33.691,0.000
1732204960.141,-13.672,-15.137,-154.297,-34.668,0.000
1732204960.145,-23.926,-19.531,-154.297,-29.297,0.000
1732204960.149,-38.086,-19.043,-145.508,-26.367,0.000
1732204960.152,-37.109,-20.508,-147.949,-46.875,0.000
1732204960.156,-31.738,-21.973,-151.367,-37.598,0.000
1732204960.160,-23.926,-18.066,-138.672,-13.672,0.000
1732204960.164,-17.578,-11.719,-143.555,-18.066,0.000
1732204960.168,-27.344,-10.742,-148.926,-30.762,0.000
1732204960.172,-35.645,-12.695,-146.973,-18.555,0.000
1732204960.176,-37.598,-6.348,-145.020,0.977,0.000
1732204960.180,-55.664,-8.789,-148.926,-13.672,0.000
1732204960.184,-57.617,-15.625,-144.531,-18.555,0.000
1732204960.188,-55.176,-24.414,-142.090,-21.484,0.000
1732204960.192,-52.734,-25.391,-148.926,-32.715,0.000
1732204960.196,-41.504,-16.113,-155.762,-22.949,0.000
1732204960.199,-30.273,-16.113,-150.391,-14.160,0.000
1732204960.203,-31.738,-22.949,-143.555,-8.789,0.000
1732204960.207,-25.391,-18.555,-142.090,-0.977,0.000
1732204960.211,-6.836,-12.207,-145.020,6.836,0.000
1732204960.215,-19.043,-11.230,-153.809,5.859,0.000
1732204960.219,-37.109,-14.648,-153.809,21.484,0.000
1732204960.223,-35.645,-11.719,-148.926,34.668,0.000
1732204960.227,-8.301,-5.859,-133.789,23.926,0.000
1732204960.231,-8.789,-2.441,-130.859,9.277,0.000
1732204960.235,-38.574,-5.371,-134.766,6.348,0.000
1732204960.239,-36.621,-7.812,-140.137,0.488,0.000
1732204960.242,-32.227,-16.113,-149.414,-21.973,0.000
1732204960.246,-30.273,-14.648,-146.973,-26.367,0.000
1732204960.250,-31.250,-8.301,-141.602,-6.348,0.000
1732204960.254,-29.785,-16.113,-141.113,8.301,0.000
1732204960.258,-35.156,-16.113,-145.508,16.602,0.000
1732204960.262,-38.574,-18.555,-143.066,3.418,0.000
1732204960.266,-29.785,-34.180,-140.137,3.906,0.000
1732204960.270,-47.852,-32.715,-143.066,-0.488,0.000
1732204960.274,-54.199,-33.691,-141.113,-19.043,0.000
1732204960.278,-42.480,-35.156,-144.043,-24.414,0.000
1732204960.281,-37.598,-32.227,-143.066,-4.883,0.000
1732204960.285,-28.320,-31.738,-141.602,22.461,0.000
1732204960.289,-41.504,-28.320,-142.090,-10.742,0.000
1732204960.293,-69.336,-30.762,-148.926,-52.246,0.000
1732204960.297,-72.266,-41.504,-146.484,-62.500,0.000
1732204960.301,-74.707,-40.527,-139.648,-56.152,0.000
1732204960.305,-103.027,-19.531,-129.395,-62.500,0.000
1732204960.309,-123.047,-3.906,-131.348,-97.656,0.000
1732204960.313,-136.719,-3.906,-139.648,-110.352,0.000
1732204960.317,-144.531,-4.395,-125.000,-85.938,0.000
1732204960.320,-134.277,3.906,-102.539,-101.562,0.000
1732204960.324,-143.066,-8.789,-102.539,-122.070,0.000
1732204960.328,-132.812,-16.113,-115.234,-109.863,0.000
1732204960.332,-117.676,-7.324,-108.398,-98.633,0.000
1732204960.336,-132.812,-8.301,-104.492,-92.285,0.000
1732204960.340,-118.652,-3.418,-109.863,-87.891,0.000
1732204960.344,-104.492,2.930,-104.492,-62.500,0.000
1732204960.348,-105.957,-6.348,-109.863,-41.016,0.000
1732204960.352,-96.191,-16.113,-119.629,-39.551,0.000
1732204960.356,-88.379,-14.648,-118.652,-40.039,0.000
1732204960.359,-83.984,-4.883,-129.883,-49.316,0.000
1732204960.363,-80.078,-5.371,-123.535,-43.457,0.000
1732204960.367,-74.707,-10.742,-121.582,-47.363,0.000
1732204960.371,-61.035,-11.230,-127.930,-56.152,0.000
1732204960.375,-40.527,-1.465,-116.211,-33.203,0.000
1732204960.379,-23.926,9.277,-110.352,-28.320,0.000
1732204960.383,-27.344,-1.465,-102.539,-22.461,0.000
1732204960.387,-41.992,-12.695,-105.469,-9.766,0.000
1732204960.391,-38.086,-7.324,-115.234,-11.719,0.000
1732204960.395,-35.156,-6.836,-107.422,-10.254,0.000
1732204960.399,-41.992,-17.578,-105.469,-2.930,0.000
1732204960.402,-54.199,-21.973,-104.004,-3.906,0.000
1732204960.406,-51.758,-20.020,-107.910,7.812,0.000
1732204960.410,-49.805,-21.484,-107.422,-4.883,0.000
1732204960.414,-38.574,-19.531,-107.422,-20.996,0.000
1732204960.418,-21.973,-15.137,-121.094,6.836,0.000
1732204960.422,-30.273,-13.184,-133.301,2.441,0.000
1732204960.426,-40.527,-17.578,-132.812,-2.441,0.000
1732204960.430,-33.691,-20.996,-129.395,8.789,0.000
1732204960.434,-33.691,-19.531,-131.836,-5.371,0.000
1732204960.438,-32.715,-13.672,-130.859,-5.859,0.000
1732204960.442,-30.273,-11.230,-128.906,13.672,0.000
1732204960.445,-35.645,-15.625,-135.254,7.812,0.000
1732204960.449,-21.484,-10.254,-118.164,1.953,0.000
1732204960.453,-18.066,-7.812,-116.699,17.578,0.000
1732204960.457,-21.973,-8.789,-128.906,13.672,0.000
1732204960.461,-29.785,-10.254,-117.188,-0.977,0.000
1732204960.465,-15.137,-8.301,-123.047,-0.488,0.000
1732204960.469,-5.859,-4.395,-132.812,11.719,0.000
1732204960.473,-29.785,-8.789,-123.047,18.066,0.000
1732204960.477,-42.480,-10.742,-114.746,14.160,0.000
1732204960.481,-33.203,-8.301,-112.793,4.883,0.000
1732204960.485,-30.762,-15.625,-111.816,1.953,0.000
1732204960.488,-36.133,-17.578,-111.816,1.953,0.000
1732204960.492,-40.527,-19.043,-120.605,2.930,0.000
1732204960.496,-44.434,-17.578,-117.188,9.277,0.000
1732204960.500,-48.828,-18.066,-106.445,3.418,0.000
1732204960.504,-41.992,-17.578,-106.445,16.113,0.000
1732204960.508,-31.738,-12.207,-97.168,30.762,0.000
1732204960.512,0.000,-16.113,-93.750,-1.953,0.000
1732204960.516,0.000,-16.602,-98.145,-20.508,0.000
1732204960.520,0.000,-22.949,-98.633,-29.297,0.000
1732204960.524,0.000,-30.273,-99.121,-35.645,0.000
1732204960.528,0.000,-27.344,-93.750,9.277,0.000
1732204960.532,0.000,-20.020,-93.262,23.438,0.000
1732204960.535,0.000,-17.578,-89.844,-1.465,0.000
1732204960.539,0.000,-13.184,-95.215,-23.438,0.000
1732204960.543,0.000,-1.465,-101.074,-31.738,0.000
1732204960.547,0.000,-5.859,-97.168,-17.578,0.000
1732204960.551,0.000,-16.113,-88.867,-6.348,0.000
1732204960.555,0.000,-20.996,-83.984,-11.230,0.000
1732204960.559,-42.480,-18.066,-80.566,-5.859,0.000
1732204960.563,-45.898,-10.254,-77.637,-10.254,0.000
1732204960.567,-36.133,-8.789,-83.496,-13.184,0.000
1732204960.571,-36.133,-1.953,-85.449,-3.906,0.000
1732204960.575,-47.852,-2.441,-77.148,2.930,0.000
1732204960.578,-35.156,-11.719,-70.801,8.301,0.000
1732204960.582,-39.551,-11.230,-72.266,4.883,0.000
1732204960.586,-33.691,-9.277,-78.125,-17.578,0.000
1732204960.590,-29.785,-13.184,-75.195,-17.578,0.000
1732204960.594,-44.434,-11.719,-70.801,-24.902,0.000
1732204960.598,-35.156,-15.137,-75.195,-34.668,0.000
1732204960.602,-38.086,-17.578,-79.102,-19.531,0.000
1732204960.606,0.000,-19.043,-79.102,-15.137,0.000
1732204960.610,0.000,-19.043,-70.312,-11.230,0.000
1732204960.614,0.000,-15.625,-66.406,-15.137,0.000
1732204960.617,0.000,-24.414,-68.359,-10.742,0.000
1732204960.621,0.000,-26.367,-71.289,-9.766,0.000
1732204960.625,0.000,-21.973,-70.801,-25.879,0.000
1732204960.629,0.000,-20.020,-67.871,-18.555,0.000
1732204960.633,0.000,-29.297,-78.125,-3.906,0.000
1732204960.637,0.000,-39.551,-84.961,-11.230,0.000
1732204960.641,0.000,-23.438,-77.637,-27.344,0.000
1732204960.645,0.000,-13.672,-74.707,-20.508,0.000
1732204960.649,0.000,-18.555,-75.195,-8.301,0.000
1732204960.652,-51.758,-17.578,-75.684,-4.395,0.000
1732204960.656,-33.691,-19.043,-74.707,-16.602,0.000
1732204960.660,-30.762,-18.555,-74.707,-19.531,0.000
1732204960.664,-30.762,-5.859,-66.406,-17.090,0.000
1732204960.668,-25.879,-4.395,-68.848,-16.602,0.000
1732204960.672,-33.203,-6.348,-77.637,-15.137,0.000
1732204960.676,-33.691,-10.254,-75.684,-35.156,0.000
1732204960.680,-27.344,-18.555,-75.195,-36.621,0.000
1732204960.684,-25.391,-9.766,-73.242,-15.137,0.000
1732204960.687,-29.785,-8.789,-69.824,-8.789,0.000
1732204960.691,-40.527,-10.254,-65.430,-3.418,0.000
1732204960.695,-52.246,-15.625,-60.547,-17.090,0.000
1732204960.699,-41.992,-18.066,-62.012,-37.598,0.000
1732204960.703,-33.203,-10.254,-67.871,-19.531,0.000
1732204960.707,-14.648,-7.324,-64.453,-11.230,0.000
1732204960.711,-21.484,-7.324,-64.453,-25.391,0.000
1732204960.715,-46.875,-12.207,-64.453,-30.762,0.000
1732204960.719,-36.133,-25.879,-63.965,-15.137,0.000
1732204960.723,-35.645,-23.438,-58.594,2.441,0.000
1732204960.726,-27.344,-14.160,-52.246,7.324,0.000
1732204960.730,-0.977,-5.371,-43.945,28.809,0.000
1732204960.734,-3.906,0.000,-37.109,27.344,0.000
1732204960.738,-26.855,-8.301,-46.875,-7.324,0.000
1732204960.742,-30.273,-12.695,-51.270,-22.461,0.000
1732204960.746,-20.996,-20.508,-40.527,-17.090,0.000
1732204960.750,-31.738,-14.648,-38.086,-14.648,0.000
1732204960.754,-45.410,-9.277,-41.992,-14.648,0.000
1732204960.758,-32.227,-13.672,-42.480,-16.602,0.000
1732204960.762,-37.109,-15.137,-49.805,-10.742,0.000
1732204960.766,-64.941,-20.020,-52.734,-1.953,0.000
1732204960.770,-58.105,-19.531,-52.734,-1.953,0.000
1732204960.773,-39.062,-13.184,-54.688,-2.930,0.000
1732204960.777,-30.762,-15.625,-57.129,-20.508,0.000
1732204960.781,-29.297,-18.066,-54.688,-14.160,0.000
1732204960.785,-20.508,-13.672,-50.293,-11.719,0.000
1732204960.789,-24.902,-7.812,-51.270,-26.855,0.000
1732204960.793,-43.945,0.488,-41.992,-16.602,0.000
1732204960.797,-43.457,2.930,-40.039,-1.465,0.000
1732204960.801,-35.645,-2.441,-52.246,-7.324,0.000
1732204960.805,-27.832,-1.953,-51.270,-11.719,0.000
1732204960.809,-31.250,-2.930,-43.945,-3.906,0.000
1732204960.813,-38.086,-3.418,-46.387,-23.926,0.000
1732204960.816,-24.414,0.488,-51.270,-32.715,0.000
1732204960.820,-24.414,1.465,-44.922,-30.273,0.000
1732204960.824,-39.551,-3.418,-49.316,-25.391,0.000
1732204960.828,-46.875,-5.859,-56.641,-15.625,0.000
1732204960.832,-52.734,-9.766,-54.688,-12.695,0.000
1732204960.836,-38.574,-13.672,-50.781,-15.625,0.000
1732204960.840,0.000,-11.230,-50.293,-24.414,0.000
1732204960.844,0.000,-11.719,-52.246,-20.020,0.000
1732204960.848,0.000,-7.812,-54.688,-16.602,0.000
1732204960.852,0.000,-4.395,-53.711,-20.996,0.000
1732204960.856,0.000,-5.371,-52.246,-12.207,0.000
1732204960.859,0.000,-5.371,-50.781,-4.395,0.000
1732204960.863,0.000,-4.395,-41.504,-20.508,0.000
1732204960.867,0.000,-4.883,-46.875,-28.809,0.000
1732204960.871,0.000,-14.648,-52.246,-26.367,0.000
1732204960.875,0.000,-10.742,-44.922,-30.762,0.000
1732204960.879,0.000,-9.277,-47.363,-22.461,0.000
1732204960.883,0.000,-17.578,-53.223,-11.719,0.000
1732204960.887,-31.250,-14.160,-51.758,-5.371,0.000
1732204960.891,-24.902,-6.348,-48.828,-19.531,0.000
1732204960.895,-24.414,-9.766,-46.387,-26.855,0.000
1732204960.899,-30.273,-19.043,-48.828,-18.066,0.000
1732204960.902,-34.668,-20.508,-45.410,-25.879,0.000
1732204960.906,-30.762,-15.625,-42.969,-20.020,0.000
1732204960.910,-34.180,-16.113,-43.457,-16.113,0.000
1732204960.914,-21.973,-11.230,-37.598,-29.297,0.000
1732204960.918,-18.555,-13.672,-41.992,-29.297,0.000
1732204960.922,-44.922,-19.531,-49.805,-27.344,0.000
1732204960.926,-49.805,-15.137,-55.176,-25.879,0.000
1732204960.930,-28.320,-10.254,-62.500,-25.879,0.000
1732204960.934,-23.438,-11.719,-67.871,-47.852,0.000
1732204960.938,-30.762,-3.418,-57.617,-33.691,0.000
1732204960.941,-36.133,-1.465,-50.293,-24.414,0.000
1732204960.945,-41.016,-9.277,-53.223,-38.574,0.000
1732204960.949,-39.551,-10.742,-53.223,-30.762,0.000
1732204960.953,-31.250,-12.207,-43.457,-18.066,0.000
1732204960.957,-29.297,-22.949,-41.016,-13.672,0.000
1732204960.961,-29.785,-26.855,-47.363,-15.137,0.000
1732204960.965,-29.297,-24.902,-53.223,-14.648,0.000
1732204960.969,-34.668,-23.926,-54.688,-14.648,0.000
1732204960.973,-21.484,-23.438,-49.805,-14.160,0.000
1732204960.977,-11.230,-19.043,-49.805,-18.066,0.000
1732204960.981,-39.551,-17.578,-53.223,-36.621,0.000
1732204960.984,-47.852,-23.926,-54.199,-32.715,0.000
1732204960.988,-26.367,-25.879,-53.711,-18.066,0.000
1732204960.992,-30.762,-27.832,-53.223,-41.992,0.000
1732204960.996,-32.227,-28.809,-50.293,-53.223,0.000
1732204961.000,-27.832,-22.949,-52.734,-29.297,0.000
1732204961.004,-35.645,-22.461,-51.270,-21.484,0.000
1732204961.008,-41.504,-28.320,-49.316,-15.625,0.000
1732204961.012,-44.434,-18.555,-48.340,-20.020,0.000
1732204961.016,-41.992,-10.742,-38.086,-33.203,0.000
1732204961.020,-42.480,-14.160,-41.992,-25.391,0.000
1732204961.023,-37.598,-20.020,-50.781,-22.949,0.000
1732204961.027,-26.367,-23.926,-42.969,-12.207,0.000
1732204961.031,-24.414,-22.461,-38.574,-7.324,0.000
1732204961.035,-28.320,-12.207,-33.203,-30.762,0.000
1732204961.039,-24.902,-4.395,-30.762,-31.738,0.000
1732204961.043,-24.414,-11.230,-36.621,-38.574,0.000
1732204961.047,-22.461,-15.137,-35.645,-51.758,0.000
1732204961.051,-16.113,-12.695,-34.668,-42.969,0.000
1732204961.055,-17.090,-11.719,-34.668,-19.531,0.000
1732204961.059,-12.695,-10.742,-37.598,-10.742,0.000
1732204961.062,-3.906,-10.742,-40.527,-17.578,0.000
1732204961.066,-9.277,-13.184,-39.551,-7.812,0.000
1732204961.070,-30.762,-19.043,-39.062,-4.883,0.000
1732204961.074,-42.480,-19.531,-40.527,-6.836,0.000
1732204961.078,-55.176,-19.043,-40.039,-10.742,0.000
1732204961.082,-69.824,-23.438,-37.598,-23.438,0.000
1732204961.086,-43.457,-25.879,-37.109,-19.531,0.000
1732204961.090,-41.016,-20.020,-39.062,-21.484,0.000
1732204961.094,-54.199,-18.555,-48.340,-25.391,0.000
1732204961.098,-44.922,-18.066,-45.410,-17.090,0.000
1732204961.102,-32.227,-13.184,-30.762,0.000,0.000
1732204961.105,-36.133,-23.438,-33.691,0.488,0.000
1732204961.109,-45.898,-21.973,-36.133,-5.859,0.000
1732204961.113,-32.715,-8.789,-31.738,-10.742,0.000
1732204961.117,-34.668,-12.695,-34.668,-43.945,0.000
1732204961.121,-39.551,-19.043,-27.832,-38.574,0.000
1732204961.125,-37.109,-16.602,-24.414,-20.020,0.000
1732204961.129,-30.273,-12.207,-22.461,-30.762,0.000
1732204961.133,-41.504,-15.137,-28.320,-42.969,0.000
1732204961.137,-42.480,-17.578,-38.086,-43.945,0.000
1732204961.141,-30.762,-23.438,-30.762,-33.691,0.000
1732204961.145,-51.270,-25.879,-28.809,-21.484,0.000
1732204961.148,-49.316,-25.391,-25.391,-10.254,0.000
1732204961.152,-43.457,-28.320,-27.832,-5.371,0.000
1732204961.156,-36.133,-25.391,-33.203,-21.973,0.000
1732204961.160,-12.695,-19.043,-32.715,-27.832,0.000
1732204961.164,-23.438,-18.555,-26.855,-25.879,0.000
1732204961.168,-37.109,-22.949,-30.273,-42.969,0.000
1732204961.172,-20.508,-25.391,-38.086,-47.363,0.000
1732204961.176,-8.301,-25.879,-32.715,-41.016,0.000
1732204961.180,-17.578,-20.996,-35.645,-41.992,0.000
1732204961.184,-32.227,-24.902,-36.133,-41.504,0.000
1732204961.188,-20.996,-29.785,-33.691,-43.945,0.000
1732204961.191,-14.160,-23.926,-34.668,-41.504,0.000
1732204961.195,-30.762,-19.043,-30.273,-30.273,0.000
1732204961.199,-37.598,-21.484,-28.320,-16.113,0.000
1732204961.203,-53.711,-28.809,-29.297,-2.441,0.000
1732204961.207,-66.406,-17.578,-26.855,-11.719,0.000
1732204961.211,-51.270,-13.184,-33.691,-24.414,0.000
1732204961.215,-43.457,-20.508,-35.156,-33.691,0.000
1732204961.219,-55.176,-23.926,-27.344,-38.574,0.000
1732204961.223,-40.527,-20.996,-31.250,-44.922,0.000
1732204961.227,-27.344,-14.160,-36.133,-46.387,0.000
1732204961.231,-33.691,-18.066,-33.203,-33.203,0.000
1732204961.234,-25.879,-18.066,-25.879,-27.832,0.000
1732204961.238,-14.160,-6.348,-22.461,-29.297,0.000
1732204961.242,-18.066,0.488,-24.414,-33.691,0.000
1732204961.246,-7.324,-0.488,-26.367,-38.574,0.000
1732204961.250,-12.695,0.977,-32.715,-52.734,0.000
1732204961.254,-53.711,-6.836,-33.691,-49.805,0.000
1732204961.258,-62.988,-14.160,-34.668,-20.020,0.000
1732204961.262,-44.922,-9.766,-37.598,-20.020,0.000
1732204961.266,-36.621,-7.812,-36.133,-35.156,0.000
1732204961.270,-25.879,-15.137,-39.062,-38.574,0.000
1732204961.274,-24.902,-20.020,-39.062,-37.109,0.000
1732204961.277,-44.434,-23.926,-35.645,-29.297,0.000
1732204961.281,-57.617,-33.203,-28.809,-11.719,0.000
1732204961.285,-35.645,-22.949,-19.043,1.953,0.000
1732204961.289,-13.672,-4.395,-11.719,-13.672,0.000
1732204961.293,-13.184,2.441,-15.137,-51.758,0.000
1732204961.297,-11.230,0.488,-14.648,-59.570,0.000
1732204961.301,-11.230,-7.324,-4.395,-41.016,0.000
1732204961.305,-22.949,-0.977,-7.324,-36.621,0.000
1732204961.309,-14.648,-0.488,-10.742,-31.738,0.000
1732204961.313,-10.742,-3.418,-3.906,-8.301,0.000
1732204961.316,-10.254,-2.930,-2.441,-17.578,0.000
1732204961.320,-3.906,-0.977,-9.277,-31.738,0.000
1732204961.324,-7.324,-1.953,-12.695,-17.578,0.000
1732204961.328,-7.324,-8.789,-9.277,-6.348,0.000
1732204961.332,-9.277,-4.395,-8.789,-16.602,0.000
1732204961.336,-12.207,-6.836,-9.766,-15.137,0.000
1732204961.340,2.930,-2.930,-6.348,-2.930,0.000
1732204961.344,-0.488,2.930,-4.395,-18.066,0.000
1732204961.348,-15.137,-1.465,-5.371,-18.066,0.000
1732204961.352,-18.555,0.000,-12.695,-14.160,0.000
1732204961.356,-13.672,4.395,-11.719,-1.953,0.000
1732204961.359,-0.977,4.395,-11.230,8.789,0.000
1732204961.363,1.953,0.000,-20.508,-25.879,0.000
1732204961.367,-6.348,0.977,-24.902,-41.504,0.000
1732204961.371,-9.277,0.000,-19.531,-35.156,0.000
1732204961.375,-9.277,-9.766,-16.113,-31.250,0.000
1732204961.379,2.441,-7.324,-16.113,-27.344,0.000
1732204961.383,-7.812,-8.301,-20.020,-26.367,0.000
1732204961.387,-33.691,-18.555,-20.508,-36.133,0.000
1732204961.391,-25.879,-17.090,-14.648,-31.250,0.000
1732204961.395,-23.438,-14.648,-18.066,-22.949,0.000
1732204961.398,-17.578,-10.254,-18.066,-44.434,0.000
1732204961.402,-14.160,-10.254,-12.207,-49.805,0.000
1732204961.406,-25.879,-14.160,-17.090,-39.551,0.000
1732204961.410,-29.297,-9.766,-11.230,-35.645,0.000
1732204961.414,-44.434,-10.742,0.000,-13.184,0.000
1732204961.418,-31.250,-9.766,-5.371,-11.719,0.000
1732204961.422,-30.273,-4.395,-1.465,-6.348,0.000
1732204961.426,-27.832,-0.977,0.488,-7.324,0.000
1732204961.430,-24.414,-0.977,-3.906,-61.035,0.000
1732204961.434,-41.504,-3.418,0.977,-50.293,0.000
1732204961.437,-32.227,14.160,2.441,-2.930,0.000
1732204961.441,-29.297,15.137,-6.836,-22.461,0.000
1732204961.445,-20.508,4.395,-3.418,-65.918,0.000
1732204961.449,-5.371,1.465,-2.441,-67.383,0.000
1732204961.453,-25.391,-5.859,-10.742,-49.805,0.000
1732204961.457,-45.898,1.953,-7.324,-57.617,0.000
1732204961.461,-45.898,0.000,-1.465,-42.969,0.000
1732204961.465,-41.992,-2.441,-2.930,-19.043,0.000
1732204961.469,-23.438,-5.371,-1.953,-16.113,0.000
1732204961.473,-39.551,-7.324,-1.465,-21.973,0.000
1732204961.476,-64.941,-7.324,4.395,-39.062,0.000
1732204961.480,-49.805,-5.371,2.441,-48.340,0.000
1732204961.484,-48.340,-0.977,-4.883,-32.715,0.000
1732204961.488,-52.734,1.465,3.418,-41.504,0.000
1732204961.492,-41.992,0.000,0.488,-48.340,0.000
1732204961.496,0.000,-11.719,12.207,-54.199,0.000
1732204961.500,0.000,-24.414,26.367,-71.289,0.000
1732204961.504,0.000,-12.695,6.836,-79.102,0.000
1732204961.508,0.000,5.371,-0.977,-83.496,0.000
1732204961.512,0.000,0.000,8.301,-88.379,0.000
1732204961.516,0.000,-20.020,6.836,-90.332,0.000
1732204961.520,0.000,-21.973,13.672,-53.223,0.000
1732204961.523,0.000,-13.672,25.879,-59.082,0.000
1732204961.527,0.000,-4.395,17.090,-100.098,0.000
1732204961.531,0.000,4.395,-10.254,-103.027,0.000
1732204961.535,0.000,-0.488,-19.531,-103.516,0.000
1732204961.539,0.000,-3.418,-4.395,-101.074,0.000
1732204961.543,-54.688,4.395,10.742,-76.172,0.000
1732204961.547,-65.918,1.465,10.254,-78.613,0.000
1732204961.551,-90.820,-4.883,7.812,-87.891,0.000
1732204961.555,-87.402,-9.277,7.324,-92.285,0.000
1732204961.559,-68.848,6.836,14.160,-94.727,0.000
1732204961.563,-63.965,19.043,13.184,-93.262,0.000
1732204961.566,-86.914,-8.301,-1.465,-79.102,0.000
1732204961.570,-71.289,-17.090,-0.488,-68.359,0.000
1732204961.574,-53.223,-4.395,13.184,-76.660,0.000
1732204961.578,-67.383,-2.441,12.695,-70.312,0.000
1732204961.582,-67.871,-7.324,4.883,-88.379,0.000
1732204961.586,-63.965,-0.977,13.184,-104.004,0.000
1732204961.590,-45.898,6.348,13.672,-113.770,0.000
1732204961.594,-75.195,0.488,-1.465,-141.602,0.000
1732204961.598,-82.520,-2.930,1.465,-144.043,0.000
1732204961.602,-73.242,1.953,-9.277,-157.227,0.000
1732204961.606,-74.707,-4.883,-24.902,-156.250,0.000
1732204961.609,-71.777,-21.484,-23.438,-148.438,0.000
1732204961.613,-89.355,-15.625,-20.020,-138.672,0.000
1732204961.617,-76.660,-6.348,-21.973,-124.023,0.000
1732204961.621,-57.129,-3.418,-39.551,-139.160,0.000
1732204961.625,-82.520,-5.859,-42.480,-161.133,0.000
1732204961.629,-99.609,-14.160,-49.316,-170.410,0.000
1732204961.633,-93.750,-7.324,-71.289,-188.477,0.000
1732204961.637,-114.746,-0.977,-73.730,-194.824,0.000
1732204961.641,-112.793,-3.418,-69.824,-184.570,0.000
1732204961.645,-113.281,-14.648,-71.777,-186.523,0.000
1732204961.648,-126.953,-24.902,-77.148,-176.758,0.000
1732204961.652,-118.652,5.859,-75.195,-152.344,0.000
1732204961.656,-100.586,15.625,-76.172,-125.000,0.000
1732204961.660,-111.328,-3.418,-88.867,-104.004,0.000
1732204961.664,-129.395,-9.277,-98.145,-136.230,0.000
1732204961.668,-96.191,0.000,-107.422,-155.762,0.000
1732204961.672,-97.168,-0.488,-118.652,-130.859,0.000
1732204961.676,-100.098,-9.766,-125.000,-125.488,0.000
1732204961.680,-66.895,7.324,-130.371,-118.164,0.000
1732204961.684,-74.707,22.461,-128.418,-93.262,0.000
1732204961.688,-89.355,8.301,-141.602,-103.027,0.000
1732204961.691,-94.727,-2.930,-157.715,-132.324,0.000
1732204961.695,-105.957,0.488,-149.902,-132.324,0.000
1732204961.699,-87.402,11.230,-148.926,-143.555,0.000
1732204961.703,-73.730,11.719,-165.039,-144.531,0.000
1732204961.707,-75.195,3.906,-170.410,-134.766,0.000
1732204961.711,-75.684,2.441,-162.109,-147.461,0.000
1732204961.715,-84.473,0.000,-172.852,-158.691,0.000
1732204961.719,-85.449,3.418,-182.129,-176.270,0.000
1732204961.723,-73.730,3.906,-183.594,-177.734,0.000
1732204961.727,-65.918,3.906,-183.594,-161.621,0.000
1732204961.731,-83.984,0.977,-171.875,-158.691,0.000
1732204961.734,-72.754,-0.488,-159.180,-170.410,0.000
1732204961.738,-39.551,4.395,-145.996,-157.227,0.000
1732204961.742,-68.359,-0.977,-144.531,-142.578,0.000
1732204961.746,-77.637,-6.348,-154.297,-132.812,0.000
1732204961.750,-86.914,-10.254,-145.996,-131.836,0.000
1732204961.754,-89.355,-16.602,-134.277,-151.855,0.000
1732204961.758,-72.266,-14.160,-138.184,-155.762,0.000
1732204961.762,-82.031,-5.859,-138.672,-152.344,0.000
1732204961.766,-72.754,-12.695,-126.953,-139.648,0.000
1732204961.769,-57.129,-23.438,-118.164,-119.141,0.000
1732204961.773,-58.594,-20.996,-113.770,-114.258,0.000
1732204961.777,-61.035,-17.090,-112.305,-123.535,0.000
1732204961.781,-61.523,-19.043,-104.004,-122.070,0.000
1732204961.785,-74.707,-23.438,-83.984,-123.047,0.000
1732204961.789,-76.172,-20.020,-69.336,-124.023,0.000
1732204961.793,-58.105,-12.695,-62.988,-103.516,0.000
1732204961.797,-67.871,-17.090,-45.898,-91.797,0.000
1732204961.801,-87.891,-26.367,-30.273,-92.285,0.000
1732204961.805,-83.496,-27.832,-34.180,-93.750,0.000
1732204961.809,-55.664,-23.926,-32.715,-73.242,0.000
1732204961.812,-53.711,-24.414,-15.625,-68.359,0.000
1732204961.816,-70.801,-30.273,-9.766,-76.660,0.000
1732204961.820,-71.777,-35.645,-12.695,-98.145,0.000
1732204961.824,-50.781,-38.086,-11.230,-117.188,0.000
1732204961.828,-41.992,-33.203,3.418,-94.238,0.000
1732204961.832,-62.988,-29.297,20.996,-71.777,0.000
1732204961.836,-63.477,-37.598,28.320,-73.242,0.000
1732204961.840,-71.777,-37.598,30.273,-80.078,0.000
1732204961.844,-85.449,-31.250,32.227,-57.617,0.000
1732204961.848,-80.566,-35.156,34.668,-75.195,0.000
1732204961.851,-74.707,-30.273,36.133,-86.914,0.000
1732204961.855,-71.777,-29.785,44.434,-63.965,0.000
1732204961.859,-79.590,-39.062,54.688,-69.336,0.000
1732204961.863,-80.566,-40.039,56.641,-62.988,0.000
1732204961.867,-58.105,-33.203,61.035,-52.734,0.000
1732204961.871,-53.223,-24.902,64.453,-56.152,0.000
1732204961.875,-78.125,-21.484,63.477,-66.406,0.000
1732204961.879,-87.891,-24.902,65.430,-73.242,0.000
1732204961.883,-61.035,-23.438,64.941,-47.363,0.000
1732204961.887,-52.246,-26.367,73.242,-46.387,0.000
1732204961.891,-63.965,-28.809,86.426,-78.125,0.000
1732204961.894,-51.270,-29.297,81.055,-80.566,0.000
1732204961.898,-42.480,-32.227,75.195,-59.082,0.000
1732204961.902,-49.316,-29.297,81.055,-21.973,0.000
1732204961.906,-53.223,-26.855,80.566,-20.020,0.000
1732204961.910,-52.246,-21.484,83.496,-43.457,0.000
1732204961.914,-41.504,-22.949,83.008,-17.090,0.000
1732204961.918,-72.754,-34.180,66.895,-28.809,0.000
1732204961.922,-70.312,-33.203,60.547,-51.758,0.000
1732204961.926,-29.785,-23.926,63.477,-43.457,0.000
1732204961.930,-50.781,-21.484,65.430,-52.734,0.000
1732204961.934,-60.059,-20.996,62.988,-44.922,0.000
1732204961.938,-60.547,-27.832,61.523,-43.945,0.000
1732204961.941,-64.941,-34.180,53.711,-53.223,0.000
1732204961.945,-52.734,-25.391,36.621,-34.668,0.000
1732204961.949,-61.035,-28.320,41.504,-17.578,0.000
1732204961.953,-65.918,-30.273,43.457,-29.785,0.000
1732204961.957,-66.895,-27.344,30.273,-34.668,0.000
1732204961.961,-68.359,-33.691,22.949,-35.156,0.000
1732204961.965,-62.012,-33.691,13.672,-48.828,0.000
1732204961.969,-61.035,-29.785,12.695,-37.598,0.000
1732204961.973,-58.105,-30.273,18.555,-29.297,0.000
1732204961.977,-46.875,-21.973,14.648,-24.902,0.000
1732204961.980,-55.176,-22.461,2.930,-35.156,0.000
1732204961.984,-50.781,-30.762,0.977,-58.594,0.000
1732204961.988,-33.691,-26.855,2.930,-54.688,0.000
1732204961.992,-40.527,-28.809,3.418,-39.551,0.000
1732204961.996,-53.223,-34.668,4.883,-31.738,0.000
1732204962.000,-58.594,-26.367,-4.883,-28.809,0.000
1732204962.004,-61.035,-23.926,-13.184,-29.785,0.000
1732204962.008,-52.734,-27.344,-8.789,-43.457,0.000
1732204962.012,0.000,-30.762,-3.906,-53.223,0.000
1732204962.016,0.000,-33.691,-10.254,-47.363,0.000
1732204962.020,0.000,-30.273,-7.812,-50.293,0.000
1732204962.023,0.000,-30.273,-0.488,-36.621,0.000
1732204962.027,0.000,-29.297,-2.930,-34.180,0.000
1732204962.031,0.000,-26.855,-3.906,-49.316,0.000
1732204962.035,0.000,-27.832,-0.977,-55.176,0.000
1732204962.039,0.000,-33.691,-0.488,-40.527,0.000
1732204962.043,0.000,-31.250,-3.418,-43.457,0.000
1732204962.047,0.000,-23.926,-3.418,-55.176,0.000
1732204962.051,0.000,-23.438,0.977,-29.785,0.000
1732204962.055,0.000,-27.344,2.930,-31.250,0.000
1732204962.059,-58.105,-30.273,5.859,-39.062,0.000
1732204962.063,-77.637,-26.367,10.742,-43.457,0.000
1732204962.066,-65.430,-22.949,20.996,-58.594,0.000
1732204962.070,-54.199,-24.414,24.414,-35.645,0.000
1732204962.074,-71.777,-29.297,26.367,-21.973,0.000
1732204962.078,-66.406,-27.344,26.367,-31.738,0.000
1732204962.082,-45.410,-21.973,20.508,-24.902,0.000
1732204962.086,-38.086,-24.902,21.484,-17.578,0.000
1732204962.090,-62.012,-26.855,22.949,-64.941,0.000
1732204962.094,-64.941,-20.020,28.320,-78.613,0.000
1732204962.098,-47.852,-17.090,37.109,-29.785,0.000
1732204962.102,-58.594,-20.020,42.480,-33.691,0.000
1732204962.106,-63.477,-26.367,52.734,-31.250,0.000
1732204962.109,-54.199,-22.949,67.871,-37.109,0.000
1732204962.113,-46.387,-12.207,77.637,-34.180,0.000
1732204962.117,-62.012,-14.648,86.914,2.930,0.000
1732204962.121,-80.566,-12.207,89.844,4.883,0.000
1732204962.125,-72.266,-20.996,90.820,9.766,0.000
1732204962.129,-60.059,-26.855,87.402,15.625,0.000
1732204962.133,-64.453,-16.602,86.426,9.277,0.000
1732204962.137,-59.082,-9.766,85.938,1.953,0.000
1732204962.141,-49.316,-8.789,83.008,-9.277,0.000
1732204962.144,-79.590,-23.926,82.031,-26.855,0.000
1732204962.148,-73.730,-23.926,76.172,-39.062,0.000
1732204962.152,-31.738,-14.648,80.566,-6.836,0.000
1732204962.156,-42.480,-19.531,87.891,15.137,0.000
1732204962.160,-36.133,-17.578,84.473,26.367,0.000
1732204962.164,-41.992,-9.766,80.078,46.875,0.000
1732204962.168,-48.340,-18.066,86.426,30.273,0.000
1732204962.172,-48.828,-20.996,95.215,20.996,0.000
1732204962.176,-46.875,-17.090,94.238,35.156,0.000
1732204962.180,-50.293,-16.113,102.539,42.480,0.000
1732204962.184,-75.195,-16.113,109.863,71.289,0.000
1732204962.187,-69.824,-19.531,96.191,75.195,0.000
1732204962.191,-63.965,-28.809,93.750,52.734,0.000
1732204962.195,-69.336,-26.855,102.539,66.406,0.000
1732204962.199,-63.965,-25.879,105.469,70.312,0.000
1732204962.203,-71.777,-23.926,114.746,89.844,0.000
1732204962.207,-62.500,-21.484,114.746,95.215,0.000
1732204962.211,-60.059,-32.715,113.281,89.844,0.000
1732204962.215,-51.758,-26.367,118.652,92.285,0.000
1732204962.219,-70.801,-20.508,125.977,80.566,0.000
1732204962.223,-99.609,-35.156,125.977,94.238,0.000
1732204962.226,-94.727,-34.668,116.699,92.773,0.000
1732204962.230,-55.176,-25.879,111.328,79.590,0.000
1732204962.234,-34.668,-16.602,115.234,91.309,0.000
1732204962.238,-63.965,-13.672,118.652,78.125,0.000
1732204962.242,-72.266,-30.273,112.793,35.156,0.000
1732204962.246,-54.199,-39.062,113.281,0.000,0.000
1732204962.250,-64.453,-31.250,121.094,0.000,0.000
1732204962.254,-59.570,-29.785,117.188,0.000,0.000
1732204962.258,-66.406,-30.273,113.770,0.000,0.000
1732204962.262,-80.566,-26.367,118.164,0.000,0.000
1732204962.266,-68.359,-29.297,120.605,0.000,0.000
1732204962.269,-64.941,-29.785,112.305,0.000,0.000
1732204962.273,-54.688,-25.391,105.469,0.000,0.000
1732204962.277,-47.852,-24.902,107.422,0.000,0.000
1732204962.281,-44.922,-23.438,104.980,0.000,0.000
1732204962.285,-42.480,-25.879,102.539,0.000,0.000
1732204962.289,-41.992,-24.902,100.586,0.000,0.000
1732204962.293,-48.340,-25.879,102.539,55.664,0.000
1732204962.297,-53.223,-23.438,97.168,49.805,0.000
1732204962.301,-48.340,-25.879,91.797,37.109,0.000
1732204962.305,-53.223,-35.645,91.309,20.508,0.000
1732204962.309,-47.363,-34.668,84.473,4.883,0.000
1732204962.312,-32.227,-36.133,77.637,-4.883,0.000
1732204962.316,-39.062,-33.691,67.871,10.742,0.000
1732204962.320,-44.434,-26.367,65.430,30.762,0.000
1732204962.324,-40.039,-31.250,73.730,62.012,0.000
1732204962.328,-56.152,-38.086,76.172,36.133,0.000
1732204962.332,-29.297,-44.434,70.801,1.953,0.000
1732204962.336,-28.809,-38.086,73.242,18.555,0.000
1732204962.340,0.000,-20.508,71.777,20.020,0.000
1732204962.344,0.000,-14.648,61.523,4.395,0.000
1732204962.348,0.000,-23.438,56.152,8.789,0.000
1732204962.352,0.000,-31.738,50.293,26.855,0.000
1732204962.355,0.000,-27.344,56.641,15.137,0.000
1732204962.359,0.000,-24.902,52.246,3.906,0.000
1732204962.363,0.000,-23.438,37.598,-3.906,0.000
1732204962.367,0.000,-22.461,40.039,0.977,0.000
1732204962.371,0.000,-25.879,33.691,9.766,0.000
1732204962.375,0.000,-25.391,25.391,6.348,0.000
1732204962.379,0.000,-19.531,28.320,-7.812,0.000
1732204962.383,0.000,-21.484,24.414,-9.766,0.000
1732204962.387,-32.227,-23.926,24.902,-16.602,0.000
1732204962.391,-28.320,-19.043,25.391,-36.133,0.000
1732204962.395,-28.320,-21.484,18.066,-30.762,0.000
1732204962.398,-38.574,-27.344,12.207,-18.555,0.000
1732204962.402,-39.062,-21.484,22.461,-8.789,0.000
1732204962.406,-41.992,-15.625,19.531,-17.578,0.000
1732204962.410,-60.059,-22.461,12.695,-24.902,0.000
1732204962.414,-30.273,-27.344,11.230,-18.555,0.000
1732204962.418,-20.020,-24.414,7.324,3.906,0.000
1732204962.422,-25.879,-29.785,9.277,-2.441,0.000
1732204962.426,-21.973,-27.832,8.301,-20.996,0.000
1732204962.430,-42.480,-28.320,2.930,-17.578,0.000
1732204962.434,-38.086,-33.203,-3.418,1.953,0.000
1732204962.438,-17.090,-33.203,0.000,26.855,0.000
1732204962.441,-3.418,-28.809,5.371,36.621,0.000
1732204962.445,-12.207,-26.855,6.348,28.320,0.000
1732204962.449,-29.785,-30.273,0.488,22.949,0.000
1732204962.453,-18.066,-21.484,-3.906,18.066,0.000
1732204962.457,-15.137,-22.461,-1.465,6.348,0.000
1732204962.461,-31.250,-29.297,-3.418,17.090,0.000
1732204962.465,-25.391,-26.367,-6.836,20.508,0.000
1732204962.469,-16.113,-22.461,-14.160,-3.906,0.000
1732204962.473,-9.277,-24.902,-11.719,11.230,0.000
1732204962.476,-10.742,-26.367,-2.441,14.648,0.000
1732204962.480,-5.859,-18.066,-5.859,-0.488,0.000
1732204962.484,0.488,-14.160,-3.906,29.785,0.000
1732204962.488,-10.254,-21.484,5.371,20.996,0.000
1732204962.492,-18.555,-19.531,-19.531,-19.043,0.000
1732204962.496,-21.484,-10.254,-28.809,5.371,0.000
1732204962.500,-27.832,-12.695,-11.230,24.414,0.000
1732204962.504,-20.508,-12.695,-12.695,11.719,0.000
1732204962.508,-19.531,-18.555,-16.602,-41.992,0.000
1732204962.512,-6.836,-20.020,-19.043,-55.176,0.000
1732204962.516,-17.578,-24.414,-8.789,11.719,0.000
1732204962.519,-26.855,-34.180,-7.324,6.348,0.000
1732204962.523,6.348,-17.090,-16.113,-8.301,0.000
1732204962.527,-15.625,-14.160,-10.742,5.371,0.000
1732204962.531,-40.527,-22.461,-16.602,-3.418,0.000
1732204962.535,-35.645,-23.438,-20.020,-2.441,0.000
1732204962.539,-21.484,-21.484,-21.973,-22.461,0.000
1732204962.543,-14.160,-20.508,-28.320,-36.133,0.000
1732204962.547,-21.973,-22.461,-19.043,-15.137,0.000
1732204962.551,-21.484,-19.531,-14.160,4.883,0.000
1732204962.555,-36.133,-20.020,-20.996,-36.133,0.000
1732204962.558,-48.828,-21.484,-30.762,-51.758,0.000
1732204962.562,-58.105,-22.949,-24.902,-28.809,0.000
1732204962.566,-56.641,-31.738,-15.137,-10.742,0.000
1732204962.570,-23.926,-37.109,-13.184,8.301,0.000
1732204962.574,-14.160,-22.949,-10.254,4.395,0.000
1732204962.578,-35.156,-9.277,-14.160,-17.090,0.000
1732204962.582,-31.738,-8.789,-19.531,-23.438,0.000
1732204962.586,-42.480,-8.789,-22.949,-34.668,0.000
1732204962.590,-35.645,-8.301,-29.785,-40.039,0.000
1732204962.594,-27.832,-8.789,-25.391,-3.906,0.000
1732204962.598,-39.551,-16.113,-25.879,1.465,0.000
1732204962.601,-27.832,-19.043,-33.691,-4.395,0.000
1732204962.605,-51.270,-27.344,-27.832,-14.160,0.000
1732204962.609,-44.434,-30.762,-33.203,-33.203,0.000
1732204962.613,-26.367,-20.996,-38.574,-24.414,0.000
1732204962.617,-19.531,-15.625,-33.203,-48.340,0.000
1732204962.621,-2.930,-12.695,-29.297,-66.895,0.000
1732204962.625,-20.020,-17.090,-34.668,-56.641,0.000
1732204962.629,-22.949,-22.949,-29.297,-51.758,0.000
1732204962.633,-15.625,-26.855,-23.438,-65.430,0.000
1732204962.637,-19.531,-23.926,-25.879,-46.387,0.000
1732204962.641,-23.926,-25.391,-29.297,-32.715,0.000
1732204962.645,-23.926,-29.785,-32.227,-50.293,0.000
1732204962.648,-11.230,-21.973,-20.508,-32.715,0.000
1732204962.652,-19.043,-20.020,-23.438,-41.992,0.000
1732204962.656,-29.297,-25.879,-27.832,-36.621,0.000
1732204962.660,-30.762,-20.020,-23.438,-7.812,0.000
1732204962.664,-24.414,-17.578,-22.949,-32.227,0.000
1732204962.668,-22.461,-29.297,-20.020,-44.922,0.000
1732204962.672,-13.184,-30.762,-15.137,-23.926,0.000
1732204962.676,-3.906,-25.391,-19.043,-15.137,0.000
1732204962.680,-3.418,-26.367,-22.461,-29.297,0.000
1732204962.684,-0.977,-35.645,-20.996,-31.738,0.000
1732204962.688,-5.371,-39.062,-28.320,-18.555,0.000
1732204962.692,3.906,-31.738,-29.297,-25.879,0.000
1732204962.695,-13.672,-33.691,-19.043,-23.926,0.000
1732204962.699,-45.410,-39.062,-26.367,-33.691,0.000
1732204962.703,-32.227,-27.344,-30.273,-46.875,0.000
1732204962.707,-32.227,-26.367,-19.531,-28.320,0.000
1732204962.711,-31.250,-33.203,-24.414,-31.738,0.000
1732204962.715,-13.672,-20.996,-31.250,-69.824,0.000
1732204962.719,-13.184,-15.625,-33.691,-51.270,0.000
1732204962.723,-25.391,-19.043,-26.855,-28.809,0.000
1732204962.727,-25.391,-22.949,-22.461,-62.988,0.000
1732204962.731,-13.184,-26.855,-30.762,-57.617,0.000
1732204962.735,-16.113,-20.508,-33.691,-18.066,0.000
1732204962.738,-13.184,-23.438,-31.738,-27.344,0.000
1732204962.742,-1.953,-23.926,-36.133,-28.809,0.000
1732204962.746,-5.859,-20.996,-31.738,12.207,0.000
1732204962.750,-21.973,-35.645,-24.902,-14.160,0.000
1732204962.754,-4.883,-30.762,-36.133,-45.410,0.000
1732204962.758,13.672,-15.137,-41.992,-35.156,0.000
1732204962.762,0.977,-18.066,-27.344,-14.160,0.000
1732204962.766,11.230,-16.113,-38.086,-26.367,0.000
1732204962.770,22.461,-13.184,-59.570,-35.645,0.000
1732204962.774,22.461,-17.578,-37.598,-7.324,0.000
1732204962.777,-14.648,-21.484,-32.227,-12.207,0.000
1732204962.781,-13.184,-25.879,-41.992,-46.387,0.000
1732204962.785,6.836,-24.902,-34.668,-41.992,0.000
1732204962.789,-14.648,-28.320,-47.363,0.977,0.000
1732204962.793,-4.883,-20.020,-59.082,8.789,0.000
1732204962.797,6.836,-18.066,-43.457,-38.574,0.000
1732204962.801,-19.531,-20.996,-51.758,-73.242,0.000
1732204962.805,-12.207,-21.973,-57.129,-53.223,0.000
1732204962.809,8.789,-31.250,-36.133,-49.316,0.000
1732204962.813,-17.090,-31.250,-43.457,-23.926,0.000
1732204962.817,-31.738,-25.879,-45.410,-38.574,0.000
1732204962.820,-3.418,-19.531,-71.289,-91.309,0.000
1732204962.824,-8.301,-21.973,-70.801,-30.273,0.000
1732204962.828,-50.293,-42.969,-17.578,-1.465,0.000
1732204962.832,-28.320,-39.062,-44.434,1.465,0.000
1732204962.836,-23.438,-32.715,-51.270,-18.066,0.000
1732204962.840,-9.277,-29.297,-48.340,-59.570,0.000
1732204962.844,-29.297,-32.227,-48.340,-41.504,0.000
1732204962.848,-53.223,-35.156,-38.574,-43.457,0.000
1732204962.852,-28.320,-26.367,-53.711,-28.320,0.000
1732204962.856,-21.484,-29.785,-62.988,2.441,0.000
1732204962.860,-38.574,-26.855,-54.199,-43.945,0.000
1732204962.863,-41.016,-30.273,-51.758,-61.523,0.000
1732204962.867,-10.742,-32.227,-40.039,-2.441,0.000
1732204962.871,2.441,-24.414,-33.203,5.859,0.000
1732204962.875,-20.996,-18.066,-33.691,-27.344,0.000
1732204962.879,-54.199,-27.344,-35.156,-49.805,0.000
1732204962.883,-7.812,-32.227,-48.340,-13.672,0.000
1732204962.887,24.902,-9.766,-56.152,27.344,0.000
1732204962.891,-11.719,-13.184,-41.992,-62.500,0.000
1732204962.895,-10.254,-19.531,-28.809,-121.094,0.000
1732204962.898,-7.324,-11.719,-34.180,-95.703,0.000
1732204962.902,-10.254,-8.789,-45.410,-41.992,0.000
1732204962.906,1.953,-17.090,-40.527,17.578,0.000
1732204962.910,14.648,-24.414,-22.949,1.465,0.000
1732204962.914,-3.906,-17.578,-23.926,-3.906,0.000
1732204962.918,-18.066,-19.531,-35.156,-26.367,0.000
1732204962.922,-18.066,-29.785,-25.879,-39.062,0.000
1732204962.926,-25.391,-26.367,-27.344,-78.613,0.000
1732204962.930,-12.695,-14.648,-36.133,-47.363,0.000
1732204962.934,-7.324,-21.973,-43.457,-12.207,0.000
1732204962.938,-6.836,-33.203,-49.316,-57.129,0.000
1732204962.941,-9.277,-26.367,-43.457,-10.742,0.000
1732204962.945,-36.621,-31.738,-29.297,11.719,0.000
1732204962.949,-54.199,-36.621,-35.156,-41.504,0.000
1732204962.953,-34.668,-29.785,-40.527,-54.199,0.000
1732204962.957,-31.250,-33.203,-31.738,-61.035,0.000
1732204962.961,-25.879,-33.691,-32.715,-29.785,0.000
1732204962.965,-36.621,-27.344,-30.273,-14.648,0.000
1732204962.969,-49.316,-28.320,-49.316,-69.824,0.000
1732204962.973,-23.438,-33.203,-54.199,-43.945,0.000
1732204962.977,-27.832,-29.297,-26.367,13.672,0.000
1732204962.980,-38.086,-27.344,-17.090,-15.137,0.000
1732204962.984,-17.090,-24.902,-52.246,-59.570,0.000
1732204962.988,-26.855,-26.367,-49.316,-47.852,0.000
1732204962.992,-34.180,-30.273,-20.020,-22.461,0.000
1732204962.996,-38.086,-37.109,-31.250,-31.738,0.000
1732204963.000,-44.434,-33.203,-22.949,-31.738,0.000
1732204963.004,-44.922,-28.320,-24.902,-38.574,0.000
1732204963.008,-59.082,-28.320,-30.762,-42.969,0.000
1732204963.012,-72.754,-41.016,-25.391,1.465,0.000
1732204963.016,-42.969,-50.293,-26.367,-39.551,0.000
1732204963.020,-25.391,-31.250,-35.645,-62.500,0.000
1732204963.023,-55.664,-30.273,-30.273,-31.250,0.000
1732204963.027,-51.270,-32.227,-21.484,-33.203,0.000
1732204963.031,-31.250,-31.250,-22.949,-23.438,0.000
1732204963.035,-26.367,-37.109,-26.367,-20.508,0.000
1732204963.039,-59.570,-32.227,-39.062,-14.160,0.000
1732204963.043,0.000,-33.691,-32.227,3.906,0.000
1732204963.047,0.000,-32.715,-17.578,-2.441,0.000
1732204963.051,0.000,-33.203,-22.949,-38.574,0.000
1732204963.055,0.000,-42.480,-37.598,-89.844,0.000
1732204963.059,0.000,-36.133,-40.039,-91.797,0.000
1732204963.063,0.000,-32.715,-27.832,-27.832,0.000
1732204963.066,0.000,-42.480,-14.648,3.906,0.000
1732204963.070,0.000,-31.738,-14.648,8.301,0.000
1732204963.074,0.000,-21.973,-17.578,10.254,0.000
1732204963.078,0.000,-31.738,-11.230,-3.418,0.000
1732204963.082,0.000,-22.949,-14.160,-53.223,0.000
1732204963.086,0.000,-20.020,-14.160,-81.055,0.000
1732204963.090,-31.250,-20.996,-11.230,-71.289,0.000
1732204963.094,-48.340,-29.297,-19.043,-39.551,0.000
1732204963.098,-42.480,-23.926,-24.902,-47.852,0.000
1732204963.102,-43.945,-17.090,-18.066,-57.617,0.000
1732204963.106,-37.598,-23.926,-17.090,-23.926,0.000
1732204963.109,-48.828,-24.902,-15.625,-7.812,0.000
1732204963.113,-54.688,-32.227,-18.555,-48.828,0.000
1732204963.117,-28.809,-23.438,-33.203,-20.996,0.000
1732204963.121,-26.367,-20.508,-21.973,25.391,0.000
1732204963.125,-39.062,-29.297,-7.324,5.371,0.000
1732204963.129,-41.504,-33.691,-10.742,-41.016,0.000
1732204963.133,-46.875,-26.367,-29.297,-76.172,0.000
1732204963.137,-43.945,-24.414,-25.879,-71.777,0.000
1732204963.141,-35.156,-27.832,-15.137,-77.148,0.000
1732204963.145,-46.387,-20.996,-27.832,-32.227,0.000
1732204963.149,-69.824,-24.414,-16.113,-10.742,0.000
1732204963.152,-53.223,-31.738,0.488,-42.480,0.000
1732204963.156,-13.672,-19.531,-7.812,-11.719,0.000
1732204963.160,-15.137,-15.137,-22.461,13.184,0.000
1732204963.164,-34.668,-21.973,-12.695,-2.441,0.000
1732204963.168,-38.574,-18.555,-9.766,-14.648,0.000
1732204963.172,-45.410,-20.020,-13.184,-9.766,0.000
1732204963.176,-53.711,-24.414,-14.160,5.371,0.000
1732204963.180,-50.781,-22.949,-10.254,-45.898,0.000
1732204963.184,-35.645,-19.043,-13.672,-57.617,0.000
1732204963.188,-26.855,-17.090,-13.184,-11.230,0.000
1732204963.192,-33.691,-17.578,3.906,-16.602,0.000
1732204963.195,-42.480,-11.230,-18.555,-21.973,0.000
1732204963.199,-22.461,-4.395,-16.602,-4.883,0.000
1732204963.203,-38.574,-7.324,-0.488,-12.695,0.000
1732204963.207,-40.527,-9.277,-11.230,-23.926,0.000
1732204963.211,-9.277,-4.395,-18.555,-8.789,0.000
1732204963.215,-21.973,-5.859,-23.926,-22.949,0.000
1732204963.219,-13.672,-6.836,-25.879,-53.223,0.000
1732204963.223,8.301,-10.742,-25.879,-37.598,0.000
1732204963.227,8.301,-9.766,-24.902,-26.855,0.000
1732204963.231,-35.645,-16.602,10.742,-61.523,0.000
1732204963.235,-41.992,-19.043,5.371,-74.219,0.000
1732204963.238,-2.441,-5.859,-24.902,25.879,0.000
1732204963.242,-13.184,-8.789,-13.672,27.832,0.000
1732204963.246,-33.691,-4.883,-22.461,-24.902,0.000
1732204963.250,-44.434,-13.672,-23.438,-16.602,0.000
1732204963.254,-46.875,-32.227,-4.395,19.043,0.000
1732204963.258,-40.039,-23.438,2.441,-52.246,0.000
1732204963.262,-31.738,-17.578,-12.207,-53.223,0.000
1732204963.266,-19.531,-16.602,-26.855,-0.488,0.000
1732204963.270,-35.156,-24.902,-14.160,-11.719,0.000
1732204963.273,-34.180,-27.344,-6.348,-48.340,0.000
1732204963.277,-15.137,-18.066,-34.180,-52.734,0.000
1732204963.281,-18.555,-14.648,-24.902,-33.203,0.000
1732204963.285,-29.297,-16.113,-11.719,-13.672,0.000
1732204963.289,-22.949,-19.531,-20.996,-6.836,0.000
1732204963.293,-21.973,-22.461,-20.996,-52.734,0.000
1732204963.297,-24.902,-22.461,-25.391,-25.879,0.000
1732204963.301,-17.578,-20.508,-13.672,-20.996,0.000
1732204963.305,-33.691,-13.672,-19.531,-42.480,0.000
1732204963.309,-31.738,-13.672,-34.668,-37.598,0.000
1732204963.313,-13.672,-24.902,-23.926,-27.832,0.000
1732204963.316,-29.297,-29.297,-9.277,3.418,0.000
1732204963.320,-34.180,-26.855,-19.531,-25.879,0.000
1732204963.324,-42.969,-32.227,-35.156,-37.109,0.000
1732204963.328,-47.852,-34.668,-28.809,-16.602,0.000
1732204963.332,-26.367,-27.344,-13.184,-27.832,0.000
1732204963.336,-24.902,-16.602,-19.043,-17.578,0.000
1732204963.340,-16.113,-10.742,-23.926,11.230,0.000
1732204963.344,-26.367,-8.789,-12.207,12.207,0.000
1732204963.348,-45.410,-20.020,-14.648,11.230,0.000
1732204963.352,-35.645,-25.879,-16.602,-18.555,0.000
1732204963.356,-7.324,-6.836,-14.160,-61.035,0.000
1732204963.359,10.742,-4.883,-12.695,-8.789,0.000
1732204963.363,-12.695,-14.648,-25.391,15.625,0.000
1732204963.367,-22.461,-20.996,-18.555,-49.316,0.000
1732204963.371,0.000,-24.902,-17.090,-53.711,0.000
1732204963.375,0.000,-25.879,-16.113,-14.648,0.000
1732204963.379,0.000,-24.902,-29.297,-15.625,0.000
1732204963.383,0.000,-20.508,-26.367,-38.574,0.000
1732204963.387,0.000,-28.320,-11.719,-43.945,0.000
1732204963.391,0.000,-31.738,-20.996,-4.395,0.000
1732204963.395,0.000,-19.043,-15.137,10.254,0.000
1732204963.399,0.000,-20.020,4.395,0.488,0.000
1732204963.402,0.000,-22.949,-2.930,42.969,0.000
1732204963.406,0.000,-21.973,-15.137,27.832,0.000
1732204963.410,0.000,-21.484,-7.812,-24.414,0.000
1732204963.414,0.000,-21.973,-2.441,-43.457,0.000
1732204963.418,-19.043,-13.184,-24.414,-68.359,0.000
1732204963.422,-35.645,-24.902,-31.738,-49.316,0.000
1732204963.426,-56.641,-29.785,-2.930,-28.809,0.000
1732204963.430,-28.320,-12.695,-13.184,-28.809,0.000
1732204963.434,-29.785,-15.137,-22.949,-37.598,0.000
1732204963.438,-27.344,-23.438,-18.555,-45.410,0.000
1732204963.442,3.906,-26.367,-31.738,-40.527,0.000
1732204963.445,-7.324,-28.809,-36.621,-41.016,0.000
1732204963.449,-48.340,-25.391,-8.301,-33.691,0.000
1732204963.453,-57.129,-24.414,-7.812,-41.992,0.000
1732204963.457,-47.852,-21.484,-31.250,-54.688,0.000
1732204963.461,-31.738,-16.113,-17.090,-30.273,0.000
1732204963.465,-30.273,-29.785,-5.859,-32.227,0.000
1732204963.469,-47.363,-43.945,-16.113,-19.043,0.000
1732204963.473,-45.410,-38.086,-12.207,-17.578,0.000
1732204963.477,-41.992,-39.062,-11.230,-10.742,0.000
1732204963.481,-23.438,-41.992,-13.184,0.977,0.000
1732204963.485,-21.973,-32.715,-9.277,11.719,0.000
1732204963.488,-35.156,-24.902,-26.855,-5.859,0.000
1732204963.492,-23.926,-27.344,-24.902,4.395,0.000
1732204963.496,-20.508,-35.156,-20.508,22.949,0.000
1732204963.500,-18.555,-26.855,-32.227,-22.949,0.000
1732204963.504,-20.996,-26.855,-32.715,-68.359,0.000
1732204963.508,-18.066,-31.250,-23.438,-85.938,0.000
1732204963.512,0.000,-28.320,-32.715,-51.270,0.000
1732204963.516,0.000,-24.414,-52.246,4.883,0.000
1732204963.520,0.000,-23.926,-23.438,14.160,0.000
1732204963.524,0.000,-19.531,-10.742,1.953,0.000
1732204963.528,0.000,-21.484,-25.879,-29.297,0.000
1732204963.531,0.000,-22.949,-9.766,-18.066,0.000
1732204963.535,0.000,-18.555,-7.324,-1.465,0.000
1732204963.539,0.000,-17.578,-18.555,-0.977,0.000
1732204963.543,0.000,-19.531,-22.949,0.000,0.000
1732204963.547,0.000,-19.043,-21.973,-7.324,0.000
1732204963.551,0.000,-17.578,-24.902,1.953,0.000
1732204963.555,0.000,-21.484,-27.344,-81.055,0.000
1732204963.559,-20.508,-15.137,-35.645,-81.055,0.000
1732204963.563,-3.906,-12.207,-26.367,-6.348,0.000
1732204963.567,-4.883,-15.625,-10.254,-5.859,0.000
1732204963.571,-10.742,-19.531,-18.555,12.695,0.000
1732204963.574,-13.672,-12.207,-25.391,1.953,0.000
1732204963.578,-22.461,-26.367,-10.254,12.695,0.000
1732204963.582,-13.184,-28.809,-11.230,-10.742,0.000
1732204963.586,-0.977,-13.672,-35.645,-20.020,0.000
1732204963.590,2.930,-13.672,-23.926,-2.930,0.000
1732204963.594,11.230,-12.695,-16.602,27.344,0.000
1732204963.598,-7.812,-17.090,-28.320,29.785,0.000
1732204963.602,-22.461,-22.949,-15.625,-2.441,0.000
1732204963.606,-3.418,-22.461,-25.391,-52.734,0.000
1732204963.610,-2.930,-19.043,-33.691,-50.781,0.000
1732204963.613,-18.555,-13.184,-11.230,-36.133,0.000
1732204963.617,-38.086,-12.207,-13.184,-34.668,0.000
1732204963.621,-25.879,-8.301,-19.043,5.371,0.000
1732204963.625,-20.020,-4.395,-16.113,-5.859,0.000
1732204963.629,-19.043,-12.695,-11.230,0.977,0.000
1732204963.633,-27.344,-19.043,-0.488,21.973,0.000
1732204963.637,-39.551,-23.438,-15.625,-11.230,0.000
1732204963.641,-37.109,-24.414,-34.180,-35.645,0.000
1732204963.645,-34.180,-26.367,-27.832,-19.043,0.000
1732204963.649,-9.766,-19.531,-23.926,-19.043,0.000
1732204963.653,0.000,-10.254,-26.367,-60.547,0.000
1732204963.657,0.000,-19.043,-29.785,-56.152,0.000
1732204963.660,0.000,-25.391,-15.137,-14.160,0.000
1732204963.664,0.000,-17.090,-12.695,-17.578,0.000
1732204963.668,0.000,-16.113,-23.926,-21.973,0.000
1732204963.672,0.000,-22.461,-20.020,-17.578,0.000
1732204963.676,0.000,-23.438,-16.113,-0.977,0.000
1732204963.680,0.000,-20.996,-19.531,21.973,0.000
1732204963.684,0.000,-14.648,-28.809,7.324,0.000
1732204963.688,0.000,-19.043,-23.926,-18.066,0.000
1732204963.692,0.000,-23.926,-20.508,-28.809,0.000
1732204963.695,0.000,-20.996,-27.344,8.789,0.000
1732204963.699,-20.996,-26.367,-23.926,32.227,0.000
1732204963.703,-23.926,-23.438,-22.461,43.457,0.000
1732204963.707,-20.508,-20.508,-28.320,1.953,0.000
1732204963.711,-7.812,-13.672,-33.203,-32.227,0.000
1732204963.715,-9.277,-17.090,-16.602,-0.977,0.000
1732204963.719,-8.789,-20.020,-5.859,-12.207,0.000
1732204963.723,-0.488,-12.207,-19.043,-13.184,0.000
1732204963.727,-0.977,-11.719,-19.531,-6.836,0.000
1732204963.731,-10.254,-25.879,-18.555,-28.809,0.000
1732204963.735,-25.391,-30.273,-26.367,-42.480,0.000
1732204963.738,-29.297,-20.020,-30.273,-17.578,0.000
1732204963.742,-28.320,-29.297,-23.926,-20.508,0.000
1732204963.746,-14.160,-21.973,0.000,-17.578,0.000
1732204963.750,-19.043,-13.672,0.000,-15.137,0.000
1732204963.754,-27.832,-21.484,0.000,-17.578,0.000
1732204963.758,-29.297,-21.484,0.000,3.906,0.000
1732204963.762,-34.668,-23.926,0.000,1.465,0.000
1732204963.766,-28.320,-25.879,0.000,-16.113,0.000
1732204963.770,-14.160,-18.066,0.000,15.625,0.000
1732204963.774,-38.574,-19.043,0.000,30.762,0.000
1732204963.778,-35.156,-20.996,0.000,12.695,0.000
1732204963.781,-12.695,-22.949,0.000,28.320,0.000
1732204963.785,-21.973,-30.273,0.000,-45.410,0.000
1732204963.789,-18.066,-26.855,0.000,-83.008,0.000
1732204963.793,-10.742,-24.414,-36.133,-73.730,0.000
1732204963.797,-14.160,-22.949,-37.598,-64.941,0.000
1732204963.801,-22.949,-19.043,-34.180,-39.062,0.000
1732204963.805,-31.738,-24.902,-26.367,-26.367,0.000
1732204963.809,-18.555,-20.020,-35.645,-18.066,0.000
1732204963.813,6.836,-19.043,-43.945,-13.672,0.000
1732204963.817,-33.691,-27.832,-41.992,-20.020,0.000
1732204963.821,-55.176,-29.297,-33.691,-45.898,0.000
1732204963.824,-32.227,-25.879,-39.551,-32.227,0.000
1732204963.828,-34.668,-20.996,-41.504,-6.836,0.000
1732204963.832,-58.594,-27.344,-36.133,-42.480,0.000
1732204963.836,-56.641,-32.227,-41.016,-56.152,0.000
1732204963.840,-62.988,-35.156,-41.504,-43.945,0.000
1732204963.844,-66.406,-32.227,-43.945,-38.086,0.000
1732204963.848,-54.688,-28.320,-42.969,-13.672,0.000
1732204963.852,-51.758,-35.645,-32.227,22.461,0.000
1732204963.856,-24.414,-31.738,-25.391,1.953,0.000
1732204963.860,-18.555,-22.949,-24.902,-33.691,0.000
1732204963.864,-29.297,-20.996,-27.832,-41.504,0.000
1732204963.867,-25.879,-24.902,-31.250,-62.012,0.000
1732204963.871,-25.879,-30.762,-28.809,-41.504,0.000
1732204963.875,-26.367,-26.855,-26.367,-16.113,0.000
1732204963.879,-27.832,-28.809,-29.297,-59.082,0.000
1732204963.883,-35.645,-32.715,-41.504,-80.078,0.000
1732204963.887,-29.785,-37.109,-36.621,-30.273,0.000
1732204963.891,-16.113,-40.527,-32.715,-20.508,0.000
1732204963.895,-16.602,-43.945,-31.250,-22.461,0.000
1732204963.899,-17.090,-35.645,-32.227,-62.012,0.000
1732204963.903,-33.203,-28.320,-40.527,-69.336,0.000
1732204963.907,-16.602,-38.574,-35.156,-0.977,0.000
1732204963.910,-7.812,-38.086,-31.738,-0.977,0.000
1732204963.914,-13.672,-34.180,-29.297,-16.602,0.000
1732204963.918,-4.395,-39.062,-28.809,-7.324,0.000
1732204963.922,1.953,-40.527,-34.180,-4.395,0.000
1732204963.926,6.348,-34.668,-34.180,-36.621,0.000
1732204963.930,-6.348,-51.758,-36.133,-46.875,0.000
1732204963.934,-18.066,-59.082,-38.574,-45.898,0.000
1732204963.938,-17.578,-46.387,-35.156,-31.250,0.000
1732204963.942,-20.996,-41.992,-33.203,-2.441,0.000
1732204963.946,-9.277,-39.551,-45.898,0.000,0.000
1732204963.949,-12.207,-50.293,-47.852,0.977,0.000
1732204963.953,-22.949,-49.316,-30.273,-4.883,0.000
1732204963.957,-35.156,-42.969,-34.180,-46.387,0.000
1732204963.961,-35.156,-46.875,-38.086,-18.066,0.000
1732204963.965,-16.602,-48.340,-28.809,-3.906,0.000
1732204963.969,-25.879,-45.898,-40.527,-28.809,0.000
1732204963.973,-34.180,-39.551,-41.504,-16.113,0.000
1732204963.977,-24.414,-40.039,-43.945,-19.043,0.000
1732204963.981,-21.484,-51.758,-38.574,-19.043,0.000
1732204963.985,-21.484,-55.176,-34.180,-23.438,0.000
1732204963.989,-20.508,-48.340,-45.898,-40.039,0.000
1732204963.992,-37.109,-54.688,-54.199,-9.277,0.000
1732204963.996,-37.109,-52.734,-50.781,21.973,0.000
1732204964.000,-33.691,-53.223,-44.922,28.809,0.000
1732204964.004,-14.648,-56.152,-38.086,22.461,0.000
1732204964.008,0.977,-47.852,-41.504,-36.133,0.000
1732204964.012,-7.324,-43.945,-52.734,-50.781,0.000
1732204964.016,-18.555,-44.434,-42.480,-38.086,0.000
1732204964.020,-14.648,-48.340,-35.156,-35.156,0.000
1732204964.024,-20.996,-53.223,-44.434,-2.441,0.000
1732204964.028,-9.277,-57.617,-42.969,33.203,0.000
1732204964.031,3.418,-52.734,-39.551,12.695,0.000
1732204964.035,-5.859,-49.805,-39.062,-22.461,0.000
1732204964.039,19.531,-43.457,-42.969,-2.930,0.000
1732204964.043,28.809,-41.016,-45.898,23.926,0.000
1732204964.047,-3.906,-51.758,-37.598,4.883,0.000
1732204964.051,-17.090,-50.781,-33.691,-7.324,0.000
1732204964.055,4.395,-42.969,-38.574,18.555,0.000
1732204964.059,5.859,-52.734,-41.504,6.348,0.000
1732204964.063,-6.348,-64.453,-36.133,15.625,0.000
1732204964.067,5.371,-62.500,-48.340,2.930,0.000
1732204964.070,23.926,-59.082,-54.688,9.766,0.000
1732204964.074,21.973,-58.594,-41.504,74.707,0.000
1732204964.078,21.973,-60.059,-42.480,71.777,0.000
1732204964.082,24.414,-53.711,-45.410,53.711,0.000
1732204964.086,9.277,-56.152,-44.922,13.184,0.000
1732204964.090,8.301,-59.570,-43.457,0.000,0.000
1732204964.094,16.602,-51.270,-40.527,-5.371,0.000
1732204964.098,6.348,-48.340,-43.945,-5.371,0.000
1732204964.102,-1.465,-53.223,-61.035,-4.883,0.000
1732204964.106,-1.953,-69.336,-59.570,4.883,0.000
1732204964.109,2.930,-77.148,-55.664,21.973,0.000
1732204964.113,26.855,-61.035,-54.688,24.414,0.000
1732204964.117,25.391,-47.363,-49.316,37.109,0.000
1732204964.121,13.672,-48.828,-57.617,35.645,0.000
1732204964.125,16.113,-57.129,-50.293,23.438,0.000
1732204964.129,21.484,-59.082,-44.434,0.488,0.000
1732204964.133,20.508,-62.500,-44.922,-2.930,0.000
1732204964.137,22.461,-63.477,-33.203,14.160,0.000
1732204964.141,28.809,-58.594,-41.504,40.039,0.000
1732204964.145,28.320,-61.523,-45.410,36.133,0.000
1732204964.149,13.672,-66.895,-32.227,24.414,0.000
1732204964.153,17.090,-62.988,-41.992,46.875,0.000
1732204964.156,35.645,-60.059,-45.410,53.711,0.000
1732204964.160,38.086,-60.547,-34.668,42.480,0.000
1732204964.164,26.367,-67.383,-39.062,40.527,0.000
1732204964.168,0.000,-71.289,-45.410,38.086,0.000
1732204964.172,0.000,-72.754,-47.852,41.016,0.000
1732204964.176,0.000,-78.125,-41.992,52.734,0.000
1732204964.180,0.000,-84.961,-37.109,39.062,0.000
1732204964.184,0.000,-83.008,-42.480,7.324,0.000
1732204964.188,0.000,-72.754,-61.035,-5.859,0.000
1732204964.192,0.000,-73.242,-57.129,21.484,0.000
1732204964.196,0.000,-83.008,-42.969,30.273,0.000
1732204964.199,0.000,-81.543,-40.527,23.438,0.000
1732204964.203,0.000,-74.707,-45.410,14.648,0.000
1732204964.207,0.000,-71.777,-50.293,2.930,0.000
1732204964.211,0.000,-77.637,-46.875,-4.395,0.000
1732204964.215,10.742,-78.125,-47.852,-11.719,0.000
1732204964.219,22.949,-76.660,-46.875,19.043,0.000
1732204964.223,24.902,-73.242,-41.504,43.945,0.000
1732204964.227,25.879,-65.430,-45.898,36.621,0.000
1732204964.231,22.461,-65.918,-50.293,27.344,0.000
1732204964.235,10.742,-72.754,-44.922,31.250,0.000
1732204964.238,18.555,-75.195,-45.898,14.648,0.000
1732204964.242,27.344,-70.801,-53.223,36.133,0.000
1732204964.246,24.902,-77.148,-42.480,83.496,0.000
1732204964.250,20.508,-75.195,-38.086,80.566,0.000
1732204964.254,7.812,-73.242,-41.992,32.715,0.000
1732204964.258,2.441,-80.078,-47.363,17.090,0.000
1732204964.262,0.000,-84.961,-52.246,14.648,0.000
1732204964.266,0.000,-82.520,-55.176,-17.578,0.000
1732204964.270,0.000,-80.078,-64.453,-6.836,0.000
1732204964.274,0.000,-75.684,-59.570,19.043,0.000
1732204964.278,0.000,-76.172,-57.617,20.996,0.000
1732204964.281,0.000,-81.543,-49.316,36.621,0.000
1732204964.285,0.000,-78.613,-48.340,6.348,0.000
1732204964.289,0.000,-76.660,-50.781,-7.812,0.000
1732204964.293,0.000,-74.219,-46.875,9.766,0.000
1732204964.297,0.000,-68.848,-47.363,14.648,0.000
1732204964.301,0.000,-70.801,-32.227,22.461,0.000
1732204964.305,0.000,-73.242,-34.668,20.996,0.000
1732204964.309,1.465,-70.801,0.000,45.410,0.000
1732204964.313,17.578,-80.078,0.000,39.062,0.000
1732204964.316,7.812,-84.961,0.000,25.879,0.000
1732204964.320,-7.324,-73.730,0.000,54.199,0.000
1732204964.324,6.348,-70.801,0.000,33.203,0.000
1732204964.328,18.555,-87.402,0.000,-16.602,0.000
1732204964.332,17.090,-97.656,0.000,20.996,0.000
1732204964.336,4.883,-88.379,0.000,60.547,0.000
1732204964.340,3.906,-78.613,0.000,43.945,0.000
1732204964.344,12.207,-77.148,0.000,18.066,0.000
1732204964.348,19.043,-82.520,0.000,-9.277,0.000
1732204964.352,12.695,-84.961,0.000,-19.043,0.000
1732204964.356,25.391,-86.426,-69.336,-2.441,0.000
1732204964.359,36.621,-83.008,-76.172,-10.742,0.000
1732204964.363,41.992,-77.637,-81.543,23.438,0.000
1732204964.367,52.734,-76.660,-83.984,74.219,0.000
1732204964.371,39.551,-81.543,-83.008,61.523,0.000
1732204964.375,48.828,-87.891,-78.125,62.988,0.000
1732204964.379,59.082,-94.727,-77.637,70.801,0.000
1732204964.383,45.410,-89.844,-88.379,61.035,0.000
1732204964.387,56.152,-85.938,-80.078,57.617,0.000
1732204964.391,66.406,-86.426,-78.125,54.688,0.000
1732204964.394,58.105,-86.426,-91.309,63.477,0.000
1732204964.398,59.082,-86.426,-81.543,73.242,0.000
1732204964.402,62.500,-87.402,-82.031,65.918,0.000
1732204964.406,43.457,-93.262,-83.008,76.660,0.000
1732204964.410,46.875,-95.215,-72.266,64.453,0.000
1732204964.414,64.941,-96.191,-71.289,19.531,0.000
1732204964.418,40.527,-92.773,-79.102,11.230,0.000
1732204964.422,34.668,-87.402,-83.008,42.969,0.000
1732204964.426,41.992,-86.426,-82.520,65.918,0.000
1732204964.430,28.320,-91.309,-84.473,53.223,0.000
1732204964.434,28.320,-93.262,-83.496,24.902,0.000
1732204964.437,26.367,-85.938,-78.125,46.875,0.000
1732204964.441,30.273,-79.590,-75.195,47.363,0.000
1732204964.445,31.250,-86.914,-70.312,22.949,0.000
1732204964.449,0.000,-84.473,-62.500,43.945,0.000
1732204964.453,0.000,-83.008,-62.988,35.645,0.000
1732204964.457,0.000,-90.820,-73.730,13.184,0.000
1732204964.461,0.000,-90.332,-73.242,22.949,0.000
1732204964.465,0.000,-90.820,-68.848,31.250,0.000
1732204964.469,0.000,-90.332,-69.336,27.344,0.000
1732204964.473,0.000,-86.914,-65.430,20.996,0.000
1732204964.476,0.000,-88.867,-69.824,30.273,0.000
1732204964.480,0.000,-88.867,-72.754,37.598,0.000
1732204964.484,0.000,-83.008,-74.219,55.664,0.000
1732204964.488,0.000,-85.449,-71.777,65.918,0.000
1732204964.492,0.000,-90.332,-69.336,20.996,0.000
1732204964.496,32.715,-87.891,-69.336,0.000,0.000
1732204964.500,40.527,-85.938,-63.477,13.184,0.000
1732204964.504,26.367,-83.008,-74.219,19.531,0.000
1732204964.508,14.648,-79.102,-72.266,29.297,0.000
1732204964.512,19.043,-83.008,-72.754,18.555,0.000
1732204964.516,23.926,-87.891,-71.289,18.066,0.000
1732204964.519,24.414,-83.984,-69.824,46.875,0.000
1732204964.523,32.227,-84.473,-74.707,43.945,0.000
1732204964.527,25.879,-84.961,-70.312,34.180,0.000
1732204964.531,12.695,-83.984,-66.406,30.762,0.000
1732204964.535,12.695,-85.938,-71.289,-7.812,0.000
1732204964.539,18.555,-83.008,-76.660,-19.043,0.000
1732204964.543,37.109,-78.125,-78.613,32.227,0.000
1732204964.547,28.320,-78.613,-80.566,39.551,0.000
1732204964.551,-7.324,-88.867,-88.867,33.691,0.000
1732204964.555,14.648,-90.820,-84.473,45.898,0.000
1732204964.559,34.180,-83.008,-71.289,33.203,0.000
1732204964.562,13.672,-80.078,-70.801,-27.832,0.000
1732204964.566,12.695,-84.473,-64.941,-10.742,0.000
1732204964.570,20.020,-87.402,-67.383,26.367,0.000
1732204964.574,23.438,-87.891,-70.312,38.086,0.000
1732204964.578,13.672,-86.426,-66.406,31.250,0.000
1732204964.582,10.254,-88.379,-73.242,38.574,0.000
1732204964.586,16.602,-95.215,-74.707,25.879,0.000
1732204964.590,18.066,-89.844,-80.078,13.672,0.000
1732204964.594,11.719,-85.449,-85.449,18.555,0.000
1732204964.598,14.648,-81.543,-82.520,30.273,0.000
1732204964.602,13.184,-85.938,-72.266,27.832,0.000
1732204964.605,15.625,-91.797,-71.289,-3.418,0.000
1732204964.609,16.602,-87.402,-80.078,9.277,0.000
1732204964.613,17.578,-82.520,-78.125,28.809,0.000
1732204964.617,27.344,-83.008,-68.848,17.090,0.000
1732204964.621,33.203,-86.426,-64.941,-0.977,0.000
1732204964.625,43.945,-75.684,-68.848,7.324,0.000
1732204964.629,43.457,-83.496,-61.035,24.902,0.000
1732204964.633,33.203,-92.285,-58.594,29.297,0.000
1732204964.637,39.062,-80.566,-59.082,35.645,0.000
1732204964.641,31.250,-81.543,-53.223,34.180,0.000
1732204964.645,6.836,-86.914,-54.199,23.438,0.000
1732204964.648,0.488,-89.844,-56.641,26.367,0.000
1732204964.652,7.324,-85.938,-62.012,20.020,0.000
1732204964.656,14.648,-80.566,-68.359,14.648,0.000
1732204964.660,13.184,-75.684,-68.848,13.184,0.000
1732204964.664,2.930,-79.102,-65.430,27.832,0.000
1732204964.668,9.766,-86.914,-76.660,52.246,0.000
1732204964.672,5.859,-83.984,-76.660,41.992,0.000
1732204964.676,4.395,-81.055,-68.848,22.461,0.000
1732204964.680,15.625,-77.637,-70.801,26.855,0.000
1732204964.684,4.883,-74.707,-77.637,23.438,0.000
1732204964.688,-18.066,-77.148,-72.266,-0.488,0.000
1732204964.691,-10.254,-76.172,-69.824,-1.953,0.000
1732204964.695,-6.836,-80.078,-76.660,-1.953,0.000
1732204964.699,2.441,-81.055,-76.660,-23.926,0.000
1732204964.703,14.160,-71.777,-75.684,-20.508,0.000
1732204964.707,-12.695,-79.102,-74.219,-15.137,0.000
1732204964.711,-18.555,-84.473,-74.219,2.930,0.000
1732204964.715,-0.488,-76.660,-80.078,-3.418,0.000
1732204964.719,0.000,-69.336,-73.242,9.277,0.000
1732204964.723,-16.602,-80.078,-71.289,28.320,0.000
1732204964.727,-10.742,-85.938,-69.824,3.906,0.000
1732204964.730,-14.160,-75.195,-71.289,-4.883,0.000
1732204964.734,-9.277,-67.871,-83.008,-9.277,0.000
1732204964.738,8.789,-72.266,-79.102,4.883,0.000
1732204964.742,12.695,-75.195,-72.266,11.230,0.000
1732204964.746,2.930,-64.941,-66.406,16.113,0.000
1732204964.750,-14.160,-65.918,-65.918,0.977,0.000
1732204964.754,-8.789,-75.195,-70.801,-10.254,0.000
1732204964.758,-1.465,-68.359,-72.266,-9.766,0.000
1732204964.762,-13.672,-70.801,-73.242,11.719,0.000
1732204964.766,-13.672,-77.148,-82.520,19.043,0.000
1732204964.769,-6.836,-78.613,-82.520,-3.906,0.000
1732204964.773,-9.766,-85.449,-72.754,8.789,0.000
1732204964.777,-19.043,-86.426,-78.613,24.414,0.000
1732204964.781,-4.395,-78.613,-82.520,17.090,0.000
1732204964.785,2.441,-74.219,-71.777,16.602,0.000
1732204964.789,-15.137,-72.266,-74.219,1.465,0.000
1732204964.793,-8.301,-73.730,-85.449,-24.414,0.000
1732204964.797,-2.441,-72.754,-83.984,-8.789,0.000
1732204964.801,-2.441,-68.359,-84.473,6.836,0.000
1732204964.805,-16.602,-69.336,-82.520,-3.906,0.000
1732204964.809,-17.090,-64.941,-71.289,21.484,0.000
1732204964.812,0.488,-60.059,-66.406,24.414,0.000
1732204964.816,-2.930,-69.336,-73.242,-12.207,0.000
1732204964.820,0.000,-78.125,-80.078,-5.859,0.000
1732204964.824,0.000,-74.219,-83.984,0.977,0.000
1732204964.828,-2.441,-74.219,-82.031,-3.418,0.000
1732204964.832,-5.371,-70.312,-79.590,-0.977,0.000
1732204964.836,-10.254,-70.312,-78.613,-12.207,0.000
1732204964.840,-4.395,-74.219,-79.590,2.930,0.000
1732204964.844,-2.930,-78.125,-74.219,-14.648,0.000
1732204964.848,-16.113,-71.289,-77.637,-19.043,0.000
1732204964.851,-25.391,-69.336,-89.355,-9.766,0.000
1732204964.855,-21.973,-77.637,-89.844,-41.016,0.000
1732204964.859,-20.020,-78.125,-87.402,-38.574,0.000
1732204964.863,-26.367,-76.172,-87.402,-38.574,0.000
1732204964.867,-18.555,-73.730,-89.844,-27.832,0.000
1732204964.871,-11.719,-73.242,-91.309,-6.836,0.000
1732204964.875,-5.859,-70.312,-91.797,-4.883,0.000
1732204964.879,-15.625,-63.965,-96.680,-0.977,0.000
1732204964.883,-32.227,-70.312,-97.168,7.324,0.000
1732204964.887,-14.648,-67.383,-92.285,5.371,0.000
1732204964.891,1.465,-63.965,-86.426,0.488,0.000
1732204964.894,-12.207,-64.453,-85.449,-14.160,0.000
1732204964.898,-11.719,-60.059,-84.961,-18.066,0.000
1732204964.902,-15.625,-61.035,-83.008,-10.742,0.000
1732204964.906,-26.367,-60.059,-81.055,-14.160,0.000
1732204964.910,-7.324,-45.410,-73.242,-7.812,0.000
1732204964.914,3.906,-47.363,-78.125,-6.348,0.000
1732204964.918,0.000,-59.082,-87.402,-19.531,0.000
1732204964.922,0.000,-67.383,-90.820,-35.645,0.000
1732204964.926,0.000,-69.824,-90.820,-26.855,0.000
1732204964.930,0.000,-67.383,-91.309,-15.137,0.000
1732204964.934,0.000,-71.289,-91.797,-13.672,0.000
1732204964.937,0.000,-70.801,-87.402,-27.832,0.000
1732204964.941,0.000,-74.707,-81.055,-34.180,0.000
1732204964.945,0.000,-78.613,-92.773,-36.133,0.000
1732204964.949,0.000,-81.055,-87.402,-19.531,0.000
1732204964.953,0.000,-74.219,-77.637,-8.789,0.000
1732204964.957,0.000,-59.570,-96.191,0.488,0.000
1732204964.961,0.000,-55.664,-94.238,-14.160,0.000
1732204964.965,-28.809,-63.965,-91.309,-45.898,0.000
1732204964.969,-15.625,-70.801,-95.703,-36.621,0.000
1732204964.973,-30.273,-71.777,-94.238,-33.203,0.000
1732204964.977,-40.039,-71.289,-96.191,-41.504,0.000
1732204964.980,-36.621,-61.035,-93.750,-23.438,0.000
1732204964.984,-41.016,-67.871,-87.891,-12.695,0.000
1732204964.988,-26.367,-66.406,-82.031,-26.367,0.000
1732204964.992,-20.508,-57.617,-91.309,-40.527,0.000
1732204964.996,-21.973,-61.523,-89.355,-24.902,0.000
1732204965.000,-30.273,-62.500,-89.355,-30.273,0.000
1732204965.004,-31.738,-67.871,-86.426,-21.973,0.000
1732204965.008,-29.785,-66.406,-83.008,-24.902,0.000
1732204965.012,-5.859,-57.129,-83.984,-19.531,0.000
1732204965.016,-2.930,-54.199,-79.102,-12.695,0.000
1732204965.020,-32.715,-67.383,-85.938,-36.621,0.000
1732204965.023,-40.527,-72.266,-88.867,-56.641,0.000
1732204965.027,-39.551,-70.312,-94.727,-67.871,0.000
1732204965.031,-29.785,-70.801,-90.332,-26.367,0.000
1732204965.035,-30.762,-70.801,-87.402,-15.625,0.000
1732204965.039,-29.297,-68.359,-81.055,-7.324,0.000
1732204965.043,-29.297,-67.871,-70.801,-8.789,0.000
1732204965.047,-38.574,-69.336,-79.102,-24.902,0.000
1732204965.051,-35.645,-61.523,-82.520,-38.574,0.000
1732204965.055,-9.766,-61.035,-78.613,-40.039,0.000
1732204965.059,-4.395,-58.594,-77.148,-25.879,0.000
1732204965.063,-17.578,-56.152,-79.102,-12.207,0.000
1732204965.066,-19.043,-62.988,-79.102,-19.043,0.000
1732204965.070,-33.203,-64.941,-78.613,-33.691,0.000
1732204965.074,-28.320,-61.035,-88.379,-17.578,0.000
1732204965.078,-18.555,-64.453,-86.426,11.719,0.000
1732204965.082,-20.020,-68.359,-77.637,39.551,0.000
1732204965.086,-29.785,-67.383,-79.102,37.598,0.000
1732204965.090,-32.227,-64.453,-74.219,29.297,0.000
1732204965.094,-21.484,-56.641,-83.496,-31.250,0.000
1732204965.098,-24.902,-55.664,-96.191,-67.383,0.000
1732204965.101,-9.766,-60.547,-85.938,-45.898,0.000
1732204965.105,-8.789,-57.129,-76.660,-39.062,0.000
1732204965.109,-13.672,-47.852,-81.543,-49.316,0.000
1732204965.113,-17.090,-53.223,-81.543,-53.711,0.000
1732204965.117,-37.109,-63.477,-84.961,-51.270,0.000
1732204965.121,-37.109,-61.035,-84.473,-36.621,0.000
1732204965.125,-43.945,-60.059,-75.195,-24.902,0.000
1732204965.129,-56.641,-69.824,-83.984,-31.250,0.000
1732204965.133,-64.941,-75.684,-80.078,-33.691,0.000
1732204965.137,-48.828,-63.477,-77.148,-31.738,0.000
1732204965.141,-43.945,-65.430,-76.660,-27.832,0.000
1732204965.144,-65.430,-76.660,-70.312,-31.738,0.000
1732204965.148,-75.195,-79.102,-70.312,-20.508,0.000
1732204965.152,-74.707,-76.172,-66.406,-2.441,0.000
1732204965.156,-73.730,-75.195,-62.988,16.113,0.000
1732204965.160,-79.590,-83.496,-74.219,-29.297,0.000
1732204965.164,-60.059,-83.496,-79.102,-49.805,0.000
1732204965.168,-37.109,-69.824,-68.848,-5.371,0.000
1732204965.172,-49.805,-67.383,-68.359,-19.043,0.000
1732204965.176,-42.480,-80.566,-84.473,-35.156,0.000
1732204965.180,-40.527,-77.148,-95.215,-47.852,0.000
1732204965.184,-45.410,-68.848,-93.262,-50.781,0.000
1732204965.187,-44.922,-70.801,-86.914,-45.410,0.000
1732204965.191,-58.105,-70.801,-83.496,-37.109,0.000
1732204965.195,-52.246,-62.988,-86.426,-30.273,0.000
1732204965.199,0.000,-55.664,-92.285,-23.438,0.000
1732204965.203,0.000,-55.176,-87.402,-17.578,0.000
1732204965.207,0.000,-51.758,-83.008,-46.875,0.000
1732204965.211,0.000,-49.316,-83.496,-47.852,0.000
1732204965.215,0.000,-51.758,-88.867,-42.969,0.000
1732204965.219,0.000,-56.641,-79.590,-13.184,0.000
1732204965.223,0.000,-55.664,-72.266,7.812,0.000
1732204965.226,0.000,-56.152,-81.543,-6.836,0.000
1732204965.230,0.000,-49.805,-84.961,-8.301,0.000
1732204965.234,0.000,-43.945,-83.984,-14.648,0.000
1732204965.238,0.000,-43.457,-84.961,-10.742,0.000
1732204965.242,0.000,-40.039,-84.473,-3.418,0.000
1732204965.246,-30.273,-43.945,-80.566,-22.461,0.000
1732204965.250,-31.250,-44.922,-84.473,-29.785,0.000
1732204965.254,-28.809,-40.039,-91.797,-33.203,0.000
1732204965.258,-26.367,-36.133,-92.773,-36.133,0.000
1732204965.262,-38.574,-41.016,-88.867,-7.324,0.000
1732204965.266,-21.973,-47.363,-87.891,-14.648,0.000
1732204965.269,-20.996,-45.410,-90.332,-23.926,0.000
1732204965.273,-26.855,-46.875,-85.938,-29.785,0.000
1732204965.277,-9.766,-42.969,-89.355,-33.203,0.000
1732204965.281,-17.578,-36.133,-95.215,-45.898,0.000
1732204965.285,-31.738,-41.992,-98.633,-48.828,0.000
1732204965.289,-34.668,-41.992,-97.656,-33.203,0.000
1732204965.293,-33.203,-36.133,-86.426,-18.555,0.000
1732204965.297,-36.621,-39.551,-87.402,-15.625,0.000
1732204965.301,-50.293,-48.828,-89.844,-37.598,0.000
1732204965.305,-41.016,-59.082,-88.379,-36.133,0.000
1732204965.309,-26.855,-54.688,-92.285,-55.176,0.000
1732204965.312,-28.809,-41.016,-89.844,-61.035,0.000
1732204965.316,-32.715,-34.668,-88.867,-68.848,0.000
1732204965.320,-48.340,-41.016,-93.262,-58.594,0.000
1732204965.324,-64.453,-52.734,-86.914,-53.223,0.000
1732204965.328,-43.945,-48.340,-88.379,-30.273,0.000
1732204965.332,-30.273,-36.621,-86.914,-12.695,0.000
1732204965.336,-32.227,-33.691,-84.961,-41.504,0.000
1732204965.340,0.000,-36.621,-94.238,-41.504,0.000
1732204965.344,0.000,-42.480,-93.262,-72.266,0.000
1732204965.348,0.000,-41.992,-92.285,-86.426,0.000
1732204965.352,0.000,-41.016,-89.355,-61.035,0.000
1732204965.355,0.000,-44.922,-89.844,-30.762,0.000
1732204965.359,0.000,-52.246,-94.727,-13.184,0.000
1732204965.363,0.000,-48.340,-89.844,0.000,0.000
1732204965.367,0.000,-39.062,-84.961,0.488,0.000
1732204965.371,0.000,-42.969,-87.402,-41.992,0.000
1732204965.375,0.000,-45.410,-93.750,-83.496,0.000
1732204965.379,0.000,-38.086,-89.355,-73.730,0.000
1732204965.383,0.000,-34.668,-84.961,-59.570,0.000
1732204965.387,-50.781,-41.016,-89.355,-74.219,0.000
1732204965.391,-42.969,-35.645,-80.566,-50.293,0.000
1732204965.395,-29.297,-34.180,-74.707,-15.625,0.000
1732204965.398,-30.762,-43.945,-81.543,-20.996,0.000
1732204965.402,-27.832,-36.133,-90.332,-45.410,0.000
1732204965.406,-20.508,-31.738,-86.914,-66.895,0.000
1732204965.410,-33.691,-32.715,-78.613,-60.547,0.000
1732204965.414,-35.645,-35.645,-76.660,-46.875,0.000
1732204965.418,-32.227,-40.527,-83.496,-56.152,0.000
1732204965.422,-33.691,-40.039,-90.332,-70.801,0.000
1732204965.426,-41.016,-43.945,-81.055,-42.480,0.000
1732204965.430,-41.992,-52.246,-77.148,-36.621,0.000
1732204965.434,-23.438,-51.270,-79.590,-41.016,0.000
1732204965.438,-10.742,-43.945,-86.426,-25.879,0.000
1732204965.441,-9.766,-34.180,-91.309,-6.348,0.000
1732204965.445,-30.273,-33.691,-86.914,-34.180,0.000
1732204965.449,-41.992,-39.062,-88.379,-49.805,0.000
1732204965.453,-34.180,-36.133,-85.449,-39.062,0.000
1732204965.457,-35.156,-38.574,-85.449,-56.152,0.000
1732204965.461,-31.738,-44.922,-87.891,-58.594,0.000
1732204965.465,-24.414,-44.922,-85.449,-58.105,0.000
1732204965.469,-21.973,-44.922,-90.332,-58.105,0.000
1732204965.473,-20.996,-47.852,-78.613,-51.758,0.000
1732204965.476,-24.414,-45.410,-63.965,-32.227,0.000
1732204965.480,-41.504,-47.363,-67.871,-30.762,0.000
1732204965.484,-25.391,-43.945,-64.453,-60.547,0.000
1732204965.488,-15.625,-32.715,-71.289,-66.406,0.000
1732204965.492,-34.180,-30.762,-81.543,-55.176,0.000
1732204965.496,-39.551,-28.809,-79.102,-70.312,0.000
1732204965.500,-39.062,-31.250,-77.148,-82.520,0.000
1732204965.504,-25.391,-34.180,-65.918,-65.918,0.000
1732204965.508,-27.344,-36.133,-66.895,-62.012,0.000
1732204965.512,-29.297,-26.855,-73.242,-59.082,0.000
1732204965.516,-38.086,-32.715,-80.566,-34.180,0.000
1732204965.519,-34.180,-49.316,-87.402,-32.715,0.000
1732204965.523,-25.879,-39.551,-86.914,-76.660,0.000
1732204965.527,-21.484,-29.785,-81.055,-77.637,0.000
1732204965.531,-22.949,-39.062,-76.660,-48.340,0.000
1732204965.535,-8.789,-38.086,-76.660,-57.617,0.000
1732204965.539,-12.695,-37.109,-76.172,-61.523,0.000
1732204965.543,-21.484,-32.715,-85.449,-61.523,0.000
1732204965.547,-14.648,-28.320,-84.961,-58.594,0.000
1732204965.551,-27.832,-38.086,-77.148,-32.227,0.000
1732204965.555,-29.785,-36.133,-79.590,-19.531,0.000
1732204965.559,-32.715,-38.574,-76.660,-34.180,0.000
1732204965.562,-34.180,-38.086,-81.055,-36.621,0.000
1732204965.566,-30.762,-27.832,-83.984,-53.223,0.000
1732204965.570,-27.832,-39.062,-88.379,-53.223,0.000
1732204965.574,-33.691,-47.363,-93.262,-51.758,0.000
1732204965.578,-31.738,-30.762,-98.633,-76.660,0.000
1732204965.582,-17.090,-25.879,-102.051,-80.078,0.000
1732204965.586,-28.320,-31.250,-87.402,-94.238,0.000
1732204965.590,-37.598,-29.297,-85.449,-74.219,0.000
1732204965.594,-44.434,-37.109,-92.285,-42.480,0.000
1732204965.598,-33.691,-41.016,-95.215,-33.691,0.000
1732204965.601,-25.879,-30.273,-91.797,-49.316,0.000
1732204965.605,-27.344,-24.902,-90.332,-68.359,0.000
1732204965.609,-18.066,-23.438,-89.355,-54.688,0.000
1732204965.613,-24.902,-25.391,-87.402,-64.941,0.000
1732204965.617,-20.508,-25.391,-87.402,-60.059,0.000
1732204965.621,-18.555,-24.414,-85.449,-49.316,0.000
1732204965.625,-40.527,-34.180,-79.102,-52.734,0.000
1732204965.629,-43.457,-31.738,-78.125,-45.898,0.000
1732204965.633,-32.715,-27.832,-85.449,-47.852,0.000
1732204965.637,-41.992,-35.645,-88.379,-54.688,0.000
1732204965.641,-49.805,-40.527,-84.473,-62.500,0.000
1732204965.645,-38.574,-34.180,-88.379,-71.777,0.000
1732204965.648,-37.598,-32.227,-90.820,-63.477,0.000
1732204965.652,-38.086,-30.762,-85.449,-56.152,0.000
1732204965.656,-49.805,-26.855,-83.008,-64.453,0.000
1732204965.660,-50.781,-31.250,-80.566,-84.961,0.000
1732204965.664,-45.898,-33.691,-80.566,-84.961,0.000
1732204965.668,-56.641,-35.156,-80.078,-57.129,0.000
1732204965.672,-54.199,-39.551,-77.637,-44.922,0.000
1732204965.676,-49.805,-38.574,-83.984,-64.453,0.000
1732204965.680,-34.668,-30.762,-88.379,-58.105,0.000
1732204965.684,-29.785,-27.344,-82.031,-56.641,0.000
1732204965.688,-38.086,-29.785,-72.754,-92.773,0.000
1732204965.691,-35.645,-39.062,-78.125,-120.117,0.000
1732204965.695,-28.809,-31.738,-86.914,-112.305,0.000
1732204965.699,-35.156,-20.996,-70.801,-71.777,0.000
1732204965.703,-47.363,-26.367,-70.801,-67.871,0.000
1732204965.707,-35.156,-27.344,-80.566,-57.129,0.000
1732204965.711,-35.645,-26.367,-71.289,-45.410,0.000
1732204965.715,-42.969,-30.762,-68.359,-35.156,0.000
1732204965.719,-29.297,-28.809,-80.566,-3.418,0.000
1732204965.723,-22.461,-21.973,-77.148,-31.250,0.000
1732204965.727,-40.527,-23.926,-70.312,-62.988,0.000
1732204965.731,-46.387,-25.879,-72.754,-62.500,0.000
1732204965.734,-46.875,-26.855,-71.777,-71.289,0.000
1732204965.738,-53.711,-34.668,-59.570,-62.500,0.000
1732204965.742,-52.734,-34.180,-61.035,-25.879,0.000
1732204965.746,-52.246,-35.645,-70.312,-8.301,0.000
1732204965.750,-53.711,-34.180,-72.266,-12.695,0.000
1732204965.754,-50.293,-30.762,-71.289,1.953,0.000
1732204965.758,-46.387,-30.762,-71.777,-12.207,0.000
1732204965.762,-32.715,-29.297,-71.777,4.395,0.000
1732204965.766,-37.109,-31.738,-73.730,23.438,0.000
1732204965.770,-43.945,-37.109,-67.871,11.230,0.000
1732204965.774,-18.555,-32.715,-59.082,17.578,0.000
1732204965.777,-20.996,-27.344,-59.082,16.602,0.000
1732204965.781,-44.922,-31.738,-56.641,12.695,0.000
1732204965.785,-48.340,-35.156,-51.270,6.348,0.000
1732204965.789,-51.270,-39.062,-55.664,-0.488,0.000
1732204965.793,-40.039,-34.668,-53.711,7.812,0.000
1732204965.797,-46.387,-26.855,-42.969,1.465,0.000
1732204965.801,-58.105,-34.668,-47.363,-3.906,0.000
1732204965.805,-46.875,-38.086,-53.711,9.277,0.000
1732204965.809,-44.922,-35.645,-59.082,16.113,0.000
1732204965.813,-37.109,-32.715,-61.035,20.996,0.000
1732204965.816,-45.898,-23.438,-58.105,6.348,0.000
1732204965.820,-59.570,-24.902,-46.387,4.395,0.000
1732204965.824,-41.504,-24.414,-39.062,17.578,0.000
1732204965.828,-32.715,-20.508,-41.504,18.066,0.000
1732204965.832,-37.598,-22.949,-43.945,17.090,0.000
1732204965.836,-37.109,-23.438,-47.852,12.207,0.000
1732204965.840,-37.598,-23.926,-51.270,-13.184,0.000
1732204965.844,-41.504,-24.414,-53.711,-44.434,0.000
1732204965.848,-50.781,-23.926,-56.641,-31.250,0.000
1732204965.852,-50.293,-18.555,-56.152,-11.719,0.000
1732204965.856,-54.199,-20.508,-61.035,-21.484,0.000
1732204965.859,-55.664,-18.066,-63.477,-29.297,0.000
1732204965.863,-31.250,-21.973,-50.781,-5.371,0.000
1732204965.867,-35.156,-20.996,-38.574,3.906,0.000
1732204965.871,-60.059,-11.719,-39.551,-0.488,0.000
1732204965.875,-58.594,-8.789,-48.340,3.418,0.000
1732204965.879,-56.152,-11.230,-46.387,24.902,0.000
1732204965.883,-57.617,-13.672,-37.598,43.457,0.000
1732204965.887,-48.340,-8.789,-30.762,31.250,0.000
1732204965.891,-36.133,-3.906,-47.363,9.277,0.000
1732204965.895,-49.805,-6.348,-59.570,-79.590,0.000
1732204965.898,-40.527,-15.625,-45.898,-114.746,0.000
1732204965.902,-28.809,-12.695,-42.969,-59.570,0.000
1732204965.906,-36.133,-10.254,-42.969,-40.039,0.000
1732204965.910,-50.781,-15.137,-45.898,-26.855,0.000
1732204965.914,-61.035,-13.672,-45.898,-41.016,0.000
1732204965.918,-37.598,-11.719,-49.316,-33.691,0.000
1732204965.922,-23.438,-13.184,-53.711,-30.762,0.000
1732204965.926,-39.062,-15.137,-50.293,-22.949,0.000
1732204965.930,-41.504,-9.766,-51.270,-12.695,0.000
1732204965.934,-41.504,-11.719,-51.758,-29.297,0.000
1732204965.937,-35.156,-9.277,-52.246,-32.715,0.000
1732204965.941,-28.320,-3.906,-54.688,-25.391,0.000
1732204965.945,-38.574,-8.301,-58.594,-28.809,0.000
1732204965.949,-45.410,-9.277,-64.453,-32.227,0.000
1732204965.953,-44.922,-14.160,-61.523,-32.715,0.000
1732204965.957,-57.617,-15.137,-61.523,-25.879,0.000
1732204965.961,-63.477,-10.254,-63.965,1.953,0.000
1732204965.965,-59.082,-11.719,-70.801,-11.719,0.000
1732204965.969,-53.711,-5.859,-79.102,-48.340,0.000
1732204965.973,-50.781,-5.859,-82.031,-82.031,0.000
1732204965.977,-49.316,-8.301,-81.543,-55.664,0.000
1732204965.980,-50.293,-11.719,-76.660,-7.324,0.000
1732204965.984,-56.152,-22.949,-79.590,-10.742,0.000
1732204965.988,-53.223,-19.043,-83.008,-26.367,0.000
1732204965.992,-46.875,-10.254,-83.008,-49.316,0.000
1732204965.996,0.000,-19.043,-75.195,-70.801,0.000
1732204966.000,0.000,-18.066,-75.195,-67.383,0.000
1732204966.004,0.000,-6.348,-82.031,-58.105,0.000
1732204966.008,0.000,0.000,-79.102,-43.945,0.000
1732204966.012,0.000,-5.859,-87.891,-41.992,0.000
1732204966.016,0.000,-15.137,-89.355,-46.387,0.000
1732204966.020,0.000,-15.137,-90.332,-63.965,0.000
1732204966.023,0.000,-20.020,-91.797,-38.574,0.000
1732204966.027,0.000,-16.602,-95.215,-20.020,0.000
1732204966.031,0.000,-13.184,-102.539,-48.828,0.000
1732204966.035,0.000,-15.625,-95.703,-32.227,0.000
1732204966.039,0.000,-8.789,-86.426,-27.344,0.000
1732204966.043,-64.941,-10.254,-88.379,-44.434,0.000
1732204966.047,-47.852,-12.207,-91.797,-39.551,0.000
1732204966.051,-31.250,-7.812,-89.844,-26.855,0.000
1732204966.055,-48.340,-7.324,-82.520,-34.180,0.000
1732204966.059,-50.781,-7.324,-80.078,-37.598,0.000
1732204966.063,-45.898,0.488,-86.426,-39.062,0.000
1732204966.066,-45.410,2.930,-84.473,-52.246,0.000
1732204966.070,-49.805,-1.953,-85.938,-58.105,0.000
1732204966.074,-51.270,-3.418,-88.867,-69.336,0.000
1732204966.078,-44.434,1.465,-82.031,-56.641,0.000
1732204966.082,-45.898,-1.465,-79.590,-19.043,0.000
1732204966.086,-44.922,-7.324,-82.520,-31.250,0.000
1732204966.090,-27.344,2.930,-84.961,-54.688,0.000
1732204966.094,-24.414,2.441,-84.473,-33.203,0.000
1732204966.098,-28.809,-4.395,-72.754,-29.297,0.000
1732204966.102,-29.297,-5.859,-77.637,-45.410,0.000
1732204966.106,-31.250,-1.465,-87.402,-32.715,0.000
1732204966.109,-41.992,-6.836,-81.055,-25.879,0.000
1732204966.113,-59.082,-12.695,-74.219,-22.461,0.000
1732204966.117,-58.594,-9.277,-71.777,-33.691,0.000
1732204966.121,-51.758,-9.277,-65.430,-30.762,0.000
1732204966.125,-37.598,-7.324,-60.547,-11.719,0.000
1732204966.129,-39.062,-6.348,-67.383,-17.090,0.000
1732204966.133,-47.363,-7.812,-66.895,-31.738,0.000
1732204966.137,-49.316,-2.930,-65.918,-25.391,0.000
1732204966.141,-46.875,-2.930,-61.523,-21.973,0.000
1732204966.145,-46.875,-7.812,-62.500,-22.461,0.000
1732204966.148,-66.895,-10.254,-74.707,-41.504,0.000
1732204966.152,-68.848,-5.859,-72.266,-39.551,0.000
1732204966.156,-52.734,-3.906,-68.359,-23.438,0.000
1732204966.160,-53.711,-5.371,-65.430,-25.879,0.000
1732204966.164,-48.828,-2.930,-66.406,-17.090,0.000
1732204966.168,-52.246,-8.789,-82.031,-22.949,0.000
1732204966.172,-52.734,-8.301,-94.238,-45.410,0.000
1732204966.176,-47.363,-7.324,-102.539,-49.316,0.000
1732204966.180,-50.781,-11.230,-103.516,-36.621,0.000
1732204966.184,-49.805,-2.930,-98.633,-29.785,0.000
1732204966.188,-49.316,7.812,-91.797,-26.855,0.000
1732204966.191,-41.992,11.719,-75.195,-26.855,0.000
1732204966.195,-38.086,9.277,-74.707,-39.062,0.000
1732204966.199,-51.758,0.488,-85.938,-58.594,0.000
1732204966.203,-56.152,-0.977,-86.914,-59.082,0.000
1732204966.207,-51.758,2.930,-84.961,-63.477,0.000
1732204966.211,-36.133,2.441,-88.379,-63.477,0.000
1732204966.215,-42.480,0.488,-86.426,-35.156,0.000
1732204966.219,-58.594,-3.418,-73.242,-36.133,0.000
1732204966.223,-43.945,-4.883,-62.500,-62.500,0.000
1732204966.227,-44.922,-5.371,-66.895,-62.500,0.000
1732204966.231,-50.293,-4.883,-70.312,-46.875,0.000
1732204966.234,-53.711,-6.836,-68.848,-62.012,0.000
1732204966.238,-42.480,-1.465,-66.895,-76.172,0.000
1732204966.242,-36.133,3.906,-64.941,-50.293,0.000
1732204966.246,-48.828,3.418,-59.570,-39.062,0.000
1732204966.250,-41.016,-3.906,-57.617,-43.945,0.000
1732204966.254,-38.574,-3.906,-62.012,-36.621,0.000
1732204966.258,-43.945,0.977,-57.129,-44.922,0.000
1732204966.262,-54.688,-1.465,-60.059,-61.523,0.000
1732204966.266,-57.617,-4.395,-59.082,-53.223,0.000
1732204966.269,-45.410,-4.395,-48.828,-35.645,0.000
1732204966.273,-56.152,-4.395,-54.688,-44.434,0.000
1732204966.277,-64.453,-4.395,-56.152,-44.434,0.000
1732204966.281,-59.570,-5.371,-50.293,-12.207,0.000
1732204966.285,-58.105,-3.418,-44.434,-9.277,0.000
1732204966.289,-46.875,2.930,-40.527,-28.809,0.000
1732204966.293,-45.898,-1.953,-48.340,-42.969,0.000
1732204966.297,-49.805,-4.395,-61.035,-62.988,0.000
1732204966.301,-39.551,6.836,-55.176,-54.688,0.000
1732204966.305,-52.734,3.906,-46.875,-44.922,0.000
1732204966.309,-52.246,-0.488,-47.852,-48.340,0.000
1732204966.312,-35.156,2.441,-43.945,-56.152,0.000
1732204966.316,-37.109,5.859,-41.504,-63.477,0.000
1732204966.320,-26.855,2.441,-42.480,-55.176,0.000
1732204966.324,-26.855,0.977,-47.852,-45.898,0.000
1732204966.328,-33.203,-0.488,-41.504,-26.367,0.000
1732204966.332,-33.691,-0.488,-35.645,-42.969,0.000
1732204966.336,-51.270,5.371,-37.109,-43.457,0.000
1732204966.340,-40.039,6.348,-31.738,-39.551,0.000
1732204966.344,-23.926,10.254,-32.715,-52.246,0.000
1732204966.348,-32.227,5.859,-40.039,-35.156,0.000
1732204966.351,-36.621,3.418,-42.969,-18.066,0.000
1732204966.355,-40.039,1.465,-35.156,-25.391,0.000
1732204966.359,-48.340,-5.859,-35.156,-33.691,0.000
1732204966.363,-44.922,-2.930,-41.504,-47.363,0.000
1732204966.367,-38.086,1.953,-35.645,-41.016,0.000
1732204966.371,-33.691,4.395,-34.180,-28.320,0.000
1732204966.375,-46.387,-1.953,-33.691,-36.621,0.000
1732204966.379,-53.223,-8.789,-32.715,-55.176,0.000
1732204966.383,-50.293,-2.441,-40.039,-45.898,0.000
1732204966.387,-65.918,-5.859,-36.133,-41.504,0.000
1732204966.391,-61.035,-11.719,-24.902,-62.500,0.000
1732204966.395,-51.270,-2.441,-26.855,-66.406,0.000
1732204966.398,-59.082,-4.395,-36.133,-67.871,0.000
1732204966.402,-62.500,-8.789,-35.645,-81.543,0.000
1732204966.406,-66.895,-6.348,-36.133,-65.918,0.000
1732204966.410,-59.082,-8.789,-38.086,-46.387,0.000
1732204966.414,-50.293,-8.301,-43.457,-51.270,0.000
1732204966.418,-37.109,-7.812,-49.805,-53.711,0.000
1732204966.422,-30.762,-15.137,-40.527,-32.227,0.000
1732204966.426,-36.133,-12.207,-43.457,-32.715,0.000
1732204966.430,-49.805,-3.418,-46.387,-44.922,0.000
1732204966.434,-47.852,0.488,-40.039,-39.551,0.000
1732204966.438,-35.156,-0.977,-41.992,-46.387,0.000
1732204966.441,-41.992,-14.160,-54.199,-52.734,0.000
1732204966.445,-47.852,-16.602,-49.805,-33.691,0.000
1732204966.449,-42.969,-9.277,-33.691,-48.828,0.000
1732204966.453,-44.922,-7.812,-34.180,-79.590,0.000
1732204966.457,-43.945,-0.977,-36.133,-87.402,0.000
1732204966.461,-30.762,1.465,-33.203,-70.801,0.000
1732204966.465,-24.414,-4.395,-28.809,-42.969,0.000
1732204966.469,-21.484,-2.930,-22.949,-35.645,0.000
1732204966.473,-40.527,-4.883,-22.949,-32.227,0.000
1732204966.477,-38.086,-8.789,-23.926,-41.016,0.000
1732204966.480,-31.738,-13.184,-28.809,-40.527,0.000
1732204966.484,-42.969,-14.160,-42.480,-55.664,0.000
1732204966.488,-41.504,-7.812,-47.852,-71.777,0.000
1732204966.492,-28.320,-2.441,-38.086,-48.340,0.000
1732204966.496,-18.066,-3.906,-32.715,-28.320,0.000
1732204966.500,-31.738,-11.230,-36.621,-21.484,0.000
1732204966.504,-35.156,-13.672,-44.922,-43.457,0.000
1732204966.508,-34.180,-8.789,-44.922,-50.293,0.000
1732204966.512,-60.547,-11.230,-45.410,-33.203,0.000
1732204966.516,-56.641,-7.324,-49.316,-50.293,0.000
1732204966.520,-37.109,2.441,-43.457,-66.895,0.000
1732204966.524,-31.250,3.906,-32.227,-44.434,0.000
1732204966.527,-31.250,-4.883,-41.016,-34.668,0.000
1732204966.531,-42.969,-16.602,-56.641,-30.762,0.000
1732204966.535,-44.434,-14.648,-49.316,-9.277,0.000
1732204966.539,-39.551,-12.207,-46.875,-35.645,0.000
1732204966.543,-47.852,-14.160,-53.223,-74.707,0.000
1732204966.547,-39.551,-1.465,-58.594,-67.383,0.000
1732204966.551,-35.156,6.348,-47.363,-32.715,0.000
1732204966.555,-40.527,1.953,-35.156,-22.461,0.000
1732204966.559,-25.879,-6.836,-42.969,-42.480,0.000
1732204966.563,-25.879,-11.719,-49.316,-47.852,0.000
1732204966.567,-39.551,-5.371,-48.828,-60.547,0.000
1732204966.570,-35.156,-5.371,-47.852,-33.203,0.000
1732204966.574,-33.691,-9.277,-42.969,-2.930,0.000
1732204966.578,-30.762,-1.465,-44.434,-23.926,0.000
1732204966.582,-22.461,-10.742,-52.246,-47.852,0.000
1732204966.586,-38.086,-19.043,-48.340,-69.336,0.000
1732204966.590,-37.598,-7.324,-43.945,-72.754,0.000
1732204966.594,-24.902,-2.441,-41.992,-57.617,0.000
1732204966.598,-28.809,-6.836,-48.340,-60.059,0.000
1732204966.602,-27.344,-10.742,-50.293,-54.199,0.000
1732204966.606,-32.715,-15.137,-42.480,-26.855,0.000
1732204966.609,-41.504,-13.184,-45.898,-33.203,0.000
1732204966.613,-39.551,-15.625,-43.457,-26.855,0.000
1732204966.617,-35.645,-21.484,-37.109,-9.766,0.000
1732204966.621,-8.789,-15.137,-39.062,-17.090,0.000
1732204966.625,-20.020,-0.488,-45.410,-44.434,0.000
1732204966.629,-35.645,1.953,-43.457,-43.457,0.000
1732204966.633,-18.066,3.418,-45.898,-40.527,0.000
1732204966.637,-31.250,10.742,-44.434,-54.688,0.000
1732204966.641,-29.785,8.301,-38.086,-59.570,0.000
1732204966.645,-29.785,4.883,-53.711,-52.734,0.000
1732204966.648,-35.156,9.766,-55.664,-61.035,0.000
1732204966.652,-40.039,7.324,-45.410,-71.777,0.000
1732204966.656,-33.691,0.000,-39.062,-60.547,0.000
1732204966.660,-22.461,5.859,-38.086,-63.477,0.000
1732204966.664,-29.297,-0.977,-37.598,-54.688,0.000
1732204966.668,-23.926,-7.324,-40.527,-34.668,0.000
1732204966.672,-24.414,-6.348,-35.156,-31.738,0.000
1732204966.676,-38.574,-8.301,-42.480,-40.527,0.000
1732204966.680,-16.602,-2.930,-51.758,-50.781,0.000
1732204966.684,-15.625,-4.395,-40.527,-64.453,0.000
1732204966.688,-32.715,0.000,-37.598,-65.918,0.000
1732204966.691,-19.043,4.395,-32.715,-71.777,0.000
1732204966.695,-24.414,0.000,-39.551,-74.219,0.000
1732204966.699,-14.648,0.977,-42.480,-69.336,0.000
1732204966.703,-24.902,-3.418,-34.668,-74.707,0.000
1732204966.707,-47.363,-4.883,-39.062,-67.383,0.000
1732204966.711,-48.340,-0.488,-33.203,-52.734,0.000
1732204966.715,-41.016,5.371,-33.203,-36.621,0.000
1732204966.719,-22.949,7.812,-41.504,-38.086,0.000
1732204966.723,-33.203,1.953,-27.832,-32.715,0.000
1732204966.727,-43.457,0.000,-24.902,-28.320,0.000
1732204966.730,-37.109,-7.812,-37.598,-47.363,0.000
1732204966.734,-32.227,-6.836,-42.969,-60.547,0.000
1732204966.738,-37.598,-3.418,-44.434,-59.570,0.000
1732204966.742,-40.039,-5.371,-40.527,-77.148,0.000
1732204966.746,-36.621,-6.836,-38.086,-71.777,0.000
1732204966.750,-37.598,-5.371,-35.156,-40.527,0.000
1732204966.754,-53.223,1.465,-32.715,-42.969,0.000
1732204966.758,-57.617,-5.371,-29.297,-55.664,0.000
1732204966.762,-40.527,-9.766,-38.574,-38.086,0.000
1732204966.766,-30.762,-7.324,-41.992,-49.316,0.000
1732204966.770,-40.039,-14.160,-33.203,-44.434,0.000
1732204966.773,-55.176,-14.160,-33.691,-37.598,0.000
1732204966.777,-43.945,-7.812,-26.855,-43.945,0.000
1732204966.781,-40.039,-7.812,-27.344,-16.602,0.000
1732204966.785,-34.668,-5.859,-33.691,-61.035,0.000
1732204966.789,-30.762,-0.977,-24.414,-76.660,0.000
1732204966.793,-42.480,-6.348,-23.438,-39.551,0.000
1732204966.797,-33.203,-11.719,-26.367,-36.621,0.000
1732204966.801,-22.949,-12.695,-25.879,-32.227,0.000
1732204966.805,-41.992,-12.207,-31.250,-43.457,0.000
1732204966.809,-49.316,-10.742,-38.086,-58.105,0.000
1732204966.813,-29.297,-6.348,-30.273,-43.457,0.000
1732204966.816,-33.203,-4.883,-20.508,-45.898,0.000
1732204966.820,-48.828,-8.789,-31.738,-44.922,0.000
1732204966.824,-33.691,-3.418,-27.832,-10.742,0.000
1732204966.828,-26.855,-1.953,-26.367,-32.227,0.000
1732204966.832,-41.016,-7.324,-39.551,-65.918,0.000
1732204966.836,-26.367,-2.930,-39.062,-55.176,0.000
1732204966.840,-17.578,-5.371,-34.180,-38.086,0.000
1732204966.844,-12.207,-6.348,-30.762,-29.785,0.000
1732204966.848,-19.531,-1.953,-31.738,-29.297,0.000
1732204966.852,-44.434,-11.719,-37.109,-43.945,0.000
1732204966.856,-45.410,-14.160,-32.715,-39.551,0.000
1732204966.859,-41.992,-8.789,-31.738,-21.484,0.000
1732204966.863,-53.711,-17.578,-38.574,-24.902,0.000
1732204966.867,-60.059,-15.625,-32.227,-32.715,0.000
1732204966.871,-51.758,-7.324,-38.086,-40.527,0.000
1732204966.875,-41.992,-9.766,-43.945,-47.363,0.000
1732204966.879,-45.898,-14.648,-32.227,-63.965,0.000
1732204966.883,-32.715,-17.578,-33.203,-76.660,0.000
1732204966.887,0.488,-12.695,-38.574,-47.363,0.000
1732204966.891,-10.254,-9.277,-32.227,-33.203,0.000
1732204966.895,-36.133,-11.719,-29.297,-41.992,0.000
1732204966.899,-33.691,-12.695,-33.203,-43.457,0.000
1732204966.902,-21.484,-13.184,-35.645,-31.250,0.000
1732204966.906,-13.184,-16.602,-34.668,-21.973,0.000
1732204966.910,-7.812,-12.207,-36.133,-34.180,0.000
1732204966.914,-14.160,-9.766,-40.527,-25.391,0.000
1732204966.918,-18.066,-14.160,-41.504,-29.297,0.000
1732204966.922,-18.066,-12.207,-39.551,-52.246,0.000
1732204966.926,-36.133,-13.184,-39.551,-45.898,0.000
1732204966.930,-19.043,-5.371,-31.250,-39.062,0.000
1732204966.934,0.000,2.930,-25.391,-37.109,0.000
1732204966.938,-29.785,-1.465,-40.527,-34.668,0.000
1732204966.942,-32.227,-4.395,-45.410,-38.086,0.000
1732204966.945,-27.832,-3.906,-34.180,-32.715,0.000
1732204966.949,-30.762,-7.324,-38.086,-35.156,0.000
1732204966.953,-25.391,-3.906,-40.527,-41.992,0.000
1732204966.957,-24.414,2.930,-39.062,-37.109,0.000
1732204966.961,-33.691,-1.465,-41.016,-26.855,0.000
1732204966.965,-36.133,-6.348,-37.598,-4.883,0.000
1732204966.969,-17.578,-0.488,-34.668,3.418,0.000
1732204966.973,-27.344,-1.953,-38.574,-16.602,0.000
1732204966.977,-34.180,-6.348,-43.945,-42.480,0.000
1732204966.981,-17.578,-2.930,-37.598,-36.621,0.000
1732204966.984,-11.230,-7.812,-36.133,-41.504,0.000
1732204966.988,-6.836,-7.812,-48.828,-59.570,0.000
1732204966.992,-21.973,-7.324,-51.270,-37.109,0.000
1732204966.996,-35.156,-11.719,-44.922,-10.254,0.000
1732204967.000,-23.438,-11.719,-34.180,-16.602,0.000
1732204967.004,-18.555,-8.789,-34.668,-18.555,0.000
1732204967.008,-27.344,-4.883,-34.668,-14.160,0.000
1732204967.012,-33.203,-3.906,-29.785,-47.363,0.000
1732204967.016,-34.180,-10.742,-29.785,-63.965,0.000
1732204967.020,-28.809,-8.789,-41.504,-69.336,0.000
1732204967.023,-29.297,-4.883,-43.457,-64.453,0.000
1732204967.027,-37.598,-7.324,-29.297,-52.734,0.000
1732204967.031,-18.066,-8.789,-31.738,-48.828,0.000
1732204967.035,-18.066,-9.766,-28.809,-33.691,0.000
1732204967.039,-47.852,-7.812,-23.926,-32.715,0.000
1732204967.043,-35.645,-5.859,-24.414,-40.527,0.000
1732204967.047,-34.180,-7.324,-23.438,-32.715,0.000
1732204967.051,-33.691,-12.207,-21.484,-18.066,0.000
1732204967.055,-23.438,-7.324,-18.555,-21.484,0.000
1732204967.059,-28.320,0.977,-17.090,-24.902,0.000
1732204967.063,-22.461,0.000,-28.320,-49.805,0.000
1732204967.066,-17.578,-8.301,-22.461,-40.527,0.000
1732204967.070,-31.738,-5.859,-5.859,-25.391,0.000
1732204967.074,0.000,2.441,0.000,-49.316,0.000
1732204967.078,0.000,-1.465,0.000,-47.363,0.000
1732204967.082,0.000,-5.371,0.000,-57.617,0.000
1732204967.086,0.000,-3.906,0.000,-65.430,0.000
1732204967.090,0.000,-7.812,0.000,-49.316,0.000
1732204967.094,0.000,-11.719,0.000,-32.227,0.000
1732204967.098,0.000,-11.719,0.000,-24.902,0.000
1732204967.102,0.000,-13.184,0.000,-34.668,0.000
1732204967.105,0.000,-14.648,0.000,-18.555,0.000
1732204967.109,0.000,-11.230,0.000,-30.762,0.000
1732204967.113,0.000,-7.812,0.000,-34.668,0.000
1732204967.117,0.000,-3.906,0.000,-29.297,0.000
1732204967.121,-41.016,-4.883,-17.578,-33.691,0.000
1732204967.125,-36.133,-8.789,-19.043,-32.227,0.000
1732204967.129,-46.387,-8.301,-20.996,-34.668,0.000
1732204967.133,-46.875,-9.277,-20.020,-24.902,0.000
1732204967.137,-53.223,-10.742,-23.438,-3.906,0.000
1732204967.141,-54.688,-8.789,-18.066,-4.395,0.000
1732204967.145,-42.969,-6.348,-16.602,-11.230,0.000
1732204967.148,-42.480,-10.742,-17.090,-25.391,0.000
1732204967.152,-42.969,-13.184,-14.160,-48.340,0.000
1732204967.156,-40.527,-8.789,-20.508,-74.707,0.000
1732204967.160,-42.480,-7.812,-23.926,-68.848,0.000
1732204967.164,-32.227,-7.324,-20.508,-41.504,0.000
1732204967.168,-33.203,-3.906,-20.020,-30.762,0.000
1732204967.172,-36.133,-4.883,-15.625,-24.414,0.000
1732204967.176,-37.109,-5.859,-12.695,-28.320,0.000
1732204967.180,-45.898,-5.371,-14.160,-33.203,0.000
1732204967.184,-48.340,-5.371,-16.602,-41.504,0.000
1732204967.188,-56.152,-8.301,-13.184,-33.203,0.000
1732204967.191,-41.504,-8.789,-13.672,-37.109,0.000
1732204967.195,-32.227,-2.930,-16.113,-33.203,0.000
1732204967.199,-33.691,-5.859,-11.719,-42.480,0.000
1732204967.203,-32.715,-8.301,-8.789,-55.176,0.000
1732204967.207,-26.855,-3.418,-10.254,-59.082,0.000
1732204967.211,-20.508,-3.418,-7.812,-35.156,0.000
1732204967.215,-29.785,-2.930,-7.324,-20.020,0.000
1732204967.219,-22.461,-4.883,-9.277,-30.762,0.000
1732204967.223,-36.621,-16.113,-13.184,-31.250,0.000
1732204967.227,-44.922,-14.648,-18.555,-22.949,0.000
1732204967.231,-39.062,-6.836,-12.695,-19.531,0.000
1732204967.234,-42.480,-3.418,-19.531,-4.883,0.000
1732204967.238,-37.109,-7.324,-28.320,8.301,0.000
1732204967.242,-24.902,-3.906,-14.160,-18.555,0.000
1732204967.246,-35.156,9.277,-8.789,-52.734,0.000
1732204967.250,-39.062,8.301,-17.578,-52.734,0.000
1732204967.254,-31.250,3.418,-14.160,-39.551,0.000
1732204967.258,-39.062,-4.395,-8.301,-40.039,0.000
1732204967.262,-57.129,-5.371,-3.418,-53.711,0.000
1732204967.266,-50.293,-1.953,-4.883,-38.574,0.000
1732204967.270,-41.992,-6.836,-11.230,-38.574,0.000
1732204967.274,-30.762,-8.301,-7.324,-49.805,0.000
1732204967.277,-13.672,-3.418,-8.789,-42.480,0.000
1732204967.281,-11.719,-5.859,-22.949,-32.227,0.000
1732204967.285,-8.789,-0.977,-23.926,-38.086,0.000
1732204967.289,-21.484,-3.418,-10.742,-18.066,0.000
1732204967.293,-31.738,-12.695,-10.254,11.719,0.000
1732204967.297,-21.484,-11.719,-13.184,-3.906,0.000
1732204967.301,-18.066,-9.766,-10.742,-23.926,0.000
1732204967.305,-25.879,-7.324,-5.371,-40.527,0.000
1732204967.309,-27.344,-5.371,-7.812,-36.621,0.000
1732204967.313,-31.738,-5.371,-12.207,-11.719,0.000
1732204967.316,-31.250,-4.395,-12.207,-9.277,0.000
1732204967.320,-29.785,-3.418,-12.695,-26.855,0.000
1732204967.324,-25.391,-5.371,-10.254,-29.785,0.000
1732204967.328,-32.715,-14.160,-10.254,-13.672,0.000
1732204967.332,-39.062,-14.160,-17.578,-24.902,0.000
1732204967.336,-27.832,-12.207,-17.578,-25.391,0.000
1732204967.340,-42.969,-17.090,-14.648,-19.531,0.000
1732204967.344,-59.570,-21.484,-6.348,-18.066,0.000
1732204967.348,-42.969,-14.648,-12.207,-8.789,0.000
1732204967.352,-43.457,-15.625,-27.832,-12.695,0.000
1732204967.356,-45.410,-20.020,-24.414,-8.789,0.000
1732204967.359,-44.922,-13.184,-25.391,-18.066,0.000
1732204967.363,-33.203,-8.789,-21.973,-30.762,0.000
1732204967.367,-19.043,-1.953,-23.926,-35.645,0.000
1732204967.371,-23.926,-2.930,-28.320,-29.785,0.000
1732204967.375,-20.020,-8.789,-15.625,4.883,0.000
1732204967.379,-17.090,-3.906,-13.672,-4.883,0.000
1732204967.383,-28.809,-0.488,-24.414,-47.363,0.000
1732204967.387,-21.973,-4.883,-31.250,-46.875,0.000
1732204967.391,-18.555,-7.324,-26.855,-15.625,0.000
1732204967.395,-31.250,-7.324,-28.809,-35.156,0.000
1732204967.398,-33.691,-6.348,-27.344,-32.227,0.000
1732204967.402,-28.320,-7.812,-26.855,-39.551,0.000
1732204967.406,-24.902,-8.301,-33.691,-62.012,0.000
1732204967.410,-29.785,-11.230,-29.297,-45.410,0.000
1732204967.414,-15.625,-14.648,-24.902,-49.805,0.000
1732204967.418,-17.578,-16.113,-27.832,-36.133,0.000
1732204967.422,-31.250,-20.508,-28.320,-33.203,0.000
1732204967.426,-40.527,-20.508,-33.203,-37.109,0.000
1732204967.430,-57.129,-22.461,-36.133,-31.738,0.000
1732204967.434,-43.457,-13.184,-34.668,-36.133,0.000
1732204967.437,-38.574,-11.719,-25.391,-2.930,0.000
1732204967.441,-40.039,-10.254,-24.902,1.953,0.000
1732204967.445,-43.457,-6.836,-35.645,-22.949,0.000
1732204967.449,0.000,-7.324,-40.527,-24.902,0.000
1732204967.453,0.000,0.488,-40.527,-8.301,0.000
1732204967.457,0.000,-3.906,-36.133,-17.578,0.000
1732204967.461,0.000,-6.348,-43.945,-47.363,0.000
1732204967.465,0.000,-7.812,-41.504,-50.781,0.000
1732204967.469,0.000,-4.883,-33.691,-39.062,0.000
1732204967.473,0.000,0.000,-37.109,-33.203,0.000
1732204967.477,0.000,-2.441,-42.969,-19.043,0.000
1732204967.481,0.000,-4.395,-36.133,-10.742,0.000
1732204967.484,0.000,-4.883,-32.227,-27.832,0.000
1732204967.488,0.000,-0.488,-28.320,-45.410,0.000
1732204967.492,0.000,-4.395,-32.715,-49.805,0.000
1732204967.496,-20.020,-10.742,-35.156,-44.922,0.000
1732204967.500,-25.879,-12.695,-29.297,-37.109,0.000
1732204967.504,-21.484,-9.277,-31.738,-26.367,0.000
1732204967.508,-13.184,-5.859,-33.691,-4.395,0.000
1732204967.512,-41.992,-5.371,-23.926,-17.090,0.000
1732204967.516,-51.270,-8.789,-25.391,-44.434,0.000
1732204967.520,-33.691,-13.184,-26.367,-21.484,0.000
1732204967.524,-35.645,-11.719,-20.996,-10.254,0.000
1732204967.527,-41.016,-11.719,-20.508,-36.133,0.000
1732204967.531,-51.270,-13.672,-25.391,-50.293,0.000
1732204967.535,-40.527,-13.184,-29.785,-46.387,0.000
1732204967.539,-18.066,-7.324,-21.973,-42.480,0.000
1732204967.543,-20.020,-7.812,-18.555,-19.531,0.000
1732204967.547,-16.602,-12.207,-19.531,-18.555,0.000
1732204967.551,-19.531,-12.207,-23.438,-53.223,0.000
1732204967.555,-31.250,-15.625,-18.066,-31.738,0.000
1732204967.559,-41.016,-27.832,-12.695,-1.465,0.000
1732204967.563,-43.457,-25.391,-12.695,-8.301,0.000
1732204967.567,-26.855,-9.766,-13.672,-35.156,0.000
1732204967.570,-20.020,-1.465,-18.066,-46.875,0.000
1732204967.574,-11.719,0.488,-11.719,-41.016,0.000
1732204967.578,-2.930,-6.348,-12.695,-31.250,0.000
1732204967.582,-14.160,-9.766,-15.625,-19.043,0.000
1732204967.586,-21.484,-10.742,-20.996,-24.902,0.000
1732204967.590,-44.434,-17.578,-19.043,-27.832,0.000
1732204967.594,-59.082,-16.602,-8.789,-19.043,0.000
1732204967.598,-52.246,-19.043,-9.766,-22.461,0.000
1732204967.602,-48.828,-17.578,-7.324,-30.762,0.000
1732204967.606,-43.457,-12.207,-10.254,-54.199,0.000
1732204967.609,-56.152,-12.207,-24.414,-62.012,0.000
1732204967.613,-45.410,-9.766,-16.602,-48.340,0.000
1732204967.617,-33.691,-11.230,4.883,-46.875,0.000
1732204967.621,-37.598,-15.137,4.395,-32.715,0.000
1732204967.625,-34.668,-17.090,-10.742,-48.828,0.000
1732204967.629,-37.109,-12.695,-17.578,-72.754,0.000
1732204967.633,-39.062,-12.695,-11.719,-51.758,0.000
1732204967.637,-45.410,-15.137,-12.207,-42.480,0.000
1732204967.641,-38.574,-6.348,-13.672,-25.879,0.000
1732204967.645,-41.016,-3.906,-9.766,-27.832,0.000
1732204967.649,-45.410,-6.348,-6.836,-65.918,0.000
1732204967.652,-38.574,-9.277,-17.090,-63.965,0.000
1732204967.656,-27.344,-15.137,-25.391,-51.758,0.000
1732204967.660,-25.879,-14.160,-18.555,-52.246,0.000
1732204967.664,-46.875,-14.648,-15.137,-29.297,0.000
1732204967.668,-59.082,-14.160,-11.719,-27.832,0.000
1732204967.672,-57.129,-11.230,-17.578,-56.152,0.000
1732204967.676,-51.758,-13.672,-20.508,-43.457,0.000
1732204967.680,-50.781,-19.043,-12.207,-20.020,0.000
1732204967.684,-49.316,-22.461,-10.254,-14.160,0.000
1732204967.688,-41.504,-19.043,-20.996,-17.090,0.000
1732204967.692,-39.551,-15.137,-18.066,-28.320,0.000
1732204967.695,-38.086,-13.184,-9.277,-47.363,0.000
1732204967.699,-45.410,-15.137,-6.348,-48.828,0.000
1732204967.703,-52.246,-20.020,-4.883,-47.852,0.000
1732204967.707,-35.156,-9.766,-15.137,-36.621,0.000
1732204967.711,-38.086,-9.277,-5.859,17.578,0.000
1732204967.715,-41.992,-15.137,-0.977,10.254,0.000
1732204967.719,-33.203,-9.766,-11.719,-47.852,0.000
1732204967.723,-47.852,-7.324,-12.207,-56.152,0.000
1732204967.727,-31.250,-7.324,-12.207,-42.969,0.000
1732204967.731,-17.578,-8.301,-14.160,-45.898,0.000
1732204967.735,-35.156,-17.578,-19.531,-47.852,0.000
1732204967.738,-42.480,-16.113,-14.648,-27.344,0.000
1732204967.742,-41.016,-7.324,-10.254,-5.371,0.000
1732204967.746,-44.922,-8.301,-9.766,-1.465,0.000
1732204967.750,-51.758,-9.766,-8.789,-26.855,0.000
1732204967.754,-49.805,-6.348,-9.766,-30.762,0.000
1732204967.758,-44.922,-5.371,-16.113,-28.809,0.000
1732204967.762,-37.109,-3.906,-12.207,-60.059,0.000
1732204967.766,-29.297,-4.395,-14.648,-77.148,0.000
1732204967.770,-22.461,-5.859,-24.902,-62.500,0.000
1732204967.773,-12.695,-5.859,-24.902,-37.598,0.000
1732204967.777,-39.551,-9.766,-17.090,-35.645,0.000
1732204967.781,-52.246,-15.137,-13.184,-36.621,0.000
1732204967.785,-28.809,-13.184,-12.207,-34.668,0.000
1732204967.789,-34.180,-21.484,-16.113,-41.016,0.000
1732204967.793,-46.875,-20.996,-15.137,-43.457,0.000
1732204967.797,-43.457,-14.160,-9.277,-45.898,0.000
1732204967.801,-27.832,-19.043,-16.602,-21.973,0.000
1732204967.805,-23.926,-17.090,-18.555,-22.461,0.000
1732204967.809,-18.555,-2.930,-24.414,-43.457,0.000
1732204967.813,-45.898,-6.836,-23.438,-40.039,0.000
1732204967.816,-63.477,-15.625,-15.625,-29.297,0.000
1732204967.820,-53.223,-13.184,-13.184,-35.156,0.000
1732204967.824,-43.457,-11.719,-10.742,-39.551,0.000
1732204967.828,-30.762,-12.207,-13.672,-36.621,0.000
1732204967.832,-19.043,-17.090,-13.184,-33.203,0.000
1732204967.836,-22.461,-12.695,-7.324,-57.129,0.000
1732204967.840,-35.156,-9.277,-14.648,-48.828,0.000
1732204967.844,-22.949,-10.742,-25.879,-9.766,0.000
1732204967.848,-42.480,-12.207,-18.555,-29.297,0.000
1732204967.852,-58.594,-5.859,-20.020,-66.895,0.000
1732204967.855,-47.363,-4.395,-20.508,-64.941,0.000
1732204967.859,-33.691,-7.324,-17.090,-58.594,0.000
1732204967.863,-35.156,-6.348,-21.973,-62.988,0.000
1732204967.867,-32.227,-9.766,-15.625,-41.504,0.000
1732204967.871,-30.273,-11.719,-16.113,-28.809,0.000
1732204967.875,-30.762,-4.883,-20.508,-24.414,0.000
1732204967.879,-23.438,-3.418,-14.648,-38.574,0.000
1732204967.883,-10.742,-3.906,-9.766,-47.363,0.000
1732204967.887,-16.602,-4.395,-14.648,-20.508,0.000
1732204967.891,-26.367,-9.277,-22.461,-58.105,0.000
1732204967.895,-31.738,-8.301,-24.902,-90.820,0.000
1732204967.898,-37.598,-6.836,-26.855,-60.547,0.000
1732204967.902,-29.297,-10.742,-24.902,-51.270,0.000
1732204967.906,-34.668,-10.742,-23.926,-32.715,0.000
1732204967.910,-36.621,-8.301,-26.855,-14.648,0.000
1732204967.914,-38.574,-17.090,-18.555,-39.551,0.000
1732204967.918,-40.527,-19.043,-21.484,-74.707,0.000
1732204967.922,-38.574,-16.113,-28.320,-76.660,0.000
1732204967.926,-38.086,-21.484,-27.832,-58.105,0.000
1732204967.930,-31.738,-18.066,-28.320,-53.223,0.000
1732204967.934,-29.785,-16.602,-32.227,-38.574,0.000
1732204967.938,-28.320,-16.113,-31.738,-31.250,0.000
1732204967.942,-28.809,-9.277,-20.020,-38.086,0.000
1732204967.945,-28.809,-9.766,-14.648,-39.551,0.000
1732204967.949,-32.227,-15.137,-15.625,-39.062,0.000
1732204967.953,-38.086,-15.625,-16.113,-58.105,0.000
1732204967.957,-40.039,-12.207,-20.996,-45.410,0.000
1732204967.961,-41.016,-15.625,-12.207,-25.391,0.000
1732204967.965,-45.410,-12.207,-6.348,-27.832,0.000
1732204967.969,-52.246,-12.207,-19.043,-39.551,0.000
1732204967.973,-49.805,-14.160,-20.508,-61.523,0.000
1732204967.977,-44.922,-10.254,-14.648,-42.969,0.000
1732204967.981,-55.664,-14.648,-26.367,-35.156,0.000
1732204967.985,-43.945,-20.020,-17.090,-60.059,0.000
1732204967.988,-16.113,-18.555,-6.836,-52.246,0.000
1732204967.992,-30.762,-9.766,-16.113,-62.988,0.000
1732204967.996,-52.734,-2.930,-22.461,-78.125,0.000
1732204968.000,-36.621,-4.395,-21.973,-64.941,0.000
1732204968.004,-37.109,1.953,-18.066,-71.777,0.000
1732204968.008,-64.453,1.465,-20.508,-72.754,0.000
1732204968.012,-62.988,-5.371,-28.809,-69.824,0.000
1732204968.016,-62.500,0.000,-33.691,-67.871,0.000
1732204968.020,-85.938,2.930,-25.879,-68.848,0.000
1732204968.024,-88.379,5.371,-23.438,-66.895,0.000
1732204968.028,-79.102,3.418,-23.438,-89.844,0.000
1732204968.031,-73.730,-1.953,-20.508,-115.723,0.000
1732204968.035,-67.383,0.977,-15.625,-116.211,0.000
1732204968.039,-62.012,2.930,-18.066,-102.051,0.000
1732204968.043,-72.754,4.883,-26.855,-110.840,0.000
1732204968.047,-87.402,8.789,-28.320,-130.859,0.000
1732204968.051,-127.441,5.859,-16.602,-124.023,0.000
1732204968.055,-143.555,9.766,-13.672,-129.883,0.000
1732204968.059,-137.695,19.043,-14.160,-155.273,0.000
1732204968.063,-153.320,17.090,-4.395,-165.039,0.000
1732204968.067,-153.320,31.250,-14.160,-142.578,0.000
1732204968.070,-179.688,35.156,-13.672,-166.992,0.000
1732204968.074,-194.336,29.297,-6.348,-197.266,0.000
1732204968.078,-189.453,31.250,-5.859,-175.781,0.000
1732204968.082,-205.078,23.438,-2.930,-196.777,0.000
1732204968.086,-187.012,25.879,8.789,-176.758,0.000
1732204968.090,-178.223,34.180,16.113,-167.480,0.000
1732204968.094,-191.406,33.691,6.836,-208.008,0.000
1732204968.098,-176.270,24.902,1.953,-194.336,0.000
1732204968.102,-158.691,17.578,0.000,-184.570,0.000
1732204968.106,-145.996,19.043,0.000,-176.270,0.000
1732204968.110,-131.836,11.719,-9.277,-142.090,0.000
1732204968.113,-107.910,8.301,-27.344,-135.254,0.000
1732204968.117,-80.078,7.812,-28.809,-129.883,0.000
1732204968.121,-71.777,1.953,-24.414,-85.449,0.000
1732204968.125,-66.406,-3.906,-33.203,-76.172,0.000
1732204968.129,-35.156,-14.648,-41.016,-76.660,0.000
1732204968.133,-38.086,-23.926,-36.621,-51.270,0.000
1732204968.137,-60.547,-22.949,-39.062,-35.156,0.000
1732204968.141,-53.223,-20.508,-46.875,-36.133,0.000
1732204968.145,-46.387,-28.320,-49.316,-23.438,0.000
1732204968.149,-22.949,-24.414,-46.875,-4.883,0.000
1732204968.152,-8.301,-17.578,-48.828,-15.625,0.000
1732204968.156,-3.418,-20.508,-46.387,-10.254,0.000
1732204968.160,10.254,-19.531,-38.574,-0.977,0.000
1732204968.164,2.441,-23.926,-38.086,-13.184,0.000
1732204968.168,-3.906,-31.250,-39.062,-29.297,0.000
1732204968.172,24.902,-28.809,-33.203,-10.742,0.000
1732204968.176,43.457,-23.438,-28.809,0.000,0.000
1732204968.180,20.508,-25.391,-28.320,1.953,0.000
1732204968.184,10.254,-21.484,-26.367,17.578,0.000
1732204968.188,15.137,-21.484,-24.414,16.113,0.000
1732204968.191,5.371,-25.879,-22.461,18.555,0.000
1732204968.195,0.977,-29.785,-22.949,22.461,0.000
1732204968.199,-0.488,-28.809,-27.832,-16.602,0.000
1732204968.203,-8.789,-28.320,-27.344,-26.855,0.000
1732204968.207,-9.766,-31.738,-28.320,-11.719,0.000
1732204968.211,-16.602,-34.668,-26.855,9.766,0.000
1732204968.215,-2.930,-37.109,-27.344,-8.789,0.000
1732204968.219,1.953,-29.297,-26.855,-24.902,0.000
1732204968.223,-12.207,-26.855,-26.367,-30.273,0.000
1732204968.227,-0.977,-24.414,-25.879,-27.344,0.000
1732204968.231,1.953,-21.973,-21.484,-2.441,0.000
1732204968.234,3.906,-23.926,-13.184,-1.953,0.000
1732204968.238,3.418,-20.996,-8.789,-6.348,0.000
1732204968.242,-12.207,-23.438,-13.184,-25.391,0.000
1732204968.246,0.000,-24.902,-14.160,-19.531,0.000
1732204968.250,0.000,-24.902,-21.973,-25.879,0.000
1732204968.254,0.000,-22.461,-31.738,-33.203,0.000
1732204968.258,0.000,-14.648,-20.508,9.766,0.000
1732204968.262,0.000,-13.672,-6.348,11.719,0.000
1732204968.266,0.000,-15.137,-9.277,16.602,0.000
1732204968.270,0.000,-14.160,-13.184,30.762,0.000
1732204968.274,0.000,-17.090,-15.137,10.742,0.000
1732204968.277,0.000,-18.555,-21.484,-4.883,0.000
1732204968.281,0.000,-20.996,-20.508,-36.133,0.000
1732204968.285,0.000,-24.902,-19.043,-38.574,0.000
1732204968.289,0.000,-20.996,-22.949,-39.062,0.000
1732204968.293,-25.879,-15.625,-20.020,-51.270,0.000
1732204968.297,-14.648,-15.137,-19.531,-71.289,0.000
1732204968.301,-1.953,-9.766,-19.531,-86.426,0.000
1732204968.305,-5.371,-4.395,-19.043,-60.547,0.000
1732204968.309,-14.648,-12.695,-21.973,-18.555,0.000
1732204968.313,-21.484,-16.113,-17.090,1.953,0.000
1732204968.317,-36.621,-16.113,-11.230,-40.527,0.000
1732204968.320,-41.992,-17.578,-24.414,-36.133,0.000
1732204968.324,-34.668,-12.207,-24.902,0.977,0.000
1732204968.328,-31.738,-15.625,-12.695,-26.855,0.000
1732204968.332,-35.156,-26.855,-17.578,-19.043,0.000
1732204968.336,-25.879,-31.250,-18.066,1.465,0.000
1732204968.340,-25.879,-23.926,-9.766,-2.930,0.000
1732204968.344,-29.785,-18.555,-11.230,-17.090,0.000
1732204968.348,-41.992,-22.949,-16.113,-38.574,0.000
1732204968.352,-51.270,-22.949,-17.578,-37.598,0.000
1732204968.356,-32.227,-30.762,-17.578,-26.855,0.000
1732204968.360,-24.414,-30.273,-16.602,-41.504,0.000
1732204968.363,-33.691,-23.438,-26.367,-53.711,0.000
1732204968.367,-28.320,-26.367,-23.438,-22.949,0.000
1732204968.371,-27.344,-17.578,-19.043,-1.465,0.000
1732204968.375,-32.227,-7.812,-24.414,-6.836,0.000
1732204968.379,-27.832,-11.230,-26.367,-28.320,0.000
1732204968.383,-41.016,-11.230,-23.926,-33.203,0.000
1732204968.387,-43.457,-7.324,-20.508,-17.578,0.000
1732204968.391,-50.781,-14.160,-24.414,-9.766,0.000
1732204968.395,-55.176,-19.531,-21.973,-11.719,0.000
1732204968.399,-41.992,-19.043,-15.137,-12.207,0.000
1732204968.403,-47.852,-16.113,-20.508,-35.156,0.000
1732204968.406,-45.898,-13.672,-23.926,-63.477,0.000
1732204968.410,-28.320,-25.391,-15.137,-37.598,0.000
1732204968.414,-25.391,-21.484,-10.254,-18.555,0.000
1732204968.418,-28.320,-11.719,-16.113,-36.621,0.000
1732204968.422,-29.785,-17.090,-25.879,-49.805,0.000
1732204968.426,-25.391,-20.996,-25.391,-41.504,0.000
1732204968.430,-13.184,-20.996,-28.809,-23.926,0.000
1732204968.434,0.000,-19.531,0.000,-20.020,0.000
1732204968.438,0.000,-19.043,0.000,-29.297,0.000
1732204968.442,0.000,-27.832,0.000,-25.879,0.000
1732204968.446,0.000,-28.809,0.000,-14.648,0.000
1732204968.449,0.000,-23.926,0.000,-11.230,0.000
1732204968.453,0.000,-19.531,0.000,-12.695,0.000
1732204968.457,0.000,-13.672,0.000,-2.441,0.000
1732204968.461,0.000,-12.207,0.000,4.395,0.000
1732204968.465,0.000,-13.184,0.000,16.113,0.000
1732204968.469,0.000,-15.625,0.000,38.086,0.000
1732204968.473,0.000,-16.602,0.000,15.625,0.000
1732204968.477,0.000,-24.902,0.000,-53.223,0.000
1732204968.481,-15.137,-24.902,-19.043,-59.082,0.000
1732204968.485,-19.531,-19.531,-13.672,-29.785,0.000
1732204968.488,-21.973,-28.320,-10.254,-24.902,0.000
1732204968.492,-17.090,-27.832,-16.602,-22.949,0.000
1732204968.496,-10.742,-22.461,-19.043,-3.418,0.000
1732204968.500,0.488,-24.902,-12.695,3.906,0.000
1732204968.504,0.488,-32.715,-9.766,11.230,0.000
1732204968.508,-14.648,-33.203,-7.324,21.484,0.000
1732204968.512,-12.207,-40.527,-7.812,7.812,0.000
1732204968.516,-6.348,-54.199,-11.719,13.184,0.000
1732204968.520,-8.301,-42.969,-8.789,9.277,0.000
1732204968.524,-2.930,-27.344,-12.207,15.137,0.000
1732204968.528,-7.812,-18.555,-12.207,23.438,0.000
1732204968.531,-20.508,-21.484,-12.207,16.602,0.000
1732204968.535,-13.672,-29.785,-20.508,52.246,0.000
1732204968.539,-25.391,-34.668,-18.555,58.594,0.000
1732204968.543,-23.438,-26.367,-15.137,39.551,0.000
1732204968.547,-9.277,-18.066,-13.672,16.602,0.000
1732204968.551,-31.738,-19.043,-21.973,-39.062,0.000
1732204968.555,-31.250,-20.508,-25.391,-49.805,0.000
1732204968.559,-3.418,-23.438,-21.484,-28.320,0.000
1732204968.563,-3.906,-18.066,-13.672,-1.465,0.000
1732204968.567,-20.020,-18.555,-8.789,2.441,0.000
1732204968.570,-33.203,-24.902,-15.625,-23.926,0.000
1732204968.574,-32.227,-25.391,-12.695,-37.109,0.000
1732204968.578,-11.719,-29.785,-16.113,-26.367,0.000
1732204968.582,4.395,-34.668,-19.531,-5.371,0.000
1732204968.586,9.766,-41.016,-20.020,21.973,0.000
1732204968.590,4.883,-41.992,-22.461,29.785,0.000
1732204968.594,-11.719,-34.668,-21.973,7.812,0.000
1732204968.598,-34.180,-30.273,-26.855,4.395,0.000
1732204968.602,-34.668,-27.832,-28.320,10.742,0.000
1732204968.606,-34.180,-36.133,-20.996,16.113,0.000
1732204968.610,-34.180,-42.480,-12.207,12.695,0.000
1732204968.613,-22.461,-32.715,-24.414,12.695,0.000
1732204968.617,-15.625,-28.809,-26.855,20.508,0.000
1732204968.621,-15.137,-27.344,-25.391,14.648,0.000
1732204968.625,-11.719,-19.531,-23.926,5.371,0.000
1732204968.629,-13.672,-21.484,-23.926,-4.883,0.000
1732204968.633,-13.184,-24.902,-31.738,1.465,0.000
1732204968.637,-6.348,-22.949,-23.438,10.742,0.000
1732204968.641,-12.207,-29.297,-22.461,2.930,0.000
1732204968.645,-13.184,-37.598,-23.926,-6.836,0.000
1732204968.649,-12.207,-35.156,-20.996,-6.836,0.000
1732204968.653,-11.230,-28.320,-23.926,-13.672,0.000
1732204968.657,-12.207,-22.949,-30.273,-12.207,0.000
1732204968.660,-17.578,-21.973,-24.902,0.000,0.000
1732204968.664,3.418,-18.066,-19.531,7.324,0.000
1732204968.668,4.395,-11.230,-18.066,17.578,0.000
1732204968.672,-14.648,-18.066,-24.414,-4.883,0.000
1732204968.676,-7.812,-20.508,-37.598,-0.977,0.000
1732204968.680,-1.953,-16.602,-29.785,0.977,0.000
1732204968.684,-16.113,-16.113,-19.531,-13.672,0.000
1732204968.688,-23.438,-19.531,-20.020,-3.906,0.000
1732204968.692,-21.484,-25.391,-18.555,4.395,0.000
1732204968.696,-21.484,-23.926,-17.090,-9.766,0.000
1732204968.700,-19.043,-20.508,-24.414,-47.363,0.000
1732204968.703,-23.438,-17.090,-20.020,-42.480,0.000
1732204968.707,-27.344,-24.414,-13.184,9.277,0.000
1732204968.711,-31.250,-27.832,-18.066,9.277,0.000
1732204968.715,0.000,-20.020,0.000,-31.250,0.000
1732204968.719,0.000,-15.137,0.000,-52.734,0.000
1732204968.723,0.000,-12.695,0.000,-65.430,0.000
1732204968.727,0.000,-20.508,0.000,-67.383,0.000
1732204968.731,0.000,-20.996,0.000,-62.500,0.000
1732204968.735,0.000,-17.090,0.000,-52.246,0.000
1732204968.739,0.000,-16.602,0.000,-32.715,0.000
1732204968.742,0.000,-15.137,0.000,-38.086,0.000
1732204968.746,0.000,-14.160,0.000,-40.039,0.000
1732204968.750,0.000,-11.719,0.000,-27.344,0.000
1732204968.754,0.000,-7.812,0.000,-36.621,0.000
1732204968.758,0.000,-8.301,0.000,-48.828,0.000
1732204968.762,-42.969,-11.719,-23.926,-63.477,0.000
1732204968.766,-17.578,-10.254,-18.066,-59.570,0.000
1732204968.770,-25.879,-7.812,-17.578,-37.598,0.000
1732204968.774,-62.012,-17.090,-25.879,-50.293,0.000
1732204968.778,-55.664,-16.113,-26.855,-54.199,0.000
1732204968.782,-40.527,-10.254,-29.785,-24.414,0.000
1732204968.785,-43.945,-22.949,-27.832,-30.762,0.000
1732204968.789,-38.086,-26.367,-23.926,-42.480,0.000
1732204968.793,-34.180,-17.578,-19.531,-41.992,0.000
1732204968.797,-53.711,-16.113,-19.043,-89.844,0.000
1732204968.801,-50.781,-20.996,-19.043,-100.098,0.000
1732204968.805,-47.852,-19.043,-18.066,-89.355,0.000
1732204968.809,-55.176,-19.531,-14.160,-90.332,0.000
1732204968.813,-44.922,-20.996,-14.160,-62.012,0.000
1732204968.817,-43.457,-16.113,-24.902,-54.199,0.000
1732204968.821,-38.086,-16.602,-18.555,-59.570,0.000
1732204968.825,-30.762,-18.066,-12.695,-54.199,0.000
1732204968.828,-30.762,-12.695,-24.414,-43.945,0.000
1732204968.832,-31.250,-11.719,-28.809,-41.992,0.000
1732204968.836,-14.160,-14.648,-17.090,-33.203,0.000
1732204968.840,-10.742,-8.789,-10.742,-24.414,0.000
1732204968.844,-29.297,-7.812,-21.484,-37.109,0.000
1732204968.848,-35.645,-17.578,-23.926,-23.438,0.000
1732204968.852,-52.734,-22.949,-21.484,-0.977,0.000
1732204968.856,-72.266,-20.996,-25.391,-31.738,0.000
1732204968.860,-73.730,-14.160,-17.090,-37.109,0.000
1732204968.864,-57.617,-16.113,-15.625,-4.395,0.000
1732204968.868,-55.664,-19.531,-25.391,-40.527,0.000
1732204968.871,-58.105,-18.555,-23.438,-83.496,0.000
1732204968.875,-48.828,-22.461,-20.996,-74.707,0.000
1732204968.879,-48.340,-22.949,-20.020,-57.129,0.000
1732204968.883,-50.293,-24.414,-17.090,-45.410,0.000
1732204968.887,-35.156,-20.996,-24.414,-70.312,0.000
1732204968.891,-18.066,-15.625,-23.438,-70.801,0.000
1732204968.895,-26.855,-16.602,-14.648,-48.828,0.000
1732204968.899,-40.039,-14.648,-15.137,-61.523,0.000
1732204968.903,-38.574,-15.137,-15.625,-50.293,0.000
1732204968.907,-31.250,-22.461,-25.879,-27.344,0.000
1732204968.911,-43.945,-28.320,-25.879,-25.391,0.000
1732204968.914,-52.734,-26.367,-19.043,-14.648,0.000
1732204968.918,-32.715,-22.949,-18.555,-20.996,0.000
1732204968.922,-28.320,-20.508,-26.367,-44.434,0.000
1732204968.926,-34.180,-20.508,-19.531,-31.250,0.000
1732204968.930,-46.875,-17.090,-14.648,-48.828,0.000
1732204968.934,-37.109,-20.508,-20.996,-53.223,0.000
1732204968.938,-25.391,-21.973,-23.926,-36.621,0.000
1732204968.942,-43.457,-18.066,-24.414,-40.527,0.000
1732204968.946,-33.203,-16.602,-30.273,-51.270,0.000
1732204968.950,-14.160,-19.531,-33.203,-31.738,0.000
1732204968.953,-41.504,-28.320,-28.809,-17.578,0.000
1732204968.957,-55.176,-28.809,-22.949,-38.574,0.000
1732204968.961,-35.156,-18.066,-18.066,-43.457,0.000
1732204968.965,-34.180,-17.578,-20.996,-32.715,0.000
1732204968.969,-47.363,-20.996,-22.949,-45.898,0.000
1732204968.973,-43.945,-14.648,-17.578,-47.852,0.000
1732204968.977,-34.180,-16.602,-17.090,-37.109,0.000
1732204968.981,-33.691,-19.531,-21.973,-32.715,0.000
1732204968.985,-22.949,-14.160,-22.461,-19.043,0.000
1732204968.989,-13.672,-13.184,-22.461,-7.812,0.000
1732204968.992,-20.996,-12.695,-25.391,-26.855,0.000
1732204968.996,-37.109,-16.602,-20.020,-16.602,0.000
1732204969.000,-35.156,-18.066,-18.555,-4.395,0.000
1732204969.004,-31.738,-12.207,-22.461,-38.574,0.000
1732204969.008,-26.855,-13.184,-21.484,-55.664,0.000
1732204969.012,-16.602,-20.508,-21.973,-44.922,0.000
1732204969.016,-27.832,-22.949,-13.672,-50.781,0.000
1732204969.020,-43.945,-15.625,-12.695,-52.734,0.000
1732204969.024,-38.574,-8.789,-22.949,-39.551,0.000
1732204969.028,-43.457,-15.625,-22.949,-50.781,0.000
1732204969.032,-44.434,-19.043,-18.066,-70.312,0.000
1732204969.035,-40.527,-14.160,-17.090,-54.688,0.000
1732204969.039,-40.039,-11.230,-21.484,-52.734,0.000
1732204969.043,-55.664,-17.578,-25.391,-74.707,0.000
1732204969.047,-39.551,-18.066,-26.855,-71.289,0.000
1732204969.051,-30.273,-13.672,-27.832,-70.801,0.000
1732204969.055,-50.293,-12.207,-21.484,-67.383,0.000
1732204969.059,-48.340,-9.766,-21.484,-40.039,0.000
1732204969.063,-61.035,-13.672,-25.391,-41.504,0.000
1732204969.067,-45.410,-0.977,-18.066,-53.711,0.000
1732204969.071,-30.762,-2.441,-12.207,-46.875,0.000
1732204969.075,-47.363,-11.230,-17.578,-39.062,0.000
1732204969.078,-41.992,-0.488,-9.277,-38.086,0.000
1732204969.082,-46.387,-2.930,-17.578,-50.781,0.000
1732204969.086,-41.504,-1.953,-23.438,-57.617,0.000
1732204969.090,-36.133,2.930,-17.090,-45.898,0.000
1732204969.094,-43.945,-0.488,-17.090,-44.922,0.000
1732204969.098,-32.227,0.488,-17.578,-62.500,0.000
1732204969.102,-20.996,9.277,-20.996,-59.570,0.000
1732204969.106,-26.367,5.371,-10.742,-29.785,0.000
1732204969.110,-23.926,-2.930,-12.695,-28.320,0.000
1732204969.114,-32.227,0.977,-24.902,-37.598,0.000
1732204969.118,-38.574,1.953,-20.508,-48.340,0.000
1732204969.121,-26.855,-5.859,-16.602,-49.316,0.000
1732204969.125,-27.832,-11.230,-22.461,-43.945,0.000
1732204969.129,-12.207,-0.977,-22.949,-49.805,0.000
1732204969.133,-19.043,7.324,-28.320,-42.480,0.000
1732204969.137,-31.250,-7.324,-26.855,-32.227,0.000
1732204969.141,-23.926,-14.160,-32.227,-41.504,0.000
1732204969.145,-39.062,-4.883,-33.203,-32.715,0.000
1732204969.149,-51.758,-11.230,-26.367,-7.324,0.000
1732204969.153,-48.340,-14.160,-26.855,-29.785,0.000
1732204969.157,-57.617,-9.766,-20.996,-37.598,0.000
1732204969.161,-60.547,-3.418,-22.949,-34.668,0.000
1732204969.164,-45.898,-1.465,-30.273,-43.457,0.000
1732204969.168,-33.203,-2.441,-28.809,-41.504,0.000
1732204969.172,-35.156,-0.488,-25.391,-50.781,0.000
1732204969.176,-29.297,-6.348,-26.855,-49.805,0.000
1732204969.180,-33.691,-2.441,-18.066,-42.969,0.000
1732204969.184,-42.969,2.441,-15.137,-39.551,0.000
1732204969.188,-38.086,-0.488,-19.531,-20.508,0.000
1732204969.192,-23.926,0.977,-14.648,-17.090,0.000
1732204969.196,-16.113,4.883,-5.371,-36.621,0.000
1732204969.200,-23.438,3.418,-9.766,-49.805,0.000
1732204969.203,-23.438,-0.488,-13.184,-39.062,0.000
1732204969.207,-29.785,1.953,-4.883,-35.645,0.000
1732204969.211,-48.340,-6.348,-15.625,-40.527,0.000
1732204969.215,-50.781,-14.648,-26.367,-68.359,0.000
1732204969.219,-33.203,-9.277,-21.973,-69.336,0.000
1732204969.223,-36.133,-14.648,-15.137,-40.527,0.000
1732204969.227,-39.551,-16.602,-22.461,-36.621,0.000
1732204969.231,-48.828,-4.883,-26.367,-53.223,0.000
1732204969.235,-57.129,-8.789,-20.020,-54.688,0.000
1732204969.239,-33.691,-16.602,-16.602,-2.441,0.000
1732204969.243,-36.133,-13.184,-17.578,-15.137,0.000
1732204969.246,-36.133,-9.277,-20.508,-54.199,0.000
1732204969.250,-19.043,-0.977,-19.043,-53.223,0.000
1732204969.254,-35.156,-0.488,-15.137,-50.781,0.000
1732204969.258,-45.410,-8.301,-16.113,-30.762,0.000
1732204969.262,-47.852,-8.789,-18.066,-23.438,0.000
1732204969.266,-37.109,-6.348,-17.090,-18.555,0.000
1732204969.270,-30.762,-11.230,-10.742,-25.879,0.000
1732204969.274,-33.691,-16.113,-14.160,-45.410,0.000
1732204969.278,-32.227,-12.695,-24.902,-74.219,0.000
1732204969.282,-31.738,-5.371,-37.109,-84.961,0.000
1732204969.285,-23.438,-1.953,-36.133,-49.805,0.000
1732204969.289,-30.762,-12.207,-24.902,-39.551,0.000
1732204969.293,-33.691,-10.742,-22.461,-40.527,0.000
1732204969.297,-28.809,-4.883,-22.461,-50.781,0.000
1732204969.301,-31.738,-11.230,-26.367,-37.598,0.000
1732204969.305,-37.598,-11.719,-26.855,-22.461,0.000
1732204969.309,-45.410,-12.207,-25.879,-44.922,0.000
1732204969.313,-20.020,-15.625,-15.625,-24.414,0.000
1732204969.317,-1.465,-11.230,-13.672,-11.230,0.000
1732204969.321,-45.410,7.324,-21.973,-49.316,0.000
1732204969.325,-79.590,14.160,-24.902,-63.477,0.000
1732204969.328,-74.707,3.906,-23.926,-44.922,0.000
1732204969.332,-83.496,-5.859,-20.508,-51.270,0.000
1732204969.336,-108.398,-3.418,-24.902,-83.984,0.000
1732204969.340,-109.375,-3.906,-29.785,-97.168,0.000
1732204969.344,-105.957,-1.465,-31.250,-84.473,0.000
1732204969.348,-107.422,8.301,-31.738,-91.797,0.000
1732204969.352,-119.141,16.602,-33.203,-103.027,0.000
1732204969.356,-131.348,4.883,-34.668,-120.117,0.000
1732204969.360,-108.887,7.812,-41.992,-140.137,0.000
1732204969.364,-108.398,17.578,-39.551,-138.184,0.000
1732204969.367,-124.512,4.883,-39.551,-138.672,0.000
1732204969.371,-105.957,-2.441,-41.504,-97.656,0.000
1732204969.375,-104.980,-5.859,-40.527,-104.492,0.000
1732204969.379,-98.633,-4.395,-43.457,-115.234,0.000
1732204969.383,-89.355,-5.371,-35.156,-107.422,0.000
1732204969.387,-84.473,-11.230,-27.832,-109.863,0.000
1732204969.391,-81.055,-12.695,-41.992,-100.098,0.000
1732204969.395,-93.262,-13.672,-42.480,-92.285,0.000
1732204969.399,-85.449,-11.719,-33.691,-95.703,0.000
1732204969.403,-75.195,-8.789,-37.598,-85.938,0.000
1732204969.407,-72.754,-11.719,-35.156,-61.523,0.000
1732204969.410,-74.219,-14.648,-37.598,-59.082,0.000
1732204969.414,-67.871,-16.113,-33.691,-62.988,0.000
1732204969.418,-50.781,-15.625,-30.762,-58.105,0.000
1732204969.422,-45.898,-15.137,-37.109,-55.176,0.000
1732204969.426,-52.246,-21.484,-33.203,-58.594,0.000
1732204969.430,-56.641,-24.902,-34.668,-53.223,0.000
1732204969.434,-55.664,-23.438,-28.809,-36.621,0.000
1732204969.438,-55.176,-22.949,-18.555,-12.207,0.000
1732204969.442,-53.711,-19.043,-25.391,-41.504,0.000
1732204969.446,-51.758,-15.625,-24.414,-62.500,0.000
1732204969.450,-65.918,-21.484,-25.879,-30.273,0.000
1732204969.453,-54.199,-20.508,-29.785,-26.855,0.000
1732204969.457,-39.062,-22.949,-25.391,-31.250,0.000
1732204969.461,-47.363,-20.508,-32.715,-48.340,0.000
1732204969.465,-38.086,-11.719,-37.109,-62.012,0.000
1732204969.469,-27.832,-11.230,-23.926,-27.832,0.000
1732204969.473,-30.762,-13.184,-18.555,-16.113,0.000
1732204969.477,-37.109,-15.137,-19.531,-41.016,0.000
1732204969.481,-36.621,-14.160,-24.902,-39.062,0.000
1732204969.485,-52.246,-17.090,-36.133,-47.852,0.000
1732204969.489,-42.480,-14.160,-27.832,-41.504,0.000
1732204969.493,-19.043,-11.719,-15.137,-20.996,0.000
1732204969.496,-33.203,-12.207,-18.066,-24.414,0.000
1732204969.500,-37.109,-7.324,-25.391,-34.668,0.000
1732204969.504,-36.621,-11.230,-24.902,-51.758,0.000
1732204969.508,-26.855,-8.301,-25.879,-51.758,0.000
1732204969.512,-29.297,-7.324,-24.902,-56.152,0.000
1732204969.516,-30.762,-12.207,-19.043,-34.180,0.000
1732204969.520,-26.367,-8.301,-21.973,-37.598,0.000
1732204969.524,-34.668,-15.137,-19.531,-20.996,0.000
1732204969.528,-43.945,-19.043,-21.973,0.488,0.000
1732204969.532,-45.898,-20.020,-18.555,-30.762,0.000
1732204969.536,-20.508,-23.438,-14.648,-36.133,0.000
1732204969.539,-25.879,-12.207,-18.555,-43.457,0.000
1732204969.543,-48.340,2.441,-20.508,-42.969,0.000
1732204969.547,-46.387,3.418,-13.672,-20.996,0.000
1732204969.551,-51.758,-6.836,-4.883,-33.691,0.000
1732204969.555,-55.664,-8.301,-13.184,-34.180,0.000
1732204969.559,-48.340,-5.859,-16.602,-13.184,0.000
1732204969.563,-24.902,-6.836,-14.160,-21.973,0.000
1732204969.567,-22.949,-8.301,-18.066,-18.555,0.000
1732204969.571,-36.133,-9.766,-17.090,-20.020,0.000
1732204969.575,-42.480,-7.812,-10.254,-15.625,0.000
1732204969.579,-36.621,-8.301,-19.043,-22.949,0.000
1732204969.582,-40.527,-17.090,-17.090,-15.625,0.000
1732204969.586,-41.992,-16.113,-15.625,9.766,0.000
1732204969.590,-29.297,-9.766,-21.484,13.672,0.000
1732204969.594,-21.973,-10.742,-19.043,-31.738,0.000
1732204969.598,-21.484,-14.648,-23.926,-70.801,0.000
1732204969.602,-33.203,-21.973,-27.344,-53.711,0.000
1732204969.606,-34.668,-23.438,-18.555,-18.066,0.000
1732204969.610,-30.273,-17.578,-20.020,-18.066,0.000
1732204969.614,-40.039,-20.020,-24.902,-30.762,0.000
1732204969.618,-44.434,-20.996,-15.137,-22.461,0.000
1732204969.621,-38.086,-16.602,-24.902,-46.387,0.000
1732204969.625,-38.086,-16.113,-24.414,-48.828,0.000
1732204969.629,-33.691,-13.184,-19.043,-23.926,0.000
1732204969.633,-26.855,-16.113,-26.367,-11.230,0.000
1732204969.637,-30.762,-22.461,-23.926,-33.203,0.000
1732204969.641,-21.484,-19.043,-18.066,-32.715,0.000
1732204969.645,-23.926,-21.484,-15.137,-7.324,0.000
1732204969.649,-32.227,-18.555,-26.367,-8.301,0.000
1732204969.653,0.000,-10.254,-26.367,-13.184,0.000
1732204969.657,0.000,-9.277,-7.324,-8.789,0.000
1732204969.661,0.000,-8.789,-16.113,-18.555,0.000
1732204969.664,0.000,-12.695,-27.344,-16.602,0.000
1732204969.668,0.000,-21.973,-32.715,-18.066,0.000
1732204969.672,0.000,-30.762,-35.156,-21.484,0.000
1732204969.676,0.000,-33.203,-23.926,-12.207,0.000
1732204969.680,0.000,-22.461,-18.066,-10.254,0.000
1732204969.684,0.000,-10.742,-26.855,0.488,0.000
1732204969.688,0.000,-16.113,-32.715,-1.465,0.000
1732204969.692,0.000,-23.438,-32.715,-13.672,0.000
1732204969.696,0.000,-28.809,-31.250,2.930,0.000
1732204969.700,-40.039,-30.273,-31.738,-27.832,0.000
1732204969.704,-55.664,-32.227,-44.434,-75.195,0.000
1732204969.707,-38.086,-31.738,-46.387,-50.293,0.000
1732204969.711,-25.391,-33.203,-39.551,-20.508,0.000
1732204969.715,-59.570,-33.203,-34.180,-16.602,0.000
1732204969.719,-76.172,-33.691,-22.461,-12.207,0.000
1732204969.723,-57.129,-35.156,-21.484,-10.254,0.000
1732204969.727,-50.781,-43.945,-26.855,-50.781,0.000
1732204969.731,-42.969,-51.758,-20.020,-61.035,0.000
1732204969.735,-45.898,-45.898,-16.602,-34.668,0.000
1732204969.739,-53.223,-51.270,-23.438,-34.180,0.000
1732204969.743,-34.668,-52.246,-24.902,0.488,0.000
1732204969.747,-25.391,-43.457,-18.066,21.484,0.000
1732204969.750,-4.883,-42.969,-17.578,21.973,0.000
1732204969.754,-13.672,-45.410,-12.695,45.898,0.000
1732204969.758,-25.879,-52.246,-22.461,40.527,0.000
1732204969.762,-15.625,-53.223,-27.344,9.766,0.000
1732204969.766,-18.066,-50.293,-25.879,7.324,0.000
1732204969.770,-3.906,-51.758,-33.691,9.277,0.000
1732204969.774,3.418,-42.480,-30.273,6.348,0.000
1732204969.778,-10.254,-37.109,-37.109,-0.977,0.000
1732204969.782,-10.742,-40.527,-39.551,23.438,0.000
1732204969.786,-5.371,-47.363,-32.227,30.273,0.000
1732204969.789,-8.301,-52.246,-30.273,13.672,0.000
1732204969.793,-7.812,-51.270,-34.180,17.578,0.000
1732204969.797,-15.137,-48.340,-31.250,28.809,0.000
1732204969.801,-19.043,-40.039,-23.926,23.926,0.000
1732204969.805,0.977,-43.457,-29.785,38.574,0.000
1732204969.809,-1.953,-48.340,-33.691,45.898,0.000
1732204969.813,-12.207,-46.875,-21.973,34.668,0.000
1732204969.817,-7.324,-46.875,-28.320,12.207,0.000
1732204969.821,-25.879,-43.457,-44.922,-30.273,0.000
1732204969.825,-30.762,-36.621,-37.109,-17.578,0.000
1732204969.829,-21.484,-28.809,-22.461,12.695,0.000
1732204969.832,-33.691,-37.598,-25.879,0.488,0.000
1732204969.836,-29.785,-44.434,-34.180,12.695,0.000
1732204969.840,-31.250,-38.086,-31.738,35.156,0.000
1732204969.844,-37.109,-35.156,-33.691,-9.277,0.000
1732204969.848,-27.832,-36.133,-42.480,-20.508,0.000
1732204969.852,-29.785,-33.691,-36.621,16.602,0.000
1732204969.856,-16.113,-29.785,-24.902,12.695,0.000
1732204969.860,-11.230,-27.832,-22.461,20.996,0.000
1732204969.864,-20.508,-31.738,-19.043,26.855,0.000
1732204969.868,-23.438,-33.691,-19.043,-1.953,0.000
1732204969.872,-28.320,-30.762,-36.133,-3.418,0.000
1732204969.875,-17.090,-33.691,-47.852,-14.160,0.000
1732204969.879,-5.859,-33.203,-35.156,-6.348,0.000
1732204969.883,-15.137,-28.320,-26.367,20.020,0.000
1732204969.887,-18.066,-23.926,-30.273,12.695,0.000
1732204969.891,-24.414,-27.344,-22.949,16.113,0.000
1732204969.895,-33.203,-28.809,-21.484,18.066,0.000
1732204969.899,-39.551,-25.391,-30.273,1.953,0.000
1732204969.903,-41.992,-26.367,-34.180,10.254,0.000
1732204969.907,-27.344,-29.785,-26.367,28.809,0.000
1732204969.911,-20.508,-27.832,-24.902,8.789,0.000
1732204969.914,-36.621,-32.715,-36.621,0.000,0.000
1732204969.918,-27.344,-27.832,-36.621,21.973,0.000
1732204969.922,-28.320,-23.926,-30.762,2.441,0.000
1732204969.926,-33.203,-27.344,-30.762,-28.809,0.000
1732204969.930,-35.645,-24.414,-27.832,-19.531,0.000
1732204969.934,-42.969,-24.902,0.000,0.000,0.000
1732204969.938,-27.344,-26.367,0.000,0.000,0.000
1732204969.942,-21.484,-23.438,0.000,0.000,0.000
1732204969.946,-18.555,-17.578,0.000,0.000,0.000
1732204969.950,-16.113,-17.090,0.000,0.000,0.000
1732204969.954,-24.902,-18.555,0.000,0.000,0.000
1732204969.957,-37.598,-14.648,0.000,0.000,0.000
1732204969.961,-36.133,-17.090,0.000,0.000,0.000
1732204969.965,-39.551,-20.020,0.000,0.000,0.000
1732204969.969,-50.293,-25.391,0.000,0.000,0.000
1732204969.973,-45.898,-28.320,0.000,0.000,0.000
1732204969.977,-30.273,-19.043,0.000,0.000,0.000
1732204969.981,-33.691,-27.344,-34.668,-68.848,0.000
1732204969.985,-25.879,-20.020,-40.527,-31.250,0.000
1732204969.989,-18.066,-10.254,-30.273,8.789,0.000
1732204969.993,-26.855,-19.531,-24.414,6.836,0.000
1732204969.997,-41.504,-21.973,-24.414,17.090,0.000
1732204970.000,-40.527,-23.926,-24.414,-14.160,0.000
1732204970.004,-31.738,-20.996,-27.832,-27.344,0.000
1732204970.008,-38.086,-18.066,-29.785,-0.488,0.000
1732204970.012,-41.016,-16.602,-28.809,-18.066,0.000
1732204970.016,-34.668,-16.113,-25.879,-52.246,0.000
1732204970.020,-19.043,-15.625,-27.832,-48.340,0.000
1732204970.024,-13.672,-10.254,-30.273,-16.113,0.000
1732204970.028,0.000,-10.254,-22.461,-3.906,0.000
1732204970.032,0.000,-12.207,-13.184,-8.789,0.000
1732204970.036,0.000,-11.719,-13.184,-9.277,0.000
1732204970.040,0.000,-11.719,-14.160,-18.555,0.000
1732204970.043,0.000,-10.254,-20.508,-26.367,0.000
1732204970.047,0.000,-17.578,-25.879,-9.277,0.000
1732204970.051,0.000,-19.531,-24.902,-26.855,0.000
1732204970.055,0.000,-10.254,-20.508,-30.762,0.000
1732204970.059,0.000,-13.672,-15.625,0.000,0.000
1732204970.063,0.000,-16.113,-20.508,12.207,0.000
1732204970.067,0.000,-10.254,-16.113,-1.953,0.000
1732204970.071,0.000,-8.789,-11.719,-18.066,0.000
1732204970.075,-26.855,-5.371,-15.137,-26.367,0.000
1732204970.079,-21.484,-10.254,-23.438,-35.156,0.000
1732204970.082,-29.785,-18.555,-20.508,-23.438,0.000
1732204970.086,-33.203,-15.625,-15.137,-4.883,0.000
1732204970.090,-25.879,-13.184,-14.648,-21.484,0.000
1732204970.094,-22.461,-15.625,-22.461,-25.391,0.000
1732204970.098,-24.414,-16.602,-21.484,-2.930,0.000
1732204970.102,-17.578,-10.742,-9.277,-6.836,0.000
1732204970.106,-16.113,-12.695,-8.301,-7.324,0.000
1732204970.110,-30.273,-20.508,-11.719,-15.625,0.000
1732204970.114,-27.344,-24.902,-17.090,-17.090,0.000
1732204970.118,-10.254,-21.973,-19.043,-20.996,0.000
1732204970.122,-16.602,-15.625,-21.973,-28.320,0.000
1732204970.125,-29.785,-18.066,-20.508,-14.160,0.000
1732204970.129,-20.996,-13.672,-14.160,-12.695,0.000
1732204970.133,-25.391,-14.648,-13.184,-18.555,0.000
1732204970.137,-27.832,-17.578,-18.555,-35.645,0.000
1732204970.141,-27.344,-12.207,-21.973,-9.766,0.000
1732204970.145,-34.668,-11.719,-12.207,3.906,0.000
1732204970.149,-23.438,-10.254,-14.160,4.395,0.000
1732204970.153,-20.996,-17.090,-23.926,34.180,0.000
1732204970.157,-33.691,-20.996,-23.438,47.852,0.000
1732204970.161,-39.551,-19.043,-19.043,35.645,0.000
1732204970.164,-32.715,-17.090,-20.996,-28.320,0.000
1732204970.168,-21.973,-15.625,-23.438,-80.078,0.000
1732204970.172,-18.066,-17.090,-24.902,-62.012,0.000
1732204970.176,-20.996,-19.531,-23.926,-49.316,0.000
1732204970.180,-9.277,-21.484,-22.461,-31.738,0.000
1732204970.184,-18.066,-20.508,-22.949,-4.883,0.000
1732204970.188,-34.668,-13.184,-24.902,-3.418,0.000
1732204970.192,-35.645,-14.160,-22.949,-25.879,0.000
1732204970.196,-46.387,-21.973,-19.531,-37.598,0.000
1732204970.200,-31.738,-19.531,-20.020,-26.855,0.000
1732204970.204,-22.949,-20.996,-28.320,-53.223,0.000
1732204970.207,-9.277,-27.832,-28.320,-31.738,0.000
1732204970.211,8.301,-21.973,-20.508,2.930,0.000
1732204970.215,-35.645,-14.648,-23.438,-42.480,0.000
1732204970.219,-49.805,-5.859,-17.090,-54.199,0.000
1732204970.223,-53.223,0.977,-24.902,-46.875,0.000
1732204970.227,-89.844,-15.625,-26.855,-63.965,0.000
1732204970.231,-99.609,-18.555,-15.137,-78.125,0.000
1732204970.235,-96.680,-5.371,-10.742,-101.562,0.000
1732204970.239,-98.633,1.953,-16.602,-125.000,0.000
1732204970.243,-118.652,10.742,-19.531,-136.719,0.000
1732204970.247,-137.207,13.184,-18.555,-144.531,0.000
1732204970.250,-145.508,5.859,-16.602,-138.184,0.000
1732204970.254,-142.578,9.277,-18.066,-155.273,0.000
1732204970.258,-134.277,12.207,-21.973,-141.602,0.000
1732204970.262,-134.277,14.648,-13.184,-119.141,0.000
1732204970.266,-136.230,22.949,-22.461,-141.602,0.000
1732204970.270,-109.863,23.926,-28.320,-151.855,0.000
1732204970.274,-103.027,15.625,-26.855,-129.395,0.000
1732204970.278,-119.629,6.348,-27.344,-118.652,0.000
1732204970.282,-89.844,4.395,-20.020,-86.914,0.000
1732204970.286,-81.055,8.789,-26.855,-91.797,0.000
1732204970.290,-73.730,7.324,-33.691,-123.047,0.000
1732204970.293,-55.176,9.766,-37.598,-102.051,0.000
1732204970.297,-62.500,10.742,-30.762,-80.078,0.000
1732204970.301,-48.828,7.812,-16.602,-78.125,0.000
1732204970.305,-42.480,4.883,-18.066,-83.496,0.000
1732204970.309,-58.594,4.395,-21.973,-52.246,0.000
1732204970.313,-61.523,7.324,-27.344,-39.551,0.000
1732204970.317,-56.641,5.859,-19.043,-42.969,0.000
1732204970.321,-51.758,-2.930,-19.531,-49.316,0.000
1732204970.325,-54.688,-6.836,-34.180,-54.688,0.000
1732204970.329,-54.199,-4.395,-28.320,-70.312,0.000
1732204970.333,-42.480,0.000,-30.762,-80.078,0.000
1732204970.336,-39.062,-3.418,-29.297,-52.246,0.000
1732204970.340,-35.156,-7.812,-22.461,-24.414,0.000
1732204970.344,-40.039,-6.348,-20.020,-23.926,0.000
1732204970.348,-43.457,-7.324,-22.461,-43.945,0.000
1732204970.352,-39.062,-9.277,-30.762,-59.082,0.000
1732204970.356,-35.156,-12.695,-27.832,-46.387,0.000
1732204970.360,-33.203,-10.254,-15.137,-29.297,0.000
1732204970.364,-12.207,-12.695,-20.996,-45.410,0.000
1732204970.368,-18.555,-15.137,-23.926,-30.273,0.000
1732204970.372,-39.551,-15.137,-22.949,-21.484,0.000
1732204970.375,-26.367,-19.531,-30.762,-27.344,0.000
1732204970.379,-22.949,-19.531,-25.879,-24.414,0.000
1732204970.383,-15.625,-14.648,-23.438,-32.715,0.000
1732204970.387,-12.207,-11.719,-32.715,-39.062,0.000
1732204970.391,-14.648,-19.043,-35.156,-38.086,0.000
1732204970.395,4.883,-21.973,-30.762,-25.391,0.000
1732204970.399,9.277,-13.672,-29.297,-15.625,0.000
1732204970.403,-14.648,-10.742,-28.320,-36.621,0.000
1732204970.407,-29.297,-16.602,-27.832,-34.180,0.000
1732204970.411,-38.574,-24.414,-21.973,-23.438,0.000
1732204970.415,-53.223,-21.973,-25.879,-14.160,0.000
1732204970.418,-28.320,-16.113,-23.438,-7.324,0.000
1732204970.422,-21.484,-17.090,-13.672,-7.812,0.000
1732204970.426,-41.504,-20.020,-24.414,-13.184,0.000
1732204970.430,-41.504,-19.531,-24.902,-16.602,0.000
1732204970.434,-29.785,-16.113,-18.555,-9.766,0.000
1732204970.438,-36.621,-13.672,-21.973,-12.695,0.000
1732204970.442,-36.621,-11.230,-18.555,4.883,0.000
1732204970.446,-29.297,-11.230,-20.020,-17.090,0.000
1732204970.450,-32.227,-9.766,-24.902,-15.137,0.000
1732204970.454,-22.949,-6.348,-16.113,-5.371,0.000
1732204970.457,-28.320,-11.230,-20.020,-13.672,0.000
1732204970.461,-31.738,-17.578,-26.367,-11.230,0.000
1732204970.465,-26.367,-15.625,-21.484,-7.324,0.000
1732204970.469,-27.832,-17.090,-13.184,-2.930,0.000
1732204970.473,-38.086,-19.043,-13.184,-23.438,0.000
1732204970.477,-36.621,-14.160,-23.926,-39.551,0.000
1732204970.481,-27.344,-20.020,-17.578,-25.391,0.000
1732204970.485,-20.508,-24.414,-15.625,-19.043,0.000
1732204970.489,-41.016,-22.461,-22.461,-35.156,0.000
1732204970.493,-47.852,-20.996,-23.438,-45.410,0.000
1732204970.497,-38.574,-15.625,-21.484,-39.551,0.000
1732204970.501,-41.992,-14.648,-24.414,-28.320,0.000
1732204970.504,-28.809,-18.555,-30.273,-58.105,0.000
1732204970.508,-28.809,-20.508,-23.438,-73.242,0.000
1732204970.512,-36.133,-9.766,-10.254,-52.246,0.000
1732204970.516,-35.645,-7.324,-11.230,-57.129,0.000
1732204970.520,-32.715,-16.113,-21.973,-56.641,0.000
1732204970.524,-9.766,-20.508,-25.391,-26.367,0.000
1732204970.528,-28.809,-14.160,-32.227,-44.922,0.000
1732204970.532,-66.895,-12.207,-25.879,-73.242,0.000
1732204970.536,-42.969,-11.230,-24.902,-81.543,0.000
1732204970.539,-47.363,0.000,-26.855,-78.125,0.000
1732204970.543,-72.266,-3.418,-16.602,-48.340,0.000
1732204970.547,-71.289,-7.324,-11.719,-46.875,0.000
1732204970.551,-68.848,-4.883,-11.230,-52.734,0.000
1732204970.555,-55.176,-9.766,-11.719,-50.293,0.000
1732204970.559,-41.992,-5.859,-20.020,-38.574,0.000
1732204970.563,-48.828,-7.812,-22.949,-37.598,0.000
1732204970.567,-53.223,-14.160,-9.766,-42.969,0.000
1732204970.571,-39.062,-4.395,-12.695,-66.895,0.000
1732204970.575,-19.043,-7.324,-24.414,-63.965,0.000
1732204970.579,-25.879,-14.160,-16.113,-17.578,0.000
1732204970.582,-37.598,-4.395,-18.555,-17.090,0.000
1732204970.586,-33.203,-2.441,-30.273,-32.227,0.000
1732204970.590,-39.062,-8.301,-30.273,-36.133,0.000
1732204970.594,-43.457,-15.137,-26.855,-41.992,0.000
1732204970.598,-39.062,-16.602,-33.691,-43.945,0.000
1732204970.602,-43.457,-20.996,-35.156,-45.898,0.000
1732204970.606,-49.805,-29.297,-34.180,-72.266,0.000
1732204970.610,-37.109,-19.531,-39.062,-57.129,0.000
1732204970.614,-28.809,-14.648,-33.203,-30.762,0.000
1732204970.618,-32.227,-17.578,-31.250,-41.016,0.000
1732204970.622,-32.715,-13.184,-31.250,-40.527,0.000
1732204970.625,-31.250,-15.137,-24.902,-23.438,0.000
1732204970.629,-31.250,-13.184,-24.902,-7.812,0.000
1732204970.633,-34.668,-8.301,-27.344,-5.371,0.000
1732204970.637,0.000,-13.672,-25.879,-23.926,0.000
1732204970.641,0.000,-20.020,-31.738,-71.777,0.000
1732204970.645,0.000,-20.020,-40.039,-71.777,0.000
1732204970.649,0.000,-18.555,-43.457,-53.711,0.000
1732204970.653,0.000,-17.090,-44.434,-61.523,0.000
1732204970.657,0.000,-20.996,-39.551,-46.875,0.000
1732204970.661,0.000,-20.996,-32.227,-39.551,0.000
1732204970.665,0.000,-17.578,-29.785,-48.828,0.000
1732204970.668,0.000,-18.066,-34.668,-48.828,0.000
1732204970.672,0.000,-18.066,-27.344,-43.945,0.000
1732204970.676,0.000,-20.996,-26.855,-18.555,0.000
1732204970.680,0.000,-20.508,-29.297,-14.160,0.000
1732204970.684,-35.645,-13.672,-22.949,-24.414,0.000
1732204970.688,-27.344,-12.695,-23.926,-20.020,0.000
1732204970.692,-18.555,-17.090,-28.320,-28.809,0.000
1732204970.696,-6.836,-16.602,-29.297,-41.504,0.000
1732204970.700,-12.207,-16.602,-28.809,-45.898,0.000
1732204970.704,-24.414,-16.113,-26.855,-36.133,0.000
1732204970.708,-26.367,-9.766,-29.297,-29.297,0.000
1732204970.711,-38.574,-9.277,-32.715,-29.785,0.000
1732204970.715,-28.809,-9.766,-29.297,-31.250,0.000
1732204970.719,-17.090,-8.789,-25.391,-27.832,0.000
1732204970.723,-41.016,-15.137,-23.926,-22.949,0.000
1732204970.727,-36.133,-18.066,-20.020,-25.391,0.000
1732204970.731,0.000,-23.438,-21.973,-26.367,0.000
1732204970.735,0.000,-24.902,-23.926,-28.320,0.000
1732204970.739,0.000,-25.391,-20.020,-32.227,0.000
1732204970.743,0.000,-23.438,-14.648,-21.484,0.000
1732204970.747,0.000,-18.066,-15.137,-15.625,0.000
1732204970.750,0.000,-23.926,-25.391,-34.668,0.000
1732204970.754,0.000,-24.902,-28.320,-40.527,0.000
1732204970.758,0.000,-21.973,-20.996,-11.719,0.000
1732204970.762,0.000,-17.578,-20.508,-0.977,0.000
1732204970.766,0.000,-19.531,-19.531,-5.371,0.000
1732204970.770,0.000,-20.996,-18.066,-26.855,0.000
1732204970.774,0.000,-27.344,-19.531,-53.223,0.000
1732204970.778,-39.551,-27.832,-20.020,-69.824,0.000
1732204970.782,-32.227,-20.020,-24.902,-73.242,0.000
1732204970.786,-27.832,-20.020,-17.578,-55.664,0.000
1732204970.790,-24.414,-20.996,-11.230,-51.758,0.000
1732204970.793,-10.254,-19.043,-7.812,-32.715,0.000
1732204970.797,-3.906,-20.020,-3.418,-22.461,0.000
1732204970.801,-11.719,-21.973,-9.766,-23.438,0.000
1732204970.805,-16.113,-23.926,-16.113,-15.625,0.000
1732204970.809,-28.809,-24.414,-17.090,-11.719,0.000
1732204970.813,-54.199,-23.926,-17.578,-7.812,0.000
1732204970.817,-52.246,-22.461,-15.137,-2.930,0.000
1732204970.821,-48.828,-23.438,-15.137,4.883,0.000
1732204970.825,-53.223,-27.832,-14.648,1.953,0.000
1732204970.829,-38.086,-26.367,-17.578,16.602,0.000
1732204970.832,-37.598,-25.879,-19.043,15.625,0.000
1732204970.836,-40.039,-21.484,-15.625,-1.465,0.000
1732204970.840,-22.461,-20.996,-14.160,-3.418,0.000
1732204970.844,-31.738,-22.461,-19.043,1.465,0.000
1732204970.848,-36.133,-26.855,-22.461,-3.906,0.000
1732204970.852,-34.668,-35.645,-20.020,-14.160,0.000
1732204970.856,-31.738,-32.715,-14.648,7.324,0.000
1732204970.860,-29.785,-26.855,-7.324,28.809,0.000
1732204970.864,-45.410,-19.531,-11.230,12.695,0.000
1732204970.868,-27.832,-19.043,-19.531,7.812,0.000
1732204970.872,-25.879,-25.391,-17.578,-7.812,0.000
1732204970.875,-33.691,-25.879,-11.719,-40.039,0.000
1732204970.879,-19.531,-23.438,-14.648,-46.387,0.000
1732204970.883,-18.555,-26.855,-12.207,-31.250,0.000
1732204970.887,-20.508,-25.879,-13.672,-17.578,0.000
1732204970.891,-11.230,-20.508,-23.926,-13.672,0.000
1732204970.895,-11.230,-21.484,-20.020,-19.043,0.000
1732204970.899,-17.578,-20.020,-10.254,-24.902,0.000
1732204970.903,-12.695,-18.066,-18.066,-31.250,0.000
1732204970.907,-20.508,-20.996,-28.320,-25.879,0.000
1732204970.911,-26.855,-20.508,-25.879,-24.414,0.000
1732204970.914,-16.602,-18.555,-26.855,-20.996,0.000
1732204970.918,-13.672,-16.113,-25.879,-20.508,0.000
1732204970.922,-8.789,-14.160,-18.555,-24.414,0.000
1732204970.926,-14.160,-16.602,-19.531,-21.973,0.000
1732204970.930,-31.738,-18.066,-21.973,-18.555,0.000
1732204970.934,-36.621,-15.625,-19.531,-22.949,0.000
1732204970.938,-35.645,-14.648,-20.996,-21.973,0.000
1732204970.942,-25.879,-11.719,-24.902,-29.297,0.000
1732204970.946,-23.926,-13.672,-20.996,-34.668,0.000
1732204970.950,-29.785,-20.996,-17.578,-21.973,0.000
1732204970.954,-18.555,-18.555,-16.113,-14.160,0.000
1732204970.957,-20.996,-18.555,-19.531,-10.254,0.000
1732204970.961,-22.949,-25.879,-16.113,-3.418,0.000
1732204970.965,-23.926,-21.973,-18.555,-23.438,0.000
1732204970.969,-41.504,-16.602,-27.832,-47.363,0.000
1732204970.973,-33.691,-17.090,-19.531,-34.668,0.000
1732204970.977,-13.672,-11.230,-22.461,-46.875,0.000
1732204970.981,-13.184,-8.789,-23.926,-51.758,0.000
1732204970.985,-13.672,-9.277,-25.879,-26.367,0.000
1732204970.989,-9.766,0.000,-29.297,-31.738,0.000
1732204970.993,-14.160,-1.953,-23.926,-59.570,0.000
1732204970.997,-12.695,-10.254,-17.090,-63.965,0.000
1732204971.000,-8.301,-8.301,-15.137,-57.617,0.000
1732204971.004,-13.184,-11.719,-15.625,-45.898,0.000
1732204971.008,-9.277,-15.137,-15.137,-41.016,0.000
1732204971.012,-4.395,-11.719,-8.301,-39.551,0.000
1732204971.016,-9.766,-11.719,-10.742,-36.621,0.000
1732204971.020,-20.996,-13.184,-25.391,-36.133,0.000
1732204971.024,-16.113,-10.254,-20.020,-41.504,0.000
1732204971.028,-19.531,-9.277,-9.277,-36.621,0.000
1732204971.032,-39.062,-10.254,-12.695,-36.133,0.000
1732204971.036,-32.227,-11.719,-15.625,-37.598,0.000
1732204971.040,-42.969,-17.090,-18.066,-34.180,0.000
1732204971.043,-50.293,-20.020,-21.484,-41.016,0.000
1732204971.047,-30.273,-15.625,-22.461,-45.410,0.000
1732204971.051,-37.109,-15.137,-19.531,-54.688,0.000
1732204971.055,-45.898,-16.113,-14.160,-48.828,0.000
1732204971.059,-48.340,-17.578,-15.625,-29.297,0.000
1732204971.063,-54.688,-18.555,-14.160,-12.207,0.000
1732204971.067,-41.016,-12.207,-14.160,-15.625,0.000
1732204971.071,-26.855,-18.066,-20.996,-28.320,0.000
1732204971.075,-33.203,-27.344,-21.973,-33.691,0.000
1732204971.079,-38.574,-22.949,-18.066,-47.363,0.000
1732204971.083,-26.367,-17.090,-16.602,-42.969,0.000
1732204971.086,-17.578,-19.043,-11.230,-20.508,0.000
1732204971.090,-20.508,-22.461,-13.184,-22.949,0.000
1732204971.094,-11.230,-19.531,-19.043,-35.156,0.000
1732204971.098,-3.906,-21.484,-13.672,-27.832,0.000
1732204971.102,0.977,-14.160,-16.113,-34.668,0.000
1732204971.106,3.906,-18.555,-19.043,-29.785,0.000
1732204971.110,4.395,-19.043,-11.230,-13.184,0.000
1732204971.114,-18.066,-12.695,-9.277,-25.391,0.000
1732204971.118,-41.016,-23.926,-12.207,-36.621,0.000
1732204971.122,-32.227,-28.320,-12.695,-34.668,0.000
1732204971.125,-36.621,-24.902,-16.113,-33.691,0.000
1732204971.129,-44.922,-23.926,-20.508,-32.227,0.000
1732204971.133,-37.598,-25.391,-20.996,-32.227,0.000
1732204971.137,-29.785,-21.973,-18.066,-26.367,0.000
1732204971.141,-32.715,-19.531,-16.602,-37.598,0.000
1732204971.145,-25.391,-19.043,-16.602,-42.480,0.000
1732204971.149,-16.113,-18.066,-17.090,-35.156,0.000
1732204971.153,-33.691,-22.949,-13.184,-34.180,0.000
1732204971.157,-42.480,-22.949,-3.418,-21.973,0.000
1732204971.161,-34.180,-19.531,-3.418,-12.695,0.000
1732204971.165,-31.250,-22.949,-5.371,-12.207,0.000
1732204971.168,-28.809,-23.438,-8.789,-22.949,0.000
1732204971.172,-27.344,-22.949,-11.230,-30.273,0.000
1732204971.176,-23.926,-31.738,-12.695,-33.203,0.000
1732204971.180,-24.414,-31.250,-15.625,-34.180,0.000
1732204971.184,-37.109,-20.020,-12.695,-37.598,0.000
1732204971.188,-35.156,-20.020,-5.859,-32.715,0.000
1732204971.192,-31.738,-19.043,-4.883,-21.484,0.000
1732204971.196,-35.645,-16.602,-3.418,-25.391,0.000
1732204971.200,-33.691,-16.113,0.488,-31.738,0.000
1732204971.204,-25.879,-14.648,-6.348,-22.949,0.000
1732204971.207,-13.672,-11.230,-11.230,-20.508,0.000
1732204971.211,-20.996,-12.695,-9.277,-25.391,0.000
1732204971.215,-24.414,-21.973,-12.695,-44.922,0.000
1732204971.219,-18.555,-19.531,-19.043,-57.129,0.000
1732204971.223,-13.184,-17.090,-25.391,-49.805,0.000
1732204971.227,-15.137,-19.531,-23.926,-43.457,0.000
1732204971.231,-4.395,-19.531,-19.531,-48.828,0.000
1732204971.235,8.301,-18.066,-20.508,-42.969,0.000
1732204971.239,-16.602,-19.043,-10.254,-29.785,0.000
1732204971.243,-37.598,-19.043,-9.766,-28.809,0.000
1732204971.247,-28.320,-17.578,-18.066,-19.043,0.000
1732204971.250,-30.762,-20.996,-18.066,-16.602,0.000
1732204971.254,-34.180,-22.461,-19.531,-29.297,0.000
1732204971.258,-9.766,-24.414,-13.672,-17.090,0.000
1732204971.262,2.441,-23.926,-10.742,2.930,0.000
1732204971.266,-5.859,-13.184,-16.602,-30.762,0.000
1732204971.270,-40.039,-7.324,-17.578,-69.336,0.000
1732204971.274,-71.777,-8.301,-16.113,-41.504,0.000
1732204971.278,-61.035,-9.766,-13.672,-9.277,0.000
1732204971.282,-41.992,-4.883,-19.043,-15.137,0.000
1732204971.286,-40.527,-2.441,-24.414,-29.297,0.000
1732204971.289,-52.246,-7.324,-20.020,-81.055,0.000
1732204971.293,-52.734,-7.324,-21.973,-114.258,0.000
1732204971.297,-48.340,-7.324,-24.414,-89.844,0.000
1732204971.301,-50.293,-11.230,-23.926,-84.473,0.000
1732204971.305,-40.527,-9.277,-29.297,-78.125,0.000
1732204971.309,-27.832,-4.395,-30.273,-57.617,0.000
1732204971.313,-29.297,-6.348,-20.996,-47.852,0.000
1732204971.317,-25.391,-3.418,-10.254,-49.805,0.000
1732204971.321,-13.672,0.977,-7.324,-44.922,0.000
1732204971.325,-10.254,0.488,-6.348,-29.297,0.000
1732204971.328,-17.578,-2.441,-6.836,-23.438,0.000
1732204971.332,-24.414,-6.348,-9.766,-28.809,0.000
1732204971.336,-26.855,-8.789,-11.230,-32.227,0.000
1732204971.340,-23.438,-2.930,-14.648,-22.949,0.000
1732204971.344,-21.973,-3.418,-13.184,-10.742,0.000
1732204971.348,-44.434,-12.207,-9.277,-0.488,0.000
1732204971.352,-59.082,-13.184,-5.859,-3.906,0.000
1732204971.356,-41.992,-13.672,-3.418,10.742,0.000
1732204971.360,-39.062,-16.113,-3.418,22.949,0.000
1732204971.364,-39.062,-10.742,-10.254,-10.742,0.000
1732204971.368,-31.250,-17.578,-15.625,-29.785,0.000
1732204971.371,-32.227,-23.438,-12.207,-64.453,0.000
1732204971.375,-29.785,-12.695,-7.812,-96.191,0.000
1732204971.379,-30.762,-14.648,-12.207,-81.543,0.000
1732204971.383,-35.156,-16.113,-17.578,-58.594,0.000
1732204971.387,-28.320,-12.207,-17.090,-42.480,0.000
1732204971.391,-38.086,-12.695,-12.695,-33.691,0.000
1732204971.395,-46.875,-16.602,-12.207,-36.133,0.000
1732204971.399,-28.320,-20.508,-16.602,-33.691,0.000
1732204971.403,-29.297,-19.531,-13.184,-26.367,0.000
1732204971.407,-38.574,-20.020,-15.137,-23.438,0.000
1732204971.411,-31.250,-29.297,-24.414,-35.645,0.000
1732204971.414,-26.855,-27.832,-20.020,-40.039,0.000
1732204971.418,-27.832,-28.320,-15.137,-34.180,0.000
1732204971.422,-35.645,-27.832,-17.090,-32.715,0.000
1732204971.426,-37.109,-18.555,-14.648,-33.203,0.000
1732204971.430,-32.715,-16.602,-13.672,-38.086,0.000
1732204971.434,-35.156,-18.555,-20.996,-41.504,0.000
1732204971.438,-37.598,-19.043,-20.508,-18.066,0.000
1732204971.442,-41.016,-18.555,-17.090,-4.883,0.000
1732204971.446,-39.062,-13.672,-18.555,-32.227,0.000
1732204971.450,-15.625,-9.766,-15.625,-43.945,0.000
1732204971.454,-18.066,-16.602,-7.812,-22.461,0.000
1732204971.457,-50.293,-26.367,-8.789,-12.207,0.000
1732204971.461,-50.293,-21.973,-15.137,-21.484,0.000
1732204971.465,-42.969,-19.043,-12.207,-36.621,0.000
1732204971.469,-39.551,-27.832,-13.184,-34.668,0.000
1732204971.473,-18.555,-24.902,-12.695,-25.391,0.000
1732204971.477,-21.973,-26.367,-9.766,-10.254,0.000
1732204971.481,-53.711,-30.762,-14.648,-22.949,0.000
1732204971.485,-51.758,-29.297,-19.531,-56.152,0.000
1732204971.489,-9.766,-29.297,-18.066,-44.922,0.000
1732204971.493,-5.859,-28.320,-14.160,-30.273,0.000
1732204971.496,-38.574,-28.320,-7.324,-43.945,0.000
1732204971.500,-28.320,-25.879,-5.859,-41.992,0.000
1732204971.504,-20.020,-23.438,-10.254,-41.992,0.000
1732204971.508,-31.738,-30.273,-12.695,-47.363,0.000
1732204971.512,-22.949,-34.180,-1.953,-44.922,0.000
1732204971.516,-22.461,-35.645,5.859,-43.945,0.000
1732204971.520,-22.461,-34.180,-0.488,-27.832,0.000
1732204971.524,-15.625,-30.273,-8.789,-19.043,0.000
1732204971.528,-17.090,-32.715,-9.766,-24.902,0.000
1732204971.532,-27.832,-35.645,-12.207,-29.785,0.000
1732204971.536,-36.621,-34.180,-11.719,-8.789,0.000
1732204971.539,-32.715,-35.645,-12.695,0.000,0.000
1732204971.543,-20.996,-36.133,-9.766,0.977,0.000
1732204971.547,-9.277,-38.574,-3.906,2.441,0.000
1732204971.551,-5.371,-34.668,-9.277,-16.602,0.000
1732204971.555,-14.160,-28.320,-10.254,-23.438,0.000
1732204971.559,-23.926,-33.203,-12.207,-33.691,0.000
1732204971.563,-31.738,-43.457,-22.949,-48.340,0.000
1732204971.567,-31.250,-38.574,-23.926,-52.734,0.000
1732204971.571,-35.645,-31.250,-17.578,-53.711,0.000
1732204971.575,-25.879,-28.809,-11.230,-49.805,0.000
1732204971.578,-26.855,-26.367,-10.742,-27.832,0.000
1732204971.582,-31.738,-22.461,-12.695,-24.414,0.000
1732204971.586,-23.438,-18.555,-10.742,-29.785,0.000
1732204971.590,-20.020,-20.996,-4.883,-26.855,0.000
1732204971.594,-19.043,-24.902,-11.719,-19.043,0.000
1732204971.598,-22.949,-26.367,-17.578,0.488,0.000
1732204971.602,-28.320,-29.297,-13.672,12.695,0.000
1732204971.606,-25.391,-26.855,-15.137,-3.906,0.000
1732204971.610,-22.461,-24.902,-15.137,-30.273,0.000
1732204971.614,-9.766,-23.438,-10.254,-48.828,0.000
1732204971.617,0.977,-19.531,-10.254,-66.895,0.000
1732204971.621,-11.719,-19.043,-11.230,-62.988,0.000
1732204971.625,-4.395,-14.648,-5.859,-50.293,0.000
1732204971.629,-2.441,-15.625,-11.230,-41.992,0.000
1732204971.633,-12.207,-18.066,-15.137,-22.949,0.000
1732204971.637,-13.184,-22.949,-13.672,-16.602,0.000
1732204971.641,-6.836,-21.484,-9.277,-15.137,0.000
1732204971.645,-1.465,-16.113,-5.859,-25.879,0.000
1732204971.649,-20.020,-19.043,-18.555,-45.898,0.000
1732204971.653,-25.879,-16.113,-19.531,-40.527,0.000
1732204971.657,-23.438,-20.020,-14.160,-33.691,0.000
1732204971.660,-41.016,-29.297,-26.367,-30.273,0.000
1732204971.664,-42.969,-26.855,-20.996,-30.762,0.000
1732204971.668,-30.762,-23.926,-16.113,-51.270,0.000
1732204971.672,-35.645,-20.996,-25.391,-60.547,0.000
1732204971.676,-36.133,-16.113,-21.973,-46.387,0.000
1732204971.680,-37.109,-20.020,-21.484,-46.875,0.000
1732204971.684,-38.086,-23.926,-26.367,-50.781,0.000
1732204971.688,-30.273,-20.996,-25.391,-51.270,0.000
1732204971.692,-32.227,-21.973,-23.438,-55.664,0.000
1732204971.696,-25.391,-27.344,-23.438,-59.570,0.000
1732204971.700,-21.484,-26.855,-20.996,-59.082,0.000
1732204971.703,-41.992,-23.438,-22.949,-63.965,0.000
1732204971.707,-39.551,-17.090,-27.344,-51.270,0.000
1732204971.711,-44.434,-12.695,-19.043,-41.016,0.000
1732204971.715,-58.594,-18.066,-11.719,-40.527,0.000
1732204971.719,-47.852,-17.578,-11.719,-34.668,0.000
1732204971.723,-35.645,-13.184,-13.184,-44.434,0.000
1732204971.727,-30.762,-17.090,-21.484,-60.059,0.000
1732204971.731,-34.668,-20.996,-16.602,-62.012,0.000
1732204971.735,-39.062,-16.113,-5.859,-53.711,0.000
1732204971.739,-44.434,-22.949,-13.184,-42.480,0.000
1732204971.743,-44.922,-31.738,-19.531,-29.297,0.000
1732204971.746,-48.828,-28.320,-11.719,2.930,0.000
1732204971.750,-42.969,-21.973,-6.836,-5.859,0.000
1732204971.754,-20.508,-20.508,-15.137,-43.945,0.000
1732204971.758,-34.668,-14.160,-17.578,-66.895,0.000
1732204971.762,-40.527,-13.184,-13.672,-85.449,0.000
1732204971.766,-25.391,-14.160,-12.207,-77.148,0.000
1732204971.770,-25.391,-12.207,-9.277,-67.383,0.000
1732204971.774,-21.973,-15.625,-8.789,-52.734,0.000
1732204971.778,-19.043,-14.648,-18.066,-44.434,0.000
1732204971.782,-20.020,-13.672,-18.555,-45.898,0.000
1732204971.785,-19.531,-21.973,-10.742,-38.086,0.000
1732204971.789,-26.367,-25.391,-8.789,-28.809,0.000
1732204971.793,-26.367,-16.113,-8.301,-23.438,0.000
1732204971.797,-28.809,-8.789,-9.277,-33.203,0.000
1732204971.801,-39.551,-16.113,-20.020,-41.504,0.000
1732204971.805,-38.086,-26.367,-24.414,-43.457,0.000
1732204971.809,-10.254,-23.926,-25.391,-46.387,0.000
1732204971.813,-10.742,-17.090,-19.531,-39.062,0.000
1732204971.817,-27.344,-16.602,-11.719,-35.645,0.000
1732204971.821,-9.766,-16.113,-16.113,-33.691,0.000
1732204971.825,-4.883,-12.695,-13.672,-17.578,0.000
1732204971.829,-14.160,-15.625,-18.066,-15.137,0.000
1732204971.832,-12.695,-21.973,-16.602,-40.527,0.000
1732204971.836,-14.160,-12.695,-6.836,-30.762,0.000
1732204971.840,-21.484,-12.207,-4.883,-15.137,0.000
1732204971.844,-22.461,-21.973,-2.441,-25.391,0.000
1732204971.848,-30.273,-18.555,-7.324,-24.414,0.000
1732204971.852,-44.922,-10.254,-21.484,-45.410,0.000
1732204971.856,-38.574,-12.695,-20.996,-54.688,0.000
1732204971.860,-32.715,-17.090,-13.184,-50.293,0.000
1732204971.864,-34.668,-19.043,-14.160,-51.270,0.000
1732204971.868,-29.297,-16.602,-14.648,-41.016,0.000
1732204971.872,-25.879,-15.137,-12.695,-47.363,0.000
1732204971.875,-25.391,-20.020,-11.230,-47.363,0.000
1732204971.879,-51.758,-24.902,-16.602,-66.895,0.000
1732204971.883,-75.684,-15.137,-16.602,-65.918,0.000
1732204971.887,-75.684,-9.766,-16.602,-50.781,0.000
1732204971.891,-76.172,-17.090,-14.648,-44.922,0.000
1732204971.895,-66.895,-19.043,-6.836,-54.688,0.000
1732204971.899,-45.410,-12.207,-9.766,-82.031,0.000
1732204971.903,-44.434,-3.418,-11.230,-90.820,0.000
1732204971.907,-59.570,-4.883,-15.137,-84.473,0.000
1732204971.911,-54.199,-7.812,-15.625,-59.570,0.000
1732204971.914,-45.410,-10.742,-11.230,-55.664,0.000
1732204971.918,-35.156,-6.836,-12.207,-58.105,0.000
1732204971.922,-9.766,-2.441,-11.230,-49.805,0.000
1732204971.926,-18.555,-1.465,-11.719,-57.617,0.000
1732204971.930,-41.016,-1.953,-13.672,-48.828,0.000
1732204971.934,-28.320,-5.371,-16.113,-30.762,0.000
1732204971.938,-27.832,-9.277,-19.531,-28.809,0.000
1732204971.942,-31.738,-13.184,-14.160,-9.277,0.000
1732204971.946,-21.484,-13.672,-18.066,-19.531,0.000
1732204971.950,-27.344,-16.602,-27.832,-37.109,0.000
1732204971.954,-41.016,-20.020,-33.203,-26.367,0.000
1732204971.957,-21.973,-18.555,-28.320,-28.320,0.000
1732204971.961,-19.531,-15.625,-24.902,-31.738,0.000
1732204971.965,-27.344,-19.531,-25.879,-41.016,0.000
1732204971.969,-18.066,-22.461,-24.414,-43.457,0.000
1732204971.973,-32.227,-20.508,-24.902,-32.227,0.000
1732204971.977,-51.270,-22.949,-21.973,-27.832,0.000
1732204971.981,-53.223,-21.484,-18.066,-11.230,0.000
1732204971.985,-43.457,-20.508,-23.438,1.465,0.000
1732204971.989,-35.645,-18.066,-25.879,-16.602,0.000
1732204971.993,-30.762,-15.625,-20.996,-38.086,0.000
1732204971.997,-26.855,-21.484,-23.438,-44.922,0.000
1732204972.000,-27.344,-22.949,-24.414,-44.922,0.000
1732204972.004,-28.809,-22.461,-26.855,-30.273,0.000
1732204972.008,-16.602,-27.832,-30.273,-29.297,0.000
1732204972.012,-9.766,-22.461,-28.320,-34.668,0.000
1732204972.016,-22.949,-14.648,-26.855,-8.301,0.000
1732204972.020,-21.484,-18.066,-26.855,-2.441,0.000
1732204972.024,-21.484,-26.855,-25.879,-29.785,0.000
1732204972.028,-29.785,-26.367,-24.414,-38.086,0.000
1732204972.032,-34.180,-25.391,-33.691,-47.852,0.000
1732204972.036,-27.832,-26.367,-32.715,-60.547,0.000
1732204972.039,-16.113,-24.414,-24.902,-58.594,0.000
1732204972.043,-17.090,-24.414,-21.973,-46.875,0.000
1732204972.047,-27.344,-24.902,-15.137,-39.551,0.000
1732204972.051,-25.391,-21.484,-17.578,-42.969,0.000
1732204972.055,-20.508,-22.949,-24.414,-27.832,0.000
1732204972.059,-23.926,-22.949,-21.973,-28.809,0.000
1732204972.063,-31.738,-25.879,-26.855,-49.805,0.000
1732204972.067,-35.645,-33.203,-35.156,-52.246,0.000
1732204972.071,-40.039,-27.344,-35.645,-45.898,0.000
1732204972.075,-46.875,-24.414,-28.320,-33.691,0.000
1732204972.079,-41.016,-31.738,-32.715,-35.645,0.000
1732204972.082,-31.250,-27.832,-29.297,-48.340,0.000
1732204972.086,-27.832,-20.508,-16.113,-45.410,0.000
1732204972.090,-29.785,-21.484,-9.277,-28.320,0.000
1732204972.094,-36.133,-20.508,-11.719,-27.344,0.000
1732204972.098,-39.062,-21.484,-18.555,-28.809,0.000
1732204972.102,-30.762,-25.391,-21.973,-27.344,0.000
1732204972.106,-31.250,-24.902,-21.973,-48.828,0.000
1732204972.110,-30.762,-26.855,-16.113,-39.062,0.000
1732204972.114,-26.855,-24.414,-17.090,-51.270,0.000
1732204972.118,-20.020,-21.973,-18.066,-60.059,0.000
1732204972.122,-20.508,-21.973,-7.324,-22.949,0.000
1732204972.125,-38.574,-20.996,-7.324,-27.344,0.000
1732204972.129,-36.621,-18.555,-20.020,-34.668,0.000
1732204972.133,-23.926,-12.695,-9.277,-22.461,0.000
1732204972.137,-28.809,-18.555,-1.465,-45.410,0.000
1732204972.141,-32.227,-29.297,-7.812,-55.664,0.000
1732204972.145,-27.344,-24.902,-11.230,-44.922,0.000
1732204972.149,-33.691,-20.996,-12.695,-56.152,0.000
1732204972.153,-39.551,-21.484,-7.812,-57.129,0.000
1732204972.157,-33.691,-21.973,-7.812,-42.969,0.000
1732204972.161,-37.598,-28.809,-16.602,-36.133,0.000
1732204972.164,-48.340,-26.367,-17.090,-25.879,0.000
1732204972.168,-36.621,-21.973,-16.602,-27.832,0.000
1732204972.172,-17.090,-20.508,-10.742,-64.453,0.000
1732204972.176,-21.484,-12.695,-16.113,-70.312,0.000
1732204972.180,-34.668,-16.602,-17.578,-45.410,0.000
1732204972.184,-40.039,-29.785,-6.348,-41.504,0.000
1732204972.188,-50.293,-25.879,-7.324,-35.156,0.000
1732204972.192,-38.086,-14.160,-4.395,-17.578,0.000
1732204972.196,-23.926,-15.625,-6.836,-32.227,0.000
1732204972.200,-22.461,-22.949,-11.719,-48.340,0.000
1732204972.204,-4.883,-28.320,-9.766,-20.996,0.000
1732204972.207,6.348,-20.508,-3.906,-31.250,0.000
1732204972.211,-25.391,-14.160,-7.324,-69.336,0.000
1732204972.215,-26.367,-9.277,-22.949,-46.875,0.000
1732204972.219,-25.879,-1.465,-16.113,-36.621,0.000
1732204972.223,-45.410,-3.906,-8.789,-62.012,0.000
1732204972.227,-48.340,-5.859,-20.508,-67.871,0.000
1732204972.231,-35.645,-7.324,-25.391,-53.223,0.000
1732204972.235,-57.129,-1.465,-20.508,-69.336,0.000
1732204972.239,-78.125,2.441,-18.555,-88.867,0.000
1732204972.243,-61.035,5.371,-16.602,-80.566,0.000
1732204972.247,-50.781,9.277,-26.855,-86.914,0.000
1732204972.250,-38.086,4.395,-34.668,-72.266,0.000
1732204972.254,-41.504,-0.977,-34.668,-54.199,0.000
1732204972.258,-49.805,0.000,-37.598,-61.523,0.000
1732204972.262,-55.176,-4.883,-28.809,-68.359,0.000
1732204972.266,-53.223,-11.230,-31.738,-77.148,0.000
1732204972.270,-38.574,-12.695,-34.668,-81.543,0.000
1732204972.274,-33.691,-16.113,-31.738,-79.590,0.000
1732204972.278,-34.668,-13.672,-29.785,-77.148,0.000
1732204972.282,-23.438,-7.812,-27.344,-69.336,0.000
1732204972.286,-13.672,-10.742,-24.902,-50.293,0.000
1732204972.290,-20.020,-17.578,-22.461,-50.293,0.000
1732204972.293,-35.645,-18.066,-25.391,-58.105,0.000
1732204972.297,-36.133,-16.113,-23.926,-44.922,0.000
1732204972.301,-28.809,-13.672,-12.695,-44.434,0.000
1732204972.305,-21.484,-14.648,-7.812,-47.852,0.000
1732204972.309,-19.531,-17.090,-13.672,-28.320,0.000
1732204972.313,-29.785,-10.254,-11.230,-5.371,0.000
1732204972.317,-34.668,-10.742,-7.324,-4.883,0.000
1732204972.321,-25.879,-10.742,-12.207,-11.719,0.000
1732204972.325,-29.297,-10.742,-12.695,-23.926,0.000
1732204972.329,-24.414,-11.230,-11.230,-43.457,0.000
1732204972.332,-14.160,-11.230,-14.160,-48.828,0.000
1732204972.336,-33.203,-20.020,-13.672,-42.480,0.000
1732204972.340,-22.949,-22.949,-11.230,-35.156,0.000
1732204972.344,-11.719,-20.020,-10.254,-25.391,0.000
1732204972.348,-29.785,-12.207,-11.230,-22.949,0.000
1732204972.352,-23.926,-20.020,-18.555,-36.621,0.000
1732204972.356,-15.137,-27.344,-27.344,-53.223,0.000
1732204972.360,-25.879,-18.555,-20.508,-49.316,0.000
1732204972.364,-32.227,-17.090,-21.973,-43.945,0.000
1732204972.368,-29.297,-19.531,-22.949,-43.457,0.000
1732204972.372,-27.344,-22.461,-20.020,-52.734,0.000
1732204972.375,-27.344,-22.949,-20.020,-57.617,0.000
1732204972.379,-22.949,-21.484,-20.508,-45.410,0.000
1732204972.383,-20.508,-20.996,-19.531,-60.059,0.000
1732204972.387,-17.090,-18.555,-19.531,-71.289,0.000
1732204972.391,-19.043,-17.578,-24.902,-52.246,0.000
1732204972.395,-37.109,-17.578,-17.578,-28.809,0.000
1732204972.399,-34.668,-11.230,-9.277,-16.602,0.000
1732204972.403,-15.137,-12.207,-12.207,-32.227,0.000
1732204972.407,-17.578,-16.113,-15.137,-48.828,0.000
1732204972.411,-32.715,-19.531,-12.207,-68.359,0.000
1732204972.414,-25.879,-16.113,-14.160,-68.359,0.000
1732204972.418,-20.508,-12.695,0.000,-36.133,0.000
1732204972.422,-27.832,-17.578,0.000,-20.996,0.000
1732204972.426,-31.738,-17.578,0.000,-29.297,0.000
1732204972.430,-31.250,-16.113,0.000,-33.691,0.000
1732204972.434,-32.227,-22.949,0.000,-29.785,0.000
1732204972.438,-38.086,-20.020,0.000,-40.039,0.000
1732204972.442,-32.715,-14.648,0.000,-50.781,0.000
1732204972.446,-29.297,-17.578,0.000,-42.480,0.000
1732204972.450,-52.734,-21.484,0.000,-35.156,0.000
1732204972.454,-30.762,-14.160,0.000,-22.461,0.000
1732204972.457,-17.578,-6.836,0.000,-20.020,0.000
1732204972.461,-54.688,-10.742,0.000,-47.363,0.000
1732204972.465,-47.852,-10.742,-16.113,-42.969,0.000
1732204972.469,-27.344,-8.301,-12.695,-18.066,0.000
1732204972.473,-34.668,-7.324,-19.531,-27.344,0.000
1732204972.477,-50.781,-4.395,-25.879,-44.922,0.000
1732204972.481,-58.594,-2.441,-21.973,-59.570,0.000
1732204972.485,-37.598,-4.395,-21.484,-37.109,0.000
1732204972.489,-30.762,-3.418,-27.832,-35.156,0.000
1732204972.493,-52.734,-3.906,-26.855,-31.738,0.000
1732204972.497,-62.012,-7.324,-13.184,-40.527,0.000
1732204972.500,-63.477,-11.230,-10.254,-71.289,0.000
1732204972.504,-50.781,-12.695,-16.602,-76.660,0.000
1732204972.508,-38.574,-13.672,-21.484,-73.730,0.000
1732204972.512,-31.738,-10.742,-26.367,-44.922,0.000
1732204972.516,-25.391,-7.812,-17.578,-38.574,0.000
1732204972.520,-37.109,-4.395,-11.719,-46.387,0.000
1732204972.524,-44.922,-9.277,-16.602,-33.691,0.000
1732204972.528,-48.340,-18.066,-20.996,-40.039,0.000
1732204972.532,-51.758,-15.625,-22.461,-59.570,0.000
1732204972.536,-53.223,-13.184,-21.973,-34.668,0.000
1732204972.540,-49.805,-15.137,-23.926,-20.996,0.000
1732204972.543,-47.363,-10.742,-14.648,-25.879,0.000
1732204972.547,-44.434,-9.766,-15.137,-39.551,0.000
1732204972.551,-37.109,-14.648,-19.531,-45.410,0.000
1732204972.555,-37.109,-9.766,-4.395,-32.715,0.000
1732204972.559,-23.438,-6.348,-1.465,-24.902,0.000
1732204972.563,-33.203,-16.602,-12.207,-17.578,0.000
1732204972.567,-48.340,-26.855,-8.789,-12.207,0.000
1732204972.571,-44.434,-20.996,-5.859,-24.902,0.000
1732204972.575,-35.645,-10.254,-11.719,-53.711,0.000
1732204972.579,-18.066,-7.812,-10.254,-58.105,0.000
1732204972.582,-10.254,-9.277,-5.859,-42.969,0.000
1732204972.586,-6.836,-12.695,-16.113,-30.762,0.000
1732204972.590,-13.184,-16.113,-13.184,-43.457,0.000
1732204972.594,-15.625,-12.695,-9.766,-49.316,0.000
1732204972.598,-14.648,-14.648,-17.090,-41.992,0.000
1732204972.602,-41.504,-28.320,-15.137,-42.480,0.000
1732204972.606,-27.832,-24.414,-17.090,-53.223,0.000
1732204972.610,-18.066,-13.184,-11.719,-39.062,0.000
1732204972.614,-49.805,-20.508,-7.324,-31.738,0.000
1732204972.618,-35.156,-20.508,-12.207,-58.105,0.000
1732204972.622,-29.785,-17.090,-10.742,-59.570,0.000
1732204972.625,-41.504,-23.438,-5.371,-61.523,0.000
1732204972.629,-36.133,-30.273,-11.230,-55.176,0.000
1732204972.633,-35.156,-26.855,-16.602,-53.711,0.000
1732204972.637,-30.273,-20.508,-12.695,-56.152,0.000
1732204972.641,-23.926,-22.461,-17.578,-59.570,0.000
1732204972.645,-29.297,-24.414,-25.879,-79.102,0.000
1732204972.649,-36.621,-20.996,-24.414,-71.777,0.000
1732204972.653,-32.227,-22.949,-21.484,-55.176,0.000
1732204972.657,-30.762,-18.066,-13.672,-55.664,0.000
1732204972.661,-38.086,-16.113,-15.137,-71.289,0.000
1732204972.664,-25.879,-17.090,-20.996,-70.312,0.000
1732204972.668,-33.203,-21.484,-12.207,-48.828,0.000
1732204972.672,-43.457,-21.484,-12.695,-62.012,0.000
1732204972.676,-27.832,-17.578,-13.672,-66.406,0.000
1732204972.680,-32.227,-20.508,-13.184,-69.336,0.000
1732204972.684,-35.645,-20.508,-15.625,-70.801,0.000
1732204972.688,-30.273,-21.484,-25.391,-59.082,0.000
1732204972.692,-40.527,-26.367,-30.273,-60.547,0.000
1732204972.696,-40.527,-20.996,-22.461,-60.547,0.000
1732204972.700,-42.480,-22.461,-22.949,-50.293,0.000
1732204972.704,-42.480,-29.297,-23.926,-36.621,0.000
1732204972.707,-42.969,-22.461,-18.555,-55.664,0.000
1732204972.711,-39.062,-17.578,-15.137,-80.078,0.000
1732204972.715,-38.574,-26.367,-20.508,-61.523,0.000
1732204972.719,-43.945,-28.809,-26.367,-63.965,0.000
1732204972.723,-42.969,-22.949,-23.926,-68.359,0.000
1732204972.727,-49.316,-22.949,-22.461,-58.105,0.000
1732204972.731,-46.875,-24.414,-22.461,-56.641,0.000
1732204972.735,-42.480,-23.438,-20.996,-50.293,0.000
1732204972.739,-43.457,-25.391,-25.879,-57.129,0.000
1732204972.743,-22.461,-22.461,-29.785,-48.340,0.000
1732204972.747,-25.391,-22.461,-21.973,-56.152,0.000
1732204972.750,-48.340,-31.738,-19.531,-76.172,0.000
1732204972.754,-47.363,-35.156,-19.531,-68.359,0.000
1732204972.758,-49.805,-31.738,-19.531,-70.801,0.000
1732204972.762,-53.223,-24.902,-21.973,-73.730,0.000
1732204972.766,-55.664,-23.926,-17.090,-60.059,0.000
1732204972.770,-61.035,-26.855,-16.113,-51.270,0.000
1732204972.774,-48.828,-29.785,-20.508,-51.270,0.000
1732204972.778,-54.199,-29.785,-30.762,-61.035,0.000
1732204972.782,-62.988,-30.273,-31.738,-53.223,0.000
1732204972.786,-48.828,-30.273,-30.273,-45.898,0.000
1732204972.789,-39.062,-25.879,-35.645,-60.547,0.000
1732204972.793,-32.715,-25.879,-29.785,-56.641,0.000
1732204972.797,-31.738,-23.438,-27.832,-62.012,0.000
1732204972.801,-40.039,-20.020,-21.973,-72.754,0.000
1732204972.805,-30.762,-20.020,-13.184,-68.359,0.000
1732204972.809,-34.668,-26.367,-19.043,-64.453,0.000
1732204972.813,-51.270,-28.320,-17.578,-56.641,0.000
1732204972.817,-45.410,-21.973,-16.602,-48.340,0.000
1732204972.821,-28.809,-17.578,-18.555,-40.039,0.000
1732204972.825,-23.926,-14.648,-11.230,-46.875,0.000
1732204972.829,-26.367,-20.020,-12.695,-50.781,0.000
1732204972.832,-20.996,-24.414,-14.648,-43.457,0.000
1732204972.836,-30.762,-23.438,-8.789,-34.668,0.000
1732204972.840,-39.551,-22.949,-10.742,-38.574,0.000
1732204972.844,-40.039,-21.973,-14.648,-53.711,0.000
1732204972.848,-38.086,-24.902,-13.184,-48.340,0.000
1732204972.852,-39.062,-23.438,-15.137,-29.297,0.000
1732204972.856,-42.969,-24.414,-25.879,-33.203,0.000
1732204972.860,-42.480,-23.438,-20.020,-40.527,0.000
1732204972.864,-38.574,-19.043,-8.789,-48.340,0.000
1732204972.868,-34.668,-19.043,-9.766,-54.199,0.000
1732204972.872,-32.227,-26.367,-11.719,-51.758,0.000
1732204972.875,-28.809,-25.879,-14.648,-54.199,0.000
1732204972.879,-28.809,-21.973,-14.160,-57.129,0.000
1732204972.883,-28.809,-23.926,-9.277,-44.434,0.000
1732204972.887,-36.133,-21.973,-9.277,-38.086,0.000
1732204972.891,-28.320,-21.973,-12.695,-33.203,0.000
1732204972.895,-23.438,-22.461,-11.719,-33.203,0.000
1732204972.899,-41.992,-20.996,-14.648,-45.410,0.000
1732204972.903,-39.551,-21.973,-22.949,-37.598,0.000
1732204972.907,-41.504,-23.926,-25.391,-22.949,0.000
1732204972.911,-35.156,-19.531,-18.555,-4.395,0.000
1732204972.915,-21.973,-20.020,-13.672,-21.484,0.000
1732204972.918,-27.344,-20.508,-18.555,-46.875,0.000
1732204972.922,-22.461,-10.742,-19.043,-47.363,0.000
1732204972.926,-17.090,-1.465,-10.254,-38.574,0.000
1732204972.930,-21.973,-3.906,1.465,-46.387,0.000
1732204972.934,-26.855,-4.883,0.000,-60.059,0.000
1732204972.938,-20.020,-0.488,-2.930,-57.129,0.000
1732204972.942,-16.602,-5.859,0.488,-48.828,0.000
1732204972.946,-15.625,-4.883,0.000,-37.109,0.000
1732204972.950,-15.625,-7.812,-0.977,-42.480,0.000
1732204972.954,-22.461,-14.160,-3.906,-41.016,0.000
1732204972.958,-33.691,-18.066,-0.977,-43.945,0.000
1732204972.961,-38.086,-22.461,-4.395,-57.129,0.000
1732204972.965,-35.645,-19.531,-8.301,-50.781,0.000
1732204972.969,-34.180,-11.719,-5.859,-47.363,0.000
1732204972.973,-31.250,-15.137,-4.883,-38.086,0.000
1732204972.977,-25.391,-17.578,-3.418,-41.016,0.000
1732204972.981,-24.414,-10.254,-3.906,-44.922,0.000
1732204972.985,-26.855,-12.695,-9.766,-40.527,0.000
1732204972.989,-22.461,-19.531,-6.348,-38.086,0.000
1732204972.993,-23.926,-17.090,-4.395,-48.340,0.000
1732204972.997,-34.668,-14.648,-9.766,-36.621,0.000
1732204973.001,-48.340,-23.438,-8.301,-19.043,0.000
1732204973.004,-44.434,-26.855,-7.812,-16.602,0.000
1732204973.008,-34.180,-20.508,-11.719,-10.742,0.000
1732204973.012,-29.785,-16.113,-6.836,-26.855,0.000
1732204973.016,-27.832,-15.625,-2.441,-63.477,0.000
1732204973.020,-17.578,-17.090,-4.395,-64.453,0.000
1732204973.024,-14.648,-16.113,0.488,-51.270,0.000
1732204973.028,-10.742,-9.766,3.418,-32.227,0.000
1732204973.032,1.465,-4.883,-5.859,-15.625,0.000
1732204973.036,-29.785,-11.719,-8.301,-29.297,0.000
1732204973.040,-53.711,-22.949,-10.254,-45.410,0.000
1732204973.043,-45.410,-25.391,-14.160,-52.246,0.000
1732204973.047,-39.551,-20.508,-11.230,-56.152,0.000
1732204973.051,-40.039,-21.973,-14.160,-55.664,0.000
1732204973.055,-48.340,-25.391,-18.066,-51.270,0.000
1732204973.059,-37.598,-22.949,-16.602,-60.059,0.000
1732204973.063,-25.391,-20.020,-15.625,-59.570,0.000
1732204973.067,-33.691,-23.926,-10.254,-41.992,0.000
1732204973.071,-38.574,-26.855,-13.184,-26.855,0.000
1732204973.075,-40.527,-25.391,-16.602,-10.742,0.000
1732204973.079,-32.715,-20.508,-11.230,-26.367,0.000
1732204973.083,-33.203,-22.949,-6.836,-49.316,0.000
1732204973.086,-23.438,-27.344,-10.742,-49.316,0.000
1732204973.090,-14.160,-25.391,-20.020,-44.922,0.000
1732204973.094,-28.320,-19.531,-11.719,-37.598,0.000
1732204973.098,-22.461,-20.020,-8.301,-36.133,0.000
1732204973.102,-15.625,-21.484,-5.371,-37.598,0.000
1732204973.106,-30.762,-23.926,-9.277,-36.621,0.000
1732204973.110,-35.645,-20.996,-12.695,-41.992,0.000
1732204973.114,-34.180,-21.484,-9.766,-35.156,0.000
1732204973.118,-31.738,-19.531,-10.742,-27.344,0.000
1732204973.122,-26.855,-12.695,-2.930,-39.062,0.000
1732204973.125,-28.320,-19.531,-4.883,-56.641,0.000
1732204973.129,-31.738,-19.531,-8.789,-56.152,0.000
1732204973.133,-33.691,-12.695,-8.301,-47.363,0.000
1732204973.137,-27.832,-13.672,-13.672,-49.316,0.000
1732204973.141,-31.250,-22.461,-9.277,-35.156,0.000
1732204973.145,-43.945,-25.391,-7.324,-30.273,0.000
1732204973.149,-40.039,-23.438,-16.602,-34.180,0.000
1732204973.153,-37.109,-22.949,-16.113,-39.551,0.000
1732204973.157,-31.250,-22.461,-13.672,-50.781,0.000
1732204973.161,-35.645,-23.438,-16.113,-38.574,0.000
1732204973.164,-40.527,-20.020,-11.230,-38.086,0.000
1732204973.168,-24.414,-15.137,-5.371,-42.969,0.000
1732204973.172,-27.832,-15.137,-10.742,-35.645,0.000
1732204973.176,-30.273,-12.207,-14.160,-42.969,0.000
1732204973.180,-24.902,-10.254,-10.254,-41.016,0.000
1732204973.184,-26.367,-13.184,-18.066,-31.250,0.000
1732204973.188,-31.738,-20.996,-25.879,-38.574,0.000
1732204973.192,-33.203,-21.484,-25.391,-42.480,0.000
1732204973.196,-35.156,-18.555,-18.066,-35.156,0.000
1732204973.200,-41.016,-20.020,-15.137,-30.762,0.000
1732204973.204,-40.527,-19.043,-17.090,-29.785,0.000
1732204973.207,-28.320,-18.066,-18.555,-32.227,0.000
1732204973.211,-29.785,-23.438,-24.902,-35.645,0.000
1732204973.215,-40.527,-25.879,-20.996,-18.066,0.000
1732204973.219,-31.250,-25.879,-18.555,-11.719,0.000
1732204973.223,-14.648,-25.391,-22.461,-8.301,0.000
1732204973.227,-11.719,-22.949,-21.973,-22.949,0.000
1732204973.231,-28.320,-20.996,-20.508,-39.551,0.000
1732204973.235,-30.762,-13.672,-15.625,-27.344,0.000
1732204973.239,-25.879,-8.301,-13.672,-34.180,0.000
1732204973.243,-34.180,-10.254,-24.414,-35.156,0.000
1732204973.247,-31.250,-18.066,-28.809,-27.344,0.000
1732204973.250,-20.996,-18.066,-18.066,-24.414,0.000
1732204973.254,-24.414,-12.695,-22.949,-24.902,0.000
1732204973.258,-24.902,-16.113,-27.344,-11.719,0.000
1732204973.262,-19.043,-24.414,-28.320,-25.879,0.000
1732204973.266,-22.949,-28.320,-29.785,-40.039,0.000
1732204973.270,-26.855,-20.508,-32.715,-44.922,0.000
1732204973.274,-20.508,-18.066,-28.809,-44.922,0.000
1732204973.278,-23.926,-28.320,-23.926,-35.156,0.000
1732204973.282,-29.297,-26.855,-22.461,-35.645,0.000
1732204973.286,-20.996,-27.832,-25.391,-33.691,0.000
1732204973.290,-27.344,-28.809,-21.973,-18.555,0.000
1732204973.293,-23.438,-21.973,-12.695,-0.977,0.000
1732204973.297,-18.555,-21.484,-14.648,3.418,0.000
1732204973.301,-20.020,-16.113,-19.043,3.906,0.000
1732204973.305,-21.973,-12.207,-22.949,-7.812,0.000
1732204973.309,-28.809,-12.207,-20.508,-19.531,0.000
1732204973.313,-24.414,-12.695,-12.207,-26.855,0.000
1732204973.317,-25.391,-20.996,-19.043,-20.020,0.000
1732204973.321,-23.926,-24.414,-33.203,-19.043,0.000
1732204973.325,-25.879,-24.414,-30.273,-25.391,0.000
1732204973.329,-38.086,-23.438,-20.020,-22.949,0.000
1732204973.333,-36.621,-16.602,-19.531,-18.066,0.000
1732204973.336,-37.109,-12.695,-20.020,4.395,0.000
1732204973.340,-36.621,-18.555,-21.484,-9.766,0.000
1732204973.344,-17.090,-17.090,-21.484,-39.062,0.000
1732204973.348,-14.648,-7.812,-25.391,-42.969,0.000
1732204973.352,-28.809,-6.348,-24.902,-38.086,0.000
1732204973.356,-21.484,-14.160,-25.879,-24.902,0.000
1732204973.360,-14.160,-21.484,-24.902,-27.832,0.000
1732204973.364,-2.930,-13.184,-16.113,-31.738,0.000
1732204973.368,3.906,-8.301,-16.602,-25.879,0.000
1732204973.372,-3.418,-10.742,-21.484,-21.484,0.000
1732204973.375,-9.277,-17.090,-27.344,-18.555,0.000
1732204973.379,-13.672,-21.973,-25.879,-25.879,0.000
1732204973.383,-26.367,-21.484,-28.320,-23.438,0.000
1732204973.387,-39.062,-19.531,-37.598,-23.926,0.000
1732204973.391,-41.504,-17.090,-38.574,-27.344,0.000
1732204973.395,-38.574,-12.207,-24.414,-33.691,0.000
1732204973.399,-41.992,-13.184,-16.113,-36.133,0.000
1732204973.403,-42.969,-20.508,-20.996,-28.320,0.000
1732204973.407,-43.945,-19.043,-20.020,-29.297,0.000
1732204973.411,-52.246,-15.137,-22.461,-34.180,0.000
1732204973.415,-42.969,-16.602,-23.438,-48.828,0.000
1732204973.418,-44.922,-19.043,-21.484,-40.527,0.000
1732204973.422,-49.805,-14.648,-20.508,-25.391,0.000
1732204973.426,-49.316,-12.695,-19.531,-32.715,0.000
1732204973.430,-49.805,-16.113,-24.414,-29.297,0.000
1732204973.434,-50.293,-16.113,-24.902,-45.410,0.000
1732204973.438,-45.898,-14.160,-18.066,-60.547,0.000
1732204973.442,-40.039,-17.090,-14.648,-40.527,0.000
1732204973.446,-37.109,-23.438,-13.184,-33.203,0.000
1732204973.450,-33.203,-20.508,-19.531,-32.715,0.000
1732204973.454,-28.320,-20.020,-24.902,-21.484,0.000
1732204973.457,-27.344,-22.461,-21.973,-33.203,0.000
1732204973.461,-30.762,-20.996,-27.832,-47.363,0.000
1732204973.465,-23.438,-17.578,-24.414,-36.133,0.000
1732204973.469,-25.391,-19.043,-21.484,-21.973,0.000
1732204973.473,-31.738,-20.996,-26.855,-5.859,0.000
1732204973.477,-38.574,-28.809,-35.645,-14.648,0.000
1732204973.481,-52.246,-31.250,-40.527,-40.039,0.000
1732204973.485,-57.617,-26.855,-39.062,-64.941,0.000
1732204973.489,-52.734,-34.668,-33.203,-64.941,0.000
1732204973.493,-42.480,-32.227,-24.414,-34.180,0.000
1732204973.497,-39.062,-35.156,-27.344,-26.855,0.000
1732204973.500,-27.344,-41.504,-27.832,-37.109,0.000
1732204973.504,-25.879,-30.762,-26.855,-48.340,0.000
1732204973.508,-40.039,-21.973,-32.227,-53.223,0.000
1732204973.512,-44.434,-20.508,-29.785,-51.270,0.000
1732204973.516,-44.922,-21.973,-23.926,-36.621,0.000
1732204973.520,-39.062,-27.832,-24.414,-25.879,0.000
1732204973.524,-42.480,-27.832,-22.461,-32.227,0.000
1732204973.528,-38.086,-27.832,-24.414,-36.621,0.000
1732204973.532,-27.344,-27.832,-25.879,-34.668,0.000
1732204973.535,-35.645,-27.832,-27.344,-38.574,0.000
1732204973.539,-52.246,-28.809,-30.762,-53.711,0.000
1732204973.543,-59.570,-27.832,-31.250,-53.223,0.000
1732204973.547,-48.340,-29.785,-35.156,-41.504,0.000
1732204973.551,-41.016,-28.809,-41.992,-44.434,0.000
1732204973.555,-38.574,-28.809,-38.574,-50.293,0.000
1732204973.559,-37.598,-36.621,-29.297,-50.293,0.000
1732204973.563,-40.527,-38.086,-25.879,-46.875,0.000
1732204973.567,-29.785,-29.785,-27.344,-51.758,0.000
1732204973.571,-27.344,-25.879,-30.762,-57.617,0.000
1732204973.575,-41.504,-31.738,-31.738,-52.246,0.000
1732204973.578,-40.527,-32.715,-28.809,-58.105,0.000
1732204973.582,-33.203,-26.367,-29.785,-55.664,0.000
1732204973.586,-25.391,-26.367,-33.691,-41.992,0.000
1732204973.590,-16.602,-27.832,-31.738,-40.527,0.000
1732204973.594,-12.207,-22.949,-29.297,-48.828,0.000
1732204973.598,-21.484,-21.484,-34.668,-62.500,0.000
1732204973.602,-19.043,-21.973,-34.180,-67.871,0.000
1732204973.606,-10.742,-25.879,-32.227,-58.594,0.000
1732204973.610,-6.836,-29.785,-34.180,-47.363,0.000
1732204973.614,-2.441,-21.973,-37.598,-49.316,0.000
1732204973.618,3.418,-20.508,-32.227,-45.898,0.000
1732204973.621,-1.953,-22.461,-25.391,-36.133,0.000
1732204973.625,-16.602,-18.066,-22.949,-20.508,0.000
1732204973.629,-32.715,-18.555,-25.879,-10.742,0.000
1732204973.633,-26.367,-23.438,-33.691,-23.926,0.000
1732204973.637,-18.555,-22.949,-36.133,-41.016,0.000
1732204973.641,-25.879,-22.949,-39.551,-45.410,0.000
1732204973.645,-20.996,-17.578,-43.945,-55.176,0.000
1732204973.649,-9.277,-19.043,-41.016,-63.477,0.000
1732204973.653,-15.137,-25.391,-34.668,-49.805,0.000
1732204973.657,-19.531,-25.391,-34.180,-35.645,0.000
1732204973.661,-24.902,-30.762,-38.574,-33.203,0.000
1732204973.664,-29.297,-30.273,-38.086,-39.551,0.000
1732204973.668,-27.344,-21.973,-27.344,-39.551,0.000
1732204973.672,-26.367,-23.926,-26.367,-41.992,0.000
1732204973.676,-21.973,-26.367,-32.227,-37.598,0.000
1732204973.680,-25.879,-24.902,-33.691,-36.133,0.000
1732204973.684,-23.438,-22.949,-31.738,-47.852,0.000
1732204973.688,-22.461,-24.414,-32.227,-47.363,0.000
1732204973.692,-19.043,-21.973,-33.203,-35.645,0.000
1732204973.696,-20.020,-29.297,-33.203,-24.902,0.000
1732204973.700,-22.949,-31.250,-27.832,-24.902,0.000
1732204973.704,-11.719,-18.066,-12.695,-23.926,0.000
1732204973.707,-13.672,-21.484,-14.648,-28.320,0.000
1732204973.711,-26.367,-28.320,-27.344,-34.180,0.000
1732204973.715,-17.090,-25.391,-30.273,-40.039,0.000
1732204973.719,1.465,-18.555,-26.855,-46.875,0.000
1732204973.723,-6.348,-21.484,-23.926,-31.738,0.000
1732204973.727,-28.809,-27.832,-19.043,-19.043,0.000
1732204973.731,-43.457,-23.438,-17.090,-18.555,0.000
1732204973.735,-43.457,-27.832,-26.855,-23.926,0.000
1732204973.739,-29.785,-30.273,-31.250,-31.738,0.000
1732204973.743,-22.461,-19.531,-24.902,-53.223,0.000
1732204973.746,-25.879,-18.066,-22.949,-65.430,0.000
1732204973.750,-30.273,-21.484,-24.414,-62.500,0.000
1732204973.754,-36.621,-23.926,-25.879,-44.922,0.000
1732204973.758,-30.273,-27.832,-29.297,-8.789,0.000
1732204973.762,-33.203,-32.715,-34.180,-7.324,0.000
1732204973.766,-42.480,-28.320,-34.668,-39.062,0.000
1732204973.770,-26.367,-19.531,-33.203,-89.844,0.000
1732204973.774,-23.438,-22.461,-33.203,-102.051,0.000
1732204973.778,-19.043,-23.438,-24.414,-67.383,0.000
1732204973.782,-0.488,-15.137,-16.602,-45.410,0.000
1732204973.786,-7.324,-7.324,-20.508,-50.781,0.000
1732204973.789,-22.461,-2.441,-17.578,-52.734,0.000
1732204973.793,-19.043,-7.812,-16.113,-44.922,0.000
1732204973.797,-3.906,-17.090,-18.066,-44.922,0.000
1732204973.801,11.230,-17.090,-20.996,-30.762,0.000
1732204973.805,-1.953,-11.719,-25.879,-27.344,0.000
1732204973.809,-25.879,-11.719,-27.344,-41.504,0.000
1732204973.813,-29.785,-13.672,-31.250,-37.598,0.000
1732204973.817,-26.367,-13.184,-26.367,-23.438,0.000
1732204973.821,-28.320,-11.719,-18.555,-20.508,0.000
1732204973.825,-31.738,-15.625,-19.531,-22.461,0.000
1732204973.828,-28.320,-18.066,-29.785,-20.508,0.000
1732204973.832,-21.973,-12.207,-29.785,-17.578,0.000
1732204973.836,-13.672,-14.160,-20.020,-28.320,0.000
1732204973.840,-10.742,-17.090,-27.832,-33.203,0.000
1732204973.844,-17.578,-13.672,-33.203,-24.902,0.000
1732204973.848,-20.020,-18.555,-33.203,-20.508,0.000
1732204973.852,-20.996,-23.438,-30.273,-32.715,0.000
1732204973.856,-14.160,-20.020,-32.227,-53.711,0.000
1732204973.860,-4.395,-22.949,-41.504,-54.688,0.000
1732204973.864,-9.277,-19.043,-43.457,-37.109,0.000
1732204973.867,-10.254,-9.277,-39.551,-27.832,0.000
1732204973.872,-5.859,-15.137,-37.109,-22.949,0.000
1732204973.876,-18.066,-15.137,-37.109,-11.230,0.000
1732204973.879,-15.137,-17.090,-39.062,-20.508,0.000
1732204973.883,-18.066,-22.461,-41.016,-36.133,0.000
1732204973.887,-27.344,-19.043,-40.527,-50.293,0.000
1732204973.891,-21.484,-25.391,-35.156,-55.176,0.000
1732204973.895,-26.367,-20.996,-35.645,-50.781,0.000
1732204973.899,-40.527,-22.461,-38.086,-51.758,0.000
1732204973.903,-26.367,-20.996,-31.738,-39.062,0.000
1732204973.907,-13.672,-13.184,-31.250,-24.902,0.000
1732204973.911,-29.297,-19.531,-30.273,-34.668,0.000
1732204973.914,-38.086,-24.414,-26.855,-41.504,0.000
1732204973.918,-33.203,-21.484,-31.250,-36.133,0.000
1732204973.922,-31.738,-18.555,-35.645,-24.902,0.000
1732204973.926,-28.809,-22.949,-31.250,-20.996,0.000
1732204973.930,-26.855,-23.926,-29.785,-35.645,0.000
1732204973.934,-21.973,-14.160,-32.227,-43.945,0.000
1732204973.938,-16.602,-13.184,-24.414,-33.691,0.000
1732204973.942,-11.719,-22.949,-22.949,-38.086,0.000
1732204973.946,-7.324,-12.207,-30.273,-56.641,0.000
1732204973.950,-9.766,-2.441,-31.250,-44.434,0.000
1732204973.954,-11.719,-9.766,-24.902,-35.645,0.000
1732204973.957,-12.207,-10.254,-20.996,-39.062,0.000
1732204973.961,-10.742,-11.230,-20.508,-25.879,0.000
1732204973.965,1.953,-9.766,-25.879,-16.113,0.000
1732204973.969,-9.766,-12.695,-26.855,-32.227,0.000
1732204973.973,-22.949,-20.996,-21.484,-43.457,0.000
1732204973.977,-19.531,-25.879,-20.508,-45.410,0.000
1732204973.981,-22.461,-27.832,-17.578,-39.551,0.000
1732204973.985,-20.996,-24.902,-13.672,-27.832,0.000
1732204973.989,-25.391,-30.762,-15.625,-37.109,0.000
1732204973.993,-30.762,-30.762,-17.578,-32.227,0.000
1732204973.997,-26.855,-21.484,-21.484,-24.414,0.000
1732204974.000,-25.391,-23.438,-20.996,-36.133,0.000
1732204974.004,-27.832,-29.297,-20.996,-39.062,0.000
1732204974.008,-23.926,-25.391,-18.555,-36.621,0.000
1732204974.012,-28.809,-26.367,-13.672,-42.480,0.000
1732204974.016,-31.250,-22.461,-15.625,-42.480,0.000
1732204974.020,-23.438,-17.578,-7.812,-34.180,0.000
1732204974.024,-28.809,-22.949,-6.348,-21.973,0.000
1732204974.028,-23.926,-19.531,-19.043,-17.578,0.000
1732204974.032,-20.996,-14.648,-23.438,-20.020,0.000
1732204974.036,-37.598,-15.137,-25.391,-30.273,0.000
1732204974.039,-36.133,-19.531,-21.484,-40.039,0.000
1732204974.043,-29.297,-27.344,-20.996,-51.270,0.000
1732204974.047,-30.762,-21.484,-25.391,-61.035,0.000
1732204974.051,-37.109,-22.461,-30.762,-56.641,0.000
1732204974.055,-33.691,-20.996,-26.367,-46.875,0.000
1732204974.059,-31.250,-10.742,0.000,-31.738,0.000
1732204974.063,-29.785,-12.207,0.000,-31.738,0.000
1732204974.067,-38.086,-12.695,0.000,-49.316,0.000
1732204974.071,-35.156,-9.766,0.000,-55.176,0.000
1732204974.075,-14.160,-9.277,0.000,-51.270,0.000
1732204974.079,-26.855,-12.695,0.000,-48.828,0.000
1732204974.082,-40.527,-8.789,0.000,-45.410,0.000
1732204974.086,-44.434,-11.719,0.000,-38.574,0.000
1732204974.090,-48.340,-23.438,0.000,-34.668,0.000
1732204974.094,-46.875,-18.555,0.000,-28.320,0.000
1732204974.098,-42.480,-17.090,0.000,-36.621,0.000
1732204974.102,-31.738,-16.602,0.000,-44.922,0.000
1732204974.106,-30.762,-9.277,-21.484,-49.805,0.000
1732204974.110,-30.762,-15.625,-27.344,-55.664,0.000
1732204974.114,-20.508,-21.973,-23.926,-51.270,0.000
1732204974.118,-16.602,-20.996,-19.043,-35.156,0.000
1732204974.122,-19.043,-15.137,-13.672,-24.902,0.000
1732204974.125,-21.973,-15.137,-13.184,-33.203,0.000
1732204974.129,-39.551,-21.973,-20.020,-32.227,0.000
1732204974.133,-39.551,-22.461,-23.926,-34.668,0.000
1732204974.137,-34.180,-17.578,-20.020,-42.480,0.000
1732204974.141,-42.969,-20.508,-29.785,-41.992,0.000
1732204974.145,-47.852,-25.391,-32.227,-36.133,0.000
1732204974.149,-45.410,-26.855,-25.879,-26.855,0.000
1732204974.153,-38.086,-31.738,-35.156,-44.434,0.000
1732204974.157,-37.109,-20.508,-37.598,-60.547,0.000
1732204974.161,-37.598,-10.742,-26.855,-51.758,0.000
1732204974.164,-36.621,-7.812,-22.949,-39.551,0.000
1732204974.168,-52.734,-7.812,-24.414,-26.855,0.000
1732204974.172,-63.965,-18.066,-24.414,-31.250,0.000
1732204974.176,-46.875,-15.137,-21.973,-23.926,0.000
1732204974.180,-37.109,-14.648,-23.438,-22.461,0.000
1732204974.184,-37.598,-20.020,-32.715,-60.059,0.000
1732204974.188,-22.461,-19.043,-36.133,-74.219,0.000
1732204974.192,-24.414,-19.043,-32.227,-52.734,0.000
1732204974.196,-41.504,-27.344,-26.855,-45.898,0.000
1732204974.200,-34.668,-29.297,-20.020,-43.457,0.000
1732204974.204,-34.668,-20.508,-19.531,-39.551,0.000
1732204974.207,-42.480,-13.672,-28.809,-38.574,0.000
1732204974.211,-38.574,-11.230,-28.320,-25.391,0.000
1732204974.215,-34.180,-11.719,-28.320,-26.855,0.000
1732204974.219,-31.250,-10.254,-32.227,-38.574,0.000
1732204974.223,-37.109,-17.578,-27.832,-45.410,0.000
1732204974.227,-46.875,-21.973,-30.762,-45.410,0.000
1732204974.231,-39.551,-18.555,-31.250,-40.039,0.000
1732204974.235,-31.738,-14.160,-22.949,-34.180,0.000
1732204974.239,-32.227,-17.090,-16.602,-40.527,0.000
1732204974.243,-41.504,-25.391,-19.531,-48.828,0.000
1732204974.246,-32.715,-20.996,-23.438,-48.340,0.000
1732204974.250,-23.438,-13.672,-14.648,-49.805,0.000
1732204974.254,-37.598,-17.578,-19.043,-50.781,0.000
1732204974.258,-34.668,-14.160,-24.902,-38.086,0.000
1732204974.262,-34.668,-12.207,-27.832,-41.016,0.000
1732204974.266,-36.621,-20.020,-30.762,-45.410,0.000
1732204974.270,-32.227,-25.879,-26.855,-33.691,0.000
1732204974.274,-29.297,-22.461,-31.738,-42.969,0.000
1732204974.278,-20.508,-8.301,-32.715,-41.504,0.000
1732204974.282,-22.461,-1.465,-19.043,-23.926,0.000
1732204974.285,-32.715,-13.184,-22.461,-27.344,0.000
1732204974.289,-38.086,-20.508,-22.949,-26.367,0.000
1732204974.293,-30.762,-15.137,-11.719,-29.297,0.000
1732204974.297,-19.043,-11.230,-15.625,-37.109,0.000
1732204974.301,-16.602,-11.230,-21.484,-37.598,0.000
1732204974.305,-16.113,-17.578,-21.484,-49.805,0.000
1732204974.309,-15.625,-16.602,-13.672,-42.969,0.000
1732204974.313,-12.207,-17.578,-9.766,-30.762,0.000
1732204974.317,-8.789,-11.719,-11.719,-26.855,0.000
1732204974.321,-10.254,-6.836,-13.184,-30.273,0.000
1732204974.325,-17.090,-11.230,-12.695,-34.180,0.000
1732204974.328,-29.297,-8.789,-12.695,-20.020,0.000
1732204974.332,-37.109,-11.719,-11.719,-2.930,0.000
1732204974.336,-34.180,-10.254,-5.859,1.953,0.000
1732204974.340,-23.438,-5.371,-10.742,7.324,0.000
1732204974.344,-21.973,-12.695,-18.066,1.465,0.000
1732204974.348,-21.484,-16.602,-11.719,-21.973,0.000
1732204974.352,-15.137,-14.160,-14.648,-42.480,0.000
1732204974.356,-11.230,-13.672,-20.508,-55.176,0.000
1732204974.360,-21.973,-10.254,-20.020,-43.457,0.000
1732204974.364,-21.973,-11.230,-16.113,-32.715,0.000
1732204974.368,-18.066,-10.742,-15.625,-41.504,0.000
1732204974.371,-18.066,-8.789,-16.602,-24.414,0.000
1732204974.375,-25.391,-7.324,-19.531,-19.531,0.000
1732204974.379,-29.297,-11.230,-23.438,-38.086,0.000
1732204974.383,-19.043,-15.137,-22.461,-29.785,0.000
1732204974.387,-11.719,-12.695,-23.926,-22.949,0.000
1732204974.391,-10.742,-10.742,-22.949,-21.973,0.000
1732204974.395,-14.160,-8.789,-18.066,-12.695,0.000
1732204974.399,-18.555,-9.766,-15.625,-32.227,0.000
1732204974.403,-21.484,-13.672,-17.090,-44.922,0.000
1732204974.407,-21.484,-14.648,-18.555,-29.297,0.000
1732204974.411,-22.461,-20.508,-20.508,-27.344,0.000
1732204974.414,-24.414,-20.508,-20.020,-27.832,0.000
1732204974.418,-35.156,-14.648,-21.973,-26.367,0.000
1732204974.422,-38.574,-11.719,-24.414,-30.762,0.000
1732204974.426,-51.270,-14.160,-23.438,-20.996,0.000
1732204974.430,-52.734,-20.020,-22.461,-10.254,0.000
1732204974.434,-40.527,-16.602,-21.973,-16.113,0.000
1732204974.438,-39.062,-10.254,-16.602,-20.020,0.000
1732204974.442,-32.227,-9.766,-16.113,-28.809,0.000
1732204974.446,-28.320,-11.230,-19.043,-41.992,0.000
1732204974.450,-28.320,-13.184,-20.996,-36.133,0.000
1732204974.454,-23.926,-10.742,-20.508,-31.738,0.000
1732204974.457,-27.832,-14.160,-23.438,-40.039,0.000
1732204974.461,-5.371,-18.066,-27.832,-23.438,0.000
1732204974.465,16.113,-10.254,-17.578,0.488,0.000
1732204974.469,-21.484,-12.207,-10.254,-24.902,0.000
1732204974.473,-50.293,-25.879,-13.672,-40.527,0.000
1732204974.477,-42.969,-37.109,-29.785,-32.715,0.000
1732204974.481,-35.156,-37.598,-37.598,-36.621,0.000
1732204974.485,-27.832,-29.297,-30.273,-27.344,0.000
1732204974.489,-31.250,-26.855,-29.785,-18.555,0.000
1732204974.493,-32.715,-27.832,-37.598,-27.344,0.000
1732204974.496,-32.227,-25.391,-38.574,-53.223,0.000
1732204974.500,-30.762,-22.461,-30.762,-65.918,0.000
1732204974.504,-26.367,-27.344,-31.738,-44.922,0.000
1732204974.508,-23.926,-28.809,-28.809,-42.480,0.000
1732204974.512,-28.320,-20.996,-24.902,-49.805,0.000
1732204974.516,-19.531,-20.996,-29.297,-33.691,0.000
1732204974.520,-19.531,-32.227,-37.598,-38.574,0.000
1732204974.524,-29.785,-30.762,-36.133,-46.387,0.000
1732204974.528,0.000,-20.508,-31.250,-36.133,0.000
1732204974.532,0.000,-21.484,-25.879,-30.762,0.000
1732204974.536,0.000,-18.555,-19.531,-25.879,0.000
1732204974.539,0.000,-28.320,-20.996,-38.574,0.000
1732204974.543,0.000,-32.227,-25.391,-54.688,0.000
1732204974.547,0.000,-23.438,-33.203,-61.035,0.000
1732204974.551,0.000,-24.414,-32.227,-54.688,0.000
1732204974.555,0.000,-29.297,-25.391,-45.410,0.000
1732204974.559,0.000,-26.367,-24.414,-60.059,0.000
1732204974.563,0.000,-27.832,-29.785,-66.895,0.000
1732204974.567,0.000,-29.785,-29.785,-46.875,0.000
1732204974.571,0.000,-21.484,-23.438,-30.273,0.000
1732204974.575,-22.461,-13.672,-15.137,-24.414,0.000
1732204974.579,-34.668,-20.508,-15.625,-15.625,0.000
1732204974.582,-22.949,-27.344,-30.762,-28.320,0.000
1732204974.586,-19.531,-23.926,-31.250,-47.363,0.000
1732204974.590,-24.414,-24.414,-22.949,-45.898,0.000
1732204974.594,-32.227,-25.879,-20.508,-41.016,0.000
1732204974.598,-40.527,-32.227,-15.137,-39.062,0.000
1732204974.602,-41.992,-32.227,-16.113,-40.039,0.000
1732204974.606,-47.852,-29.785,-19.531,-46.387,0.000
1732204974.610,-44.922,-31.738,-24.902,-34.668,0.000
1732204974.614,-40.527,-29.785,-16.602,-17.578,0.000
1732204974.618,-43.457,-20.508,-14.648,-25.391,0.000
1732204974.621,-48.340,-18.555,-17.578,-26.855,0.000
1732204974.625,-48.828,-25.879,-16.602,-32.715,0.000
1732204974.629,-38.086,-28.320,-26.367,-63.965,0.000
1732204974.633,-42.969,-20.996,-25.879,-58.594,0.000
1732204974.637,-51.758,-19.531,-24.414,-35.645,0.000
1732204974.641,-44.922,-28.809,-26.855,-41.992,0.000
1732204974.645,-38.086,-28.809,-30.273,-39.062,0.000
1732204974.649,-39.551,-24.414,-28.320,-26.855,0.000
1732204974.653,-34.180,-24.414,-18.066,-30.762,0.000
1732204974.657,-34.180,-28.809,-13.184,-51.270,0.000
1732204974.660,-34.668,-22.461,-21.973,-66.895,0.000
1732204974.664,-26.367,-17.578,-24.902,-65.918,0.000
1732204974.668,-15.137,-19.531,-19.531,-54.199,0.000
1732204974.672,-14.648,-18.066,-18.555,-51.758,0.000
1732204974.676,-24.902,-22.461,-29.297,-54.199,0.000
1732204974.680,-28.320,-23.926,-24.414,-48.340,0.000
1732204974.684,-42.480,-20.996,-13.184,-42.969,0.000
1732204974.688,-40.527,-15.137,-17.578,-36.133,0.000
1732204974.692,-31.250,-11.230,-22.461,-34.180,0.000
1732204974.696,-41.504,-14.648,-22.949,-19.531,0.000
1732204974.700,-43.457,-14.648,-23.926,-20.020,0.000
1732204974.703,-36.133,-12.207,-28.320,-30.273,0.000
1732204974.707,-24.902,-18.555,-30.273,-33.203,0.000
1732204974.711,-23.438,-17.578,-30.273,-46.387,0.000
1732204974.715,0.000,-12.207,0.000,-29.785,0.000
1732204974.719,0.000,-16.602,0.000,-15.137,0.000
1732204974.723,0.000,-12.207,0.000,-37.109,0.000
1732204974.727,0.000,-16.602,0.000,-54.688,0.000
1732204974.731,0.000,-19.043,0.000,-46.387,0.000
1732204974.735,0.000,-15.625,0.000,-34.180,0.000
1732204974.739,0.000,-22.949,0.000,-35.156,0.000
1732204974.743,0.000,-22.949,0.000,-41.016,0.000
1732204974.746,0.000,-21.973,0.000,-34.180,0.000
1732204974.750,0.000,-24.902,0.000,-15.137,0.000
1732204974.754,0.000,-23.926,0.000,-21.484,0.000
1732204974.758,0.000,-20.508,0.000,-44.922,0.000
1732204974.762,-23.438,-21.484,-22.949,-57.617,0.000
1732204974.766,-24.414,-14.648,-25.391,-50.293,0.000
1732204974.770,-29.785,-9.766,-25.879,-52.246,0.000
1732204974.774,-34.180,-9.766,-23.438,-58.105,0.000
1732204974.778,-35.156,-17.090,-22.949,-52.246,0.000
1732204974.782,-30.762,-24.414,-19.531,-41.016,0.000
1732204974.786,-32.715,-27.344,-24.902,-33.203,0.000
1732204974.789,-34.180,-27.344,-29.297,-23.926,0.000
1732204974.793,-35.645,-20.508,-26.367,-21.973,0.000
1732204974.797,-41.992,-20.508,-29.785,-34.180,0.000
1732204974.801,-46.875,-28.809,-36.133,-50.293,0.000
1732204974.805,-38.086,-27.832,-26.367,-39.551,0.000
1732204974.809,-29.297,-19.043,-16.602,-32.715,0.000
1732204974.813,-19.531,-22.461,-23.926,-46.387,0.000
1732204974.817,-13.184,-23.926,-26.367,-50.781,0.000
1732204974.821,-29.785,-23.926,-21.973,-41.016,0.000
1732204974.825,-24.414,-28.809,-28.320,-34.180,0.000
1732204974.828,-4.883,-28.809,-33.203,-30.273,0.000
1732204974.832,-8.301,-26.367,-33.691,-34.668,0.000
1732204974.836,-10.742,-27.832,-37.109,-40.527,0.000
1732204974.840,-11.230,-26.367,-37.109,-41.992,0.000
1732204974.844,-13.184,-19.043,-27.832,-34.180,0.000
1732204974.848,-13.184,-15.137,-22.949,-21.484,0.000
1732204974.852,-19.531,-17.578,-20.508,-16.113,0.000
1732204974.856,-26.367,-21.484,-20.020,-17.578,0.000
1732204974.860,-27.344,-24.902,-28.320,-14.160,0.000
1732204974.864,-32.715,-26.855,-24.902,-23.926,0.000
1732204974.868,-33.691,-32.227,-20.508,-45.898,0.000
1732204974.871,-37.598,-29.297,-24.902,-53.711,0.000
1732204974.875,-41.016,-16.113,-24.414,-50.293,0.000
1732204974.879,-39.551,-17.090,-20.996,-46.387,0.000
1732204974.883,-41.504,-31.738,-32.715,-43.457,0.000
1732204974.887,-43.945,-37.109,-37.109,-51.758,0.000
1732204974.891,-44.922,-30.762,-31.738,-66.406,0.000
1732204974.895,-48.828,-31.250,-30.273,-50.293,0.000
1732204974.899,-53.223,-35.156,-28.809,-41.504,0.000
1732204974.903,-50.293,-34.668,-26.367,-46.875,0.000
1732204974.907,-49.316,-34.180,-23.926,-44.922,0.000
1732204974.911,-55.664,-38.086,-22.949,-38.086,0.000
1732204974.914,-47.852,-29.785,-24.902,-34.668,0.000
1732204974.918,-38.574,-24.414,-27.832,-17.090,0.000
1732204974.922,-45.410,-29.297,-22.949,-16.113,0.000
1732204974.926,-46.875,-33.203,-28.809,-41.992,0.000
1732204974.930,-46.875,-38.086,-34.180,-54.199,0.000
1732204974.934,-42.969,-34.668,-29.297,-57.617,0.000
1732204974.938,-37.598,-33.203,-28.320,-46.875,0.000
1732204974.942,-38.086,-29.297,-25.879,-44.922,0.000
1732204974.946,-39.062,-23.926,-32.715,-43.945,0.000
1732204974.950,-36.621,-25.391,-29.297,-35.645,0.000
1732204974.953,-33.691,-23.438,-22.461,-30.273,0.000
1732204974.957,-36.133,-18.066,-25.879,-31.250,0.000
1732204974.961,-36.621,-18.066,-22.949,-36.621,0.000
1732204974.965,-24.902,-19.531,-27.832,-61.035,0.000
1732204974.969,-29.297,-23.926,-27.832,-66.406,0.000
1732204974.973,-47.363,-24.902,-19.043,-46.875,0.000
1732204974.977,-38.574,-11.719,-20.020,-40.527,0.000
1732204974.981,-42.480,-12.695,-30.273,-44.922,0.000
1732204974.985,-48.340,-23.438,-36.133,-53.711,0.000
1732204974.989,-42.480,-26.367,-36.621,-34.180,0.000
1732204974.992,-33.691,-29.297,-34.180,-27.344,0.000
1732204974.997,-32.227,-29.297,-36.621,-26.367,0.000
1732204975.000,-37.109,-23.926,-41.992,-25.391,0.000
1732204975.004,-30.273,-23.438,-34.180,-48.828,0.000
1732204975.008,-28.809,-22.461,-30.273,-53.223,0.000
1732204975.012,-32.227,-18.066,-34.180,-50.781,0.000
1732204975.016,-29.297,-18.555,-32.715,-45.898,0.000
1732204975.020,-23.926,-17.090,-32.227,-43.945,0.000
1732204975.024,-11.230,-13.184,-28.809,-37.109,0.000
1732204975.028,-11.719,-18.066,-25.391,-39.062,0.000
1732204975.032,-18.066,-19.531,-24.902,-61.035,0.000
1732204975.036,-16.602,-16.602,-31.250,-62.500,0.000
1732204975.039,-13.184,-18.555,-31.250,-51.270,0.000
1732204975.043,-21.484,-20.996,-27.832,-48.340,0.000
1732204975.047,-24.414,-20.996,-25.879,-48.340,0.000
1732204975.051,-23.438,-19.531,-26.367,-49.316,0.000
1732204975.055,-33.203,-21.484,-27.344,-52.246,0.000
1732204975.059,-24.902,-18.555,-29.297,-47.852,0.000
1732204975.063,-20.020,-20.508,-36.133,-43.457,0.000
1732204975.067,-29.785,-28.809,-36.133,-55.664,0.000
1732204975.071,-33.691,-28.320,-30.273,-61.523,0.000
1732204975.075,-23.926,-20.020,-31.738,-53.223,0.000
1732204975.079,-18.066,-20.508,-27.344,-53.223,0.000
1732204975.082,-26.855,-24.414,-20.508,-58.594,0.000
1732204975.086,-32.227,-21.484,-27.832,-56.152,0.000
1732204975.090,-34.668,-27.832,-35.645,-44.434,0.000
1732204975.094,-41.504,-32.715,-33.203,-26.855,0.000
1732204975.098,-41.992,-26.855,-28.809,-25.879,0.000
1732204975.102,-39.551,-23.926,-30.273,-43.945,0.000
1732204975.106,-43.945,-25.391,-31.738,-49.805,0.000
1732204975.110,-35.156,-20.020,-30.762,-45.410,0.000
1732204975.114,-36.621,-19.531,-25.391,-55.176,0.000
1732204975.118,-49.805,-29.297,-24.902,-52.734,0.000
1732204975.121,-35.645,-24.902,-20.996,-43.945,0.000
1732204975.125,-38.574,-18.555,-17.090,-37.109,0.000
1732204975.129,-51.758,-18.066,-19.043,-33.691,0.000
1732204975.133,-38.086,-23.926,-20.020,-42.969,0.000
1732204975.137,-27.344,-27.344,-26.855,-48.340,0.000
1732204975.141,-23.926,-19.043,-25.391,-43.945,0.000
1732204975.145,-32.715,-15.625,-19.531,-38.086,0.000
1732204975.149,-35.645,-23.926,-23.926,-35.645,0.000
1732204975.153,-29.297,-25.879,-24.414,-42.969,0.000
1732204975.157,-35.156,-22.949,-20.996,-42.480,0.000
1732204975.161,-26.855,-26.855,-30.762,-41.504,0.000
1732204975.164,-13.672,-32.227,-33.691,-39.062,0.000
1732204975.168,-31.250,-23.926,-26.367,-21.973,0.000
1732204975.172,-40.527,-13.672,-33.203,-43.457,0.000
1732204975.176,-37.598,-16.602,-31.738,-69.824,0.000
1732204975.180,-34.180,-19.531,-20.996,-56.152,0.000
1732204975.184,-37.109,-19.043,-21.973,-50.293,0.000
1732204975.188,-36.133,-19.043,-28.320,-50.293,0.000
1732204975.192,-35.156,-20.508,-32.227,-41.992,0.000
1732204975.196,-42.969,-21.484,-25.879,-34.668,0.000
1732204975.200,-44.434,-23.438,-18.066,-28.809,0.000
1732204975.204,-35.156,-21.973,-17.578,-32.227,0.000
1732204975.207,-26.855,-15.625,-20.508,-63.965,0.000
1732204975.211,-28.320,-10.742,-20.508,-71.289,0.000
1732204975.215,-33.203,-11.719,-15.625,-57.617,0.000
1732204975.219,-24.414,-18.555,-20.508,-61.523,0.000
1732204975.223,-27.344,-20.996,-26.855,-61.035,0.000
1732204975.227,-40.527,-17.578,-26.367,-63.477,0.000
1732204975.231,-36.133,-20.020,-22.949,-45.410,0.000
1732204975.235,-32.227,-21.484,-23.926,-16.602,0.000
1732204975.239,-22.461,-17.578,-28.809,-14.648,0.000
1732204975.243,-16.602,-19.531,-26.367,-27.832,0.000
1732204975.247,-21.484,-22.461,-22.461,-33.691,0.000
1732204975.250,-26.367,-14.160,-17.090,-41.504,0.000
1732204975.254,-23.438,-10.742,-15.625,-53.223,0.000
1732204975.258,-19.043,-15.137,-20.996,-47.852,0.000
1732204975.262,-32.715,-12.207,-24.414,-44.434,0.000
1732204975.266,-45.898,-10.254,-21.484,-42.969,0.000
1732204975.270,-37.598,-10.254,-16.602,-24.414,0.000
1732204975.274,-34.668,-17.578,-11.230,-24.414,0.000
1732204975.278,-23.926,-13.184,-11.230,-32.227,0.000
1732204975.282,-25.879,-2.930,-9.277,-22.949,0.000
1732204975.286,-27.832,-6.348,-9.766,-33.691,0.000
1732204975.289,-23.926,-13.184,-13.184,-43.457,0.000
1732204975.293,-42.969,-25.391,-16.602,-31.738,0.000
1732204975.297,-56.641,-20.996,-21.484,-41.016,0.000
1732204975.301,-53.223,-18.555,-21.973,-41.504,0.000
1732204975.305,-42.480,-22.461,-15.625,-19.531,0.000
1732204975.309,-26.855,-18.066,-8.789,-10.742,0.000
1732204975.313,-38.574,-17.578,-21.973,-18.555,0.000
1732204975.317,-44.922,-21.484,-24.902,-19.531,0.000
1732204975.321,-36.621,-26.367,-23.438,-16.602,0.000
1732204975.325,-34.668,-23.438,-23.438,-20.508,0.000
1732204975.329,-32.227,-24.902,-22.461,-16.602,0.000
1732204975.332,-38.086,-23.438,-31.738,-29.785,0.000
1732204975.336,-43.945,-19.531,-26.855,-53.223,0.000
1732204975.340,-38.574,-20.996,-20.020,-52.734,0.000
1732204975.344,-41.016,-21.484,-23.438,-47.852,0.000
1732204975.348,-39.551,-24.414,-26.367,-33.203,0.000
1732204975.352,-26.855,-20.996,-20.508,-28.809,0.000
1732204975.356,-22.461,-16.602,-21.973,-53.223,0.000
1732204975.360,-34.668,-18.555,-26.855,-63.965,0.000
1732204975.364,-33.203,-17.090,-16.602,-52.246,0.000
1732204975.368,-29.785,-9.766,-11.719,-37.109,0.000
1732204975.371,0.000,-18.555,-17.090,-32.715,0.000
1732204975.375,0.000,-23.438,-19.531,-33.691,0.000
1732204975.379,0.000,-16.113,-20.508,-20.996,0.000
1732204975.383,0.000,-17.090,-19.531,-11.230,0.000
1732204975.387,0.000,-16.602,-24.414,-28.809,0.000
1732204975.391,0.000,-24.414,-31.250,-44.922,0.000
1732204975.395,0.000,-30.273,-24.414,-41.016,0.000
1732204975.399,0.000,-28.809,-18.555,-38.574,0.000
1732204975.403,0.000,-28.320,-15.137,-39.062,0.000
1732204975.407,0.000,-20.508,-15.625,-45.410,0.000
1732204975.410,0.000,-17.090,-25.879,-41.992,0.000
1732204975.414,0.000,-18.066,-29.297,-33.203,0.000
1732204975.418,-26.855,-17.578,-25.391,-32.227,0.000
1732204975.422,-19.531,-19.043,-26.855,-31.738,0.000
1732204975.426,-21.484,-20.996,-21.973,-32.715,0.000
1732204975.430,-25.879,-22.949,-23.438,-45.410,0.000
1732204975.434,-34.180,-23.926,-25.391,-47.363,0.000
1732204975.438,-41.016,-26.855,-20.996,-29.785,0.000
1732204975.442,-50.293,-26.855,-15.137,-31.738,0.000
1732204975.446,-51.270,-24.902,-22.949,-43.945,0.000
1732204975.450,-39.062,-23.926,-29.785,-39.551,0.000
1732204975.453,-32.227,-20.508,-26.855,-34.180,0.000
1732204975.457,-30.762,-23.926,-32.227,-28.809,0.000
1732204975.461,-44.922,-27.344,-34.180,-29.297,0.000
1732204975.465,-54.688,-21.484,-30.273,-36.621,0.000
1732204975.469,-50.781,-21.973,-29.785,-33.203,0.000
1732204975.473,-48.340,-30.762,-25.391,-19.043,0.000
1732204975.477,-46.875,-34.180,-22.461,-15.625,0.000
1732204975.481,-42.480,-30.273,-26.855,-27.344,0.000
1732204975.485,-43.457,-22.949,-25.879,-28.809,0.000
1732204975.489,-49.316,-21.484,-24.902,-45.410,0.000
1732204975.493,-45.898,-20.020,-28.320,-62.012,0.000
1732204975.496,-37.109,-20.996,-24.414,-68.359,0.000
1732204975.500,-32.227,-20.508,-21.973,-69.824,0.000
1732204975.504,-28.320,-24.414,-22.949,-56.152,0.000
1732204975.508,-29.785,-29.785,-19.531,-44.434,0.000
1732204975.512,-36.133,-30.762,-13.672,-34.180,0.000
1732204975.516,-40.039,-24.414,-13.672,-38.086,0.000
1732204975.520,-36.621,-18.555,-21.484,-46.875,0.000
1732204975.524,-26.367,-16.602,-17.090,-37.109,0.000
1732204975.528,-28.809,-16.602,-15.137,-34.180,0.000
1732204975.532,-40.039,-15.137,-23.438,-45.410,0.000
1732204975.536,-49.805,-20.508,-28.320,-50.293,0.000
1732204975.539,-50.293,-23.926,-22.949,-41.992,0.000
1732204975.543,-35.156,-18.066,-13.184,-35.156,0.000
1732204975.547,-20.020,-14.160,-13.184,-41.504,0.000
1732204975.551,-27.832,-18.555,-22.949,-32.227,0.000
1732204975.555,-35.645,-24.414,-20.508,-6.348,0.000
1732204975.559,-32.227,-18.555,-13.184,11.719,0.000
1732204975.563,-36.133,-20.508,-17.090,1.953,0.000
1732204975.567,-40.039,-23.926,-15.137,-24.414,0.000
1732204975.571,-42.480,-23.926,-18.066,-53.223,0.000
1732204975.575,-35.645,-19.531,-25.391,-65.918,0.000
1732204975.578,-34.668,-15.137,-25.879,-42.969,0.000
1732204975.582,-37.598,-20.020,-17.090,-36.621,0.000
1732204975.586,-20.508,-20.020,-11.719,-47.363,0.000
1732204975.590,-30.273,-14.160,-15.137,-39.551,0.000
1732204975.594,-45.410,-12.695,-14.648,-33.203,0.000
1732204975.598,-41.016,-22.949,-12.207,-27.832,0.000
1732204975.602,-43.457,-28.809,-14.160,-34.668,0.000
1732204975.606,-51.270,-27.832,-15.625,-48.828,0.000
1732204975.610,-44.434,-23.926,-7.324,-36.133,0.000
1732204975.614,-32.227,-16.113,-8.301,-17.090,0.000
1732204975.618,-32.227,-16.113,-7.812,2.930,0.000
1732204975.622,-34.180,-14.160,-0.977,2.930,0.000
1732204975.625,-44.922,-11.230,-6.836,-12.207,0.000
1732204975.629,-41.504,-14.648,-11.719,-26.367,0.000
1732204975.633,-26.367,-21.484,-14.160,-52.246,0.000
1732204975.637,-38.574,-24.902,-17.578,-47.363,0.000
1732204975.641,-49.316,-15.625,-13.672,-18.066,0.000
1732204975.645,-45.898,-8.789,-15.137,-15.625,0.000
1732204975.649,-39.062,-6.348,-17.090,-25.879,0.000
1732204975.653,0.000,-10.254,-12.207,-27.344,0.000
1732204975.657,0.000,-15.137,-3.418,-27.344,0.000
1732204975.661,0.000,-19.531,-7.812,-29.785,0.000
1732204975.664,0.000,-27.832,-19.531,-39.551,0.000
1732204975.668,0.000,-22.461,-17.578,-42.480,0.000
1732204975.672,0.000,-9.766,-9.766,-38.086,0.000
1732204975.676,0.000,-3.906,-12.207,-39.551,0.000
1732204975.680,0.000,-0.977,-10.254,-34.180,0.000
1732204975.684,0.000,-3.906,-5.371,-28.320,0.000
1732204975.688,0.000,-2.930,-0.977,-25.391,0.000
1732204975.692,0.000,-5.859,-11.230,-17.578,0.000
1732204975.696,0.000,-14.648,-12.695,-21.484,0.000
1732204975.700,-20.508,-11.230,-9.766,-29.297,0.000
1732204975.704,-20.508,-4.395,-9.277,-20.020,0.000
1732204975.707,-34.668,-11.719,-7.324,-19.531,0.000
1732204975.711,-41.504,-18.066,-11.230,-28.809,0.000
1732204975.715,-40.527,-19.043,-15.137,-30.273,0.000
1732204975.719,-34.668,-17.578,-18.555,-23.926,0.000
1732204975.723,-28.809,-26.367,-25.879,-20.020,0.000
1732204975.727,-35.156,-25.879,-26.367,-36.133,0.000
1732204975.731,-45.898,-18.555,-20.020,-45.410,0.000
1732204975.735,-56.152,-18.555,-20.996,-31.250,0.000
1732204975.739,-52.246,-15.625,-15.625,-18.555,0.000
1732204975.743,-41.016,-16.602,-11.719,-13.672,0.000
1732204975.746,-28.809,-12.695,-13.672,-18.066,0.000
1732204975.750,-24.902,-8.789,-22.461,-24.902,0.000
1732204975.754,-24.902,-17.578,-26.367,-49.316,0.000
1732204975.758,-24.414,-18.066,-20.020,-46.387,0.000
1732204975.762,-17.578,-13.672,-4.395,-25.391,0.000
1732204975.766,-7.812,-17.578,-5.371,-12.695,0.000
1732204975.770,-18.066,-10.742,-14.648,-14.648,0.000
1732204975.774,-26.855,-11.230,-15.137,-23.438,0.000
1732204975.778,-25.391,-22.949,-18.555,-22.949,0.000
1732204975.782,-25.391,-19.531,-15.137,-36.621,0.000
1732204975.785,-21.973,-10.742,-16.602,-48.828,0.000
1732204975.789,-30.273,-5.371,-23.926,-47.852,0.000
1732204975.793,-45.410,-7.324,-16.602,-38.086,0.000
1732204975.797,-45.898,-13.672,-6.348,-29.297,0.000
1732204975.801,-44.922,-17.578,-10.254,-25.879,0.000
1732204975.805,-46.875,-19.043,-21.484,-30.762,0.000
1732204975.809,-39.062,-21.484,-20.508,-29.297,0.000
1732204975.813,-36.621,-22.461,-11.719,-22.949,0.000
1732204975.817,-51.758,-25.391,-8.789,-27.344,0.000
1732204975.821,-45.410,-21.484,-11.230,-41.992,0.000
1732204975.825,-37.109,-21.484,-15.137,-39.551,0.000
1732204975.828,-48.340,-25.391,-12.207,-26.855,0.000
1732204975.832,-49.316,-21.484,-6.348,-32.227,0.000
1732204975.836,-35.645,-25.879,-5.859,-32.227,0.000
1732204975.840,-44.922,-28.320,-12.695,-34.180,0.000
1732204975.844,-43.945,-14.160,-17.578,-29.785,0.000
1732204975.848,-11.230,-6.836,-10.742,-1.953,0.000
1732204975.852,-16.113,-11.230,-5.371,-25.391,0.000
1732204975.856,-49.805,-17.090,-5.371,-71.289,0.000
1732204975.860,-55.664,-23.926,-8.301,-74.707,0.000
1732204975.864,-44.922,-28.320,-5.371,-53.711,0.000
1732204975.868,-53.223,-25.391,0.488,-36.621,0.000
1732204975.871,-56.152,-23.438,0.977,-18.066,0.000
1732204975.875,-54.688,-26.367,0.000,-15.137,0.000
1732204975.879,-53.711,-27.344,-3.906,-32.227,0.000
1732204975.883,-41.504,-27.344,-6.836,-47.852,0.000
1732204975.887,-35.156,-26.855,-6.836,-49.805,0.000
1732204975.891,-25.879,-23.438,-10.254,-38.574,0.000
1732204975.895,-34.180,-22.949,-8.789,-36.133,0.000
1732204975.899,-42.480,-25.879,-4.883,-34.668,0.000
1732204975.903,-38.086,-20.996,-9.277,-38.574,0.000
1732204975.907,-40.039,-16.113,-14.648,-34.668,0.000
1732204975.911,-35.645,-18.555,-20.020,-25.879,0.000
1732204975.914,-39.551,-26.855,-15.625,-23.926,0.000
1732204975.918,-37.109,-23.926,-5.859,-16.113,0.000
1732204975.922,-42.969,-11.719,-0.977,-21.973,0.000
1732204975.926,-48.340,-19.531,-7.812,-16.602,0.000
1732204975.930,-39.551,-25.391,-13.184,-10.254,0.000
1732204975.934,-31.250,-17.578,0.000,-24.414,0.000
1732204975.938,-24.902,-15.137,0.000,-39.062,0.000
1732204975.942,-44.434,-16.602,0.000,-41.016,0.000
1732204975.946,-40.039,-22.461,0.000,-40.527,0.000
1732204975.950,-26.367,-20.020,0.000,-24.414,0.000
1732204975.953,-35.156,-16.113,0.000,-27.344,0.000
1732204975.957,-36.133,-20.508,0.000,-46.875,0.000
1732204975.961,-35.156,-12.207,0.000,-44.434,0.000
1732204975.965,-38.574,-7.812,0.000,-37.109,0.000
1732204975.969,-37.109,-10.742,0.000,-30.273,0.000
1732204975.973,-40.527,-14.648,0.000,-32.227,0.000
1732204975.977,-41.504,-17.090,0.000,-34.180,0.000
1732204975.981,0.000,-16.113,-18.066,-33.203,0.000
1732204975.985,0.000,-15.625,-21.484,-43.457,0.000
1732204975.989,0.000,-15.137,-19.043,-45.410,0.000
1732204975.993,0.000,-16.602,-22.461,-35.156,0.000
1732204975.996,0.000,-20.508,-22.949,-34.668,0.000
1732204976.000,0.000,-18.066,-17.578,-34.180,0.000
1732204976.004,0.000,-9.766,-14.160,-44.434,0.000
1732204976.008,0.000,-12.695,-10.254,-52.246,0.000
1732204976.012,0.000,-19.531,-8.789,-46.875,0.000
1732204976.016,0.000,-13.184,-15.625,-44.922,0.000
1732204976.020,0.000,-12.207,-19.531,-38.574,0.000
1732204976.024,0.000,-13.184,-16.602,-27.344,0.000
1732204976.028,-28.809,-15.137,-17.090,-26.855,0.000
1732204976.032,-56.641,-21.484,-20.996,-32.715,0.000
1732204976.036,-42.480,-19.531,-19.531,-29.297,0.000
1732204976.039,-42.480,-27.344,-24.414,-31.738,0.000
1732204976.043,-47.852,-34.668,-17.090,-33.203,0.000
1732204976.047,-36.133,-21.484,-10.254,-30.273,0.000
1732204976.051,-49.316,-13.672,-19.043,-11.719,0.000
1732204976.055,-61.035,-15.625,-17.090,0.488,0.000
1732204976.059,-51.270,-20.508,-18.555,-12.695,0.000
1732204976.063,-48.828,-18.555,-23.926,-19.531,0.000
1732204976.067,-51.270,-18.555,-21.973,-40.527,0.000
1732204976.071,-32.715,-20.020,-18.555,-55.176,0.000
1732204976.075,0.000,-15.137,-16.113,-47.852,0.000
1732204976.078,0.000,-14.648,-18.066,-50.781,0.000
1732204976.082,0.000,-15.137,-20.508,-68.359,0.000
1732204976.086,0.000,-17.090,-17.578,-63.965,0.000
1732204976.090,0.000,-20.020,-16.602,-45.410,0.000
1732204976.094,0.000,-20.020,-23.438,-43.457,0.000
1732204976.098,0.000,-24.414,-24.902,-46.875,0.000
1732204976.102,0.000,-23.926,-22.949,-42.480,0.000
1732204976.106,0.000,-15.625,-19.531,-38.574,0.000
1732204976.110,0.000,-14.648,-20.996,-42.969,0.000
1732204976.114,0.000,-15.625,-20.996,-41.016,0.000
1732204976.117,0.000,-13.672,-14.160,-23.438,0.000
1732204976.121,-39.062,-17.578,-10.254,-8.301,0.000
1732204976.125,-44.434,-25.391,-9.277,-7.324,0.000
1732204976.129,-39.551,-23.438,-15.137,-32.227,0.000
1732204976.133,-37.109,-16.113,-23.438,-60.547,0.000
1732204976.137,-26.855,-10.742,-20.508,-58.594,0.000
1732204976.141,-20.508,-15.625,-19.043,-57.129,0.000
1732204976.145,-25.879,-20.020,-22.461,-55.664,0.000
1732204976.149,-17.578,-19.043,-18.555,-42.480,0.000
1732204976.153,-8.301,-15.625,-16.602,-38.086,0.000
1732204976.157,-22.949,-12.207,-23.438,-29.785,0.000
1732204976.160,-25.391,-13.672,-25.879,-29.785,0.000
1732204976.164,-23.926,-12.695,-28.320,-38.574,0.000
1732204976.168,-35.645,-10.254,-26.367,-34.668,0.000
1732204976.172,-45.410,-12.695,-16.602,-22.949,0.000
1732204976.176,-44.922,-12.695,-15.137,-16.113,0.000
1732204976.180,-33.691,-14.160,-16.602,-19.531,0.000
1732204976.184,-33.691,-16.113,-14.160,-21.484,0.000
1732204976.188,-34.180,-8.789,-12.207,-9.277,0.000
1732204976.192,-34.180,-11.230,-12.695,-18.555,0.000
1732204976.196,-35.156,-12.695,-10.742,-20.508,0.000
1732204976.200,-37.109,-14.648,-15.137,-16.113,0.000
1732204976.203,-40.527,-25.879,-28.320,-32.227,0.000
1732204976.207,-41.992,-21.484,-31.250,-36.133,0.000
1732204976.211,-24.902,-20.996,-30.762,-37.109,0.000
1732204976.215,-26.367,-23.926,-26.855,-61.523,0.000
1732204976.219,-46.875,-15.137,-16.113,-77.148,0.000
1732204976.223,-45.410,-12.695,-12.207,-62.988,0.000
1732204976.227,-52.734,-11.230,-13.672,-44.922,0.000
1732204976.231,-51.270,-13.672,-15.137,-48.340,0.000
1732204976.235,-44.922,-20.020,-23.926,-57.617,0.000
1732204976.239,-42.480,-24.902,-20.996,-54.199,0.000
1732204976.243,-35.645,-22.949,-13.184,-53.223,0.000
1732204976.246,-33.203,-19.531,-19.531,-50.781,0.000
1732204976.250,-23.926,-23.438,-33.691,-54.199,0.000
1732204976.254,-11.230,-23.926,-34.668,-47.363,0.000
1732204976.258,-29.785,-21.484,-24.902,-24.902,0.000
1732204976.262,-58.105,-17.090,-24.902,-23.926,0.000
1732204976.266,-49.316,-11.230,-19.043,-32.227,0.000
1732204976.270,-32.227,-9.277,-20.020,-37.109,0.000
1732204976.274,-41.504,-11.230,-24.414,-34.180,0.000
1732204976.278,-61.035,-20.020,-21.973,-34.180,0.000
1732204976.282,-64.941,-23.438,-26.855,-21.484,0.000
1732204976.286,-59.570,-16.602,-27.832,-22.949,0.000
1732204976.289,-47.852,-18.066,-26.855,-44.922,0.000
1732204976.293,-31.738,-15.137,-26.367,-38.574,0.000
1732204976.297,-35.645,-8.789,-23.926,-34.668,0.000
1732204976.301,-49.805,-10.254,-16.113,-57.617,0.000
1732204976.305,-51.270,-13.672,-12.207,-53.223,0.000
1732204976.309,-49.805,-17.090,-16.602,-41.504,0.000
1732204976.313,-46.387,-10.742,-18.555,-37.598,0.000
1732204976.317,-44.434,-6.348,-13.672,-29.785,0.000
1732204976.321,-34.668,-8.301,-9.277,-19.043,0.000
1732204976.325,-29.785,-10.254,-18.066,-26.367,0.000
1732204976.329,-37.598,-19.043,-33.691,-44.922,0.000
1732204976.332,-36.133,-20.508,-30.273,-47.363,0.000
1732204976.336,-41.016,-20.020,-18.066,-35.156,0.000
1732204976.340,-46.875,-20.996,-9.277,-22.461,0.000
1732204976.344,-49.316,-9.766,-9.766,-31.250,0.000
1732204976.348,-50.781,-8.301,-12.695,-37.598,0.000
1732204976.352,-49.805,-6.348,-13.672,-43.945,0.000
1732204976.356,0.000,-0.977,-17.578,-58.105,0.000
1732204976.360,0.000,-0.977,-19.531,-69.336,0.000
1732204976.364,0.000,-1.953,-15.625,-65.918,0.000
1732204976.368,0.000,-5.859,-17.578,-50.781,0.000
1732204976.371,0.000,-5.371,-23.438,-49.316,0.000
1732204976.375,0.000,-4.395,-28.809,-50.781,0.000
1732204976.379,0.000,-10.742,-21.484,-38.574,0.000
1732204976.383,0.000,-13.184,-14.648,-32.227,0.000
1732204976.387,0.000,-10.742,-17.578,-28.809,0.000
1732204976.391,0.000,-13.184,-20.020,-20.020,0.000
1732204976.395,0.000,-17.090,-20.508,-22.461,0.000
1732204976.399,0.000,-16.113,-16.602,-29.785,0.000
1732204976.403,-26.855,-14.160,-20.996,-47.363,0.000
1732204976.407,-21.484,-11.719,-20.508,-58.105,0.000
1732204976.411,-12.695,-3.906,-20.508,-44.434,0.000
1732204976.414,-7.812,-4.395,-20.020,-30.273,0.000
1732204976.418,-12.695,-10.742,-17.090,-29.297,0.000
1732204976.422,-14.648,-13.672,-18.066,-41.016,0.000
1732204976.426,-34.668,-16.113,-17.578,-58.105,0.000
1732204976.430,-34.180,-17.090,-21.973,-62.988,0.000
1732204976.434,-19.531,-14.160,-19.043,-57.129,0.000
1732204976.438,-22.949,-6.836,-13.672,-48.828,0.000
1732204976.442,-17.090,-3.418,-10.742,-40.527,0.000
1732204976.446,-19.043,-9.277,-8.789,-34.668,0.000
1732204976.450,-18.555,-7.812,-18.066,-35.645,0.000
1732204976.453,-28.809,-9.277,-22.949,-38.574,0.000
1732204976.457,-36.621,-15.625,-22.461,-37.598,0.000
1732204976.461,-27.344,-21.484,-19.043,-43.457,0.000
1732204976.465,-36.621,-20.508,-10.742,-49.805,0.000
1732204976.469,-43.457,-16.113,-6.836,-41.504,0.000
1732204976.473,-37.109,-15.137,-11.230,-41.504,0.000
1732204976.477,-45.410,-12.695,-19.043,-51.270,0.000
1732204976.481,-56.641,-15.137,-17.578,-41.992,0.000
1732204976.485,-48.340,-18.555,-15.625,-37.109,0.000
1732204976.489,-39.551,-16.113,-20.020,-41.992,0.000
1732204976.492,-42.480,-18.066,-16.602,-41.992,0.000
1732204976.496,-32.227,-14.160,-16.113,-52.734,0.000
1732204976.500,-31.250,-7.812,-20.020,-74.219,0.000
1732204976.504,-32.715,-9.766,-15.137,-77.148,0.000
1732204976.508,-34.668,-15.625,-17.578,-71.289,0.000
1732204976.512,-35.645,-20.508,-22.949,-62.500,0.000
1732204976.516,-17.578,-15.137,-17.090,-33.203,0.000
1732204976.520,-20.508,-10.742,-7.324,-24.902,0.000
1732204976.524,-32.227,-7.324,-9.766,-47.363,0.000
1732204976.528,-23.926,-8.301,-16.602,-39.551,0.000
1732204976.532,-18.066,-19.043,-12.207,-29.785,0.000
1732204976.535,-15.625,-15.625,-10.254,-47.363,0.000
1732204976.539,-14.160,-2.441,-12.695,-50.293,0.000
1732204976.543,-15.137,-3.418,-13.672,-47.852,0.000
1732204976.547,-19.531,-9.766,-13.672,-57.617,0.000
1732204976.551,-36.621,-17.090,-10.254,-65.918,0.000
1732204976.555,-42.969,-14.160,-9.277,-60.547,0.000
1732204976.559,-44.434,-17.090,-11.230,-45.410,0.000
1732204976.563,-45.898,-24.414,-11.230,-36.133,0.000
1732204976.567,-31.250,-24.414,-5.859,-21.484,0.000
1732204976.571,-31.738,-16.602,-4.395,-27.832,0.000
1732204976.575,-31.738,-7.812,-2.930,-47.852,0.000
1732204976.578,-28.809,-7.812,-2.441,-39.551,0.000
1732204976.582,-34.180,-15.625,-6.348,-35.156,0.000
1732204976.586,-41.016,-14.160,-6.836,-43.457,0.000
1732204976.590,-34.668,-4.395,-4.395,-36.133,0.000
1732204976.594,-36.133,-18.066,-5.859,-20.508,0.000
1732204976.598,-38.574,-26.367,-11.719,-10.742,0.000
1732204976.602,-17.090,-8.789,-10.254,-26.855,0.000
1732204976.606,-10.742,-10.742,-7.812,-69.824,0.000
1732204976.610,-20.996,-20.020,-12.695,-74.219,0.000
1732204976.614,-29.297,-16.113,-11.719,-56.152,0.000
1732204976.617,-39.062,-18.066,-2.930,-53.223,0.000
1732204976.621,-37.598,-22.461,-8.301,-43.945,0.000
1732204976.625,-40.527,-15.625,-15.137,-37.598,0.000
1732204976.629,-48.828,-23.438,-17.578,-46.387,0.000
1732204976.633,-41.992,-25.391,-20.996,-52.734,0.000
1732204976.637,-37.598,-19.043,-20.020,-52.734,0.000
1732204976.641,-47.363,-19.531,-18.555,-41.992,0.000
1732204976.645,-23.438,-18.066,-17.578,-41.016,0.000
1732204976.649,-13.672,-14.160,-12.207,-46.387,0.000
1732204976.653,-34.668,-17.090,-8.789,-42.969,0.000
1732204976.657,-35.645,-20.020,-4.883,-22.461,0.000
1732204976.660,-40.039,-17.578,0.488,-10.254,0.000
1732204976.664,-44.434,-12.207,-5.859,-15.137,0.000
1732204976.668,-37.109,-12.207,-10.254,0.000,0.000
1732204976.672,-37.598,-8.789,-2.441,8.301,0.000
1732204976.676,-38.086,-6.836,-1.953,-6.348,0.000
1732204976.680,-17.578,-11.230,-6.836,-13.184,0.000
1732204976.684,-2.441,-2.930,-8.789,-41.504,0.000
1732204976.688,-36.133,-2.441,-12.695,-80.078,0.000
1732204976.692,-43.457,-11.230,-1.953,-70.312,0.000
1732204976.696,-25.391,-9.277,4.395,-37.598,0.000
1732204976.700,-32.227,-11.230,-2.441,-27.344,0.000
1732204976.703,-35.156,-23.926,0.488,-22.949,0.000
1732204976.707,-42.969,-23.926,2.441,-35.156,0.000
1732204976.711,-42.969,-19.043,0.977,-48.828,0.000
1732204976.715,-45.410,-23.926,0.000,-41.504,0.000
1732204976.719,-43.945,-27.344,-17.090,-39.062,0.000
1732204976.723,-24.902,-15.625,-26.855,-41.504,0.000
1732204976.727,-22.949,-14.160,-30.762,-47.852,0.000
1732204976.731,-26.367,-21.973,-32.227,-43.457,0.000
1732204976.735,-36.133,-20.508,-27.832,-37.598,0.000
1732204976.739,-24.902,-13.184,-27.344,-42.480,0.000
1732204976.743,-19.531,-17.578,-32.227,-33.203,0.000
1732204976.746,-28.809,-22.949,-40.527,-22.949,0.000
1732204976.750,-25.391,-21.973,-33.203,-20.020,0.000
1732204976.754,-31.738,-23.926,-20.508,-3.418,0.000
1732204976.758,-29.297,-20.996,-20.996,0.000,0.000
1732204976.762,-24.902,-18.066,-25.879,-18.066,0.000
1732204976.766,-23.438,-14.648,-14.160,-24.902,0.000
1732204976.770,-14.160,-13.184,-12.695,-33.691,0.000
1732204976.774,1.953,-12.695,-25.879,-36.621,0.000
1732204976.778,0.000,-15.137,-22.461,-20.020,0.000
1732204976.782,0.000,-24.414,-17.090,-11.230,0.000
1732204976.785,0.000,-26.855,-16.602,-8.301,0.000
1732204976.789,0.000,-14.648,-13.184,-9.277,0.000
1732204976.793,0.000,-10.742,-9.766,-25.391,0.000
1732204976.797,0.000,-12.695,-13.672,-35.645,0.000
1732204976.801,0.000,-9.277,-15.625,-16.602,0.000
1732204976.805,0.000,-7.812,-11.719,-4.883,0.000
1732204976.809,0.000,-13.184,-8.301,-17.090,0.000
1732204976.813,0.000,-13.184,-10.254,-28.809,0.000
1732204976.817,0.000,-7.812,-10.742,-13.184,0.000
1732204976.821,0.000,-4.883,-4.883,0.977,0.000
1732204976.825,-24.902,-6.836,-8.789,-0.977,0.000
1732204976.828,-20.508,-11.230,-21.484,-14.648,0.000
1732204976.832,-14.648,-14.648,-16.602,-25.391,0.000
1732204976.836,-21.973,-18.555,-11.719,-27.832,0.000
1732204976.840,-26.367,-19.043,-14.160,-35.156,0.000
1732204976.844,-26.367,-12.695,-12.207,-31.738,0.000
1732204976.848,-26.367,-12.695,-13.672,-22.461,0.000
1732204976.852,-31.738,-19.043,-9.277,-10.254,0.000
1732204976.856,-27.832,-15.625,-8.301,-4.395,0.000
1732204976.860,-31.738,-16.113,-14.160,-12.695,0.000
1732204976.864,-40.527,-20.996,-15.625,-26.367,0.000
1732204976.867,-36.133,-21.973,-7.324,-22.949,0.000
1732204976.871,-48.828,-22.461,-7.324,-21.484,0.000
1732204976.875,-57.617,-21.973,-16.602,-32.227,0.000
1732204976.879,-59.082,-18.555,-20.996,-43.945,0.000
1732204976.883,-50.781,-16.602,-24.902,-45.410,0.000
1732204976.887,-49.805,-17.578,-28.320,-43.945,0.000
1732204976.891,-49.316,-21.484,-29.297,-38.086,0.000
1732204976.895,-49.316,-24.414,-20.508,-35.156,0.000
1732204976.899,-45.410,-19.043,-17.578,-23.926,0.000
1732204976.903,-29.297,-16.602,-20.508,-25.391,0.000
1732204976.907,-37.598,-12.695,-21.973,-48.828,0.000
1732204976.910,-30.762,-3.418,-27.344,-52.734,0.000
1732204976.914,-7.812,-1.465,-25.391,-39.551,0.000
1732204976.918,0.000,-8.301,-20.508,-31.738,0.000
1732204976.922,0.000,-6.348,-14.160,-31.250,0.000
1732204976.926,0.000,-5.371,-21.484,-25.879,0.000
1732204976.930,0.000,-14.160,-33.691,-12.207,0.000
1732204976.934,0.000,-16.113,-20.508,-9.766,0.000
1732204976.938,0.000,-19.531,-15.137,-22.949,0.000
1732204976.942,0.000,-23.438,-20.508,-29.785,0.000
1732204976.946,0.000,-19.043,-18.066,-32.715,0.000
1732204976.950,0.000,-17.578,-17.090,-40.039,0.000
1732204976.953,0.000,-20.508,-20.020,-45.898,0.000
1732204976.957,0.000,-23.926,-23.438,-43.457,0.000
1732204976.961,0.000,-20.508,-29.297,-38.574,0.000
1732204976.965,-5.371,-15.625,-31.250,-42.480,0.000
1732204976.969,-7.812,-22.461,-23.438,-41.992,0.000
1732204976.973,-9.277,-30.273,-16.602,-37.598,0.000
1732204976.977,-28.320,-37.598,-13.672,-37.598,0.000
1732204976.981,-42.969,-30.762,-18.066,-36.621,0.000
1732204976.985,-44.434,-18.555,-16.602,-36.133,0.000
1732204976.988,-41.504,-24.902,-13.672,-36.133,0.000
1732204976.992,-38.574,-32.715,-18.555,-41.504,0.000
1732204976.996,-36.133,-28.809,-14.160,-37.598,0.000
1732204977.000,-39.062,-23.926,-9.766,-39.551,0.000
1732204977.004,-56.152,-22.461,-9.277,-41.992,0.000
1732204977.008,-53.223,-17.090,-12.207,-37.598,0.000
1732204977.012,-56.641,-14.648,-11.719,-36.133,0.000
1732204977.016,-54.199,-20.996,-11.230,-47.852,0.000
1732204977.020,-49.805,-22.461,-13.184,-51.758,0.000
1732204977.024,-37.598,-14.160,-16.602,-41.016,0.000
1732204977.028,-19.043,-6.348,-13.184,-38.086,0.000
1732204977.031,-31.250,-2.441,-13.672,-35.645,0.000
1732204977.035,-41.016,-16.602,-26.367,-40.039,0.000
1732204977.039,-36.621,-25.391,-28.809,-25.879,0.000
1732204977.043,-51.270,-22.949,-21.973,-5.371,0.000
1732204977.047,-49.805,-20.996,-20.508,-20.020,0.000
1732204977.051,-44.434,-14.648,-27.832,-56.152,0.000
1732204977.055,-56.152,-23.926,-28.320,-83.496,0.000
1732204977.059,-54.688,-28.809,-22.461,-69.824,0.000
1732204977.063,-47.852,-13.672,-24.414,-58.105,0.000
1732204977.067,-32.227,-13.184,-28.809,-52.734,0.000
1732204977.070,-35.156,-20.508,-29.785,-41.504,0.000
1732204977.074,-58.105,-20.508,-29.785,-33.691,0.000
1732204977.078,-51.758,-20.996,-26.367,-13.184,0.000
1732204977.082,-45.898,-26.855,-27.344,-12.695,0.000
1732204977.086,-46.875,-28.320,-28.809,-41.992,0.000
1732204977.090,-35.156,-22.949,-23.926,-57.617,0.000
1732204977.094,-22.949,-15.137,-18.066,-41.504,0.000
1732204977.098,-32.227,-16.113,-20.996,-21.973,0.000
1732204977.102,-36.133,-22.461,-26.367,-17.090,0.000
1732204977.106,-24.902,-20.020,-26.855,-22.949,0.000
1732204977.110,-18.555,-23.438,-31.250,-37.598,0.000
1732204977.113,-21.484,-24.414,-28.320,-44.922,0.000
1732204977.117,-30.762,-20.996,-22.461,-40.527,0.000
1732204977.121,-38.086,-20.508,-27.344,-16.602,0.000
1732204977.125,-36.621,-14.648,-24.902,-4.883,0.000
1732204977.129,-29.297,-13.672,-14.160,-33.203,0.000
1732204977.133,-17.090,-21.484,-12.695,-47.852,0.000
1732204977.137,-17.578,-24.902,-19.531,-44.434,0.000
1732204977.141,-0.977,-16.113,-34.180,-32.715,0.000
1732204977.145,6.836,-10.742,-34.180,-16.602,0.000
1732204977.149,-30.273,-16.602,-22.949,-16.113,0.000
1732204977.153,-33.203,-24.414,-20.996,1.465,0.000
1732204977.156,-47.852,-28.809,-24.414,8.301,0.000
1732204977.160,-66.895,-29.785,-26.855,-13.672,0.000
1732204977.164,-41.016,-29.785,-30.762,-32.227,0.000
1732204977.168,-20.508,-33.203,-32.227,-43.945,0.000
1732204977.172,-8.301,-41.016,-28.809,-44.434,0.000
1732204977.176,-8.789,-33.203,-25.879,-31.250,0.000
1732204977.180,-17.090,-20.996,-25.879,-23.926,0.000
1732204977.184,-11.230,-20.508,-26.855,-23.926,0.000
1732204977.188,-10.254,-16.602,-25.879,-5.859,0.000
1732204977.192,-14.160,-21.484,-27.344,-5.371,0.000
1732204977.195,-21.973,-30.762,-37.598,-18.066,0.000
1732204977.199,-12.695,-30.273,-31.738,-11.719,0.000
1732204977.203,-17.090,-25.391,-21.484,-3.418,0.000
1732204977.207,-27.832,-18.555,-25.879,4.883,0.000
1732204977.211,-18.555,-10.742,-20.996,11.230,0.000
1732204977.215,-19.043,-12.695,-15.625,-3.906,0.000
1732204977.219,-25.879,-14.160,-17.578,-23.438,0.000
1732204977.223,-33.203,-23.438,-18.555,-29.297,0.000
1732204977.227,-28.320,-19.043,-18.555,-40.527,0.000
1732204977.231,-17.578,-6.836,-26.367,-39.062,0.000
1732204977.234,-20.020,-15.137,-26.367,-28.809,0.000
1732204977.238,-11.719,-23.438,-17.578,-19.043,0.000
1732204977.242,-8.789,-20.996,-24.414,-11.719,0.000
1732204977.246,-33.691,-15.137,-24.902,-15.625,0.000
1732204977.250,-36.621,-19.043,-20.508,-13.672,0.000
1732204977.254,-24.414,-24.414,-13.672,-3.418,0.000
1732204977.258,-24.902,-18.555,-11.719,-10.254,0.000
1732204977.262,-18.555,-11.230,-19.531,-42.480,0.000
1732204977.266,-13.184,-10.742,-20.996,-54.688,0.000
1732204977.270,-15.625,-9.277,-16.113,-48.828,0.000
1732204977.274,-12.695,-15.137,-18.555,-48.828,0.000
1732204977.277,-14.160,-22.949,-23.438,-38.086,0.000
1732204977.281,-22.461,-20.508,-14.648,-24.902,0.000
1732204977.285,-40.039,-20.508,-20.508,-16.602,0.000
1732204977.289,-45.410,-18.066,-27.832,-22.461,0.000
1732204977.293,-41.992,-18.555,-18.555,-29.297,0.000
1732204977.297,-43.457,-21.484,-18.066,-32.227,0.000
1732204977.301,-46.387,-14.160,-23.926,-37.109,0.000
1732204977.305,-41.992,-14.160,-27.344,-36.133,0.000
1732204977.309,-32.227,-21.973,-25.391,-34.180,0.000
1732204977.313,-41.992,-24.414,-24.414,-36.133,0.000
1732204977.316,-49.805,-20.020,-22.949,-32.227,0.000
1732204977.320,-48.828,-19.043,-18.066,-11.719,0.000
1732204977.324,-48.340,-27.832,-25.879,1.953,0.000
1732204977.328,-54.688,-25.879,-27.344,2.441,0.000
1732204977.332,-46.387,-18.066,-15.137,-26.855,0.000
1732204977.336,-20.508,-25.391,-12.207,-69.824,0.000
1732204977.340,-29.297,-28.809,-22.949,-63.477,0.000
1732204977.344,-44.434,-21.973,-24.414,-50.781,0.000
1732204977.348,-33.691,-24.902,-20.996,-50.781,0.000
1732204977.352,-32.715,-24.902,-20.020,-51.270,0.000
1732204977.356,-33.691,-25.391,-18.066,-52.246,0.000
1732204977.359,-14.160,-22.949,-13.672,-43.457,0.000
1732204977.363,-19.531,-16.602,-16.602,-31.738,0.000
1732204977.367,-24.414,-20.508,-20.508,-27.344,0.000
1732204977.371,-20.996,-29.297,-23.438,-27.344,0.000
1732204977.375,-34.668,-29.297,-27.832,-28.320,0.000
1732204977.379,-32.227,-17.090,-22.461,-26.367,0.000
1732204977.383,-45.410,-17.578,-20.508,-21.484,0.000
1732204977.387,0.000,-22.949,-27.344,-20.020,0.000
1732204977.391,0.000,-29.297,-32.227,-31.250,0.000
1732204977.395,0.000,-41.016,-32.715,-41.992,0.000
1732204977.399,0.000,-38.086,-27.832,-41.504,0.000
1732204977.402,0.000,-37.598,-31.738,-41.016,0.000
1732204977.406,0.000,-44.434,-35.156,-35.645,0.000
1732204977.410,0.000,-36.621,-32.227,-34.180,0.000
1732204977.414,0.000,-25.879,-32.715,-34.668,0.000
1732204977.418,0.000,-23.926,-29.785,-16.602,0.000
1732204977.422,0.000,-30.762,-22.461,4.883,0.000
1732204977.426,0.000,-29.297,-24.902,-9.277,0.000
1732204977.430,0.000,-21.484,-27.832,-57.617,0.000
1732204977.434,-41.992,-23.926,-21.973,-64.453,0.000
1732204977.438,-44.434,-23.438,-19.531,-56.641,0.000
1732204977.442,-44.922,-22.949,-15.625,-50.293,0.000
1732204977.445,-47.363,-30.273,-18.555,-34.180,0.000
1732204977.449,-41.504,-24.902,-23.438,-30.762,0.000
1732204977.453,-40.039,-22.461,-27.344,-50.781,0.000
1732204977.457,-27.832,-28.809,-31.738,-61.523,0.000
1732204977.461,-12.695,-33.691,-26.855,-17.578,0.000
1732204977.465,-43.457,-26.855,-13.672,-0.977,0.000
1732204977.469,-66.406,-20.020,-11.719,-34.668,0.000
1732204977.473,-48.828,-23.926,-16.113,-46.387,0.000
1732204977.477,-34.668,-22.949,-14.160,-40.039,0.000
1732204977.481,0.000,-23.926,-13.184,-41.992,0.000
1732204977.484,0.000,-23.438,-12.207,-33.691,0.000
1732204977.488,0.000,-24.902,-12.695,-30.273,0.000
1732204977.492,0.000,-28.320,-14.160,-35.645,0.000
1732204977.496,0.000,-29.785,-23.926,-39.062,0.000
1732204977.500,0.000,-35.645,-29.785,-45.898,0.000
1732204977.504,0.000,-32.715,-24.414,-38.086,0.000
1732204977.508,0.000,-21.484,-21.973,-16.113,0.000
1732204977.512,0.000,-15.137,-15.625,-9.766,0.000
1732204977.516,0.000,-21.973,-10.254,-0.977,0.000
1732204977.520,0.000,-28.320,-14.648,16.602,0.000
1732204977.523,0.000,-23.438,-20.508,5.859,0.000
1732204977.527,-52.246,-21.484,-20.508,-20.020,0.000
1732204977.531,-47.363,-25.391,-21.484,-41.504,0.000
1732204977.535,-40.039,-20.508,-23.438,-49.316,0.000
1732204977.539,-44.922,-16.602,-27.344,-45.410,0.000
1732204977.543,-45.898,-13.184,-25.879,-40.039,0.000
1732204977.547,-30.762,-7.324,-22.949,-33.691,0.000
1732204977.551,-28.320,-8.301,-19.531,-31.250,0.000
1732204977.555,-44.434,-8.301,-17.578,-28.320,0.000
1732204977.559,-39.551,-2.930,-18.066,-31.250,0.000
1732204977.563,-29.297,-4.395,-16.602,-32.715,0.000
1732204977.566,-39.062,-11.719,-18.066,-26.855,0.000
1732204977.570,-39.551,-13.184,-21.484,-22.949,0.000
1732204977.574,-25.391,-12.695,-22.461,-22.461,0.000
1732204977.578,-20.996,-10.254,-24.902,-18.066,0.000
1732204977.582,-12.695,-8.301,-27.344,-23.926,0.000
1732204977.586,-13.184,-8.789,-24.414,-31.250,0.000
1732204977.590,-9.277,-9.766,-24.902,-44.922,0.000
1732204977.594,0.977,-6.348,-21.973,-35.156,0.000
1732204977.598,-6.348,-8.301,-19.531,-3.418,0.000
1732204977.602,-5.859,-7.812,-19.531,4.395,0.000
1732204977.606,-16.113,-6.836,-19.043,0.977,0.000
1732204977.609,-40.527,-12.695,-27.832,-19.043,0.000
1732204977.613,-33.691,-19.043,-34.180,-40.527,0.000
1732204977.617,-18.555,-20.508,-26.855,-35.645,0.000
1732204977.621,-12.207,-20.020,-14.160,-24.902,0.000
1732204977.625,-21.973,-17.578,-16.602,-23.926,0.000
1732204977.629,-40.527,-10.742,-20.508,-26.855,0.000
1732204977.633,-40.039,-9.766,-20.020,-18.066,0.000
1732204977.637,-21.973,-8.301,-24.902,-15.625,0.000
1732204977.641,-27.832,-5.859,-25.879,-17.578,0.000
1732204977.645,-34.668,-8.301,-27.344,-25.391,0.000
1732204977.648,-35.645,-12.695,-27.832,-33.691,0.000
1732204977.652,-37.598,-13.184,-25.391,-28.809,0.000
1732204977.656,-38.086,-14.160,-23.926,-22.949,0.000
1732204977.660,-34.668,-13.672,-28.320,-31.250,0.000
1732204977.664,-33.691,-18.066,-35.156,-51.758,0.000
1732204977.668,-44.434,-20.508,-36.621,-54.199,0.000
1732204977.672,-44.922,-14.160,-41.504,-65.918,0.000
1732204977.676,-41.992,-9.766,-34.668,-62.988,0.000
1732204977.680,-37.109,-11.719,-19.531,-38.574,0.000
1732204977.684,-37.109,-10.742,-22.949,-34.180,0.000
1732204977.688,-41.016,-11.230,-25.879,-26.855,0.000
1732204977.691,-47.852,-15.625,-23.438,-29.297,0.000
1732204977.695,-40.039,-27.344,-28.320,-42.480,0.000
1732204977.699,-33.691,-30.273,-26.855,-36.621,0.000
1732204977.703,-50.293,-7.812,-21.973,-39.551,0.000
1732204977.707,-54.688,-7.324,-19.043,-50.293,0.000
1732204977.711,-46.387,-17.090,-20.020,-48.340,0.000
1732204977.715,-31.250,-15.137,-23.438,-52.246,0.000
1732204977.719,-24.414,-21.973,-17.090,-41.504,0.000
1732204977.723,-23.438,-26.367,-19.043,-20.508,0.000
1732204977.727,-37.598,-20.996,-20.996,-14.648,0.000
1732204977.731,-41.504,-17.578,-17.090,-21.484,0.000
1732204977.734,-34.668,-18.555,-20.996,-26.367,0.000
1732204977.738,-28.320,-19.531,-29.297,-41.992,0.000
1732204977.742,-32.227,-20.508,-22.461,-56.152,0.000
1732204977.746,-30.273,-19.043,-8.789,-45.410,0.000
1732204977.750,-21.973,-18.066,-6.348,-26.367,0.000
1732204977.754,-38.086,-20.508,-17.578,-19.531,0.000
1732204977.758,-37.598,-23.926,-26.855,-11.719,0.000
1732204977.762,0.000,-22.949,-21.484,-10.254,0.000
1732204977.766,0.000,-22.461,-22.461,-23.926,0.000
1732204977.770,0.000,-18.066,-23.926,-44.922,0.000
1732204977.774,0.000,-17.090,-19.531,-41.016,0.000
1732204977.777,0.000,-27.832,-20.020,-36.621,0.000
1732204977.781,0.000,-28.320,-18.555,-36.621,0.000
1732204977.785,0.000,-17.090,-16.602,-39.551,0.000
1732204977.789,0.000,-16.602,-19.043,-48.340,0.000
1732204977.793,0.000,-27.832,-21.973,-31.738,0.000
1732204977.797,0.000,-28.809,-22.949,-16.113,0.000
1732204977.801,0.000,-24.902,-20.508,-41.504,0.000
1732204977.805,0.000,-20.508,-19.531,-59.570,0.000
1732204977.809,-60.547,-17.578,-28.320,-53.711,0.000
1732204977.813,-52.734,-8.789,-28.809,-58.105,0.000
1732204977.816,-52.246,-8.301,-25.879,-73.242,0.000
1732204977.820,-63.965,-19.531,-26.855,-80.078,0.000
1732204977.824,-65.918,-21.973,-25.391,-64.941,0.000
1732204977.828,-53.711,-12.207,-21.973,-55.664,0.000
1732204977.832,-50.293,-4.883,-20.996,-55.664,0.000
1732204977.836,-49.316,-4.883,-18.066,-44.922,0.000
1732204977.840,-41.992,-13.672,-14.648,-45.898,0.000
1732204977.844,-39.551,-19.531,-20.508,-54.199,0.000
1732204977.848,-48.340,-11.230,-22.949,-55.664,0.000
1732204977.852,-51.758,-10.742,-25.391,-56.641,0.000
1732204977.856,-36.133,-12.207,-22.949,-51.270,0.000
1732204977.859,-35.156,-10.254,-19.043,-44.922,0.000
1732204977.863,-49.805,-17.578,-19.531,-49.316,0.000
1732204977.867,-58.105,-21.484,-28.320,-51.758,0.000
1732204977.871,-62.012,-19.043,-33.203,-52.734,0.000
1732204977.875,-52.246,-20.996,-23.926,-50.781,0.000
1732204977.879,-49.316,-20.508,-22.461,-43.457,0.000
1732204977.883,-45.410,-12.207,-20.020,-11.719,0.000
1732204977.887,-27.832,-4.395,-17.090,-9.766,0.000
1732204977.891,-52.734,-6.348,-24.902,-64.941,0.000
1732204977.895,-83.496,-7.324,-29.785,-72.266,0.000
1732204977.898,-72.754,-4.395,-27.344,-55.176,0.000
1732204977.902,-68.848,-9.277,-27.344,-62.988,0.000
1732204977.906,-68.848,-0.977,-21.484,-74.707,0.000
1732204977.910,-67.871,8.301,-12.695,-81.543,0.000
1732204977.914,-64.941,-1.953,-13.184,-79.590,0.000
1732204977.918,-55.176,-7.812,-19.531,-64.453,0.000
1732204977.922,-53.711,-9.277,-17.578,-62.012,0.000
1732204977.926,-49.316,-11.719,-10.254,-69.824,0.000
1732204977.930,-37.598,-6.836,-13.184,-54.199,0.000
1732204977.934,-44.922,-7.812,-14.648,-39.551,0.000
1732204977.937,-49.316,-16.113,-10.742,-23.926,0.000
1732204977.941,-36.133,-13.184,-13.672,-22.949,0.000
1732204977.945,-35.156,-11.230,-25.879,-44.922,0.000
1732204977.949,-39.062,-11.719,-21.973,-70.312,0.000
1732204977.953,-30.762,-8.789,-7.812,-56.641,0.000
1732204977.957,-29.297,-11.719,-14.648,-38.086,0.000
1732204977.961,-31.738,-18.555,-20.508,-35.156,0.000
1732204977.965,-34.668,-20.020,-15.137,-28.320,0.000
1732204977.969,-42.480,-18.066,-20.508,-37.109,0.000
1732204977.973,-49.805,-26.367,-19.043,-55.664,0.000
1732204977.977,-41.016,-25.879,-19.043,-70.801,0.000
1732204977.980,-30.762,-19.531,-18.066,-56.641,0.000
1732204977.984,-40.039,-25.391,-12.207,-41.992,0.000
1732204977.988,-44.922,-28.320,-16.113,-55.176,0.000
1732204977.992,-35.645,-17.578,-23.438,-53.711,0.000
1732204977.996,-18.066,-9.277,-18.066,-41.992,0.000
1732204978.000,-14.648,-10.742,-12.695,-42.480,0.000
1732204978.004,-33.691,-14.160,-13.672,-39.062,0.000
1732204978.008,-50.293,-11.719,-14.648,-39.551,0.000
1732204978.012,-45.898,-10.254,-13.672,-33.203,0.000
1732204978.016,-36.621,-14.648,-12.695,-24.902,0.000
1732204978.019,-19.531,-6.836,-15.625,-25.879,0.000
1732204978.023,-7.812,-4.883,-11.719,-23.926,0.000
1732204978.027,-29.297,-12.695,-12.207,-25.391,0.000
1732204978.031,-43.945,-12.695,-22.461,-24.414,0.000
1732204978.035,-35.156,-19.043,-24.414,-21.973,0.000
1732204978.039,-33.203,-14.648,-18.066,-38.574,0.000
1732204978.043,-41.504,-4.395,-15.625,-47.363,0.000
1732204978.047,-43.457,-7.324,-21.973,-28.809,0.000
1732204978.051,-41.016,-18.555,-29.785,-18.555,0.000
1732204978.055,-38.574,-21.484,-24.902,-23.438,0.000
1732204978.059,-28.809,-12.207,-20.996,-28.809,0.000
1732204978.062,-15.625,-2.930,-22.949,-47.852,0.000
1732204978.066,-29.297,-1.953,-14.648,-47.852,0.000
1732204978.070,-43.945,-5.859,-17.090,-35.156,0.000
1732204978.074,-42.969,-8.301,-23.926,-35.645,0.000
1732204978.078,-33.691,-10.742,-21.973,-39.551,0.000
1732204978.082,-33.203,-13.672,-23.926,-34.668,0.000
1732204978.086,-35.645,-18.066,-20.020,-10.742,0.000
1732204978.090,0.000,-21.484,-20.020,-0.977,0.000
1732204978.094,0.000,-25.879,-23.438,-10.254,0.000
1732204978.098,0.000,-22.461,-20.996,-25.391,0.000
1732204978.102,0.000,-15.625,-23.438,-25.391,0.000
1732204978.105,0.000,-18.066,-20.020,-27.344,0.000
1732204978.109,0.000,-11.719,-13.184,-47.852,0.000
1732204978.113,0.000,-2.930,-11.230,-57.617,0.000
1732204978.117,0.000,1.465,-8.789,-46.387,0.000
1732204978.121,0.000,2.930,-6.836,-20.996,0.000
1732204978.125,0.000,-3.418,-6.836,-8.301,0.000
1732204978.129,0.000,-2.930,-17.090,-16.602,0.000
1732204978.133,0.000,-3.418,-19.043,-28.320,0.000
1732204978.137,-10.742,-11.230,-6.836,-12.695,0.000
1732204978.141,-19.043,-13.184,-6.348,-11.230,0.000
1732204978.145,-24.902,-14.648,-14.160,-48.828,0.000
1732204978.148,-25.879,-17.578,-17.578,-50.781,0.000
1732204978.152,-28.809,-12.695,-22.949,-41.992,0.000
1732204978.156,-36.621,-2.930,-15.137,-44.922,0.000
1732204978.160,-44.434,-3.418,-12.207,-42.480,0.000
1732204978.164,-41.504,-5.371,-19.531,-32.227,0.000
1732204978.168,-41.016,-10.742,-18.555,-38.574,0.000
1732204978.172,-40.527,-13.672,-17.090,-43.457,0.000
1732204978.176,-38.574,-14.160,-17.578,-37.109,0.000
1732204978.180,-38.086,-10.742,-18.555,-26.367,0.000
1732204978.184,-30.273,-7.324,-23.438,-22.949,0.000
1732204978.188,-23.438,-8.789,-21.973,-38.086,0.000
1732204978.191,-24.902,-9.277,-15.625,-39.551,0.000
1732204978.195,-30.273,-17.090,-21.484,-51.758,0.000
1732204978.199,-15.625,-16.602,-24.902,-59.570,0.000
1732204978.203,-23.926,-9.277,-20.020,-52.246,0.000
1732204978.207,-32.227,-12.207,-18.066,-50.781,0.000
1732204978.211,-23.438,-11.719,-14.160,-35.156,0.000
1732204978.215,-22.949,-13.672,-14.160,-24.414,0.000
1732204978.219,-14.160,-15.625,-17.578,-29.297,0.000
1732204978.223,-25.879,-13.184,-15.137,-30.273,0.000
1732204978.227,-38.574,-13.184,-19.531,-29.297,0.000
1732204978.230,0.000,-8.789,-22.949,-18.555,0.000
1732204978.234,0.000,-6.836,-16.602,-24.414,0.000
1732204978.238,0.000,-7.324,-13.184,-26.367,0.000
1732204978.242,0.000,-12.695,-17.090,-28.320,0.000
1732204978.246,0.000,-15.625,-16.602,-39.062,0.000
1732204978.250,0.000,-14.160,-21.484,-39.551,0.000
1732204978.254,0.000,-9.277,-20.020,-41.992,0.000
1732204978.258,0.000,-4.883,-6.348,-26.367,0.000
1732204978.262,0.000,-9.277,-15.137,-13.672,0.000
1732204978.266,0.000,-9.277,-20.020,-18.066,0.000
1732204978.269,0.000,-3.906,-19.043,-42.480,0.000
1732204978.273,0.000,-2.441,-22.461,-57.129,0.000
1732204978.277,-33.203,-7.812,-18.555,-37.598,0.000
1732204978.281,-35.645,-12.207,-20.996,-26.855,0.000
1732204978.285,-28.320,-17.090,-25.391,-35.156,0.000
1732204978.289,-25.391,-22.949,-20.996,-42.480,0.000
1732204978.293,-36.133,-24.414,-13.672,-43.945,0.000
1732204978.297,-37.598,-20.508,-16.602,-42.480,0.000
1732204978.301,-29.785,-10.742,-14.648,-34.668,0.000
1732204978.304,-20.508,-14.160,-13.672,-28.320,0.000
1732204978.308,-11.230,-15.137,-14.160,-30.762,0.000
1732204978.312,3.906,-9.766,-13.184,-27.832,0.000
1732204978.316,-0.488,-10.742,-22.461,-32.715,0.000
1732204978.320,-18.555,-13.672,-29.785,-32.227,0.000
1732204978.324,-45.410,-17.090,-27.832,-50.781,0.000
1732204978.328,-35.156,-19.531,-16.113,-69.824,0.000
1732204978.332,-35.645,-18.555,-16.113,-53.711,0.000
1732204978.336,-31.738,-15.137,-25.391,-45.410,0.000
1732204978.340,-26.855,-15.625,-20.020,-39.551,0.000
1732204978.344,-20.508,-16.602,-19.043,-37.598,0.000
1732204978.347,-17.090,-13.672,-24.414,-33.691,0.000
1732204978.351,-31.250,-16.113,-24.414,-36.133,0.000
1732204978.355,-44.922,-22.949,-17.578,-33.691,0.000
1732204978.359,-45.898,-20.508,-6.348,-27.344,0.000
1732204978.363,-42.480,-20.020,-15.137,-35.645,0.000
1732204978.367,-37.109,-22.949,-21.973,-35.645,0.000
1732204978.371,-24.902,-20.020,-17.578,-34.668,0.000
1732204978.375,-24.902,-18.066,-15.137,-21.973,0.000
1732204978.379,-38.086,-13.672,-19.043,-11.230,0.000
1732204978.383,-28.809,-12.695,-23.438,-24.902,0.000
1732204978.386,-27.344,-12.207,-15.625,-30.762,0.000
1732204978.390,-33.691,-13.184,-10.254,-21.973,0.000
1732204978.394,-29.785,-16.113,-16.113,-7.812,0.000
1732204978.398,-29.785,-22.461,-25.391,-14.648,0.000
1732204978.402,-25.879,-25.879,-24.414,-24.414,0.000
1732204978.406,-24.902,-22.461,-21.973,-34.668,0.000
1732204978.410,-25.391,-18.555,-20.020,-41.992,0.000
1732204978.414,-25.879,-19.043,-21.973,-33.691,0.000
1732204978.418,0.000,-16.602,-25.391,-43.457,0.000
1732204978.422,0.000,-13.672,-20.020,-51.270,0.000
1732204978.426,0.000,-16.602,-20.020,-42.480,0.000
1732204978.429,0.000,-19.043,-21.484,-33.691,0.000
1732204978.433,0.000,-20.020,-20.996,-27.832,0.000
1732204978.437,0.000,-22.461,-23.438,-15.137,0.000
1732204978.441,0.000,-15.137,-22.949,-13.672,0.000
1732204978.445,0.000,-8.789,-19.531,-16.113,0.000
1732204978.449,0.000,-15.137,-19.531,-28.809,0.000
1732204978.453,0.000,-13.184,-17.090,-33.691,0.000
1732204978.457,0.000,-11.230,-13.672,-33.691,0.000
1732204978.461,0.000,-17.090,-19.043,-41.504,0.000
1732204978.465,-24.414,-14.648,-20.996,-30.273,0.000
1732204978.469,-27.832,-20.508,-20.508,-31.738,0.000
1732204978.472,-34.180,-24.902,-19.043,-26.367,0.000
1732204978.476,-35.156,-20.020,-19.043,-8.789,0.000
1732204978.480,-26.855,-20.508,-28.809,-11.230,0.000
1732204978.484,-21.484,-18.066,-35.645,-54.688,0.000
1732204978.488,-37.598,-12.207,-34.180,-86.426,0.000
1732204978.492,-33.691,-9.766,-28.320,-49.316,0.000
1732204978.496,-32.227,-15.625,-28.809,-27.832,0.000
1732204978.500,-35.645,-21.973,-33.691,-31.738,0.000
1732204978.504,-32.227,-16.113,-24.414,-46.387,0.000
1732204978.508,-40.039,-15.625,-20.996,-49.316,0.000
1732204978.512,-36.133,-22.461,-20.508,-28.320,0.000
1732204978.515,-29.785,-18.555,-24.902,-24.414,0.000
1732204978.519,-36.133,-7.324,-30.762,-23.438,0.000
1732204978.523,-33.203,-15.137,-26.855,-49.805,0.000
1732204978.527,-26.367,-22.461,-28.320,-58.105,0.000
1732204978.531,-15.625,-12.695,-34.668,-40.527,0.000
1732204978.535,-20.508,-10.742,-27.832,-44.434,0.000
1732204978.539,-33.203,-14.160,-24.902,-47.852,0.000
1732204978.543,-25.391,-22.949,-26.855,-35.156,0.000
1732204978.547,-30.762,-28.809,-30.273,-38.086,0.000
1732204978.551,-51.270,-23.438,-30.762,-50.781,0.000
1732204978.554,-54.688,-22.461,-23.438,-47.363,0.000
1732204978.558,-50.781,-25.391,-27.344,-46.875,0.000
1732204978.562,-46.387,-21.484,-30.762,-46.875,0.000
1732204978.566,-46.387,-20.508,-30.273,-46.387,0.000
1732204978.570,-50.781,-31.738,-36.621,-49.805,0.000
1732204978.574,-41.992,-27.832,-32.227,-32.715,0.000
1732204978.578,-36.621,-12.207,-23.926,-33.691,0.000
1732204978.582,-34.668,-9.766,-22.461,-42.969,0.000
1732204978.586,-22.949,-14.160,-19.531,-27.832,0.000
1732204978.590,-29.785,-17.578,-22.949,-19.531,0.000
1732204978.594,-49.316,-19.043,-26.855,-33.203,0.000
1732204978.597,-50.781,-16.113,-24.414,-35.645,0.000
1732204978.601,-47.363,-20.020,-27.832,-32.227,0.000
1732204978.605,-46.387,-22.461,-28.809,-52.246,0.000
1732204978.609,-45.898,-22.949,-25.879,-71.777,0.000
1732204978.613,-37.598,-25.879,-28.320,-64.941,0.000
1732204978.617,-39.551,-27.832,-28.320,-38.574,0.000
1732204978.621,-42.969,-26.855,-15.625,-28.809,0.000
1732204978.625,-39.551,-12.207,-10.254,-48.340,0.000
1732204978.629,-39.062,-7.324,-28.320,-66.406,0.000
1732204978.633,-38.086,-9.277,-31.738,-60.059,0.000
1732204978.636,-31.738,-8.789,-20.020,-56.641,0.000
1732204978.640,-28.809,-15.625,-14.160,-55.176,0.000
1732204978.644,-15.137,-18.555,-20.996,-40.039,0.000
1732204978.648,-10.254,-18.066,-29.297,-30.762,0.000
1732204978.652,-34.668,-18.066,-30.273,-42.480,0.000
1732204978.656,-43.457,-17.090,-28.809,-56.152,0.000
1732204978.660,-40.039,-14.648,-29.297,-56.152,0.000
1732204978.664,-41.016,-16.113,-27.832,-44.922,0.000
1732204978.668,-32.227,-18.555,-30.762,-35.645,0.000
1732204978.672,-21.484,-19.531,-31.738,-42.969,0.000
1732204978.676,-33.203,-19.531,-21.484,-31.250,0.000
1732204978.679,-38.086,-21.973,-26.367,-20.020,0.000
1732204978.683,-43.457,-24.414,-30.762,-17.090,0.000
1732204978.687,-46.875,-23.438,-22.461,-11.230,0.000
1732204978.691,-48.828,-24.414,-23.438,-29.785,0.000
1732204978.695,-50.293,-21.484,-29.297,-47.363,0.000
1732204978.699,-32.227,-23.926,-26.855,-40.039,0.000
1732204978.703,-35.156,-28.320,-23.926,-32.715,0.000
1732204978.707,-43.945,-20.508,-27.344,-38.086,0.000
1732204978.711,-42.969,-17.090,-27.344,-36.621,0.000
1732204978.715,-41.504,-18.066,-25.879,-44.434,0.000
1732204978.719,-42.480,-17.578,-23.926,-48.340,0.000
1732204978.722,-41.016,-22.949,-25.879,-21.973,0.000
1732204978.726,-27.344,-24.414,-33.691,-21.484,0.000
1732204978.730,-31.250,-23.926,-28.809,-38.086,0.000
1732204978.734,-40.039,-25.391,-23.926,-30.273,0.000
1732204978.738,-37.598,-25.391,-25.879,-20.020,0.000
1732204978.742,-36.133,-23.438,-20.996,-17.578,0.000
1732204978.746,0.000,-22.949,-19.043,-34.668,0.000
1732204978.750,0.000,-27.344,-21.973,-44.434,0.000
1732204978.754,0.000,-32.715,-23.438,-36.621,0.000
1732204978.758,0.000,-29.297,-27.344,-39.551,0.000
1732204978.761,0.000,-20.508,-25.391,-27.832,0.000
1732204978.765,0.000,-16.113,-18.555,-7.324,0.000
1732204978.769,0.000,-16.602,-20.508,-9.277,0.000
1732204978.773,0.000,-24.414,-26.855,-22.949,0.000
1732204978.777,0.000,-20.996,-24.414,-16.113,0.000
1732204978.781,0.000,-19.531,-23.926,-18.066,0.000
1732204978.785,0.000,-18.555,-28.320,-16.113,0.000
1732204978.789,0.000,-14.160,-26.367,-19.043,0.000
1732204978.793,-22.949,-18.066,-21.973,-34.668,0.000
1732204978.797,-19.043,-20.508,-14.648,-18.555,0.000
1732204978.801,-18.555,-15.137,-10.742,-20.020,0.000
1732204978.804,-30.273,-20.996,-24.902,-33.203,0.000
1732204978.808,-30.762,-20.996,-32.715,-17.578,0.000
1732204978.812,-33.691,-7.812,-35.156,-9.766,0.000
1732204978.816,-17.578,-5.371,-35.645,-32.227,0.000
1732204978.820,-25.879,-10.742,-29.297,-37.109,0.000
1732204978.824,-31.738,-23.926,-31.250,-39.062,0.000
1732204978.828,-20.996,-37.598,-32.227,-44.922,0.000
1732204978.832,-21.973,-37.109,-27.344,-42.480,0.000
1732204978.836,-20.996,-26.367,-27.832,-47.363,0.000
1732204978.840,-21.973,-20.996,-35.645,-45.410,0.000
1732204978.844,-19.531,-21.484,-30.273,-29.785,0.000
1732204978.847,-19.531,-22.949,-25.879,-22.949,0.000
1732204978.851,-20.508,-20.508,-28.809,-27.344,0.000
1732204978.855,-20.996,-17.090,-34.668,-34.668,0.000
1732204978.859,-10.254,-15.625,-37.598,-39.062,0.000
1732204978.863,-1.953,-17.090,-38.574,-43.457,0.000
1732204978.867,-9.277,-16.602,-36.621,-38.086,0.000
1732204978.871,-16.602,-19.531,-26.855,-21.484,0.000
1732204978.875,-22.461,-20.020,-24.902,-20.508,0.000
1732204978.879,-15.137,-18.066,-31.250,-28.809,0.000
1732204978.883,-8.301,-14.648,-30.762,-25.879,0.000
1732204978.887,-17.578,-18.555,-26.367,-27.344,0.000
1732204978.890,-17.090,-28.809,-22.949,-24.414,0.000
1732204978.894,-16.113,-28.320,-20.508,-14.160,0.000
1732204978.898,-22.461,-23.926,-23.438,-2.441,0.000
1732204978.902,-21.973,-21.484,-26.367,-5.371,0.000
1732204978.906,-8.301,-17.578,-30.762,-33.203,0.000
1732204978.910,-10.742,-27.344,-36.621,-55.664,0.000
1732204978.914,-15.625,-34.180,-36.133,-37.598,0.000
1732204978.918,-14.160,-15.625,-34.668,-12.695,0.000
1732204978.922,-10.254,-10.742,-25.879,-11.230,0.000
1732204978.926,-0.488,-22.949,-23.438,-20.020,0.000
1732204978.929,2.930,-28.320,-27.832,-15.137,0.000
1732204978.933,0.977,-25.391,-29.297,-8.301,0.000
1732204978.937,0.977,-18.555,-25.391,-12.695,0.000
1732204978.941,12.207,-18.555,-23.438,-9.766,0.000
1732204978.945,12.207,-16.602,-27.832,-10.742,0.000
1732204978.949,6.836,-17.578,-29.297,-20.020,0.000
1732204978.953,6.836,-28.320,-32.227,-18.555,0.000
1732204978.957,5.371,-30.273,-35.645,-16.602,0.000
1732204978.961,-7.324,-35.645,-40.527,-11.719,0.000
1732204978.965,-16.113,-34.668,-37.598,6.836,0.000
1732204978.968,-17.578,-29.297,-33.203,10.742,0.000
1732204978.972,-12.207,-28.809,-39.062,8.789,0.000
1732204978.976,-11.230,-29.297,-39.551,-4.883,0.000
1732204978.980,-2.930,-30.273,-34.180,-24.902,0.000
1732204978.984,0.000,-25.879,-34.668,-31.250,0.000
1732204978.988,-13.184,-22.949,-38.086,-27.344,0.000
1732204978.992,-13.672,-16.113,-32.715,-21.973,0.000
1732204978.996,-18.066,-16.602,-24.902,-20.508,0.000
1732204979.000,-13.672,-25.391,-35.156,-16.113,0.000
1732204979.004,-18.066,-28.320,-33.691,-11.719,0.000
1732204979.008,-8.301,-20.996,-23.438,-6.836,0.000
1732204979.011,1.953,-17.578,-30.273,-12.695,0.000
1732204979.015,-9.277,-18.066,-32.227,-16.602,0.000
1732204979.019,-9.766,-19.043,-24.902,-9.277,0.000
1732204979.023,-13.184,-25.879,-28.809,-19.043,0.000
1732204979.027,-16.113,-28.809,-34.180,-11.719,0.000
1732204979.031,-16.602,-27.344,-30.273,4.883,0.000
1732204979.035,-12.207,-26.855,-28.320,8.789,0.000
1732204979.039,-14.160,-30.762,-27.344,2.441,0.000
1732204979.043,-15.137,-26.855,-22.949,-20.996,0.000
1732204979.047,-7.812,-25.391,-26.367,-31.250,0.000
1732204979.051,-5.859,-30.273,-27.832,-8.301,0.000
1732204979.054,-3.906,-33.691,-22.461,0.488,0.000
1732204979.058,-0.977,-33.691,-31.250,-17.090,0.000
1732204979.062,7.324,-26.367,-32.715,-26.367,0.000
1732204979.066,3.418,-14.648,-21.973,-15.137,0.000
1732204979.070,-10.742,-15.137,-23.438,-2.930,0.000
1732204979.074,-2.441,-18.555,-28.809,-5.371,0.000
1732204979.078,-1.465,-18.555,-25.391,-12.695,0.000
1732204979.082,-1.465,-17.090,-23.438,-24.414,0.000
1732204979.086,4.395,-15.625,-28.809,-27.832,0.000
1732204979.090,-2.930,-21.973,-34.668,-23.438,0.000
1732204979.093,-1.953,-30.762,-38.574,-20.020,0.000
1732204979.097,-3.418,-34.180,-43.457,0.977,0.000
1732204979.101,-5.859,-26.855,-36.621,-3.906,0.000
1732204979.105,-2.930,-29.297,-38.086,-21.484,0.000
1732204979.109,-5.371,-37.109,-42.969,-12.207,0.000
1732204979.113,4.395,-19.531,-43.945,-23.438,0.000
1732204979.117,9.766,-9.766,-37.598,-24.902,0.000
1732204979.121,9.277,-17.090,-29.785,-18.066,0.000
1732204979.125,0.977,-20.020,-38.086,-29.297,0.000
1732204979.129,-12.695,-21.484,-39.551,-22.949,0.000
1732204979.133,-9.766,-23.926,-35.645,-9.277,0.000
1732204979.136,5.859,-31.250,-40.039,-3.906,0.000
1732204979.140,10.254,-37.598,-43.457,-5.859,0.000
1732204979.144,6.836,-33.203,-45.410,-7.324,0.000
1732204979.148,7.324,-29.297,-44.434,-2.441,0.000
1732204979.152,8.301,-29.785,-39.551,7.812,0.000
1732204979.156,12.207,-27.832,-34.668,11.719,0.000
1732204979.160,0.488,-29.785,-32.227,5.859,0.000
1732204979.164,-0.977,-32.227,-40.039,-3.418,0.000
1732204979.168,0.000,-29.297,-39.551,5.371,0.000
1732204979.172,0.000,-23.438,-22.949,17.578,0.000
1732204979.175,0.000,-25.879,-22.949,9.277,0.000
1732204979.179,0.000,-42.480,-33.691,3.418,0.000
1732204979.183,0.000,-40.527,-33.203,-1.465,0.000
1732204979.187,0.000,-23.438,-39.062,-3.906,0.000
1732204979.191,0.000,-15.625,-38.574,-5.859,0.000
1732204979.195,0.000,-21.484,-44.434,1.953,0.000
1732204979.199,0.000,-24.414,-47.852,20.020,0.000
1732204979.203,0.000,-23.438,-31.250,27.344,0.000
1732204979.207,0.000,-27.344,-29.297,9.277,0.000
1732204979.211,0.000,-32.715,-39.062,-18.066,0.000
1732204979.215,7.812,-35.156,-40.527,-26.855,0.000
1732204979.218,17.090,-27.344,-33.691,-17.090,0.000
1732204979.222,19.531,-24.902,-29.785,2.930,0.000
1732204979.226,23.926,-29.785,-35.156,12.695,0.000
1732204979.230,17.578,-16.602,-39.062,7.812,0.000
1732204979.234,5.371,-22.461,-39.062,5.859,0.000
1732204979.238,21.484,-33.691,-42.969,23.438,0.000
1732204979.242,38.086,-23.438,-41.016,45.410,0.000
1732204979.246,27.344,-14.648,-34.668,35.156,0.000
1732204979.250,3.418,-20.508,-33.691,11.719,0.000
1732204979.254,10.254,-26.855,-40.039,7.812,0.000
1732204979.257,22.461,-27.832,-37.598,16.602,0.000
1732204979.261,12.207,-24.902,-35.645,13.672,0.000
1732204979.265,20.508,-28.809,-41.992,19.043,0.000
1732204979.269,31.738,-38.574,-39.551,31.250,0.000
1732204979.273,24.902,-41.016,-43.945,32.227,0.000
1732204979.277,34.668,-43.457,-49.805,28.809,0.000
1732204979.281,31.738,-39.551,-46.387,30.273,0.000
1732204979.285,11.230,-36.621,-39.551,26.367,0.000
1732204979.289,7.812,-45.898,-36.133,20.996,0.000
1732204979.293,17.578,-51.758,-43.457,28.320,0.000
1732204979.297,16.113,-51.758,-51.270,31.738,0.000
1732204979.300,13.184,-45.410,-47.852,37.109,0.000
1732204979.304,24.902,-41.992,-43.945,33.691,0.000
1732204979.308,29.785,-43.945,-50.293,29.297,0.000
1732204979.312,23.438,-43.945,-54.688,27.832,0.000
1732204979.316,16.113,-37.598,-46.875,26.855,0.000
1732204979.320,9.766,-37.109,-41.504,32.715,0.000
1732204979.324,11.230,-39.062,-42.480,39.062,0.000
1732204979.328,10.742,-30.273,-47.852,37.598,0.000
1732204979.332,25.391,-34.180,-51.758,24.902,0.000
1732204979.336,31.250,-39.551,-49.316,37.598,0.000
1732204979.340,12.695,-41.992,-49.805,41.992,0.000
1732204979.343,23.438,-40.039,-48.340,31.738,0.000
1732204979.347,40.039,-37.598,-40.527,32.227,0.000
1732204979.351,41.504,-29.785,-39.551,33.203,0.000
1732204979.355,30.273,-28.809,-46.875,42.480,0.000
1732204979.359,17.578,-35.645,-50.293,41.992,0.000
1732204979.363,11.230,-36.621,-49.316,41.992,0.000
1732204979.367,8.301,-33.203,-47.852,27.832,0.000
1732204979.371,16.602,-30.762,-47.363,7.812,0.000
1732204979.375,31.250,-33.691,-43.945,18.066,0.000
1732204979.379,27.832,-35.156,-41.992,27.344,0.000
1732204979.383,16.602,-35.645,-44.922,26.367,0.000
1732204979.386,31.250,-32.715,-42.969,22.949,0.000
1732204979.390,30.762,-30.762,-37.598,23.438,0.000
1732204979.394,22.461,-38.086,-39.062,26.855,0.000
1732204979.398,18.555,-36.133,-41.016,24.902,0.000
1732204979.402,22.949,-34.180,-40.039,23.438,0.000
1732204979.406,24.414,-34.668,-39.551,32.227,0.000
1732204979.410,17.578,-32.715,-48.828,40.039,0.000
1732204979.414,16.602,-33.203,-56.641,27.344,0.000
1732204979.418,8.789,-43.945,-45.898,9.277,0.000
1732204979.422,6.348,-48.828,-42.480,18.066,0.000
1732204979.425,4.883,-41.016,-46.387,27.344,0.000
1732204979.429,-0.488,-40.527,-50.781,29.297,0.000
1732204979.433,19.531,-41.504,-52.734,15.625,0.000
1732204979.437,20.996,-38.086,-50.781,12.695,0.000
1732204979.441,7.324,-34.180,-45.410,23.438,0.000
1732204979.445,14.160,-36.621,-40.527,25.879,0.000
1732204979.449,14.648,-41.504,-46.875,23.438,0.000
1732204979.453,12.207,-39.062,-52.734,15.137,0.000
1732204979.457,1.953,-40.039,-50.293,5.371,0.000
1732204979.461,4.883,-44.922,-53.711,6.836,0.000
1732204979.465,9.766,-42.480,-51.758,7.812,0.000
1732204979.468,2.930,-42.969,-48.340,14.648,0.000
1732204979.472,-2.441,-44.922,-51.758,25.391,0.000
1732204979.476,1.465,-45.898,-53.223,24.414,0.000
1732204979.480,0.977,-43.945,-53.223,19.531,0.000
1732204979.484,17.090,-44.434,-46.875,22.461,0.000
1732204979.488,25.879,-36.133,-43.945,15.625,0.000
1732204979.492,0.488,-35.156,-49.316,3.418,0.000
1732204979.496,-5.371,-50.293,-56.152,-1.465,0.000
1732204979.500,0.000,-43.945,-57.617,-11.230,0.000
1732204979.504,6.836,-35.156,-51.270,0.000,0.000
1732204979.507,13.672,-40.527,-50.293,20.508,0.000
1732204979.511,8.789,-41.016,-50.781,24.902,0.000
1732204979.515,2.930,-38.574,-49.316,28.320,0.000
1732204979.519,4.395,-34.668,-49.805,38.574,0.000
1732204979.523,-0.488,-29.785,-47.363,32.227,0.000
1732204979.527,-1.953,-37.598,-47.363,9.766,0.000
1732204979.531,-7.324,-45.410,-54.199,2.930,0.000
1732204979.535,0.488,-36.621,-57.617,-3.418,0.000
1732204979.539,-3.418,-34.180,-59.082,-1.465,0.000
1732204979.543,-14.648,-37.109,-58.594,13.184,0.000
1732204979.547,-6.836,-38.086,-59.082,7.812,0.000
1732204979.550,-4.395,-43.457,-63.965,7.324,0.000
1732204979.554,-6.348,-42.480,-67.383,-2.441,0.000
1732204979.558,-5.371,-38.086,-62.500,-3.418,0.000
1732204979.562,-5.859,-41.992,-57.617,5.371,0.000
1732204979.566,-14.648,-43.457,-58.105,-1.465,0.000
1732204979.570,-13.672,-36.133,-55.176,-4.395,0.000
1732204979.574,-18.555,-37.109,-56.641,-7.324,0.000
1732204979.578,-14.648,-39.551,-66.406,-1.953,0.000
1732204979.582,-6.348,-42.480,-65.918,11.230,0.000
1732204979.586,-22.461,-44.922,-60.059,-3.906,0.000
1732204979.590,-23.438,-43.457,-62.988,-25.391,0.000
1732204979.593,-15.625,-43.945,-65.918,-14.160,0.000
1732204979.597,-6.348,-40.527,-64.941,4.883,0.000
1732204979.601,0.977,-42.969,-63.477,3.906,0.000
1732204979.605,-1.953,-45.898,-60.547,-5.371,0.000
1732204979.609,-4.883,-41.992,-57.129,-17.578,0.000
1732204979.613,-1.465,-36.133,-59.570,-22.461,0.000
1732204979.617,1.953,-37.109,-63.965,-18.066,0.000
1732204979.621,6.836,-45.410,-66.895,-6.348,0.000
1732204979.625,1.953,-43.945,-64.453,8.789,0.000
1732204979.629,-7.812,-38.086,-62.500,13.672,0.000
1732204979.632,-0.488,-46.387,-65.430,11.719,0.000
1732204979.636,-2.930,-48.828,-68.848,-1.953,0.000
1732204979.640,-16.113,-35.645,-65.430,-23.926,0.000
1732204979.644,-11.230,-34.668,-60.547,-35.645,0.000
1732204979.648,-6.836,-38.574,-58.594,-30.273,0.000
1732204979.652,-10.254,-40.039,-60.059,-22.461,0.000
1732204979.656,-6.348,-39.551,-61.035,-19.043,0.000
1732204979.660,-10.254,-42.969,-57.617,-19.043,0.000
1732204979.664,-19.043,-50.293,-60.059,-3.418,0.000
1732204979.668,-13.184,-52.246,-57.129,16.113,0.000
1732204979.672,-15.625,-47.852,-55.664,28.320,0.000
1732204979.675,-26.367,-39.551,-56.641,25.879,0.000
1732204979.679,-28.320,-40.039,-58.594,15.137,0.000
1732204979.683,-13.672,-48.828,-63.477,-1.465,0.000
1732204979.687,-8.301,-45.898,-62.500,-26.367,0.000
1732204979.691,-14.648,-37.598,-61.035,-30.762,0.000
1732204979.695,-19.531,-39.062,-66.406,-14.160,0.000
1732204979.699,-13.672,-42.480,-66.406,-0.977,0.000
1732204979.703,-9.277,-42.480,-60.547,-1.953,0.000
1732204979.707,-11.719,-30.273,-62.500,-9.766,0.000
1732204979.711,-1.953,-29.297,-59.570,8.789,0.000
1732204979.714,-8.301,-54.688,-59.570,16.113,0.000
1732204979.718,-15.625,-57.617,-62.500,4.395,0.000
1732204979.722,-20.996,-41.992,-55.664,7.812,0.000
1732204979.726,-23.926,-37.598,-52.246,-0.977,0.000
1732204979.730,-17.090,-37.109,-58.594,-3.418,0.000
1732204979.734,-13.184,-44.434,-63.965,1.465,0.000
1732204979.738,-11.230,-52.246,-65.918,-4.395,0.000
1732204979.742,-16.113,-42.480,-67.383,2.441,0.000
1732204979.746,-17.578,-40.039,-63.965,3.906,0.000
1732204979.750,-14.160,-45.410,-63.477,1.953,0.000
1732204979.754,-8.789,-45.898,-62.012,-9.277,0.000
1732204979.757,0.000,-48.340,-63.477,-7.812,0.000
1732204979.761,-0.488,-44.922,-71.777,15.137,0.000
1732204979.765,-7.324,-41.016,-68.359,12.695,0.000
1732204979.769,0.977,-47.363,-54.688,9.277,0.000
1732204979.773,-8.301,-55.176,-54.688,14.648,0.000
1732204979.777,-25.391,-45.410,-64.453,-4.883,0.000
1732204979.781,-12.207,-38.086,-61.035,-24.414,0.000
1732204979.785,-16.602,-42.969,-53.223,-20.508,0.000
1732204979.789,-29.785,-46.387,-55.664,-13.672,0.000
1732204979.793,-10.742,-43.457,-61.523,-5.859,0.000
1732204979.797,-7.324,-37.598,-60.547,6.348,0.000
1732204979.800,-18.555,-41.992,-54.688,3.906,0.000
1732204979.804,-14.160,-47.852,-59.570,-21.973,0.000
1732204979.808,-7.812,-39.551,-65.430,-43.457,0.000
1732204979.812,-4.395,-38.574,-60.547,-36.133,0.000
1732204979.816,-2.441,-47.852,-58.105,-28.809,0.000
1732204979.820,-6.836,-45.410,-59.570,-19.531,0.000
1732204979.824,-6.836,-44.434,-60.059,-8.789,0.000
1732204979.828,-5.371,-49.316,-58.105,2.441,0.000
1732204979.832,0.000,-46.387,-62.988,-0.488,0.000
1732204979.836,1.953,-44.922,-62.988,0.488,0.000
1732204979.839,-19.043,-49.805,-69.336,-8.789,0.000
1732204979.843,-12.207,-48.340,-68.359,-29.785,0.000
1732204979.847,-0.977,-36.621,-52.734,-12.207,0.000
1732204979.851,-28.809,-39.551,-52.734,-0.977,0.000
1732204979.855,-35.645,-42.969,-63.965,-6.836,0.000
1732204979.859,-29.785,-42.969,-66.895,-11.230,0.000
1732204979.863,-33.691,-51.270,-62.012,-5.371,0.000
1732204979.867,-29.785,-42.480,-60.059,-4.395,0.000
1732204979.871,-18.555,-35.156,-58.594,-14.160,0.000
1732204979.875,-14.160,-41.992,-61.523,-14.160,0.000
1732204979.879,-19.531,-40.039,-62.012,1.465,0.000
1732204979.882,-29.297,-38.574,-55.664,13.672,0.000
1732204979.886,-26.367,-45.898,-50.781,-2.441,0.000
1732204979.890,-19.043,-45.898,-55.664,-18.555,0.000
1732204979.894,-25.879,-41.504,-63.477,-18.555,0.000
1732204979.898,-36.133,-33.203,-63.965,-12.207,0.000
1732204979.902,-30.273,-28.809,-56.641,0.000,0.000
1732204979.906,-28.320,-43.945,-61.035,-0.977,0.000
1732204979.910,-23.926,-49.805,-63.477,-17.090,0.000
1732204979.914,-29.785,-42.969,-62.012,-21.484,0.000
1732204979.918,-40.527,-45.898,-67.871,-28.320,0.000
1732204979.921,-34.180,-44.922,-64.941,-27.832,0.000
1732204979.925,-34.668,-42.969,-63.477,-14.648,0.000
1732204979.929,-40.039,-48.828,-62.500,2.441,0.000
1732204979.933,-43.457,-49.805,-61.035,-1.465,0.000
1732204979.937,-38.086,-42.480,-64.941,-20.996,0.000
1732204979.941,-27.344,-41.504,-68.359,-27.344,0.000
1732204979.945,-35.645,-45.898,-71.777,-37.598,0.000
1732204979.949,-41.992,-43.457,-68.848,-27.344,0.000
1732204979.953,-33.691,-39.551,-64.941,-7.324,0.000
1732204979.957,-24.414,-47.852,-64.453,-3.906,0.000
1732204979.960,-25.391,-49.805,-64.941,-26.367,0.000
1732204979.964,-35.645,-37.109,-62.012,-45.898,0.000
1732204979.968,-31.738,-34.668,-54.688,-40.527,0.000
1732204979.972,-21.484,-34.180,-55.176,-19.043,0.000
1732204979.976,-25.391,-33.691,-58.594,-8.301,0.000
1732204979.980,-31.250,-34.180,-57.129,-2.441,0.000
1732204979.984,-31.738,-38.086,-52.246,-0.488,0.000
1732204979.988,-41.992,-45.898,-58.105,-5.859,0.000
1732204979.992,-43.945,-43.457,-62.012,-11.230,0.000
1732204979.996,-35.156,-41.992,-56.152,0.000,0.000
1732204980.000,-37.598,-45.898,-59.570,7.324,0.000
1732204980.003,-43.945,-40.039,-60.547,-0.977,0.000
1732204980.007,-33.691,-42.480,-55.664,3.418,0.000
1732204980.011,-29.297,-47.363,-56.641,8.301,0.000
1732204980.015,-51.758,-44.434,-62.988,-12.207,0.000
1732204980.019,-56.641,-50.293,-69.824,-23.926,0.000
1732204980.023,-38.086,-51.270,-72.266,-19.531,0.000
1732204980.027,-29.297,-38.574,-62.500,-24.902,0.000
1732204980.031,-35.156,-41.016,-62.988,-21.484,0.000
1732204980.035,-32.227,-52.734,-70.312,-10.254,0.000
1732204980.039,-34.668,-47.852,-60.547,1.465,0.000
1732204980.043,-36.133,-34.180,-62.500,8.789,0.000
1732204980.046,-31.738,-40.527,-68.359,-9.277,0.000
1732204980.050,-25.391,-49.805,-63.477,-33.203,0.000
1732204980.054,-12.207,-44.922,-60.547,-35.645,0.000
1732204980.058,-16.602,-41.016,-67.871,-30.762,0.000
1732204980.062,-26.855,-34.180,-66.406,-20.996,0.000
1732204980.066,-32.227,-33.691,-61.523,-14.160,0.000
1732204980.070,-31.738,-41.016,-63.965,-24.902,0.000
1732204980.074,-33.691,-41.992,-64.941,-31.250,0.000
1732204980.078,-36.133,-48.828,-56.152,-32.715,0.000
1732204980.082,-38.574,-51.270,-55.176,-27.344,0.000
1732204980.086,-42.969,-45.410,-61.523,-29.297,0.000
1732204980.089,-38.574,-45.410,-63.965,-17.578,0.000
1732204980.093,-37.109,-43.457,-65.918,-5.371,0.000
1732204980.097,-39.551,-36.133,-57.129,-4.395,0.000
1732204980.101,-51.270,-44.922,-56.152,-2.441,0.000
1732204980.105,-47.852,-47.852,-56.641,-2.441,0.000
1732204980.109,-29.297,-40.527,-53.711,-2.930,0.000
1732204980.113,-36.133,-51.270,-53.711,-17.578,0.000
1732204980.117,-52.246,-49.316,-60.059,-38.086,0.000
1732204980.121,-43.457,-36.621,-63.965,-26.367,0.000
1732204980.125,-36.621,-38.574,-62.012,-9.766,0.000
1732204980.128,-41.016,-40.527,-54.688,-14.160,0.000
1732204980.132,-32.715,-33.203,-52.246,-5.371,0.000
1732204980.136,-35.156,-32.715,-50.293,-3.418,0.000
1732204980.140,-45.410,-38.574,-53.711,-29.297,0.000
1732204980.144,-34.668,-32.715,-54.688,-39.551,0.000
1732204980.148,-37.598,-36.133,-53.711,-35.156,0.000
1732204980.152,-31.250,-45.898,-63.477,-26.855,0.000
1732204980.156,-25.879,-46.875,-67.383,-24.414,0.000
1732204980.160,-44.922,-41.016,-61.523,-13.672,0.000
1732204980.164,-39.551,-41.504,-58.105,-15.625,0.000
1732204980.168,-24.902,-44.434,-55.176,-23.438,0.000
1732204980.171,-34.668,-33.691,-49.805,-12.695,0.000
1732204980.175,-41.504,-36.133,-51.758,-23.926,0.000
1732204980.179,-37.598,-39.062,-57.129,-34.668,0.000
1732204980.183,-35.156,-40.039,-59.082,-31.250,0.000
1732204980.187,-38.086,-46.387,-58.105,-36.621,0.000
1732204980.191,-39.062,-38.574,-56.641,-28.320,0.000
1732204980.195,-41.992,-37.109,-62.988,-12.695,0.000
1732204980.199,-39.551,-47.852,-62.500,-9.766,0.000
1732204980.203,-37.598,-45.410,-51.758,-13.672,0.000
1732204980.207,-53.711,-34.668,-43.457,-12.207,0.000
1732204980.211,-45.898,-35.156,-51.758,-18.555,0.000
1732204980.214,-35.156,-31.738,-55.176,-40.039,0.000
1732204980.218,-42.480,-35.645,-57.129,-39.062,0.000
1732204980.222,-41.016,-30.273,-57.617,-20.508,0.000
1732204980.226,-44.434,-20.996,-47.363,-11.230,0.000
1732204980.230,-52.246,-27.344,-45.410,-9.277,0.000
1732204980.234,-47.852,-31.250,-50.293,-13.184,0.000
1732204980.238,-44.922,-38.574,-51.758,-31.250,0.000
1732204980.242,-47.852,-49.805,-53.223,-24.902,0.000
1732204980.246,-40.527,-45.410,-58.105,1.465,0.000
1732204980.250,-41.016,-35.156,-54.199,7.812,0.000
1732204980.253,-58.594,-32.715,-52.734,-7.812,0.000
1732204980.257,-54.199,-25.879,-52.246,-42.480,0.000
1732204980.261,-44.434,-30.762,-47.852,-57.617,0.000
1732204980.265,-33.203,-36.133,-47.363,-46.387,0.000
1732204980.269,-27.344,-31.250,-49.316,-30.273,0.000
1732204980.273,-35.645,-38.574,-52.734,-31.738,0.000
1732204980.277,-35.645,-45.898,-45.410,-31.738,0.000
1732204980.281,-21.484,-43.457,-40.039,-28.809,0.000
1732204980.285,-16.602,-34.668,-35.645,-25.879,0.000
1732204980.289,-25.879,-32.227,-42.480,-12.207,0.000
1732204980.293,-36.621,-35.645,-52.734,-12.207,0.000
1732204980.296,-41.504,-37.598,-48.828,-10.742,0.000
1732204980.300,-43.457,-36.621,-51.270,-11.230,0.000
1732204980.304,-56.641,-40.527,-53.223,-10.742,0.000
1732204980.308,-56.152,-40.039,-48.340,-5.371,0.000
1732204980.312,-58.594,-38.086,-45.410,-20.508,0.000
1732204980.316,-57.617,-40.039,-39.551,-41.992,0.000
1732204980.320,-43.945,-36.133,-40.527,-65.430,0.000
1732204980.324,-39.551,-40.527,-44.434,-65.918,0.000
1732204980.328,-38.086,-44.922,-44.434,-45.898,0.000
1732204980.332,-39.551,-35.645,-44.434,-46.387,0.000
1732204980.335,-45.410,-29.297,-47.363,-49.805,0.000
1732204980.339,-39.551,-26.367,-51.758,-47.363,0.000
1732204980.343,-37.598,-24.414,-51.270,-43.457,0.000
1732204980.347,-45.410,-27.344,-42.480,-33.691,0.000
1732204980.351,-46.875,-30.273,-31.738,-39.551,0.000
1732204980.355,-41.504,-28.320,-27.344,-42.969,0.000
1732204980.359,-46.875,-27.344,-29.785,-45.410,0.000
1732204980.363,-49.316,-23.926,-39.062,-49.316,0.000
1732204980.367,-48.340,-24.902,-47.852,-48.828,0.000
1732204980.371,-47.852,-35.645,-41.992,-38.086,0.000
1732204980.375,-35.156,-38.086,-38.086,-31.250,0.000
1732204980.378,-22.949,-30.273,-41.992,-34.180,0.000
1732204980.382,-31.738,-27.344,-34.180,-38.086,0.000
1732204980.386,-30.762,-29.785,-37.598,-45.410,0.000
1732204980.390,-29.297,-31.250,-51.270,-36.133,0.000
1732204980.394,-50.781,-29.297,-45.410,-34.668,0.000
1732204980.398,-52.246,-26.367,-37.109,-30.762,0.000
1732204980.402,-42.969,-30.762,-37.109,-20.020,0.000
1732204980.406,-40.039,-33.203,-37.109,-15.625,0.000
1732204980.410,-44.922,-29.785,-37.598,-20.996,0.000
1732204980.414,-45.898,-42.480,-49.316,-45.410,0.000
1732204980.418,-37.109,-49.316,-58.105,-47.852,0.000
1732204980.421,-41.016,-35.156,-55.176,-42.969,0.000
1732204980.425,-49.805,-28.320,-44.922,-30.273,0.000
1732204980.429,-41.992,-36.133,-48.340,-1.953,0.000
1732204980.433,-45.410,-43.945,-52.246,-6.348,0.000
1732204980.437,-47.852,-42.480,-43.945,-30.273,0.000
1732204980.441,-41.016,-41.016,-44.434,-40.527,0.000
1732204980.445,-40.039,-42.480,-38.086,-39.062,0.000
1732204980.449,-38.086,-40.527,-33.691,-41.504,0.000
1732204980.453,-39.551,-31.250,-41.016,-59.082,0.000
1732204980.457,-43.945,-27.832,-39.062,-58.594,0.000
1732204980.460,-28.320,-30.762,-38.574,-47.363,0.000
1732204980.464,-36.133,-37.598,-52.734,-39.062,0.000
1732204980.468,-51.270,-43.945,-50.781,-30.762,0.000
1732204980.472,-33.691,-49.805,-45.898,-40.039,0.000
1732204980.476,-38.086,-51.270,-53.711,-43.945,0.000
1732204980.480,-55.176,-43.945,-49.805,-37.598,0.000
1732204980.484,-55.176,-41.504,-46.387,-40.039,0.000
1732204980.488,-59.570,-42.969,-53.223,-50.781,0.000
1732204980.492,-50.781,-49.805,-57.129,-57.129,0.000
1732204980.496,-46.387,-43.945,-59.570,-51.758,0.000
1732204980.500,-64.453,-41.016,-54.199,-47.363,0.000
1732204980.503,-63.477,-47.852,-51.758,-38.086,0.000
1732204980.507,-49.805,-41.016,-53.223,-24.902,0.000
1732204980.511,-52.734,-29.297,-59.570,-36.133,0.000
1732204980.515,-53.223,-26.367,-58.105,-58.105,0.000
1732204980.519,-35.156,-28.320,-50.293,-57.617,0.000
1732204980.523,-27.832,-31.250,-45.898,-49.805,0.000
1732204980.527,-45.898,-34.180,-48.340,-41.016,0.000
1732204980.531,-52.246,-31.738,-47.852,-29.297,0.000
1732204980.535,-43.945,-32.227,-46.875,-33.203,0.000
1732204980.539,-38.086,-35.645,-46.387,-47.852,0.000
1732204980.543,-41.992,-34.668,-44.922,-57.129,0.000
1732204980.546,-45.898,-30.273,-48.828,-61.523,0.000
1732204980.550,-40.527,-27.832,-45.898,-49.316,0.000
1732204980.554,-29.785,-22.949,-46.875,-33.203,0.000
1732204980.558,-30.762,-21.484,-47.363,-35.645,0.000
1732204980.562,-38.574,-24.414,-33.691,-41.016,0.000
1732204980.566,-36.133,-24.414,-26.855,-41.504,0.000
1732204980.570,-47.363,-22.461,-31.738,-45.410,0.000
1732204980.574,-65.918,-27.344,-29.785,-45.410,0.000
1732204980.578,-56.641,-28.320,-35.156,-40.527,0.000
1732204980.582,-37.109,-20.508,-42.480,-37.598,0.000
1732204980.585,-38.574,-21.484,-32.715,-35.156,0.000
1732204980.589,-47.363,-30.762,-24.902,-20.020,0.000
1732204980.593,-40.039,-29.785,-27.832,-17.578,0.000
1732204980.597,-44.434,-29.297,-36.133,-29.785,0.000
1732204980.601,-41.504,-31.738,-41.992,-41.504,0.000
1732204980.605,-37.109,-31.738,-39.062,-55.664,0.000
1732204980.609,-43.457,-34.180,-41.504,-49.316,0.000
1732204980.613,-45.410,-37.598,-51.758,-45.410,0.000
1732204980.617,-44.922,-36.621,-52.246,-42.480,0.000
1732204980.621,-45.898,-32.715,-45.898,-27.344,0.000
1732204980.625,-46.875,-34.668,-37.109,-29.297,0.000
1732204980.628,-45.410,-31.738,-43.945,-41.016,0.000
1732204980.632,-40.527,-26.367,-49.805,-37.598,0.000
1732204980.636,-43.457,-34.668,-40.527,-44.922,0.000
1732204980.640,-38.574,-37.109,-41.016,-52.246,0.000
1732204980.644,-49.316,-33.691,-46.875,-59.082,0.000
1732204980.648,-57.617,-38.574,-43.457,-60.547,0.000
1732204980.652,-55.176,-34.668,-39.551,-44.434,0.000
1732204980.656,-50.781,-28.320,-40.527,-30.273,0.000
1732204980.660,-35.156,-28.320,-37.109,-15.625,0.000
1732204980.664,-42.969,-26.367,-37.109,-20.996,0.000
1732204980.667,-51.270,-19.531,-47.363,-29.297,0.000
1732204980.671,-44.922,-25.391,-43.457,-45.410,0.000
1732204980.675,-32.715,-30.273,-40.527,-63.965,0.000
1732204980.679,-24.414,-21.484,-43.945,-51.758,0.000
1732204980.683,-21.484,-19.043,-34.180,-41.504,0.000
1732204980.687,-25.879,-23.438,-37.598,-34.668,0.000
1732204980.691,-30.762,-22.949,-41.016,-38.574,0.000
1732204980.695,-22.949,-20.020,-34.180,-48.828,0.000
1732204980.699,-33.203,-29.297,-34.180,-57.617,0.000
1732204980.703,-50.781,-33.691,-30.762,-65.918,0.000
1732204980.707,-42.480,-22.949,-32.227,-49.316,0.000
1732204980.710,-38.086,-19.043,-40.527,-36.133,0.000
1732204980.714,-46.875,-18.555,-36.621,-31.250,0.000
1732204980.718,-40.039,-13.672,-40.039,-41.504,0.000
1732204980.722,-31.250,-10.742,-44.434,-61.523,0.000
1732204980.726,-34.668,-15.137,-41.504,-57.617,0.000
1732204980.730,-23.926,-21.973,-38.086,-39.062,0.000
1732204980.734,-32.227,-18.555,-37.598,-22.461,0.000
1732204980.738,-47.852,-18.555,-29.297,-15.137,0.000
1732204980.742,-44.434,-20.020,-20.508,-22.461,0.000
1732204980.746,-37.598,-24.902,-28.809,-30.273,0.000
1732204980.749,-37.598,-23.926,-37.598,-38.086,0.000
1732204980.753,-39.551,-19.043,-33.691,-59.570,0.000
1732204980.757,-38.574,-26.367,-29.297,-70.312,0.000
1732204980.761,-37.109,-26.855,-30.273,-61.523,0.000
1732204980.765,-39.062,-21.973,-27.344,-49.805,0.000
1732204980.769,-34.668,-20.508,-34.668,-50.781,0.000
1732204980.773,-32.227,-25.391,-36.133,-59.082,0.000
1732204980.777,-34.668,-32.227,-30.762,-62.500,0.000
1732204980.781,-38.574,-25.391,-27.832,-57.129,0.000
1732204980.785,-43.457,-13.672,-25.391,-57.617,0.000
1732204980.789,-41.992,-13.184,-29.297,-54.688,0.000
1732204980.792,-34.668,-21.973,-37.109,-48.828,0.000
1732204980.796,-33.691,-20.020,-36.621,-51.758,0.000
1732204980.800,-35.645,-15.625,-26.367,-51.270,0.000
1732204980.804,-40.039,-22.461,-20.508,-51.758,0.000
1732204980.808,-40.039,-21.973,-27.344,-46.875,0.000
1732204980.812,-48.340,-19.531,-27.832,-37.109,0.000
1732204980.816,-46.387,-29.785,-32.227,-33.691,0.000
1732204980.820,-41.016,-26.855,-41.016,-32.715,0.000
1732204980.824,-46.387,-14.648,-37.109,-58.594,0.000
1732204980.828,-25.391,-14.160,-30.762,-75.684,0.000
1732204980.832,-36.621,-23.926,-32.715,-57.129,0.000
1732204980.835,-42.969,-24.902,-35.645,-54.199,0.000
1732204980.839,-39.062,-18.555,-42.969,-62.500,0.000
1732204980.843,-41.992,-8.301,-40.527,-55.176,0.000
1732204980.847,-41.016,-6.348,-33.691,-43.457,0.000
1732204980.851,-39.062,-14.648,-33.203,-34.668,0.000
1732204980.855,-27.832,-20.020,-33.203,-45.410,0.000
1732204980.859,-30.273,-17.090,-30.273,-52.734,0.000
1732204980.863,-29.297,-12.207,-34.180,-53.711,0.000
1732204980.867,-32.227,-17.578,-43.457,-54.199,0.000
1732204980.871,-41.016,-22.461,-45.410,-47.363,0.000
1732204980.875,-29.785,-21.484,-40.527,-39.062,0.000
1732204980.878,-35.645,-15.625,-33.203,-30.762,0.000
1732204980.882,-48.828,-13.184,-30.762,-23.438,0.000
1732204980.886,-38.574,-19.531,-37.109,-46.387,0.000
1732204980.890,-30.273,-24.414,-32.227,-55.664,0.000
1732204980.894,-29.297,-24.414,-22.461,-48.828,0.000
1732204980.898,-33.691,-23.926,-32.227,-53.711,0.000
1732204980.902,-34.180,-23.926,-39.551,-56.641,0.000
1732204980.906,-33.691,-23.438,-32.715,-59.082,0.000
1732204980.910,-25.391,-15.625,-25.391,-47.852,0.000
1732204980.914,-28.809,-15.137,-25.391,-37.109,0.000
1732204980.917,-37.598,-20.996,-25.879,-34.180,0.000
1732204980.921,-14.160,-13.184,-22.949,-36.133,0.000
1732204980.925,-17.090,-9.277,-28.320,-27.344,0.000
1732204980.929,-42.480,-18.066,-33.691,-29.785,0.000
1732204980.933,-46.387,-23.438,-27.832,-41.016,0.000
1732204980.937,-42.480,-19.043,-25.391,-47.363,0.000
1732204980.941,-43.945,-18.066,-31.250,-55.176,0.000
1732204980.945,-32.227,-22.949,-26.855,-46.387,0.000
1732204980.949,-16.602,-21.973,-19.043,-45.898,0.000
1732204980.953,-19.531,-19.531,-16.602,-31.250,0.000
1732204980.957,-8.301,-15.137,-16.602,-8.789,0.000
1732204980.960,-13.184,-12.695,-20.996,-1.953,0.000
1732204980.964,-29.297,-22.461,-22.461,-20.508,0.000
1732204980.968,-23.926,-25.879,-24.414,-63.477,0.000
1732204980.972,-30.762,-16.602,-20.020,-67.871,0.000
1732204980.976,-19.531,-16.602,-16.602,-51.270,0.000
1732204980.980,-20.020,-20.508,-21.484,-54.688,0.000
1732204980.984,-38.086,-11.719,-24.902,-56.641,0.000
1732204980.988,-28.320,-8.301,-28.320,-56.641,0.000
1732204980.992,-20.996,-14.648,-34.180,-57.617,0.000
1732204980.996,0.000,-16.113,-27.832,-55.664,0.000
1732204980.999,0.000,-16.113,-19.043,-40.039,0.000
1732204981.003,0.000,-14.160,-20.996,-31.250,0.000
1732204981.007,0.000,-18.555,-25.879,-42.969,0.000
1732204981.011,0.000,-20.508,-31.250,-58.594,0.000
1732204981.015,0.000,-19.531,-29.785,-50.293,0.000
1732204981.019,0.000,-28.809,-25.879,-37.109,0.000
1732204981.023,0.000,-30.762,-29.785,-46.875,0.000
1732204981.027,0.000,-23.926,-33.203,-42.969,0.000
1732204981.031,0.000,-23.926,-37.109,-40.039,0.000
1732204981.035,0.000,-21.973,-36.621,-44.922,0.000
1732204981.038,0.000,-11.230,-34.668,-48.828,0.000
1732204981.042,-33.203,-8.301,-27.344,-42.480,0.000
1732204981.046,-47.852,-16.602,-27.344,-38.574,0.000
1732204981.050,-32.715,-22.461,-27.832,-41.504,0.000
1732204981.054,-26.367,-24.902,-23.438,-39.062,0.000
1732204981.058,-26.367,-18.555,-28.320,-46.387,0.000
1732204981.062,-21.484,-16.113,-29.297,-50.293,0.000
1732204981.066,-30.762,-15.137,-34.180,-52.734,0.000
1732204981.070,-25.879,-12.695,-33.203,-47.363,0.000
1732204981.074,-22.949,-13.672,-26.855,-34.668,0.000
1732204981.078,-31.250,-14.648,-25.391,-26.367,0.000
1732204981.081,-34.668,-19.043,-25.391,-43.945,0.000
1732204981.085,-28.809,-15.625,-23.438,-53.223,0.000
1732204981.089,-28.320,-8.789,-17.578,-43.945,0.000
1732204981.093,-23.438,-13.672,-29.785,-41.992,0.000
1732204981.097,-14.648,-15.625,-35.156,-47.363,0.000
1732204981.101,-15.137,-14.160,-27.832,-51.270,0.000
1732204981.105,-22.949,-10.742,-24.902,-41.016,0.000
1732204981.109,-32.715,-6.836,-19.531,-38.086,0.000
1732204981.113,-25.879,-9.766,-16.602,-32.715,0.000
1732204981.117,-14.160,-14.648,-16.602,-25.391,0.000
1732204981.121,-14.648,-7.324,-19.531,-23.438,0.000
1732204981.124,-27.832,0.977,-15.625,-28.320,0.000
1732204981.128,-32.715,-9.277,-12.695,-34.180,0.000
1732204981.132,-23.926,-9.766,-17.090,-43.457,0.000
1732204981.136,-13.184,-2.930,-16.113,-53.711,0.000
1732204981.140,-26.367,-10.254,-18.555,-61.035,0.000
1732204981.144,-30.762,-11.719,-19.531,-58.594,0.000
1732204981.148,-33.203,-9.766,-20.508,-46.875,0.000
1732204981.152,-41.992,-8.789,-22.461,-42.480,0.000
1732204981.156,-25.879,-8.301,-24.414,-34.668,0.000
1732204981.160,-26.367,-11.719,-30.762,-44.434,0.000
1732204981.164,-25.879,-8.301,-29.297,-54.688,0.000
1732204981.167,-27.832,-9.766,-16.602,-49.805,0.000
1732204981.171,-39.062,-7.324,-10.742,-59.570,0.000
1732204981.175,-27.832,-7.324,-15.625,-57.617,0.000
1732204981.179,-28.809,-8.301,-19.043,-35.645,0.000
1732204981.183,-30.762,-3.418,-16.602,-27.832,0.000
1732204981.187,-28.809,-6.348,-22.461,-35.156,0.000
1732204981.191,-31.738,0.488,-21.484,-30.762,0.000
1732204981.195,-37.109,-0.977,-18.066,-36.133,0.000
1732204981.199,-46.387,-17.090,-22.949,-55.176,0.000
1732204981.203,-45.410,-18.066,-21.484,-58.594,0.000
1732204981.206,-42.969,-22.461,-17.578,-43.945,0.000
1732204981.210,-44.922,-24.902,-24.902,-37.109,0.000
1732204981.214,-40.039,-11.719,-36.621,-36.621,0.000
1732204981.218,-41.992,-4.883,-30.762,-50.293,0.000
1732204981.222,-38.574,-11.230,-21.484,-66.406,0.000
1732204981.226,-38.574,-15.137,-18.555,-55.664,0.000
1732204981.230,-38.086,-18.066,-21.973,-36.621,0.000
1732204981.234,-30.273,-16.602,-28.809,-38.574,0.000
1732204981.238,-31.738,-12.695,-33.691,-40.039,0.000
1732204981.242,-36.133,-15.625,-27.344,-34.668,0.000
1732204981.246,-34.668,-16.113,-21.484,-36.133,0.000
1732204981.249,-36.133,-14.160,-21.484,-54.199,0.000
1732204981.253,-24.414,-15.625,-20.508,-55.176,0.000
1732204981.257,-25.879,-13.184,-27.344,-39.551,0.000
1732204981.261,-43.457,-9.277,-26.855,-36.133,0.000
1732204981.265,-32.227,-6.836,-23.438,-57.129,0.000
1732204981.269,-29.785,-6.836,-27.344,-65.430,0.000
1732204981.273,-37.109,-12.695,-24.902,-55.176,0.000
1732204981.277,-32.715,-15.137,-20.996,-46.387,0.000
1732204981.281,-31.250,-16.113,-16.113,-46.875,0.000
1732204981.285,-29.785,-21.484,-14.160,-35.156,0.000
1732204981.289,-27.832,-18.555,-18.066,-39.062,0.000
1732204981.292,-38.574,-14.648,-13.672,-51.270,0.000
1732204981.296,-36.621,-16.113,-9.766,-38.086,0.000
1732204981.300,-27.344,-21.484,-10.742,-27.832,0.000
1732204981.304,-29.297,-16.113,-13.184,-37.598,0.000
1732204981.308,-30.273,-8.301,-13.672,-54.199,0.000
1732204981.312,-28.320,-15.625,-14.160,-50.293,0.000
1732204981.316,-29.297,-19.043,-18.555,-43.945,0.000
1732204981.320,-31.738,-16.113,-8.789,-44.922,0.000
1732204981.324,-23.438,-10.742,-7.812,-38.086,0.000
1732204981.328,-24.414,-11.230,-17.090,-25.391,0.000
1732204981.331,-32.715,-17.578,-25.391,-17.090,0.000
1732204981.335,-31.250,-13.672,-22.949,-23.438,0.000
1732204981.339,-24.902,-18.066,-12.695,-56.641,0.000
1732204981.343,-29.297,-18.066,-20.996,-69.824,0.000
1732204981.347,-27.344,-5.371,-35.645,-46.387,0.000
1732204981.351,-11.230,-13.184,-32.715,-42.480,0.000
1732204981.355,-20.508,-18.555,-25.879,-47.363,0.000
1732204981.359,-31.738,-9.277,-22.949,-45.898,0.000
1732204981.363,-30.273,-7.812,-21.973,-45.898,0.000
1732204981.367,-37.598,-17.090,-28.809,-47.852,0.000
1732204981.371,-47.852,-15.625,-25.879,-47.363,0.000
1732204981.374,-42.969,-16.113,-24.902,-30.762,0.000
1732204981.378,-24.414,-20.508,-17.578,-0.488,0.000
1732204981.382,-47.852,-13.672,-11.719,-16.602,0.000
1732204981.386,-59.082,-5.859,-18.555,-44.434,0.000
1732204981.390,-39.551,-6.836,-12.695,-39.551,0.000
1732204981.394,-56.152,-11.230,-4.883,-47.363,0.000
1732204981.398,-52.246,-10.742,-7.324,-49.805,0.000
1732204981.402,-51.270,-10.742,-10.254,-54.199,0.000
1732204981.406,-59.570,-13.672,-14.648,-81.055,0.000
1732204981.410,-56.152,-15.625,-25.879,-107.910,0.000
1732204981.413,-55.176,-17.090,-26.367,-100.098,0.000
1732204981.417,-55.176,-11.230,-22.949,-83.496,0.000
1732204981.421,-51.758,-8.789,-26.367,-70.312,0.000
1732204981.425,-59.570,-23.438,-27.832,-43.945,0.000
1732204981.429,-54.688,-22.949,-22.949,-20.996,0.000
1732204981.433,-40.039,-14.648,-23.926,-18.555,0.000
1732204981.437,-53.223,-28.320,-25.879,-45.410,0.000
1732204981.441,-47.852,-32.715,-25.879,-72.754,0.000
1732204981.445,-45.898,-18.066,-27.832,-77.637,0.000
1732204981.449,-35.645,-16.602,-30.762,-69.824,0.000
1732204981.453,-25.391,-16.113,-21.973,-48.340,0.000
1732204981.456,-49.805,-10.742,-13.184,-46.875,0.000
1732204981.460,-52.734,-26.367,-17.090,-53.711,0.000
1732204981.464,-43.945,-29.785,-20.996,-42.480,0.000
1732204981.468,-48.340,-11.230,-18.555,-42.969,0.000
1732204981.472,-51.270,-10.254,-22.949,-55.176,0.000
1732204981.476,-40.527,-9.766,-24.902,-57.617,0.000
1732204981.480,-32.227,-6.348,-24.414,-54.199,0.000
1732204981.484,-27.344,-13.184,-22.949,-56.152,0.000
1732204981.488,-38.574,-17.578,-17.090,-57.617,0.000
1732204981.492,-40.039,-19.043,-19.043,-48.828,0.000
1732204981.495,-18.066,-20.996,-23.438,-23.438,0.000
1732204981.499,-32.227,-14.648,-17.090,-10.742,0.000
1732204981.503,-47.852,-17.090,-11.230,-21.484,0.000
1732204981.507,-41.016,-24.414,-5.371,-29.785,0.000
1732204981.511,-34.668,-22.949,-6.836,-44.922,0.000
1732204981.515,-30.273,-20.996,-17.578,-53.711,0.000
1732204981.519,-28.320,-24.414,-10.742,-31.738,0.000
1732204981.523,-19.043,-23.438,-9.766,-33.203,0.000
1732204981.527,-17.090,-28.809,-26.367,-49.805,0.000
1732204981.531,-11.719,-28.809,-20.508,-29.297,0.000
1732204981.535,-15.625,-9.766,-6.348,-28.320,0.000
1732204981.538,-40.039,-1.465,-10.254,-59.570,0.000
1732204981.542,-34.668,-6.836,-12.695,-45.898,0.000
1732204981.546,-25.391,-11.230,-12.207,-31.738,0.000
1732204981.550,-29.297,-9.277,-16.602,-50.781,0.000
1732204981.554,-46.387,-16.113,-15.137,-54.688,0.000
1732204981.558,-56.152,-24.902,-20.020,-61.035,0.000
1732204981.562,-44.922,-15.625,-20.020,-61.035,0.000
1732204981.566,-43.945,-19.043,-9.766,-56.152,0.000
1732204981.570,-51.758,-19.531,-13.672,-58.594,0.000
1732204981.574,-43.945,-11.230,-24.902,-62.500,0.000
1732204981.578,-34.180,-22.461,-14.160,-61.523,0.000
1732204981.581,-41.992,-18.555,-6.348,-57.129,0.000
1732204981.585,-50.293,-13.672,-21.973,-58.105,0.000
1732204981.589,-53.223,-23.438,-21.484,-50.293,0.000
1732204981.593,-49.805,-27.344,-5.371,-45.898,0.000
1732204981.597,-45.898,-20.996,-6.348,-55.664,0.000
1732204981.601,-47.363,-20.020,-16.602,-62.012,0.000
1732204981.605,-43.457,-23.926,-18.555,-72.754,0.000
1732204981.609,-46.875,-33.203,-19.531,-84.961,0.000
1732204981.613,-52.246,-33.203,-18.555,-73.730,0.000
1732204981.617,-60.547,-32.715,-20.020,-62.012,0.000
1732204981.621,-57.617,-31.250,-20.996,-64.941,0.000
1732204981.624,-53.223,-20.996,-15.137,-58.594,0.000
1732204981.628,-39.551,-15.625,-13.184,-66.895,0.000
1732204981.632,-19.531,-12.695,-16.113,-70.312,0.000
1732204981.636,-27.832,-14.648,-10.254,-47.363,0.000
1732204981.640,-34.180,-20.996,-6.836,-40.039,0.000
1732204981.644,-38.574,-23.926,-11.230,-45.410,0.000
1732204981.648,-36.621,-22.949,-5.859,-31.250,0.000
1732204981.652,-35.645,-17.090,-2.441,-24.902,0.000
1732204981.656,-37.598,-12.695,-13.672,-50.293,0.000
1732204981.660,-25.879,-14.648,-14.648,-69.336,0.000
1732204981.663,-36.621,-17.090,-2.930,-61.035,0.000
1732204981.667,-43.457,-17.578,7.324,-49.805,0.000
1732204981.671,-39.551,-16.602,2.930,-43.457,0.000
1732204981.675,-49.316,-14.648,-4.883,-34.180,0.000
1732204981.679,-44.434,-18.555,-6.348,-31.738,0.000
1732204981.683,-38.574,-27.832,-11.719,-40.039,0.000
1732204981.687,-38.574,-21.973,-14.160,-45.410,0.000
1732204981.691,-33.691,-15.137,-17.090,-61.523,0.000
1732204981.695,-47.852,-19.531,-19.043,-62.988,0.000
1732204981.699,-54.199,-18.066,-10.254,-38.574,0.000
1732204981.703,-43.457,-17.578,-3.906,-32.227,0.000
1732204981.706,-46.387,-14.648,-9.277,-36.133,0.000
1732204981.710,-41.992,-12.695,-8.789,-47.363,0.000
1732204981.714,-40.039,-20.996,-10.254,-64.453,0.000
1732204981.718,-48.340,-27.344,-18.555,-45.898,0.000
1732204981.722,-32.715,-17.090,-21.973,-20.508,0.000
1732204981.726,-32.715,-10.742,-19.531,-18.066,0.000
1732204981.730,-44.434,-15.625,-12.207,-52.734,0.000
1732204981.734,-37.109,-13.184,-11.230,-81.543,0.000
1732204981.738,-32.715,-18.066,-14.648,-69.336,0.000
1732204981.742,-37.109,-20.996,-12.207,-65.918,0.000
1732204981.745,-41.992,-19.043,-6.836,-64.941,0.000
1732204981.749,-54.199,-27.344,-12.695,-44.922,0.000
1732204981.753,-58.594,-29.785,-21.484,-35.645,0.000
1732204981.757,-44.434,-17.578,-16.113,-46.387,0.000
1732204981.761,-29.785,-16.602,-14.160,-46.387,0.000
1732204981.765,-33.203,-21.484,-24.902,-42.480,0.000
1732204981.769,-47.363,-14.648,-24.414,-45.898,0.000
1732204981.773,-45.898,-6.348,-15.625,-54.688,0.000
1732204981.777,-33.203,-7.812,-4.395,-57.129,0.000
1732204981.781,-23.926,-16.113,-6.836,-42.969,0.000
1732204981.784,-34.668,-16.113,-14.160,-37.109,0.000
1732204981.788,-37.598,-21.484,-9.766,-38.086,0.000
1732204981.792,-27.832,-32.715,-3.906,-41.504,0.000
1732204981.796,-29.297,-16.113,0.488,-50.781,0.000
1732204981.800,-30.762,-5.371,-0.977,-44.434,0.000
1732204981.804,-36.621,-12.207,-13.672,-36.133,0.000
1732204981.808,-41.992,-10.254,-11.719,-32.227,0.000
1732204981.812,-41.016,-13.184,-5.859,-43.457,0.000
1732204981.816,-43.457,-22.461,-11.230,-54.199,0.000
1732204981.820,-43.945,-23.438,-12.695,-42.480,0.000
1732204981.824,-46.875,-23.438,-11.719,-39.551,0.000
1732204981.827,-53.711,-26.367,-18.555,-41.992,0.000
1732204981.831,-41.504,-27.344,-22.949,-49.805,0.000
1732204981.835,-35.156,-24.414,-19.043,-56.152,0.000
1732204981.839,-35.156,-16.602,-26.855,-75.684,0.000
1732204981.843,-29.297,-16.113,-29.297,-77.148,0.000
1732204981.847,-13.184,-21.484,-17.578,-47.363,0.000
1732204981.851,-9.766,-22.461,-10.742,-27.344,0.000
1732204981.855,-40.039,-20.508,-13.672,-17.578,0.000
1732204981.859,-36.621,-10.254,-24.414,-20.508,0.000
1732204981.863,-30.762,-8.301,-24.414,-38.086,0.000
1732204981.867,-36.621,-12.695,-17.578,-57.617,0.000
1732204981.870,-29.785,-18.555,-7.324,-51.758,0.000
1732204981.874,-31.738,-18.066,-13.672,-36.621,0.000
1732204981.878,-38.574,-13.184,-24.902,-42.480,0.000
1732204981.882,-19.043,-7.812,-21.973,-25.879,0.000
1732204981.886,-17.578,-3.418,-22.949,-16.602,0.000
1732204981.890,-41.504,-11.719,-14.160,-39.551,0.000
1732204981.894,-49.316,-28.320,-6.348,-51.270,0.000
1732204981.898,-38.574,-26.367,-11.719,-55.664,0.000
1732204981.902,-28.320,-19.531,-22.949,-54.688,0.000
1732204981.906,-30.762,-15.137,-26.855,-46.387,0.000
1732204981.910,-38.574,-8.789,-23.926,-44.922,0.000
1732204981.913,-43.457,-18.066,-22.461,-40.039,0.000
1732204981.917,-42.480,-20.996,-20.996,-31.250,0.000
1732204981.921,-45.410,-16.113,-24.414,-32.715,0.000
1732204981.925,-57.617,-17.090,-20.996,-29.785,0.000
1732204981.929,-61.523,-11.719,-21.484,-13.184,0.000
1732204981.933,-62.012,-12.695,-26.855,-2.441,0.000
1732204981.937,-57.129,-21.973,-30.273,-28.320,0.000
1732204981.941,-41.016,-24.902,-37.109,-75.684,0.000
1732204981.945,-33.203,-22.461,-33.203,-80.078,0.000
1732204981.949,-38.574,-19.043,-22.949,-64.941,0.000
1732204981.952,-40.527,-20.020,-15.137,-54.199,0.000
1732204981.956,-41.504,-15.137,-15.137,-56.152,0.000
1732204981.960,-39.551,-15.137,-20.020,-52.246,0.000
1732204981.964,-33.691,-24.414,-20.508,-42.969,0.000
1732204981.968,-40.527,-19.043,-26.367,-48.340,0.000
1732204981.972,-47.363,-19.043,-33.203,-42.969,0.000
1732204981.976,-56.152,-22.461,-30.273,-43.457,0.000
1732204981.980,-47.363,-19.043,-19.531,-27.832,0.000
1732204981.984,-38.086,-17.090,-19.043,-21.484,0.000
1732204981.988,-43.457,-21.484,-22.461,-33.691,0.000
1732204981.992,-44.922,-26.855,-20.996,-34.668,0.000
1732204981.995,-37.109,-25.879,-22.461,-29.297,0.000
1732204981.999,-36.133,-17.578,-20.996,-17.090,0.000
1732204982.003,-48.828,-14.160,-16.113,-22.461,0.000
1732204982.007,-47.852,-23.926,-21.484,-42.480,0.000
1732204982.011,-46.387,-27.832,-25.391,-65.430,0.000
1732204982.015,-42.969,-22.461,-25.879,-62.988,0.000
1732204982.019,-35.156,-25.879,-30.273,-62.500,0.000
1732204982.023,-35.645,-20.020,-19.043,-68.848,0.000
1732204982.027,-44.922,-5.371,-17.578,-56.152,0.000
1732204982.031,-41.504,-17.090,-18.555,-43.945,0.000
1732204982.035,-35.156,-26.855,-16.602,-40.527,0.000
1732204982.038,-26.367,-20.020,-22.461,-45.410,0.000
1732204982.042,-36.133,-11.230,-20.020,-61.035,0.000
1732204982.046,-53.711,-3.906,-22.949,-64.453,0.000
1732204982.050,-54.199,-8.301,-29.297,-45.898,0.000
1732204982.054,-54.688,-7.812,-23.926,-34.180,0.000
1732204982.058,-44.922,-3.906,-25.391,-27.832,0.000
1732204982.062,-42.480,-11.719,-23.926,-18.555,0.000
1732204982.066,-47.363,-13.672,-20.508,-20.508,0.000
1732204982.070,-39.062,-12.695,-16.602,-23.438,0.000
1732204982.074,-24.414,-15.625,-10.742,-20.996,0.000
1732204982.078,-25.879,-9.277,-17.090,-32.715,0.000
1732204982.081,-31.250,-10.742,-22.949,-34.668,0.000
1732204982.085,-27.832,-17.578,-24.902,-43.945,0.000
1732204982.089,-41.016,-22.949,-24.902,-53.223,0.000
1732204982.093,-43.945,-20.020,-18.066,-44.434,0.000
1732204982.097,-33.203,-13.184,-19.043,-28.320,0.000
1732204982.101,-21.973,-16.113,-18.066,-20.996,0.000
1732204982.105,-30.273,-17.578,-13.672,-36.621,0.000
1732204982.109,-39.551,-25.879,-15.625,-51.758,0.000
1732204982.113,-39.551,-27.832,-20.508,-44.922,0.000
1732204982.117,-37.598,-15.625,-28.320,-54.688,0.000
1732204982.120,-36.133,-15.137,-29.297,-62.988,0.000
1732204982.124,-40.527,-17.090,-22.461,-62.012,0.000
1732204982.128,-40.039,-13.672,-18.066,-66.895,0.000
1732204982.132,-41.504,-18.555,-19.531,-58.594,0.000
1732204982.136,-27.344,-18.066,-30.273,-51.758,0.000
1732204982.140,-29.785,-18.066,-27.344,-46.387,0.000
1732204982.144,-44.922,-23.926,-19.043,-48.828,0.000
1732204982.148,-38.086,-19.043,-23.926,-45.898,0.000
1732204982.152,-35.156,-22.461,-29.297,-47.852,0.000
1732204982.156,-34.668,-22.949,-30.762,-44.922,0.000
1732204982.159,-35.645,-17.090,-31.250,-41.504,0.000
1732204982.163,-41.504,-16.602,-30.273,-49.316,0.000
1732204982.167,-38.574,-14.648,-28.320,-53.711,0.000
1732204982.171,-35.156,-14.648,-30.273,-53.223,0.000
1732204982.175,-32.227,-17.090,-29.297,-41.992,0.000
1732204982.179,-21.973,-20.020,-35.645,-33.203,0.000
1732204982.183,-36.621,-16.602,-35.645,-33.691,0.000
1732204982.187,-44.922,-13.672,-31.250,-29.297,0.000
1732204982.191,-28.809,-16.602,-30.273,-24.414,0.000
1732204982.195,-27.832,-18.555,-29.297,-27.832,0.000
1732204982.199,-27.832,-18.066,-27.832,-17.578,0.000
1732204982.202,-32.715,-7.324,-27.832,-9.277,0.000
1732204982.206,-40.527,-3.418,-25.879,-35.156,0.000
1732204982.210,-27.832,-9.766,-21.484,-56.641,0.000
1732204982.214,-28.320,-10.742,-25.879,-52.246,0.000
1732204982.218,-40.039,-8.301,-28.809,-40.039,0.000
1732204982.222,-22.949,-13.672,-26.855,-42.480,0.000
1732204982.226,-13.672,-14.160,-27.832,-48.828,0.000
1732204982.230,-39.062,-12.207,-30.762,-45.410,0.000
1732204982.234,-45.898,-13.672,-23.438,-37.109,0.000
1732204982.238,-37.109,-16.602,-18.066,-42.969,0.000
1732204982.242,-42.480,-13.672,-21.973,-68.848,0.000
1732204982.245,-44.922,-7.324,-20.508,-65.430,0.000
1732204982.249,-43.945,-5.371,-22.461,-48.340,0.000
1732204982.253,-36.133,-7.324,-20.508,-53.223,0.000
1732204982.257,-37.598,-15.137,-16.602,-45.898,0.000
1732204982.261,-33.203,-14.648,-20.020,-38.086,0.000
1732204982.265,-29.785,-6.348,-25.391,-39.062,0.000
1732204982.269,-31.250,-3.418,-23.926,-36.621,0.000
1732204982.273,-37.109,-13.672,-20.996,-42.480,0.000
1732204982.277,-42.480,-18.066,-19.531,-43.457,0.000
1732204982.281,-32.715,-17.090,-21.484,-36.133,0.000
1732204982.285,-30.273,-17.090,-15.625,-31.738,0.000
1732204982.288,-32.227,-16.602,-14.160,-35.156,0.000
1732204982.292,-34.668,-20.508,-19.531,-33.691,0.000
1732204982.296,-41.504,-21.973,-25.879,-45.898,0.000
1732204982.300,-47.363,-19.043,-33.203,-57.617,0.000
1732204982.304,-36.621,-19.531,-27.344,-52.246,0.000
1732204982.308,-41.992,-17.578,-17.578,-32.715,0.000
1732204982.312,-42.969,-11.230,-16.602,-33.691,0.000
1732204982.316,-33.203,-18.066,-21.973,-52.246,0.000
1732204982.320,-48.340,-25.879,-21.973,-56.641,0.000
1732204982.324,-36.621,-16.602,-29.785,-60.059,0.000
1732204982.327,-20.508,-12.207,-36.133,-61.523,0.000
1732204982.331,-14.160,-23.438,-26.367,-55.664,0.000
1732204982.335,-9.277,-29.297,-23.926,-35.156,0.000
1732204982.339,-20.508,-24.414,-24.414,-23.926,0.000
1732204982.343,-29.297,-11.719,-25.879,-21.973,0.000
1732204982.347,-25.391,-12.207,-24.414,-11.230,0.000
1732204982.351,-31.250,-17.090,-16.602,-8.301,0.000
1732204982.355,-37.598,-14.648,-20.020,-17.090,0.000
1732204982.359,-38.086,-15.137,-20.508,-30.762,0.000
1732204982.363,-40.527,-11.719,-20.020,-34.668,0.000
1732204982.367,-23.926,-10.742,-22.461,-31.738,0.000
1732204982.370,-18.555,-12.695,-19.531,-32.715,0.000
1732204982.374,-31.738,-16.113,-11.719,-27.344,0.000
1732204982.378,-37.598,-25.879,-16.602,-14.160,0.000
1732204982.382,-36.621,-27.344,-23.438,-4.395,0.000
1732204982.386,-39.062,-23.926,-22.949,-19.531,0.000
1732204982.390,-37.598,-24.414,-29.785,-39.551,0.000
1732204982.394,-22.461,-14.160,-22.949,-40.527,0.000
1732204982.398,-17.578,-5.859,-17.090,-41.016,0.000
1732204982.402,0.000,-8.301,-21.484,-46.387,0.000
1732204982.406,0.000,-13.672,-22.949,-43.457,0.000
1732204982.410,0.000,-21.484,-20.020,-34.180,0.000
1732204982.413,0.000,-19.043,-14.648,-28.809,0.000
1732204982.417,0.000,-11.230,-16.113,-29.785,0.000
1732204982.421,0.000,-14.648,-22.949,-34.180,0.000
1732204982.425,0.000,-16.113,-19.531,-21.484,0.000
1732204982.429,0.000,-12.695,-16.602,-23.438,0.000
1732204982.433,0.000,-12.207,-23.438,-41.504,0.000
1732204982.437,0.000,-15.625,-23.926,-36.133,0.000
1732204982.441,0.000,-24.902,-23.438,-36.621,0.000
1732204982.445,0.000,-22.461,-20.020,-35.645,0.000
1732204982.449,-49.805,-17.090,-22.949,-39.551,0.000
1732204982.453,-37.109,-23.438,-23.926,-37.598,0.000
1732204982.456,-36.621,-23.438,-15.137,-20.996,0.000
1732204982.460,-35.156,-16.602,-15.625,-15.137,0.000
1732204982.464,-35.645,-16.602,-16.113,-22.949,0.000
1732204982.468,-50.293,-24.414,-21.484,-54.199,0.000
1732204982.472,-62.500,-33.203,-34.668,-57.617,0.000
1732204982.476,-55.176,-23.438,-35.156,-47.852,0.000
1732204982.480,-36.621,-20.996,-25.879,-49.316,0.000
1732204982.484,-42.480,-29.297,-23.438,-24.414,0.000
1732204982.488,-53.223,-18.066,-31.738,-18.555,0.000
1732204982.492,-47.852,-14.160,-22.949,-27.344,0.000
1732204982.495,-45.898,-18.066,-15.137,-33.691,0.000
1732204982.499,-46.387,-11.719,-22.949,-42.480,0.000
1732204982.503,-41.016,-17.578,-22.949,-46.875,0.000
1732204982.507,-31.738,-23.926,-20.508,-36.133,0.000
1732204982.511,-39.062,-12.695,-17.578,-26.855,0.000
1732204982.515,-49.805,-11.719,-19.043,-28.320,0.000
1732204982.519,-52.246,-15.137,-20.996,-25.391,0.000
1732204982.523,-54.688,-9.766,-25.391,-51.758,0.000
1732204982.527,-41.992,-10.742,-34.180,-64.453,0.000
1732204982.531,-36.133,-15.137,-33.691,-49.805,0.000
1732204982.534,-48.340,-14.648,-35.645,-47.363,0.000
1732204982.538,-33.203,-11.230,-33.691,-36.133,0.000
1732204982.542,-39.062,-12.207,-31.250,-24.902,0.000
1732204982.546,-44.922,-15.625,-35.156,-41.504,0.000
1732204982.550,-32.227,-14.648,-24.414,-45.410,0.000
1732204982.554,-34.180,-16.602,-22.949,-36.621,0.000
1732204982.558,-32.715,-20.508,-38.574,-35.645,0.000
1732204982.562,-28.809,-10.742,-38.574,-41.992,0.000
1732204982.566,-35.645,0.977,-26.855,-47.363,0.000
1732204982.570,-35.156,0.977,-28.320,-47.852,0.000
1732204982.574,-37.109,-7.324,-35.645,-53.223,0.000
1732204982.577,-46.387,-9.277,-32.715,-43.457,0.000
1732204982.581,-38.574,-10.742,-25.391,-23.926,0.000
1732204982.585,-34.180,-7.812,-25.391,-33.203,0.000
1732204982.589,-36.621,-0.977,-21.484,-39.551,0.000
1732204982.593,-30.273,-4.395,-20.508,-37.598,0.000
1732204982.597,-34.668,-10.254,-23.438,-46.387,0.000
1732204982.601,-38.574,-10.742,-16.113,-48.340,0.000
1732204982.605,-42.480,-11.230,-15.625,-50.781,0.000
1732204982.609,-41.504,-14.648,-20.020,-43.457,0.000
1732204982.613,-35.156,-10.742,-14.160,-30.273,0.000
1732204982.617,-39.062,-15.625,-16.113,-26.367,0.000
1732204982.620,-37.109,-25.879,-20.508,-25.879,0.000
1732204982.624,-27.832,-30.762,-18.066,-12.207,0.000
1732204982.628,-44.434,-28.320,-15.625,-20.508,0.000
1732204982.632,-51.270,-12.207,-20.996,-47.363,0.000
1732204982.636,-36.133,-9.277,-25.879,-42.480,0.000
1732204982.640,-33.691,-16.113,-25.879,-30.273,0.000
1732204982.644,-38.574,-21.484,-22.949,-43.457,0.000
1732204982.648,-29.785,-19.043,-21.484,-45.410,0.000
1732204982.652,-27.344,-23.438,-21.484,-31.250,0.000
1732204982.656,-28.320,-26.855,-22.461,-35.156,0.000
1732204982.660,-27.832,-22.949,-32.227,-32.715,0.000
1732204982.663,-29.297,-22.461,-39.551,-25.391,0.000
1732204982.667,-24.902,-37.109,-32.227,-12.695,0.000
1732204982.671,-26.855,-36.133,-23.438,-13.184,0.000
1732204982.675,-42.969,-18.066,-26.855,-32.715,0.000
1732204982.679,-39.062,-17.090,-31.250,-37.109,0.000
1732204982.683,-25.879,-21.484,-33.691,-19.043,0.000
1732204982.687,-19.043,-22.949,-27.832,-8.301,0.000
1732204982.691,-16.113,-16.602,-14.648,-7.812,0.000
1732204982.695,-28.320,-21.484,-18.555,-14.648,0.000
1732204982.699,-35.156,-20.508,-31.250,-16.113,0.000
1732204982.703,-31.250,-20.020,-31.738,-18.066,0.000
1732204982.706,-28.809,-25.391,-30.762,-20.020,0.000
1732204982.710,-36.621,-23.926,-29.785,-2.930,0.000
1732204982.714,-39.062,-22.461,-20.020,2.441,0.000
1732204982.718,-22.461,-26.855,-17.578,-14.160,0.000
1732204982.722,-18.066,-24.902,-23.438,-32.227,0.000
1732204982.726,-34.180,-21.973,-26.855,-36.621,0.000
1732204982.730,-38.086,-21.973,-20.508,-37.598,0.000
1732204982.734,-41.016,-24.414,-19.043,-35.156,0.000
1732204982.738,-33.203,-24.902,-24.414,-18.555,0.000
1732204982.742,-24.414,-23.926,-20.996,-14.160,0.000
1732204982.745,-29.297,-22.949,-22.949,-28.320,0.000
1732204982.749,-32.715,-19.043,-22.461,-41.992,0.000
1732204982.753,-34.180,-21.973,-24.414,-43.945,0.000
1732204982.757,-28.809,-16.602,-24.414,-47.852,0.000
1732204982.761,-28.809,-12.207,-22.949,-41.992,0.000
1732204982.765,-34.668,-12.695,-22.461,-34.180,0.000
1732204982.769,-25.391,-17.090,-13.184,-29.297,0.000
1732204982.773,-18.066,-18.555,-14.648,-19.531,0.000
1732204982.777,-27.344,-18.066,-21.484,-23.926,0.000
1732204982.781,-34.668,-16.602,-17.578,-35.645,0.000
1732204982.785,-35.156,-18.066,-17.090,-48.828,0.000
1732204982.788,-29.297,-22.949,-25.879,-41.504,0.000
1732204982.792,-28.809,-18.555,-20.996,-30.273,0.000
1732204982.796,-35.645,-13.672,-12.207,-36.621,0.000
1732204982.800,-31.250,-16.113,-17.578,-30.762,0.000
1732204982.804,-30.273,-13.672,-15.137,-11.719,0.000
1732204982.808,-47.363,-17.578,-15.625,-9.766,0.000
1732204982.812,-52.246,-26.367,-18.066,-25.879,0.000
1732204982.816,-60.547,-20.020,-7.324,-35.645,0.000
1732204982.820,-60.059,-4.883,-7.812,-34.180,0.000
1732204982.824,-45.410,-16.113,-15.137,-34.180,0.000
1732204982.827,-40.527,-29.785,-15.625,-29.785,0.000
1732204982.831,-47.852,-22.949,-18.555,-32.227,0.000
1732204982.835,-45.898,-23.438,-16.113,-47.852,0.000
1732204982.839,-33.691,-22.461,-21.973,-54.199,0.000
1732204982.843,-30.273,-20.020,-33.691,-38.574,0.000
1732204982.847,-33.203,-23.926,-23.438,-32.227,0.000
1732204982.851,-35.645,-21.973,-25.879,-39.551,0.000
1732204982.855,-40.039,-19.531,-36.133,-43.457,0.000
1732204982.859,-40.039,-20.508,-23.926,-40.527,0.000
1732204982.863,-30.273,-17.578,-15.137,-32.715,0.000
1732204982.866,-41.016,-19.531,-25.879,-37.109,0.000
1732204982.870,-43.945,-25.391,-32.715,-28.320,0.000
1732204982.874,-40.039,-28.320,-21.973,-15.137,0.000
1732204982.878,-57.129,-22.461,-23.438,-16.113,0.000
1732204982.882,-54.688,-17.090,-33.203,-30.273,0.000
1732204982.886,-39.551,-20.508,-39.062,-52.734,0.000
1732204982.890,-42.969,-24.902,-43.457,-57.129,0.000
1732204982.894,-51.270,-20.020,-41.016,-58.594,0.000
1732204982.898,-50.293,-16.113,-38.574,-63.965,0.000
1732204982.902,-31.250,-16.113,-35.645,-59.082,0.000
1732204982.906,-21.484,-18.066,-23.926,-40.527,0.000
1732204982.909,-38.086,-17.090,-16.113,-28.809,0.000
1732204982.913,-45.898,-17.578,-25.879,-42.969,0.000
1732204982.917,-47.852,-24.902,-31.738,-54.688,0.000
1732204982.921,-44.434,-21.484,-35.645,-51.758,0.000
1732204982.925,-42.969,-14.160,-41.016,-46.875,0.000
1732204982.929,-43.945,-14.648,-34.668,-43.945,0.000
1732204982.933,-42.480,-13.184,-35.156,-49.316,0.000
1732204982.937,-38.086,-21.973,-42.480,-53.711,0.000
1732204982.941,-36.133,-23.438,-35.156,-32.715,0.000
1732204982.945,-34.668,-14.160,-22.949,-15.137,0.000
1732204982.949,-31.738,-15.625,-17.578,-9.277,0.000
1732204982.952,-21.484,-26.367,-31.738,-13.672,0.000
1732204982.956,-21.484,-25.879,-35.645,-26.855,0.000
1732204982.960,-31.738,-12.207,-26.855,-33.691,0.000
1732204982.964,-35.156,-16.113,-27.344,-43.457,0.000
1732204982.968,-26.367,-17.090,-26.855,-35.156,0.000
1732204982.972,-31.738,-12.207,-25.879,-32.227,0.000
1732204982.976,-51.758,-22.461,-28.320,-34.668,0.000
1732204982.980,-45.898,-28.320,-29.297,-32.227,0.000
1732204982.984,-41.504,-28.320,-23.438,-28.320,0.000
1732204982.988,-39.551,-29.297,-22.461,-16.602,0.000
1732204982.992,-33.203,-24.414,-28.320,-36.133,0.000
1732204982.995,-28.320,-19.531,-28.320,-56.641,0.000
1732204982.999,-24.414,-13.184,-31.738,-52.246,0.000
1732204983.003,-11.719,-8.789,-34.180,-46.875,0.000
1732204983.007,-19.531,-14.160,-24.902,-38.086,0.000
1732204983.011,-28.809,-24.902,-26.855,-37.598,0.000
1732204983.015,-13.672,-20.996,-26.855,-41.504,0.000
1732204983.019,-15.625,-21.973,-20.996,-40.039,0.000
1732204983.023,-23.926,-32.715,-22.949,-41.016,0.000
1732204983.027,-21.484,-21.484,-26.855,-28.320,0.000
1732204983.031,-21.973,-10.742,-36.133,-16.113,0.000
1732204983.034,-18.066,-7.324,-34.668,-19.531,0.000
1732204983.038,-11.230,-7.324,-17.578,-23.926,0.000
1732204983.042,-11.719,-11.719,-13.672,-42.480,0.000
1732204983.046,3.418,-3.418,-19.043,-54.199,0.000
1732204983.050,-2.930,-6.348,-20.508,-44.434,0.000
1732204983.054,-22.461,-20.020,-24.902,-45.898,0.000
1732204983.058,-33.691,-20.508,-26.855,-61.035,0.000
1732204983.062,-48.340,-9.277,-22.461,-67.383,0.000
1732204983.066,-42.480,-7.812,-20.020,-55.664,0.000
1732204983.070,-36.133,-10.254,-30.273,-48.828,0.000
1732204983.074,-41.992,-11.230,-32.227,-39.551,0.000
1732204983.077,-47.363,-15.625,-24.414,-45.410,0.000
1732204983.081,-39.551,-13.184,-21.973,-64.453,0.000
1732204983.085,-22.461,-4.395,-12.207,-54.199,0.000
1732204983.089,-22.461,-2.930,-14.648,-58.105,0.000
1732204983.093,-46.387,-8.789,-20.508,-90.332,0.000
1732204983.097,-66.895,-13.672,-14.160,-101.562,0.000
1732204983.101,-78.613,-9.277,-5.371,-107.422,0.000
1732204983.105,-95.215,-0.977,5.371,-111.328,0.000
1732204983.109,-85.938,-2.441,12.207,-92.285,0.000
1732204983.113,-101.074,-9.277,6.836,-95.215,0.000
1732204983.117,-143.555,-9.766,6.836,-123.535,0.000
1732204983.120,-153.320,-0.977,13.672,-146.484,0.000
1732204983.124,-170.898,6.836,13.184,-184.570,0.000
1732204983.128,-199.707,7.324,8.789,-212.891,0.000
1732204983.132,-203.125,12.695,14.160,-226.562,0.000
1732204983.136,-209.473,25.879,24.414,-242.188,0.000
1732204983.140,-205.566,36.133,27.344,-240.234,0.000
1732204983.144,-209.473,30.273,44.922,-234.375,0.000
1732204983.148,-241.699,24.902,53.223,-260.254,0.000
1732204983.152,-255.859,35.156,58.594,-278.320,0.000
1732204983.156,-267.578,31.250,70.801,-286.133,0.000
1732204983.159,-275.391,23.438,70.801,-295.410,0.000
1732204983.163,-274.902,46.387,64.941,-281.738,0.000
1732204983.167,-266.602,61.035,63.965,-270.996,0.000
1732204983.171,-250.488,56.641,61.035,-258.301,0.000
1732204983.175,-243.164,41.992,50.781,-237.793,0.000
1732204983.179,-234.375,30.273,39.551,-221.680,0.000
1732204983.183,-210.449,35.156,44.434,-216.309,0.000
1732204983.187,-187.988,27.344,42.480,-219.238,0.000
1732204983.191,-164.551,13.672,22.461,-200.684,0.000
1732204983.195,-134.277,13.184,14.648,-162.109,0.000
1732204983.199,-121.582,9.766,8.789,-144.531,0.000
1732204983.202,-104.492,-1.465,-7.324,-134.766,0.000
1732204983.206,-67.871,-3.906,-25.391,-102.051,0.000
1732204983.210,-60.547,-3.906,-36.621,-79.102,0.000
1732204983.214,-73.242,-10.742,-30.273,-70.312,0.000
1732204983.218,-44.434,-19.531,-33.203,-47.852,0.000
1732204983.222,-23.438,-30.762,-51.758,-16.602,0.000
1732204983.226,-10.742,-33.691,-53.711,-3.418,0.000
1732204983.230,15.137,-39.551,-54.688,5.371,0.000
1732204983.234,26.855,-48.340,-61.523,17.578,0.000
1732204983.238,25.879,-43.457,-61.035,11.230,0.000
1732204983.241,29.785,-46.387,-63.965,5.859,0.000
1732204983.245,43.457,-49.805,-71.777,27.832,0.000
1732204983.249,46.387,-52.246,-73.242,52.734,0.000
1732204983.253,40.039,-49.805,-72.266,62.012,0.000
1732204983.257,40.527,-47.363,-79.102,57.617,0.000
1732204983.261,45.898,-50.293,-80.078,43.945,0.000
1732204983.265,54.199,-48.828,-78.613,38.086,0.000
1732204983.269,53.711,-44.922,-73.242,50.781,0.000
1732204983.273,55.176,-40.527,-70.312,63.477,0.000
1732204983.277,66.406,-38.086,-66.406,69.824,0.000
1732204983.280,77.637,-35.156,-60.059,63.965,0.000
1732204983.284,84.961,-32.227,-62.500,65.918,0.000
1732204983.288,74.219,-34.180,-66.406,66.406,0.000
1732204983.292,62.012,-41.504,-63.477,51.758,0.000
1732204983.296,52.246,-45.898,-64.453,45.410,0.000
1732204983.300,57.617,-45.410,-68.359,57.617,0.000
1732204983.304,59.570,-43.457,-63.965,60.547,0.000
1732204983.308,40.527,-45.898,-59.570,62.012,0.000
1732204983.312,33.691,-43.945,-56.641,62.988,0.000
1732204983.316,29.785,-34.668,-55.176,57.129,0.000
1732204983.320,34.668,-33.691,-46.387,54.688,0.000
1732204983.323,31.738,-43.457,-48.340,55.664,0.000
1732204983.327,38.086,-41.016,-51.270,58.105,0.000
1732204983.331,40.527,-36.133,-51.270,58.594,0.000
1732204983.335,31.250,-35.645,-51.758,63.477,0.000
1732204983.339,31.738,-33.203,-41.504,66.406,0.000
1732204983.343,31.250,-31.738,-44.434,61.035,0.000
1732204983.347,30.273,-36.621,-47.852,60.547,0.000
1732204983.351,33.203,-42.480,-43.457,52.734,0.000
1732204983.355,29.297,-38.574,-39.551,44.434,0.000
1732204983.359,18.066,-36.133,-39.551,44.922,0.000
1732204983.363,17.578,-35.156,-41.016,45.898,0.000
1732204983.366,17.090,-38.574,-46.387,31.250,0.000
1732204983.370,15.625,-37.109,-44.922,16.602,0.000
1732204983.374,19.043,-29.297,-37.598,39.551,0.000
1732204983.378,22.461,-22.461,-36.621,49.316,0.000
1732204983.382,21.973,-24.902,-32.227,47.363,0.000
1732204983.386,0.000,-28.809,0.000,48.828,0.000
1732204983.390,0.000,-20.508,0.000,48.828,0.000
1732204983.394,0.000,-20.508,0.000,26.367,0.000
1732204983.398,0.000,-27.344,0.000,19.043,0.000
1732204983.402,0.000,-28.809,0.000,25.879,0.000
1732204983.406,0.000,-26.855,0.000,30.762,0.000
1732204983.409,0.000,-28.320,0.000,42.480,0.000
1732204983.413,0.000,-30.762,0.000,27.832,0.000
1732204983.417,0.000,-33.203,0.000,32.227,0.000
1732204983.421,0.000,-30.273,0.000,47.852,0.000
1732204983.425,0.000,-24.414,0.000,41.504,0.000
1732204983.429,0.000,-20.996,0.000,42.969,0.000
1732204983.433,-0.977,-21.973,-22.461,51.758,0.000
1732204983.437,-4.395,-20.508,-14.160,41.016,0.000
1732204983.441,-0.977,-23.438,-11.719,32.715,0.000
1732204983.445,-7.812,-28.320,-20.508,32.715,0.000
1732204983.449,-13.184,-21.973,-24.902,36.133,0.000
1732204983.452,-6.836,-20.996,-25.879,32.715,0.000
1732204983.456,-11.230,-24.902,-24.414,19.531,0.000
1732204983.460,-9.766,-18.066,-23.926,17.578,0.000
1732204983.464,-3.418,-15.137,-22.949,9.277,0.000
1732204983.468,-16.113,-25.391,-24.414,8.301,0.000
1732204983.472,-19.531,-32.715,-27.344,22.461,0.000
1732204983.476,-22.949,-21.484,-21.973,20.996,0.000
1732204983.480,-23.438,-10.254,-16.113,15.625,0.000
1732204983.484,-12.207,-14.648,-14.160,16.602,0.000
1732204983.488,-12.695,-21.973,-21.484,8.301,0.000
1732204983.491,-19.531,-26.367,-30.273,2.930,0.000
1732204983.495,-17.578,-19.043,-27.832,13.672,0.000
1732204983.499,-14.160,-9.766,-23.438,24.414,0.000
1732204983.503,0.000,-15.625,-20.996,23.438,0.000
1732204983.507,-0.488,-17.578,-15.137,12.695,0.000
1732204983.511,-28.320,-18.066,-19.531,0.977,0.000
1732204983.515,-30.762,-16.113,-28.809,-6.348,0.000
1732204983.519,-26.855,-12.695,-26.855,-9.766,0.000
1732204983.523,-26.367,-18.555,-24.902,-11.230,0.000
1732204983.527,-28.320,-18.066,-28.320,3.906,0.000
1732204983.531,-16.602,-17.578,-23.438,19.531,0.000
1732204983.534,-4.395,-12.695,-15.625,23.926,0.000
1732204983.538,-16.113,-13.672,-19.531,27.832,0.000
1732204983.542,-20.996,-23.438,-22.461,5.859,0.000
1732204983.546,-16.602,-19.043,-24.414,-24.414,0.000
1732204983.550,-20.508,-9.766,-23.926,-18.066,0.000
1732204983.554,-16.602,-12.695,-19.043,0.488,0.000
1732204983.558,-2.441,-12.695,-21.484,0.977,0.000
1732204983.562,-5.371,-12.695,-19.531,4.883,0.000
1732204983.566,-20.508,-20.508,-20.508,6.348,0.000
1732204983.570,-21.484,-14.648,-22.461,11.230,0.000
1732204983.574,-11.230,-20.996,-32.227,8.789,0.000
1732204983.577,-6.348,-27.832,-38.574,-0.977,0.000
1732204983.581,-8.301,-17.090,-29.785,6.836,0.000
1732204983.585,-6.348,-19.043,-26.855,6.836,0.000
1732204983.589,-2.441,-22.949,-26.367,1.953,0.000
1732204983.593,-10.742,-21.484,-25.391,12.695,0.000
1732204983.597,-16.602,-20.996,-21.973,23.438,0.000
1732204983.601,-5.371,-15.137,-26.855,12.207,0.000
1732204983.605,4.883,-16.602,-34.668,-0.977,0.000
1732204983.609,0.000,-17.578,-28.320,7.324,0.000
1732204983.613,-15.137,-13.184,-19.531,13.184,0.000
1732204983.616,-23.926,-12.207,-30.762,13.184,0.000
1732204983.620,-18.066,-15.137,-44.922,14.648,0.000
1732204983.624,-17.090,-15.625,-43.457,18.066,0.000
1732204983.628,-25.391,-21.973,-40.039,0.000,0.000
1732204983.632,-22.949,-20.996,-42.480,-21.973,0.000
1732204983.636,-14.160,-14.160,-41.504,-12.695,0.000
1732204983.640,-11.719,-19.043,-33.203,0.977,0.000
1732204983.644,-12.207,-20.020,-27.832,-5.859,0.000
1732204983.648,7.812,-17.578,-23.926,-12.207,0.000
1732204983.652,9.277,-22.461,-29.785,-12.207,0.000
1732204983.656,-11.719,-23.926,-35.156,-8.301,0.000
1732204983.659,-8.301,-15.625,-35.156,1.465,0.000
1732204983.663,12.207,-16.602,-39.551,18.066,0.000
1732204983.667,5.371,-24.414,-36.133,31.250,0.000
1732204983.671,-24.414,-21.484,-26.855,15.137,0.000
1732204983.675,-28.809,-24.902,-30.273,1.465,0.000
1732204983.679,-3.418,-29.785,-34.180,5.859,0.000
1732204983.683,-3.418,-22.949,-20.020,4.395,0.000
1732204983.687,-15.625,-29.785,-15.137,2.930,0.000
1732204983.691,-2.441,-37.109,-21.973,1.953,0.000
1732204983.695,0.000,-30.273,-23.438,5.371,0.000
1732204983.699,-10.742,-23.438,-25.879,2.441,0.000
1732204983.702,-4.883,-23.926,-27.832,6.348,0.000
1732204983.706,-5.371,-35.156,-35.645,5.859,0.000
1732204983.710,-18.066,-32.715,-40.039,-5.371,0.000
1732204983.714,-10.254,-21.484,-32.227,10.742,0.000
1732204983.718,0.488,-29.785,-39.062,10.742,0.000
1732204983.722,4.883,-35.156,-49.805,-2.930,0.000
1732204983.726,5.859,-23.926,-45.410,4.883,0.000
1732204983.730,-10.254,-26.855,-42.480,-11.230,0.000
1732204983.734,-21.484,-37.598,-45.410,-31.250,0.000
1732204983.738,-16.602,-29.785,-45.410,-25.879,0.000
1732204983.741,-26.855,-23.926,-41.992,-19.531,0.000
1732204983.745,-31.250,-27.344,-34.180,-17.090,0.000
1732204983.749,-28.320,-28.320,-39.062,-28.809,0.000
1732204983.753,-37.598,-26.855,-41.504,-33.691,0.000
1732204983.757,-37.598,-29.785,-32.715,-29.785,0.000
1732204983.761,-26.855,-28.809,-38.086,-26.367,0.000
1732204983.765,-19.531,-23.438,-40.039,-34.180,0.000
1732204983.769,-26.367,-19.531,-34.180,-40.527,0.000
1732204983.773,-31.250,-26.855,-40.039,-41.016,0.000
1732204983.777,-29.297,-28.809,-38.086,-43.945,0.000
1732204983.781,-29.785,-31.738,-38.086,-33.691,0.000
1732204983.784,-26.367,-28.320,-35.645,-25.391,0.000
1732204983.788,-16.602,-16.602,-35.156,-26.367,0.000
1732204983.792,-25.391,-13.672,-36.133,-30.762,0.000
1732204983.796,-34.180,-15.625,-31.250,-30.762,0.000
1732204983.800,-27.832,-18.555,-31.738,-22.461,0.000
1732204983.804,-30.273,-23.438,-30.762,-11.719,0.000
1732204983.808,-31.738,-20.996,-28.809,-1.953,0.000
1732204983.812,-31.738,-13.672,-29.785,-6.348,0.000
1732204983.816,-34.180,-17.578,-20.508,-21.973,0.000
1732204983.820,-20.508,-20.508,-17.090,-42.969,0.000
1732204983.824,-19.043,-12.207,-18.066,-43.945,0.000
1732204983.827,-32.227,-15.137,-23.926,-33.203,0.000
1732204983.831,-9.277,-18.555,-32.715,-38.086,0.000
1732204983.835,0.488,-14.648,-28.809,-25.391,0.000
1732204983.839,-15.625,-14.160,-25.879,-16.113,0.000
1732204983.843,-13.184,-16.602,-35.156,-28.320,0.000
1732204983.847,-9.766,-19.531,-37.598,-26.855,0.000
1732204983.851,-15.137,-17.578,-32.715,-23.926,0.000
1732204983.855,-17.090,-15.625,-32.227,-26.367,0.000
1732204983.859,-9.277,-16.113,-21.484,-19.531,0.000
1732204983.863,-1.465,-13.184,-11.230,-16.113,0.000
1732204983.866,-7.324,-8.789,-13.184,-19.531,0.000
1732204983.870,-9.277,-15.625,-22.461,-26.855,0.000
1732204983.874,4.395,-17.090,-23.438,-16.113,0.000
1732204983.878,-5.371,-19.043,-17.090,-10.254,0.000
1732204983.882,-15.137,-20.996,-22.949,-15.137,0.000
1732204983.886,-4.883,-18.066,-27.344,-20.508,0.000
1732204983.890,-10.254,-12.207,-30.273,-31.250,0.000
1732204983.894,-26.855,-18.555,-40.039,-31.738,0.000
1732204983.898,-29.297,-27.832,-35.156,-28.809,0.000
1732204983.902,-26.367,-24.902,-20.508,-23.438,0.000
1732204983.906,-23.438,-23.926,-21.484,-19.043,0.000
1732204983.909,-21.484,-25.879,-27.344,-15.137,0.000
1732204983.913,-11.719,-28.320,-29.785,-19.043,0.000
1732204983.917,-7.812,-25.879,-33.691,-20.996,0.000
1732204983.921,-29.297,-27.832,-37.109,-21.484,0.000
1732204983.925,-30.273,-20.996,-34.180,-20.996,0.000
1732204983.929,-19.531,-17.090,-32.715,-21.484,0.000
1732204983.933,-20.996,-24.414,-38.574,-24.902,0.000
1732204983.937,-17.578,-19.043,-33.691,-24.414,0.000
1732204983.941,-24.414,-19.531,-32.227,-40.039,0.000
1732204983.945,-21.973,-31.738,-34.180,-41.992,0.000
1732204983.949,-26.367,-29.785,-26.855,-33.691,0.000
1732204983.952,-25.879,-25.879,-35.156,-38.086,0.000
1732204983.956,-20.996,-28.809,-40.039,-20.020,0.000
1732204983.960,-36.133,-33.691,-40.527,-17.578,0.000
1732204983.964,-37.109,-32.715,-48.340,-32.715,0.000
1732204983.968,-21.484,-25.879,-47.363,-32.227,0.000
1732204983.972,-31.250,-26.367,-44.434,-34.668,0.000
1732204983.976,-33.691,-23.438,-42.480,-32.227,0.000
1732204983.980,-22.461,-24.902,-33.203,-23.926,0.000
1732204983.984,-19.531,-28.809,-27.344,-20.996,0.000
1732204983.988,-16.602,-32.715,-36.133,-22.461,0.000
1732204983.991,-30.273,-29.785,-49.805,-30.273,0.000
1732204983.995,-44.922,-23.438,-47.363,-20.508,0.000
1732204983.999,-52.246,-30.762,-46.387,-6.348,0.000
1732204984.003,-24.902,-30.762,-41.992,-8.789,0.000
1732204984.007,-25.391,-21.973,-37.109,-14.648,0.000
1732204984.011,-43.945,-10.254,-41.504,-19.531,0.000
1732204984.015,-37.598,-12.695,-41.992,-24.902,0.000
1732204984.019,-36.621,-32.715,-46.875,-23.926,0.000
1732204984.023,-33.203,-35.645,-43.945,-18.066,0.000
1732204984.027,-33.203,-28.809,-32.715,-12.695,0.000
1732204984.030,-37.598,-27.344,-34.668,-1.465,0.000
1732204984.034,-38.574,-27.344,-37.109,2.930,0.000
1732204984.038,-29.297,-27.344,-32.227,4.883,0.000
1732204984.042,-24.414,-29.297,-32.715,2.930,0.000
1732204984.046,-29.297,-21.973,-30.273,0.000,0.000
1732204984.050,-28.320,-28.809,-30.273,0.488,0.000
1732204984.054,-19.531,-37.598,-35.645,-3.418,0.000
1732204984.058,-25.879,-20.020,-35.156,-5.859,0.000
1732204984.062,-23.438,-17.090,-33.203,-9.277,0.000
1732204984.066,-18.066,-18.066,-25.879,0.000,0.000
1732204984.070,-18.066,-11.719,-24.902,4.395,0.000
1732204984.073,-5.859,-13.672,-33.691,14.648,0.000
1732204984.077,0.488,-10.742,-24.902,26.367,0.000
1732204984.081,-16.113,-14.160,-28.809,4.883,0.000
1732204984.085,-13.184,-10.254,-29.297,1.953,0.000
1732204984.089,-5.859,-13.672,-27.344,10.254,0.000
1732204984.093,-5.371,-24.414,-36.621,15.625,0.000
1732204984.097,-14.648,-17.578,-28.320,15.625,0.000
1732204984.101,-22.949,-20.996,-32.227,0.000,0.000
1732204984.105,-19.043,-25.879,-31.738,-0.488,0.000
1732204984.109,-21.484,-20.508,-23.926,-6.836,0.000
1732204984.113,-20.508,-20.508,-29.785,-5.371,0.000
1732204984.116,-15.625,-19.043,-33.203,13.184,0.000
1732204984.120,-3.906,-15.625,-28.809,6.348,0.000
1732204984.124,-13.672,-23.926,-31.738,-6.836,0.000
1732204984.128,-25.391,-19.043,-36.621,0.000,0.000
1732204984.132,-20.996,-16.113,-33.691,-4.883,0.000
1732204984.136,-35.645,-23.438,-43.945,-28.320,0.000
1732204984.140,-45.898,-28.320,-49.316,-30.273,0.000
1732204984.144,-40.039,-29.785,-38.574,-18.555,0.000
1732204984.148,-34.180,-25.391,-27.832,-6.348,0.000
1732204984.152,-37.109,-26.855,-31.738,-1.465,0.000
1732204984.156,-44.922,-26.855,-42.480,-6.836,0.000
1732204984.159,-41.992,-24.414,-40.039,-7.324,0.000
1732204984.163,-43.457,-27.832,-40.039,-13.184,0.000
1732204984.167,-44.922,-26.855,-39.062,-18.555,0.000
1732204984.171,-22.461,-20.996,-35.645,-9.766,0.000
1732204984.175,-15.137,-24.414,-38.574,-7.324,0.000
1732204984.179,-34.668,-30.762,-37.109,-1.953,0.000
1732204984.183,0.000,-26.367,-33.691,-11.230,0.000
1732204984.187,0.000,-28.320,-41.504,-17.578,0.000
1732204984.191,0.000,-29.297,-41.504,-8.789,0.000
1732204984.195,0.000,-22.461,-31.250,-4.883,0.000
1732204984.199,0.000,-26.367,-36.133,3.418,0.000
1732204984.202,0.000,-20.508,-33.691,3.906,0.000
1732204984.206,0.000,-15.625,-26.855,-7.812,0.000
1732204984.210,0.000,-21.484,-35.645,-12.695,0.000
1732204984.214,0.000,-24.902,-36.621,-8.789,0.000
1732204984.218,0.000,-22.461,-28.809,-9.766,0.000
1732204984.222,0.000,-19.043,-30.762,-9.766,0.000
1732204984.226,0.000,-22.461,-33.691,-7.324,0.000
1732204984.230,-35.645,-31.250,-34.668,-20.508,0.000
1732204984.234,-31.738,-34.180,-39.551,-32.715,0.000
1732204984.238,-22.461,-24.902,-41.016,-21.484,0.000
1732204984.241,-21.973,-17.578,-32.715,-11.230,0.000
1732204984.245,-24.414,-16.602,-28.809,-7.812,0.000
1732204984.249,-19.043,-20.020,-31.738,-9.277,0.000
1732204984.253,-13.672,-20.996,-33.203,-22.461,0.000
1732204984.257,-17.090,-27.344,-34.668,-21.973,0.000
1732204984.261,-32.715,-28.809,-36.133,-2.930,0.000
1732204984.265,-33.691,-12.695,-34.180,11.719,0.000
1732204984.269,-37.109,-16.602,-24.902,-0.488,0.000
1732204984.273,-32.227,-20.020,-24.414,-16.602,0.000
1732204984.277,-31.250,-15.137,-29.785,-20.508,0.000
1732204984.281,-31.738,-14.648,-25.879,-18.066,0.000
1732204984.284,-20.996,-13.184,-25.879,-19.531,0.000
1732204984.288,-19.531,-20.996,-27.832,-26.367,0.000
1732204984.292,-25.391,-27.344,-26.855,-22.949,0.000
1732204984.296,-31.250,-21.484,-24.414,-24.414,0.000
1732204984.300,-29.785,-20.508,-24.902,-25.879,0.000
1732204984.304,-27.344,-25.391,-32.227,-22.461,0.000
1732204984.308,-50.781,-30.273,-41.016,-37.109,0.000
1732204984.312,-49.805,-27.344,-42.480,-34.180,0.000
1732204984.316,-45.898,-27.344,-39.062,-21.973,0.000
1732204984.320,-51.270,-32.227,-37.598,-19.043,0.000
1732204984.323,-42.480,-31.738,-36.621,-26.367,0.000
1732204984.327,-39.551,-28.320,-33.691,-36.133,0.000
1732204984.331,-46.387,-25.879,-33.203,-36.621,0.000
1732204984.335,-42.480,-26.855,-23.926,-23.438,0.000
1732204984.339,-30.762,-21.973,-21.484,-3.418,0.000
1732204984.343,-33.691,-17.578,-34.668,-8.301,0.000
1732204984.347,-27.344,-26.367,-40.039,-10.742,0.000
1732204984.351,-32.715,-22.461,-31.250,-7.324,0.000
1732204984.355,-40.527,-22.461,-32.715,-19.043,0.000
1732204984.359,-32.227,-34.668,-34.180,-17.578,0.000
1732204984.362,-29.297,-23.438,-20.508,-10.742,0.000
1732204984.366,-39.062,-14.160,-23.926,-19.531,0.000
1732204984.370,0.000,-13.184,-34.180,-19.531,0.000
1732204984.374,0.000,-14.160,-27.832,-19.043,0.000
1732204984.378,0.000,-14.160,-21.484,-21.973,0.000
1732204984.382,0.000,-19.043,-19.531,-12.695,0.000
1732204984.386,0.000,-27.344,-25.879,-5.371,0.000
1732204984.390,0.000,-19.043,-29.297,-10.742,0.000
1732204984.394,0.000,-20.996,-37.109,-18.555,0.000
1732204984.398,0.000,-27.344,-42.480,-27.344,0.000
1732204984.402,0.000,-21.973,-36.621,-30.762,0.000
1732204984.405,0.000,-25.879,-39.062,-27.832,0.000
1732204984.409,0.000,-35.156,-44.434,-18.066,0.000
1732204984.413,0.000,-36.621,-36.133,-19.531,0.000
1732204984.417,-20.996,-31.738,-33.203,-20.020,0.000
1732204984.421,-28.320,-30.273,-37.109,-20.996,0.000
1732204984.425,-32.715,-31.738,-29.785,-29.297,0.000
1732204984.429,-33.203,-29.785,-31.738,-32.715,0.000
1732204984.433,-36.133,-22.461,-41.016,-23.438,0.000
1732204984.437,-28.320,-12.207,-45.898,-17.578,0.000
1732204984.441,-16.602,-15.625,-38.574,-17.578,0.000
1732204984.445,-1.465,-21.973,-36.133,-4.883,0.000
1732204984.448,-14.160,-26.855,-39.551,-4.883,0.000
1732204984.452,-31.250,-35.645,-43.945,-19.043,0.000
1732204984.456,-24.414,-27.832,-38.086,-18.066,0.000
1732204984.460,-23.438,-24.414,-34.180,-20.996,0.000
1732204984.464,-21.973,-23.926,-42.480,-29.297,0.000
1732204984.468,-16.602,-20.996,-41.016,-29.785,0.000
1732204984.472,-14.160,-29.297,-38.574,-36.621,0.000
1732204984.476,-17.578,-32.227,-43.457,-45.410,0.000
1732204984.480,-19.043,-28.320,-42.480,-43.457,0.000
1732204984.484,-26.855,-21.484,-40.527,-27.832,0.000
1732204984.488,-23.926,-19.531,-43.457,-17.090,0.000
1732204984.491,-18.066,-25.879,-42.969,-27.344,0.000
1732204984.495,-35.645,-28.809,-42.480,-19.531,0.000
1732204984.499,-41.016,-31.250,-42.969,-18.066,0.000
1732204984.503,-34.668,-31.250,-35.645,-39.062,0.000
1732204984.507,-18.066,-22.461,-33.691,-27.832,0.000
1732204984.511,-9.766,-23.438,-37.109,-26.367,0.000
1732204984.515,-13.184,-30.762,-36.621,-33.203,0.000
1732204984.519,-15.625,-27.832,-29.297,-28.809,0.000
1732204984.523,-24.902,-22.949,-23.926,-27.344,0.000
1732204984.527,-22.949,-22.461,-28.320,-23.926,0.000
1732204984.531,-25.391,-28.320,-31.738,-26.367,0.000
1732204984.534,-25.879,-29.785,-30.273,-22.461,0.000
1732204984.538,-18.555,-23.438,-31.738,-27.832,0.000
1732204984.542,-37.598,-25.879,-39.062,-50.781,0.000
1732204984.546,-50.781,-36.621,-43.457,-55.176,0.000
1732204984.550,-49.805,-41.504,-43.457,-51.758,0.000
1732204984.554,-46.387,-42.969,-41.016,-52.246,0.000
1732204984.558,-44.922,-41.992,-44.434,-54.688,0.000
1732204984.562,-42.480,-27.344,-41.016,-49.805,0.000
1732204984.566,-36.133,-20.996,-41.504,-41.992,0.000
1732204984.570,-42.480,-27.832,-45.410,-44.434,0.000
1732204984.573,-47.363,-29.297,-41.504,-45.898,0.000
1732204984.577,-46.875,-29.785,-40.039,-38.086,0.000
1732204984.581,-46.875,-24.902,-39.062,-38.086,0.000
1732204984.585,-41.016,-29.297,-37.598,-36.621,0.000
1732204984.589,-41.992,-28.809,-33.203,-29.785,0.000
1732204984.593,-41.504,-20.508,-41.992,-43.457,0.000
1732204984.597,-23.926,-23.926,-40.527,-37.598,0.000
1732204984.601,-17.090,-25.879,-34.668,-17.090,0.000
1732204984.605,-29.785,-28.320,0.000,-34.668,0.000
1732204984.609,-31.250,-27.832,0.000,-58.594,0.000
1732204984.613,-39.062,-27.832,0.000,-44.922,0.000
1732204984.616,-47.363,-29.785,0.000,-34.180,0.000
1732204984.620,-37.109,-30.762,0.000,-28.320,0.000
1732204984.624,-32.227,-31.738,0.000,-11.719,0.000
1732204984.628,-18.066,-29.785,0.000,-20.996,0.000
1732204984.632,-9.766,-25.391,0.000,-50.293,0.000
1732204984.636,-33.691,-23.926,0.000,-71.777,0.000
1732204984.640,-52.246,-27.344,0.000,-70.801,0.000
1732204984.644,-46.387,-26.855,0.000,-55.664,0.000
1732204984.648,-36.621,-20.996,0.000,-52.246,0.000
1732204984.652,-37.109,-19.043,-29.785,-58.105,0.000
1732204984.656,-39.551,-28.320,-25.391,-59.082,0.000
1732204984.659,-35.156,-34.668,-27.832,-58.105,0.000
1732204984.663,-33.203,-27.832,-32.715,-61.035,0.000
1732204984.667,-28.809,-27.344,-32.227,-53.223,0.000
1732204984.671,-33.203,-25.391,-32.715,-49.805,0.000
1732204984.675,-35.156,-23.926,-37.109,-38.574,0.000
1732204984.679,-22.949,-28.320,-42.480,-25.391,0.000
1732204984.683,-19.043,-30.273,-37.109,-26.367,0.000
1732204984.687,-21.973,-25.879,-36.133,-9.277,0.000
1732204984.691,-27.832,-23.926,-41.992,-11.230,0.000
1732204984.695,-30.762,-23.438,-39.062,-54.688,0.000
1732204984.698,-31.738,-21.973,-33.691,-82.520,0.000
1732204984.702,-30.273,-19.531,-28.320,-64.941,0.000
1732204984.706,-28.809,-20.020,-36.133,-49.805,0.000
1732204984.710,-20.996,-20.996,-29.785,-48.828,0.000
1732204984.714,-15.137,-20.020,-20.996,-42.969,0.000
1732204984.718,-26.367,-20.020,-26.855,-47.852,0.000
1732204984.722,-29.297,-28.320,-30.273,-40.039,0.000
1732204984.726,-29.785,-32.715,-39.062,-40.039,0.000
1732204984.730,-40.527,-29.297,-43.457,-49.805,0.000
1732204984.734,-26.367,-24.414,-32.227,-46.387,0.000
1732204984.737,-18.066,-24.414,-31.738,-48.828,0.000
1732204984.741,-34.668,-31.250,-37.598,-53.711,0.000
1732204984.745,-35.156,-27.344,-33.691,-52.246,0.000
1732204984.749,-47.363,-23.438,-44.922,-50.293,0.000
1732204984.753,-47.852,-24.414,-50.293,-52.734,0.000
1732204984.757,-34.180,-26.367,-33.203,-52.734,0.000
1732204984.761,-38.574,-29.297,-38.574,-57.129,0.000
1732204984.765,-50.293,-37.109,-43.457,-56.152,0.000
1732204984.769,-51.758,-33.691,-37.598,-42.969,0.000
1732204984.773,-36.133,-23.438,-34.668,-28.809,0.000
1732204984.777,-34.668,-24.902,-34.180,-29.785,0.000
1732204984.780,-37.109,-25.879,-38.574,-38.086,0.000
1732204984.784,-31.250,-24.902,-35.645,-43.945,0.000
1732204984.788,-34.180,-26.367,-32.715,-49.316,0.000
1732204984.792,-41.016,-27.832,-32.715,-59.082,0.000
1732204984.796,-39.062,-34.180,-28.809,-60.547,0.000
1732204984.800,-32.715,-34.668,-27.832,-39.062,0.000
1732204984.804,-30.273,-25.879,-33.203,-23.926,0.000
1732204984.808,-26.367,-26.855,-22.949,-17.578,0.000
1732204984.812,-38.574,-34.180,-30.762,-29.785,0.000
1732204984.816,-41.016,-29.297,-42.969,-46.387,0.000
1732204984.820,-34.668,-23.926,-36.133,-57.617,0.000
1732204984.823,-33.203,-30.762,-35.645,-64.453,0.000
1732204984.827,-31.738,-36.133,-36.621,-64.941,0.000
1732204984.831,-20.996,-31.250,-41.016,-58.594,0.000
1732204984.835,-21.973,-23.438,-38.086,-52.246,0.000
1732204984.839,-17.578,-20.020,-28.320,-49.316,0.000
1732204984.843,-16.602,-23.438,-37.598,-41.504,0.000
1732204984.847,-34.668,-24.902,-39.551,-24.414,0.000
1732204984.851,-36.133,-20.508,-28.320,-17.090,0.000
1732204984.855,-33.203,-16.602,-27.344,-8.789,0.000
1732204984.859,-41.504,-31.738,-39.062,-9.766,0.000
1732204984.862,-41.992,-37.109,-41.016,-26.367,0.000
1732204984.866,-36.621,-19.043,-29.785,-32.715,0.000
1732204984.870,-43.945,-24.414,-34.180,-53.223,0.000
1732204984.874,-35.645,-28.320,-40.039,-59.570,0.000
1732204984.878,-36.621,-15.625,-39.551,-53.711,0.000
1732204984.882,-43.945,-18.066,-37.598,-55.664,0.000
1732204984.886,-43.457,-23.926,-31.738,-51.270,0.000
1732204984.890,-36.133,-26.855,-37.109,-48.828,0.000
1732204984.894,-30.273,-34.668,-34.180,-48.828,0.000
1732204984.898,-32.227,-32.227,-30.273,-55.176,0.000
1732204984.902,-29.785,-28.809,-33.691,-44.922,0.000
1732204984.905,-29.297,-30.273,-27.344,-38.574,0.000
1732204984.909,-40.039,-26.855,-28.320,-43.457,0.000
1732204984.913,-48.828,-31.250,-33.691,-39.062,0.000
1732204984.917,-39.062,-29.785,-29.297,-29.785,0.000
1732204984.921,-33.691,-24.414,-33.691,-44.434,0.000
1732204984.925,-42.480,-30.273,-41.016,-59.082,0.000
1732204984.929,-37.598,-26.367,-32.715,-68.359,0.000
1732204984.933,-38.574,-23.438,-27.832,-81.055,0.000
1732204984.937,-42.480,-14.160,-30.762,-64.941,0.000
1732204984.941,-44.922,-10.254,-31.250,-45.898,0.000
1732204984.945,-52.734,-22.461,-39.551,-48.828,0.000
1732204984.948,-51.270,-19.043,-44.922,-47.363,0.000
1732204984.952,-46.875,-20.508,-36.133,-55.664,0.000
1732204984.956,-41.992,-32.227,-25.391,-56.641,0.000
1732204984.960,-39.551,-36.621,-23.926,-39.551,0.000
1732204984.964,-35.156,-36.133,-31.250,-36.621,0.000
1732204984.968,-25.391,-31.738,-30.762,-33.691,0.000
1732204984.972,-17.090,-28.320,-30.273,-29.297,0.000
1732204984.976,-20.996,-19.043,-30.762,-30.762,0.000
1732204984.980,-26.855,-16.113,-23.926,-31.250,0.000
1732204984.984,-30.273,-27.344,-27.832,-36.621,0.000
1732204984.988,-27.832,-23.438,-34.668,-45.410,0.000
1732204984.991,-32.227,-16.602,-37.109,-48.828,0.000
1732204984.995,-35.645,-21.973,-42.480,-38.574,0.000
1732204984.999,-24.414,-20.996,-30.762,-20.508,0.000
1732204985.003,-21.484,-20.508,-28.320,-28.320,0.000
1732204985.007,-28.320,-32.715,-39.551,-41.504,0.000
1732204985.011,-22.461,-29.785,-34.180,-37.598,0.000
1732204985.015,-11.719,-22.461,-16.113,-25.391,0.000
1732204985.019,-30.273,-20.508,-20.996,-24.902,0.000
1732204985.023,-37.598,-23.926,-28.809,-19.043,0.000
1732204985.027,-37.109,-28.809,-28.320,-8.789,0.000
1732204985.030,-24.414,-22.461,-29.785,-18.066,0.000
1732204985.034,-18.555,-21.973,-27.344,-26.367,0.000
1732204985.038,-25.391,-20.996,-29.297,-30.273,0.000
1732204985.042,-19.043,-10.742,-37.598,-35.645,0.000
1732204985.046,-23.926,-9.277,-28.320,-43.457,0.000
1732204985.050,-35.156,-15.625,-18.555,-43.945,0.000
1732204985.054,-36.133,-18.555,-24.414,-41.504,0.000
1732204985.058,-18.555,-19.531,-27.832,-43.457,0.000
1732204985.062,-19.531,-14.160,-22.461,-41.016,0.000
1732204985.066,-43.945,-16.602,-21.484,-40.039,0.000
1732204985.069,-39.062,-27.832,-28.809,-38.574,0.000
1732204985.073,-29.297,-27.344,-37.109,-36.621,0.000
1732204985.077,-24.902,-20.996,-38.574,-41.992,0.000
1732204985.081,-12.207,-20.508,-36.621,-44.434,0.000
1732204985.085,-12.207,-26.367,-36.621,-32.227,0.000
1732204985.089,-27.344,-24.414,-36.133,-27.832,0.000
1732204985.093,-32.227,-26.855,-39.551,-42.480,0.000
1732204985.097,-19.531,-31.738,-37.598,-41.992,0.000
1732204985.101,-23.438,-26.855,-25.879,-21.484,0.000
1732204985.105,-29.785,-19.043,-20.996,-14.160,0.000
1732204985.109,-20.996,-16.602,-24.414,-13.184,0.000
1732204985.112,-18.555,-18.066,-24.414,-18.066,0.000
1732204985.116,-24.902,-18.066,-17.090,-33.203,0.000
1732204985.120,-32.227,-19.531,-23.926,-44.434,0.000
1732204985.124,-32.715,-31.738,-35.645,-43.945,0.000
1732204985.128,-33.691,-31.250,-33.691,-42.480,0.000
1732204985.132,-41.016,-16.602,-38.086,-42.969,0.000
1732204985.136,-41.504,-18.066,-35.156,-50.781,0.000
1732204985.140,-44.434,-25.391,-29.785,-53.223,0.000
1732204985.144,-28.320,-23.438,-26.855,-50.781,0.000
1732204985.148,-29.785,-24.414,-25.391,-46.875,0.000
1732204985.152,-63.965,-28.320,-29.297,-37.109,0.000
1732204985.155,-54.199,-28.809,-30.762,-37.109,0.000
1732204985.159,-33.691,-28.320,-25.391,-30.762,0.000
1732204985.163,-44.434,-24.902,-30.273,-35.156,0.000
1732204985.167,-49.805,-24.902,-36.133,-52.246,0.000
1732204985.171,-40.039,-25.391,-26.855,-50.781,0.000
1732204985.175,-34.668,-25.391,-27.832,-47.363,0.000
1732204985.179,-29.785,-31.738,-23.438,-46.387,0.000
1732204985.183,-36.133,-26.855,-22.949,-30.273,0.000
1732204985.187,-51.758,-21.973,-26.367,-22.949,0.000
1732204985.191,-44.434,-20.508,-24.902,-30.762,0.000
1732204985.195,-32.227,-22.461,-33.203,-42.969,0.000
1732204985.198,-41.504,-24.414,-40.039,-56.641,0.000
1732204985.202,-37.598,-20.508,-37.598,-59.082,0.000
1732204985.206,-25.391,-20.996,-35.645,-63.965,0.000
1732204985.210,-24.902,-22.949,-34.668,-56.641,0.000
1732204985.214,-30.762,-23.926,-33.691,-39.062,0.000
1732204985.218,-33.691,-28.809,-29.297,-31.250,0.000
1732204985.222,-44.434,-29.785,-22.461,-32.715,0.000
1732204985.226,-44.434,-24.414,-21.973,-32.227,0.000
1732204985.230,-39.062,-23.438,-21.973,-26.855,0.000
1732204985.234,-29.297,-22.949,-26.367,-21.973,0.000
1732204985.237,-20.020,-27.832,-34.180,-24.414,0.000
1732204985.241,-30.762,-28.809,-31.738,-45.898,0.000
1732204985.245,-33.203,-24.414,-26.855,-57.129,0.000
1732204985.249,-29.297,-28.809,-30.273,-41.992,0.000
1732204985.253,-28.320,-17.578,-23.926,-48.340,0.000
1732204985.257,-22.949,-8.301,-18.555,-61.035,0.000
1732204985.261,0.000,-12.695,-24.902,-41.992,0.000
1732204985.265,0.000,-9.277,-20.020,-34.668,0.000
1732204985.269,0.000,-6.348,-17.090,-40.039,0.000
1732204985.273,0.000,-15.137,-24.414,-45.898,0.000
1732204985.277,0.000,-19.531,-28.809,-49.316,0.000
1732204985.280,0.000,-20.996,-30.762,-32.227,0.000
1732204985.284,0.000,-17.578,-30.762,-25.391,0.000
1732204985.288,0.000,-12.695,-24.902,-31.250,0.000
1732204985.292,0.000,-12.207,-21.973,-19.043,0.000
1732204985.296,0.000,-13.184,-16.602,-17.578,0.000
1732204985.300,0.000,-16.602,-15.625,-34.180,0.000
1732204985.304,0.000,-18.555,-16.113,-35.645,0.000
1732204985.308,-18.555,-14.648,-21.484,-32.715,0.000
1732204985.312,-33.203,-15.137,-29.297,-25.879,0.000
1732204985.316,-27.832,-21.973,-22.949,-10.254,0.000
1732204985.320,-25.391,-21.484,-20.020,3.418,0.000
1732204985.323,-28.809,-16.113,-22.461,14.648,0.000
1732204985.327,-21.484,-17.090,-13.184,11.230,0.000
1732204985.331,-12.207,-18.555,-12.695,-4.395,0.000
1732204985.335,-30.762,-22.949,-22.949,-20.020,0.000
1732204985.339,-38.574,-26.367,-24.902,-30.762,0.000
1732204985.343,-39.062,-21.484,-25.391,-32.715,0.000
1732204985.347,-31.738,-17.090,-26.367,-12.695,0.000
1732204985.351,-26.367,-23.438,-21.484,-3.418,0.000
1732204985.355,0.000,-21.484,-24.414,-5.859,0.000
1732204985.359,0.000,-20.020,-22.949,0.000,0.000
1732204985.363,0.000,-28.320,-32.715,3.906,0.000
1732204985.366,0.000,-20.508,-33.203,-3.418,0.000
1732204985.370,0.000,-13.672,-22.949,-18.066,0.000
1732204985.374,0.000,-14.648,-15.625,-24.414,0.000
1732204985.378,0.000,-16.113,-19.531,-19.043,0.000
1732204985.382,0.000,-13.184,-29.297,-7.324,0.000
1732204985.386,0.000,-9.766,-30.762,-6.348,0.000
1732204985.390,0.000,-13.184,-31.250,-19.043,0.000
1732204985.394,0.000,-15.137,-24.414,-20.020,0.000
1732204985.398,0.000,-16.602,-26.367,-16.602,0.000
1732204985.402,-30.273,-25.391,-38.086,-13.184,0.000
1732204985.405,-34.668,-30.762,-33.691,5.371,0.000
1732204985.409,-29.297,-20.996,-20.508,21.484,0.000
1732204985.413,-35.645,-12.695,-14.160,10.254,0.000
1732204985.417,-28.809,-17.578,-21.973,-3.906,0.000
1732204985.421,-30.762,-21.484,-23.438,10.742,0.000
1732204985.425,-43.945,-15.137,-17.090,24.902,0.000
1732204985.429,-32.715,-10.742,-21.973,31.738,0.000
1732204985.433,-31.738,-15.137,-23.926,27.344,0.000
1732204985.437,-35.156,-19.531,-25.391,-14.648,0.000
1732204985.441,-25.391,-20.020,-25.391,-37.109,0.000
1732204985.444,-27.832,-20.996,-24.902,-17.090,0.000
1732204985.448,-43.945,-26.367,-27.832,-15.625,0.000
1732204985.452,-42.969,-30.762,-25.391,-18.555,0.000
1732204985.456,-37.598,-24.902,-24.414,-10.742,0.000
1732204985.460,-55.176,-25.391,-24.414,-4.395,0.000
1732204985.464,-62.988,-22.949,-23.438,-10.254,0.000
1732204985.468,-41.992,-20.508,-25.879,-14.648,0.000
1732204985.472,-23.926,-19.531,-29.297,3.418,0.000
1732204985.476,-23.926,-15.137,-34.668,9.766,0.000
1732204985.480,-20.996,-13.672,-27.344,9.766,0.000
1732204985.484,-20.508,-18.066,-19.043,14.160,0.000
1732204985.487,-19.531,-12.207,-17.090,12.207,0.000
1732204985.491,-14.648,-9.766,-20.020,3.418,0.000
1732204985.495,-28.320,-19.531,-23.438,1.465,0.000
1732204985.499,-22.949,-13.672,-16.602,19.531,0.000
1732204985.503,-22.949,-16.113,-20.020,21.973,0.000
1732204985.507,-24.902,-12.695,-28.809,12.695,0.000
1732204985.511,-18.555,-3.906,-25.391,15.137,0.000
1732204985.515,-22.949,-11.719,-31.738,-3.418,0.000
1732204985.519,-20.020,-20.996,-38.086,-17.090,0.000
1732204985.523,-12.207,-20.508,-34.668,-3.906,0.000
1732204985.526,-15.625,-20.996,-28.320,-6.836,0.000
1732204985.530,-22.949,-16.602,-25.391,-20.996,0.000
1732204985.534,-29.297,-15.137,-28.809,-16.602,0.000
1732204985.538,-39.551,-22.949,-26.367,-7.812,0.000
1732204985.542,-36.133,-26.367,-24.902,-3.418,0.000
1732204985.546,-42.969,-23.438,-29.297,4.883,0.000
1732204985.550,-51.270,-19.043,-27.832,-0.488,0.000
1732204985.554,-35.645,-20.508,-24.902,-9.277,0.000
1732204985.558,-32.715,-20.020,-23.926,-8.789,0.000
1732204985.562,-35.156,-25.391,-20.996,-14.648,0.000
1732204985.566,-38.574,-25.879,-14.160,-16.602,0.000
1732204985.569,-32.715,-25.879,-13.672,-10.742,0.000
1732204985.573,-31.250,-22.461,-23.926,-14.648,0.000
1732204985.577,-46.387,-24.414,-34.668,-27.344,0.000
1732204985.581,-53.223,-32.227,-38.086,-28.809,0.000
1732204985.585,-43.945,-29.785,-36.621,-22.949,0.000
1732204985.589,-48.340,-22.461,-28.320,-20.020,0.000
1732204985.593,-49.316,-22.461,-16.602,-18.066,0.000
1732204985.597,-34.180,-26.855,-17.578,-7.324,0.000
1732204985.601,-30.762,-24.902,-19.531,-2.930,0.000
1732204985.605,-34.668,-19.531,-24.414,-10.254,0.000
1732204985.609,-33.203,-16.113,-18.555,-17.578,0.000
1732204985.612,-28.320,-20.020,-15.625,-24.414,0.000
1732204985.616,-21.484,-17.090,-17.578,-8.789,0.000
1732204985.620,-17.578,-10.742,-10.742,-0.488,0.000
1732204985.624,-14.648,-15.137,-21.973,-12.207,0.000
1732204985.628,-20.508,-22.461,-25.879,-20.996,0.000
1732204985.632,-37.598,-19.531,-18.555,-26.367,0.000
1732204985.636,0.000,-17.578,-17.578,-30.762,0.000
1732204985.640,0.000,-20.020,-24.414,-36.133,0.000
1732204985.644,0.000,-19.043,-22.461,-30.273,0.000
1732204985.648,0.000,-21.973,-17.090,-18.555,0.000
1732204985.652,0.000,-21.973,-24.902,-26.855,0.000
1732204985.655,0.000,-20.508,-32.227,-41.016,0.000
1732204985.659,0.000,-19.043,-27.344,-42.480,0.000
1732204985.663,0.000,-11.230,-21.484,-30.762,0.000
1732204985.667,0.000,-4.883,-23.926,-23.926,0.000
1732204985.671,0.000,-2.441,-26.367,-35.156,0.000
1732204985.675,0.000,-7.324,-33.691,-49.805,0.000
1732204985.679,0.000,-11.230,-29.297,-65.430,0.000
1732204985.683,-37.598,-6.348,-19.531,-73.242,0.000
1732204985.687,-32.715,-8.301,-20.020,-60.547,0.000
1732204985.691,-32.715,-7.324,-19.043,-42.969,0.000
1732204985.694,-30.273,-12.207,-22.461,-52.734,0.000
1732204985.698,-25.879,-18.066,-33.203,-63.965,0.000
1732204985.702,-31.250,-20.996,-33.691,-60.059,0.000
1732204985.706,-43.945,-14.160,-21.484,-58.594,0.000
1732204985.710,-34.668,-8.789,-19.531,-51.758,0.000
1732204985.714,-31.250,-14.648,-27.344,-51.758,0.000
1732204985.718,-46.387,-10.254,-18.555,-37.598,0.000
1732204985.722,-51.758,-8.789,-14.648,-34.668,0.000
1732204985.726,-53.711,-16.113,-16.602,-41.992,0.000
1732204985.730,-21.973,-30.762,-20.508,-24.414,0.000
1732204985.734,-30.762,-20.508,-21.973,-23.926,0.000
1732204985.737,-25.391,-3.906,-23.438,-41.992,0.000
1732204985.741,-37.598,-15.137,-32.227,-55.664,0.000
1732204985.745,-38.574,-19.531,-27.832,-40.039,0.000
1732204985.749,-28.320,-19.531,-25.879,-17.578,0.000
1732204985.753,-23.438,-18.066,-27.344,-25.391,0.000
1732204985.757,-31.250,-13.184,-13.184,-42.480,0.000
1732204985.761,-55.664,-24.902,-20.020,-65.430,0.000
1732204985.765,-55.176,-29.785,-28.809,-74.219,0.000
1732204985.769,-51.758,-20.508,-21.973,-55.664,0.000
1732204985.773,-52.246,-14.648,-26.367,-42.480,0.000
1732204985.777,-49.805,-22.949,-27.344,-36.621,0.000
1732204985.780,-48.828,-20.996,-27.344,-25.879,0.000
1732204985.784,-47.852,-17.090,-26.855,-15.137,0.000
1732204985.788,-50.781,-24.902,-17.578,-20.508,0.000
1732204985.792,-53.223,-30.762,-10.742,-38.086,0.000
1732204985.796,-50.293,-25.879,-15.137,-47.363,0.000
1732204985.800,-51.270,-20.020,-23.438,-47.363,0.000
1732204985.804,-53.223,-19.043,-22.949,-40.039,0.000
1732204985.808,-29.785,-16.602,-19.043,-23.926,0.000
1732204985.812,-20.996,-20.508,-21.484,-13.672,0.000
1732204985.816,-36.621,-21.484,-23.438,-1.465,0.000
1732204985.819,-35.645,-15.625,-21.973,4.395,0.000
1732204985.823,0.000,-17.090,-13.672,-5.859,0.000
1732204985.827,0.000,-21.484,-15.625,-40.039,0.000
1732204985.831,0.000,-22.949,-21.484,-59.570,0.000
1732204985.835,0.000,-20.020,-21.973,-46.387,0.000
1732204985.839,0.000,-26.855,-24.414,-31.738,0.000
1732204985.843,0.000,-26.855,-21.973,-15.625,0.000
1732204985.847,0.000,-17.090,-22.461,-4.883,0.000
1732204985.851,0.000,-15.625,-25.391,-18.066,0.000
1732204985.855,0.000,-11.719,-29.297,-22.461,0.000
1732204985.858,0.000,-14.160,-29.785,-23.438,0.000
1732204985.862,0.000,-17.090,-19.531,-30.762,0.000
1732204985.866,0.000,-16.602,-17.090,-31.738,0.000
1732204985.870,-46.387,-22.461,-22.949,-34.180,0.000
1732204985.874,-41.992,-21.973,-23.926,-31.250,0.000
1732204985.878,-34.668,-19.531,-22.461,-28.809,0.000
1732204985.882,-38.574,-19.043,-22.461,-39.062,0.000
1732204985.886,-35.645,-21.973,-20.020,-33.203,0.000
1732204985.890,-35.645,-27.344,-21.484,-27.344,0.000
1732204985.894,-32.715,-25.391,-21.484,-37.109,0.000
1732204985.898,-27.832,-19.531,-25.391,-29.297,0.000
1732204985.901,-48.828,-25.879,-23.926,-9.766,0.000
1732204985.905,-54.688,-24.414,-22.461,-10.254,0.000
1732204985.909,-40.527,-13.184,-20.508,-33.203,0.000
1732204985.913,-33.691,-16.113,-12.207,-59.570,0.000
1732204985.917,-28.320,-13.672,-10.254,-55.176,0.000
1732204985.921,-41.992,-15.137,-14.160,-55.176,0.000
1732204985.925,-44.922,-16.602,-13.672,-44.922,0.000
1732204985.929,-39.551,-12.695,-13.184,-31.250,0.000
1732204985.933,-43.457,-16.113,-10.742,-36.133,0.000
1732204985.937,-37.598,-18.066,-8.301,-34.668,0.000
1732204985.941,-27.344,-12.695,-8.789,-39.062,0.000
1732204985.944,-23.926,-9.766,-19.043,-51.758,0.000
1732204985.948,-34.668,-11.719,-30.273,-56.641,0.000
1732204985.952,-40.039,-15.625,-26.855,-45.410,0.000
1732204985.956,-41.016,-17.090,-20.020,-42.480,0.000
1732204985.960,-41.016,-10.254,-17.090,-44.434,0.000
1732204985.964,-36.621,-7.812,-14.648,-38.086,0.000
1732204985.968,-31.250,-8.789,-12.207,-38.086,0.000
1732204985.972,-36.621,-2.441,-20.996,-42.969,0.000
1732204985.976,-41.016,-2.441,-20.020,-44.434,0.000
1732204985.980,-32.227,-14.648,-10.742,-34.180,0.000
1732204985.984,-38.086,-21.484,-24.902,-30.273,0.000
1732204985.987,-32.227,-14.160,-28.809,-60.059,0.000
1732204985.991,-21.973,-3.906,-8.301,-64.941,0.000
1732204985.995,-32.227,-10.254,-9.277,-48.828,0.000
1732204985.999,-30.273,-20.020,-27.832,-56.641,0.000
1732204986.003,-39.062,-18.555,-26.855,-60.059,0.000
1732204986.007,-48.340,-20.996,-17.090,-62.012,0.000
1732204986.011,-37.598,-17.090,-24.414,-60.059,0.000
1732204986.015,-37.109,-14.160,-20.508,-54.199,0.000
1732204986.019,-35.156,-13.184,-20.508,-51.758,0.000
1732204986.023,-37.109,-17.090,-26.367,-53.711,0.000
1732204986.026,-43.457,-17.090,-29.297,-60.059,0.000
1732204986.030,-36.621,-15.137,-25.879,-56.152,0.000
1732204986.034,-22.461,-20.020,-19.043,-51.758,0.000
1732204986.038,-32.227,-21.973,-19.043,-45.410,0.000
1732204986.042,-43.457,-17.090,-19.531,-30.273,0.000
1732204986.046,-36.621,-18.555,-23.926,-30.762,0.000
1732204986.050,-35.156,-20.020,-22.949,-34.668,0.000
1732204986.054,-41.992,-20.020,-23.926,-40.039,0.000
1732204986.058,-45.410,-20.996,-26.367,-52.246,0.000
1732204986.062,-34.668,-22.461,-20.508,-70.312,0.000
1732204986.066,-30.762,-22.949,-20.020,-87.891,0.000
1732204986.069,-26.855,-13.672,-21.484,-72.754,0.000
1732204986.073,-24.414,-12.695,-21.973,-60.547,0.000
1732204986.077,-37.109,-19.531,-21.484,-56.641,0.000
1732204986.081,-34.180,-18.555,-20.996,-47.852,0.000
1732204986.085,-26.855,-19.531,-19.531,-35.645,0.000
1732204986.089,-30.273,-19.043,-19.043,-35.645,0.000
1732204986.093,-38.574,-17.578,-23.926,-48.828,0.000
1732204986.097,-38.086,-15.625,-21.484,-54.688,0.000
1732204986.101,-35.645,-20.996,-16.602,-58.105,0.000
1732204986.105,0.000,-30.273,-19.043,-62.012,0.000
1732204986.109,0.000,-26.855,-20.508,-49.316,0.000
1732204986.112,0.000,-9.277,-21.484,-31.738,0.000
1732204986.116,0.000,-1.953,-17.578,-35.156,0.000
1732204986.120,0.000,-11.230,-17.578,-48.340,0.000
1732204986.124,0.000,-11.230,-16.602,-58.105,0.000
1732204986.128,0.000,-8.789,-22.949,-68.359,0.000
1732204986.132,0.000,-15.625,-28.809,-68.359,0.000
1732204986.136,0.000,-25.391,-23.438,-64.453,0.000
1732204986.140,0.000,-19.531,-23.438,-60.059,0.000
1732204986.144,0.000,-14.648,-24.414,-49.316,0.000
1732204986.148,0.000,-18.066,-25.879,-47.852,0.000
1732204986.151,-43.945,-16.602,-31.738,-50.293,0.000
1732204986.155,-40.039,-17.090,-25.879,-54.199,0.000
1732204986.159,-33.691,-19.043,-13.672,-56.641,0.000
1732204986.163,-30.762,-15.625,-14.648,-59.570,0.000
1732204986.167,-27.344,-23.438,-19.043,-55.176,0.000
1732204986.171,-25.391,-26.855,-27.344,-45.410,0.000
1732204986.175,-28.320,-12.207,-29.785,-33.691,0.000
1732204986.179,-27.832,-14.648,-24.902,-16.113,0.000
1732204986.183,-41.504,-13.184,-23.926,-25.879,0.000
1732204986.186,-50.781,-10.742,-25.879,-56.152,0.000
1732204986.190,-48.828,-14.648,-23.926,-66.406,0.000
1732204986.194,-47.363,-8.301,-27.832,-48.340,0.000
1732204986.198,-11.719,-8.301,-27.344,-38.086,0.000
1732204986.202,-36.621,-16.602,-17.090,-51.270,0.000
1732204986.206,-45.898,-19.531,-18.555,-57.129,0.000
1732204986.210,-34.668,-18.066,-22.461,-50.781,0.000
1732204986.214,-37.109,-14.648,-17.578,-50.781,0.000
1732204986.218,-45.410,-17.578,-16.602,-54.688,0.000
1732204986.222,-38.086,-23.926,-18.555,-46.387,0.000
1732204986.226,-37.598,-19.043,-22.461,-38.086,0.000
1732204986.229,-36.133,-12.207,-15.137,-37.598,0.000
1732204986.233,-28.809,-20.508,-14.160,-38.086,0.000
1732204986.237,-38.574,-24.414,-15.625,-29.785,0.000
1732204986.241,-34.180,-20.996,-20.996,-27.344,0.000
1732204986.245,0.000,-16.113,-26.855,-26.855,0.000
1732204986.249,0.000,-16.113,-23.438,-24.902,0.000
1732204986.253,0.000,-13.184,-17.090,-45.898,0.000
1732204986.257,0.000,-14.648,-20.020,-57.129,0.000
1732204986.261,0.000,-15.137,-13.672,-34.180,0.000
1732204986.265,0.000,-11.719,-11.230,-46.387,0.000
1732204986.268,0.000,-20.996,-25.391,-55.664,0.000
1732204986.272,0.000,-24.902,-22.461,-38.086,0.000
1732204986.276,0.000,-13.672,-18.555,-32.715,0.000
1732204986.280,0.000,-14.648,-22.461,-35.645,0.000
1732204986.284,0.000,-18.066,-20.508,-38.086,0.000
1732204986.288,0.000,-10.254,-13.672,-36.133,0.000
1732204986.292,-23.438,-14.160,-20.996,-46.875,0.000
1732204986.296,-30.762,-25.391,-30.273,-51.270,0.000
1732204986.300,-29.785,-14.648,-23.438,-52.734,0.000
1732204986.304,-21.973,-9.277,-13.184,-56.152,0.000
1732204986.307,-18.066,-20.508,-14.160,-50.293,0.000
1732204986.311,-17.090,-17.090,-19.531,-42.969,0.000
1732204986.315,-26.855,-5.371,-19.043,-39.551,0.000
1732204986.319,-24.902,-7.324,-19.043,-42.480,0.000
1732204986.323,-23.438,-8.301,-20.996,-58.594,0.000
1732204986.327,-29.297,-8.301,-21.973,-70.312,0.000
1732204986.331,-31.738,-12.695,-21.973,-71.777,0.000
1732204986.335,-33.691,-10.254,-23.926,-67.871,0.000
1732204986.339,-36.621,-12.207,-23.438,-60.059,0.000
1732204986.343,-41.992,-15.137,-21.973,-50.781,0.000
1732204986.347,-41.992,-12.695,-22.949,-53.711,0.000
1732204986.350,-40.039,-12.695,-24.902,-48.828,0.000
1732204986.354,-41.504,-16.113,-18.066,-37.598,0.000
1732204986.358,-27.832,-21.484,-8.789,-34.668,0.000
1732204986.362,-26.367,-16.602,-17.090,-23.926,0.000
1732204986.366,-32.227,-4.883,-18.066,-20.508,0.000
1732204986.370,-29.785,-4.883,-16.602,-26.367,0.000
1732204986.374,-28.320,-5.859,-25.391,-32.227,0.000
1732204986.378,-33.691,0.488,-21.973,-43.457,0.000
1732204986.382,-40.527,-3.906,-22.461,-39.551,0.000
1732204986.386,-30.273,-7.812,-20.020,-29.785,0.000
1732204986.390,-27.832,-4.883,-17.578,-27.832,0.000
1732204986.393,-37.109,-7.812,-17.090,-35.156,0.000
1732204986.397,-34.180,-12.207,-19.043,-34.668,0.000
1732204986.401,-24.902,-15.137,-17.578,-19.531,0.000
1732204986.405,-16.602,-13.672,-15.625,-25.879,0.000
1732204986.409,-9.277,-13.184,-23.926,-56.641,0.000
1732204986.413,3.418,-11.719,-23.438,-67.383,0.000
1732204986.417,0.488,-13.672,-20.996,-52.246,0.000
1732204986.421,-21.973,-25.879,-16.602,-38.574,0.000
1732204986.425,-25.879,-25.879,-17.578,-32.227,0.000
1732204986.429,-23.926,-17.090,-24.902,-31.738,0.000
1732204986.432,-22.461,-13.672,-27.832,-31.738,0.000
1732204986.436,-26.367,-14.648,-29.297,-43.457,0.000
1732204986.440,-34.668,-13.672,-24.902,-60.547,0.000
1732204986.444,-36.621,-21.484,-21.484,-54.688,0.000
1732204986.448,-35.156,-29.785,-29.785,-41.016,0.000
1732204986.452,-35.645,-19.531,-34.180,-37.109,0.000
1732204986.456,-19.531,-17.578,-34.180,-32.227,0.000
1732204986.460,-20.020,-24.414,-29.297,-31.250,0.000
1732204986.464,-41.992,-28.809,-28.320,-45.410,0.000
1732204986.468,-41.504,-26.855,-27.344,-41.504,0.000
1732204986.471,-33.203,-22.949,-24.902,-27.344,0.000
1732204986.475,-38.086,-26.855,-42.480,-37.109,0.000
1732204986.479,-44.434,-26.367,-36.621,-44.434,0.000
1732204986.483,-36.133,-16.113,-15.625,-51.758,0.000
1732204986.487,-33.691,-20.020,-20.508,-63.965,0.000
1732204986.491,-37.598,-27.344,-26.367,-55.176,0.000
1732204986.495,-43.945,-19.531,-33.691,-62.988,0.000
1732204986.499,-42.480,-17.578,-30.273,-64.453,0.000
1732204986.503,-40.039,-27.344,-24.902,-58.594,0.000
1732204986.507,-32.715,-23.438,-21.973,-41.992,0.000
1732204986.511,-18.555,-14.160,-22.949,-19.531,0.000
1732204986.514,-23.926,-18.066,-29.297,-24.414,0.000
1732204986.518,-36.621,-25.391,-32.227,-25.879,0.000
1732204986.522,-39.062,-30.762,-31.250,-37.109,0.000
1732204986.526,-34.180,-24.414,-20.508,-52.734,0.000
1732204986.530,-30.273,-18.555,-20.508,-56.152,0.000
1732204986.534,-43.457,-22.949,-20.996,-45.898,0.000
1732204986.538,-48.828,-24.414,-20.508,-26.855,0.000
1732204986.542,-39.062,-25.391,-24.902,-29.785,0.000
1732204986.546,-32.227,-28.809,-19.043,-28.320,0.000
1732204986.550,-27.344,-22.949,-18.555,-28.809,0.000
1732204986.554,-23.926,-23.926,-32.227,-47.852,0.000
1732204986.557,-32.227,-27.344,-41.016,-42.480,0.000
1732204986.561,-31.738,-21.973,-41.016,-31.250,0.000
1732204986.565,-20.020,-15.625,-32.227,-31.250,0.000
1732204986.569,-38.086,-13.184,-26.367,-37.109,0.000
1732204986.573,-37.598,-10.254,-33.691,-46.387,0.000
1732204986.577,-33.691,-7.812,-30.273,-42.480,0.000
1732204986.581,-43.945,-11.719,-25.879,-46.875,0.000
1732204986.585,-37.598,-17.090,-23.438,-30.762,0.000
1732204986.589,-26.855,-20.020,-19.531,-20.996,0.000
1732204986.593,-20.508,-23.438,-27.832,-32.227,0.000
1732204986.596,-14.648,-24.902,-30.273,-15.137,0.000
1732204986.600,-20.996,-23.438,-28.809,-28.320,0.000
1732204986.604,-23.926,-22.461,-34.668,-48.828,0.000
1732204986.608,-15.625,-15.137,-31.738,-33.691,0.000
1732204986.612,-23.438,-12.207,-21.484,-30.273,0.000
1732204986.616,-32.715,-23.438,-18.066,-40.039,0.000
1732204986.620,-23.438,-32.227,-23.438,-55.664,0.000
1732204986.624,-20.996,-28.320,-27.832,-54.199,0.000
1732204986.628,-30.762,-24.414,-28.809,-48.828,0.000
1732204986.632,-35.156,-23.926,-34.180,-57.617,0.000
1732204986.636,-43.945,-17.090,-34.668,-63.965,0.000
1732204986.639,-42.480,-14.648,-26.855,-61.035,0.000
1732204986.643,-41.504,-12.695,-18.066,-46.875,0.000
1732204986.647,-28.809,-12.207,-12.695,-39.551,0.000
1732204986.651,-30.762,-17.578,-18.066,-35.156,0.000
1732204986.655,-41.016,-17.090,-19.531,-36.133,0.000
1732204986.659,-34.180,-14.648,-20.508,-41.016,0.000
1732204986.663,-37.109,-14.160,-20.020,-37.109,0.000
1732204986.667,-34.180,-10.254,-21.973,-39.062,0.000
1732204986.671,-26.367,-7.812,-25.391,-32.715,0.000
1732204986.675,-38.574,-13.184,-26.367,-32.715,0.000
1732204986.679,-40.039,-9.277,-18.066,-38.574,0.000
1732204986.682,-33.691,-7.812,-13.672,-28.320,0.000
1732204986.686,-39.062,-16.113,-25.879,-27.832,0.000
1732204986.690,-43.457,-22.461,-22.949,-33.691,0.000
1732204986.694,-30.273,-17.090,-22.461,-39.062,0.000
1732204986.698,-13.184,-4.395,-22.461,-41.016,0.000
1732204986.702,-28.320,-4.883,-8.789,-21.973,0.000
1732204986.706,-37.598,-18.555,-14.160,-31.738,0.000
1732204986.710,-33.691,-19.043,-29.297,-58.105,0.000
1732204986.714,-40.527,-11.230,-36.621,-45.898,0.000
1732204986.718,-39.062,-14.160,-32.227,-35.645,0.000
1732204986.722,-36.133,-11.230,-22.949,-46.875,0.000
1732204986.725,-37.598,-12.695,-20.508,-59.082,0.000
1732204986.729,-31.738,-8.301,-15.137,-55.176,0.000
1732204986.733,-34.668,-2.441,-11.719,-41.504,0.000
1732204986.737,-41.016,-8.301,-19.531,-29.785,0.000
1732204986.741,-30.762,-5.859,-30.273,-20.508,0.000
1732204986.745,-17.090,-9.766,-23.438,-24.902,0.000
1732204986.749,-16.602,-16.602,-18.555,-39.551,0.000
1732204986.753,-24.414,-6.348,-21.973,-46.875,0.000
1732204986.757,-13.672,0.488,-28.320,-25.879,0.000
1732204986.761,-18.555,-9.277,-30.762,-15.137,0.000
1732204986.764,-33.691,-16.602,-17.578,-15.137,0.000
1732204986.768,-32.227,-9.277,-12.207,-20.996,0.000
1732204986.772,-33.203,-7.812,-12.207,-39.062,0.000
1732204986.776,-41.016,-12.207,-15.625,-33.691,0.000
1732204986.780,-34.668,-16.113,-18.555,-31.738,0.000
1732204986.784,-35.156,-11.719,-9.766,-47.852,0.000
1732204986.788,-42.480,-10.742,-15.625,-54.199,0.000
1732204986.792,-46.875,-11.719,-24.414,-51.270,0.000
1732204986.796,-41.016,-1.465,-21.484,-51.270,0.000
1732204986.800,-40.039,-2.441,-14.648,-53.711,0.000
1732204986.804,-53.223,-13.184,-9.766,-61.035,0.000
1732204986.807,0.000,-13.184,-6.836,0.000,0.000
1732204986.811,0.000,-7.812,-6.836,0.000,0.000
1732204986.815,0.000,-9.277,-4.395,0.000,0.000
1732204986.819,0.000,-8.301,-0.488,0.000,0.000
1732204986.823,0.000,-6.836,-3.906,0.000,0.000
1732204986.827,0.000,-7.324,0.977,0.000,0.000
1732204986.831,0.000,-6.836,8.301,0.000,0.000
1732204986.835,0.000,-6.348,18.555,0.000,0.000
1732204986.839,0.000,-10.254,22.949,0.000,0.000
1732204986.843,0.000,-0.488,18.555,0.000,0.000
1732204986.846,0.000,15.137,6.348,0.000,0.000
1732204986.850,0.000,13.184,10.254,0.000,0.000
1732204986.854,-100.586,3.418,15.137,-107.910,0.000
1732204986.858,-101.074,6.836,3.418,-109.863,0.000
1732204986.862,-121.094,9.277,5.371,-121.582,0.000
1732204986.866,-137.695,-2.930,0.000,-131.836,0.000
1732204986.870,-141.602,4.395,-1.953,-137.207,0.000
1732204986.874,-167.969,15.625,5.371,-148.438,0.000
1732204986.878,-191.895,10.254,12.695,-171.387,0.000
1732204986.882,-183.594,12.695,10.742,-190.918,0.000
1732204986.886,-182.617,14.648,-1.465,-215.332,0.000
1732204986.889,-209.961,13.184,6.348,-218.262,0.000
1732204986.893,-226.074,18.555,18.066,-200.684,0.000
1732204986.897,-231.934,36.621,25.391,-199.707,0.000
1732204986.901,-258.301,37.109,39.062,-233.887,0.000
1732204986.905,-262.207,29.297,49.805,-266.113,0.000
1732204986.909,-265.625,35.645,57.129,-275.879,0.000
1732204986.913,-275.879,33.691,60.547,-284.180,0.000
1732204986.917,-266.602,34.180,57.617,-287.109,0.000
1732204986.921,-274.414,32.227,44.922,-291.504,0.000
1732204986.925,-262.695,36.621,33.203,-269.043,0.000
1732204986.929,-232.910,45.410,30.273,-228.027,0.000
1732204986.932,-235.840,45.898,34.180,-231.934,0.000
1732204986.936,-238.281,46.875,35.645,-255.371,0.000
1732204986.940,-219.238,40.527,19.531,-244.141,0.000
1732204986.944,-197.266,32.227,7.324,-226.562,0.000
1732204986.948,-182.617,40.527,12.207,-214.844,0.000
1732204986.952,-190.430,36.621,13.672,-196.777,0.000
1732204986.956,-169.922,33.203,8.789,-183.594,0.000
1732204986.960,-140.625,35.156,0.000,-158.203,0.000
1732204986.964,-132.812,26.855,-17.578,-137.207,0.000
1732204986.968,-119.141,17.090,-27.832,-119.629,0.000
1732204986.971,-100.586,-2.441,-27.344,-95.215,0.000
1732204986.975,-84.473,-7.324,-31.738,-78.125,0.000
1732204986.979,-84.473,-8.789,-37.598,-72.754,0.000
1732204986.983,-74.219,-22.949,-45.898,-82.031,0.000
1732204986.987,-46.387,-24.902,-50.293,-77.637,0.000
1732204986.991,-33.203,-18.555,-50.293,-54.199,0.000
1732204986.995,-36.133,-24.414,-66.406,-38.086,0.000
1732204986.999,-17.090,-37.109,-75.684,-26.855,0.000
1732204987.003,-2.441,-37.598,-66.406,-14.648,0.000
1732204987.007,-2.930,-32.715,-73.242,-5.371,0.000
1732204987.011,5.859,-40.039,-79.102,4.395,0.000
1732204987.014,14.648,-44.922,-79.590,16.602,0.000
1732204987.018,15.625,-43.945,-82.520,23.438,0.000
1732204987.022,21.973,-44.922,-82.520,23.926,0.000
1732204987.026,41.016,-41.016,-82.031,26.367,0.000
1732204987.030,38.086,-42.969,-76.172,39.551,0.000
1732204987.034,34.668,-43.457,-72.754,42.969,0.000
1732204987.038,45.898,-41.016,-74.707,43.945,0.000
1732204987.042,52.734,-42.480,-79.102,52.246,0.000
1732204987.046,55.664,-39.062,-77.148,59.082,0.000
1732204987.050,57.129,-34.180,-69.824,63.965,0.000
1732204987.054,46.387,-33.691,-72.754,59.570,0.000
1732204987.057,45.410,-38.086,-76.660,60.059,0.000
1732204987.061,60.547,-37.598,-76.660,65.918,0.000
1732204987.065,72.754,-29.785,-72.754,58.594,0.000
1732204987.069,68.848,-32.715,-71.289,44.922,0.000
1732204987.073,67.383,-38.574,-78.125,46.387,0.000
1732204987.077,65.430,-40.527,-78.613,52.246,0.000
1732204987.081,63.965,-43.457,-63.965,65.918,0.000
1732204987.085,62.988,-36.133,-48.340,80.078,0.000
1732204987.089,52.734,-32.227,-60.059,56.152,0.000
1732204987.093,54.199,-33.691,-70.312,23.926,0.000
1732204987.096,38.086,-28.809,-72.266,20.020,0.000
1732204987.100,24.902,-29.785,-75.195,24.414,0.000
1732204987.104,28.809,-37.598,-68.848,24.414,0.000
1732204987.108,26.367,-41.016,-59.570,25.391,0.000
1732204987.112,41.016,-37.109,-61.523,38.086,0.000
1732204987.116,43.945,-33.691,-62.012,42.480,0.000
1732204987.120,32.715,-33.203,-49.805,46.387,0.000
1732204987.124,36.133,-30.273,-43.457,51.270,0.000
1732204987.128,45.410,-21.973,-41.504,47.363,0.000
1732204987.132,43.457,-23.926,-41.504,34.180,0.000
1732204987.136,30.762,-25.879,-44.922,19.043,0.000
1732204987.139,45.898,-19.531,-35.645,20.508,0.000
1732204987.143,31.738,-30.762,-33.691,17.578,0.000
1732204987.147,16.113,-38.574,-44.922,11.719,0.000
1732204987.151,29.297,-32.227,-40.039,22.949,0.000
1732204987.155,22.461,-30.762,-37.109,34.668,0.000
1732204987.159,23.438,-33.203,-36.133,28.809,0.000
1732204987.163,39.551,-34.668,-38.086,20.508,0.000
1732204987.167,34.668,-28.320,-32.227,24.414,0.000
1732204987.171,19.043,-26.367,-26.367,26.367,0.000
1732204987.175,11.719,-33.691,-33.203,24.902,0.000
1732204987.178,16.602,-29.785,-25.879,42.480,0.000
1732204987.182,0.000,-21.973,-19.043,58.594,0.000
1732204987.186,0.000,-29.785,-31.250,53.711,0.000
1732204987.190,0.000,-28.809,-33.203,23.926,0.000
1732204987.194,0.000,-15.625,-24.414,5.859,0.000
1732204987.198,0.000,-17.090,-18.555,23.438,0.000
1732204987.202,0.000,-13.672,-19.043,25.391,0.000
1732204987.206,0.000,-14.160,-24.414,0.488,0.000
1732204987.210,0.000,-25.391,-22.949,12.207,0.000
1732204987.214,0.000,-24.414,-21.973,40.039,0.000
1732204987.218,0.000,-13.672,-27.344,29.785,0.000
1732204987.221,0.000,-18.555,-20.020,13.184,0.000
1732204987.225,0.000,-18.555,-10.742,22.949,0.000
1732204987.229,22.461,-19.043,-22.461,29.297,0.000
1732204987.233,24.902,-24.414,-26.855,18.555,0.000
1732204987.237,25.391,-21.484,-19.043,14.648,0.000
1732204987.241,23.926,-24.414,-19.043,7.812,0.000
1732204987.245,28.320,-27.344,-16.113,8.301,0.000
1732204987.249,26.855,-30.273,-20.996,25.391,0.000
1732204987.253,21.484,-30.273,-30.273,23.926,0.000
1732204987.256,23.438,-27.832,-26.855,17.578,0.000
1732204987.260,36.133,-27.832,-19.043,12.207,0.000
1732204987.264,28.809,-23.438,-26.855,4.395,0.000
1732204987.268,5.859,-21.484,-23.438,9.277,0.000
1732204987.272,20.508,-25.391,-14.160,7.812,0.000
1732204987.276,-14.648,-27.832,-22.461,-7.812,0.000
1732204987.280,-4.395,-22.461,-18.555,0.488,0.000
1732204987.284,-13.672,-27.344,-18.066,11.230,0.000
1732204987.288,-17.090,-35.645,-22.949,7.812,0.000
1732204987.292,-11.719,-25.879,-20.508,7.812,0.000
1732204987.296,-10.742,-17.090,-19.531,9.277,0.000
1732204987.299,-17.090,-23.926,-19.043,6.836,0.000
1732204987.303,-14.648,-25.391,-20.020,6.836,0.000
1732204987.307,-4.395,-24.414,-25.391,10.742,0.000
1732204987.311,-1.465,-23.926,-22.461,7.324,0.000
1732204987.315,-9.277,-26.367,-23.926,12.207,0.000
1732204987.319,-6.348,-30.762,-37.598,11.230,0.000
1732204987.323,-1.465,-25.391,-41.504,-13.184,0.000
1732204987.327,1.953,-20.508,-39.062,-21.484,0.000
1732204987.331,11.719,-14.648,-36.621,-26.367,0.000
1732204987.335,-0.977,-9.277,-30.273,-19.043,0.000
1732204987.339,-0.488,-19.531,-23.438,-1.465,0.000
1732204987.342,9.766,-22.461,-25.879,-3.906,0.000
1732204987.346,7.324,-19.531,-27.832,-4.883,0.000
1732204987.350,0.977,-26.855,-25.391,-5.371,0.000
1732204987.354,6.836,-28.320,-25.879,-0.977,0.000
1732204987.358,18.066,-27.832,-20.996,7.812,0.000
1732204987.362,13.184,-22.461,-14.648,7.812,0.000
1732204987.366,9.766,-13.184,-19.043,13.672,0.000
1732204987.370,17.578,-18.066,-25.391,22.461,0.000
1732204987.374,13.184,-20.508,-20.508,18.066,0.000
1732204987.378,8.301,-25.879,-13.672,9.277,0.000
1732204987.381,7.324,-36.133,-23.926,-0.977,0.000
1732204987.385,-5.859,-29.785,-40.527,-4.883,0.000
1732204987.389,0.977,-28.320,-28.809,-5.859,0.000
1732204987.393,4.395,-38.574,-16.602,2.441,0.000
1732204987.397,-6.348,-43.945,-29.785,7.324,0.000
1732204987.401,1.465,-31.250,-30.273,8.789,0.000
1732204987.405,1.953,-26.367,-30.273,6.836,0.000
1732204987.409,-2.930,-32.715,-32.227,-1.465,0.000
1732204987.413,-0.977,-29.297,-21.484,4.395,0.000
1732204987.417,16.113,-20.508,-21.973,12.207,0.000
1732204987.421,14.648,-19.043,-22.949,11.719,0.000
1732204987.424,0.977,-25.391,-20.996,14.160,0.000
1732204987.428,5.371,-34.668,-34.180,9.277,0.000
1732204987.432,3.418,-46.875,-39.062,7.324,0.000
1732204987.436,-3.418,-50.293,-31.738,0.000,0.000
1732204987.440,-5.371,-39.062,-33.691,9.766,0.000
1732204987.444,-9.277,-31.250,-40.527,29.297,0.000
1732204987.448,-4.395,-32.715,-42.969,19.043,0.000
1732204987.452,5.371,-35.156,-34.180,14.648,0.000
1732204987.456,2.930,-32.715,-36.621,6.836,0.000
1732204987.460,-0.488,-30.273,-41.992,-5.859,0.000
1732204987.464,0.000,-27.832,-41.992,-6.836,0.000
1732204987.467,0.000,-42.480,-41.016,-1.465,0.000
1732204987.471,0.000,-47.852,-36.133,16.602,0.000
1732204987.475,0.000,-35.645,-34.180,23.926,0.000
1732204987.479,0.000,-33.691,-39.062,23.926,0.000
1732204987.483,0.000,-30.762,-38.574,24.902,0.000
1732204987.487,0.000,-32.227,-40.527,22.461,0.000
1732204987.491,0.000,-41.992,-51.270,15.625,0.000
1732204987.495,0.000,-41.504,-45.898,23.926,0.000
1732204987.499,0.000,-43.945,-34.180,27.832,0.000
1732204987.503,0.000,-49.316,-31.250,5.859,0.000
1732204987.506,0.000,-42.480,-37.109,-2.930,0.000
1732204987.510,23.438,-41.016,-33.691,15.625,0.000
1732204987.514,16.602,-47.363,-36.133,17.578,0.000
1732204987.518,-1.953,-50.781,-47.363,10.254,0.000
1732204987.522,6.348,-44.434,-40.527,13.672,0.000
1732204987.526,-3.906,-33.691,-38.086,5.859,0.000
1732204987.530,1.465,-38.086,-43.457,2.441,0.000
1732204987.534,-2.441,-42.480,-43.457,14.648,0.000
1732204987.538,-17.090,-40.527,-41.016,13.672,0.000
1732204987.542,-7.324,-43.945,-37.109,10.742,0.000
1732204987.545,-10.742,-43.945,-41.992,26.367,0.000
1732204987.549,-7.324,-40.527,-45.898,28.809,0.000
1732204987.553,-0.977,-37.109,-52.246,0.977,0.000
1732204987.557,-0.977,-34.180,-50.781,3.418,0.000
1732204987.561,5.371,-39.062,-52.734,24.414,0.000
1732204987.565,-11.230,-33.203,-65.918,30.762,0.000
1732204987.569,-16.113,-35.156,-56.641,29.785,0.000
1732204987.573,-5.859,-44.922,-52.734,24.902,0.000
1732204987.577,-2.930,-45.410,-55.176,9.277,0.000
1732204987.580,1.465,-57.129,-54.199,-11.719,0.000
1732204987.584,5.371,-68.359,-56.641,-0.488,0.000
1732204987.588,-2.441,-63.965,-49.316,20.996,0.000
1732204987.592,6.836,-55.176,-56.641,10.254,0.000
1732204987.596,21.484,-43.945,-55.664,12.695,0.000
1732204987.600,10.254,-30.762,-45.410,18.555,0.000
1732204987.604,41.992,-37.598,-49.805,14.648,0.000
1732204987.608,38.086,-42.969,-51.270,5.859,0.000
1732204987.612,26.367,-33.691,-47.363,14.648,0.000
1732204987.616,29.785,-30.762,-47.852,27.832,0.000
1732204987.620,26.367,-37.598,-62.500,30.273,0.000
1732204987.623,32.227,-39.551,-62.988,37.598,0.000
1732204987.627,43.457,-37.598,-50.781,40.527,0.000
1732204987.631,33.203,-44.434,-48.340,34.668,0.000
1732204987.635,40.527,-48.340,-57.129,23.438,0.000
1732204987.639,52.246,-41.992,-54.688,41.504,0.000
1732204987.643,32.715,-45.410,-47.363,60.059,0.000
1732204987.647,20.020,-52.734,-63.477,45.410,0.000
1732204987.651,14.648,-52.246,-66.895,40.039,0.000
1732204987.655,10.742,-59.082,-52.734,52.734,0.000
1732204987.659,17.578,-59.570,-54.199,65.430,0.000
1732204987.663,10.742,-61.523,-59.082,51.270,0.000
1732204987.666,20.020,-60.059,-56.152,28.809,0.000
1732204987.670,26.855,-56.641,-58.105,8.301,0.000
1732204987.674,11.719,-59.570,-64.941,8.789,0.000
1732204987.678,16.113,-61.523,-60.547,28.809,0.000
1732204987.682,32.227,-57.617,-61.035,20.020,0.000
1732204987.686,32.715,-60.547,-62.988,39.062,0.000
1732204987.690,26.367,-65.430,-59.082,59.570,0.000
1732204987.694,23.438,-62.988,-56.152,55.664,0.000
1732204987.698,0.000,-62.012,-63.477,25.879,0.000
1732204987.702,0.000,-63.477,-62.012,16.113,0.000
1732204987.706,0.000,-54.688,-53.711,43.457,0.000
1732204987.709,0.000,-64.941,-54.688,23.438,0.000
1732204987.713,0.000,-75.684,-53.223,28.809,0.000
1732204987.717,0.000,-62.500,-56.641,59.082,0.000
1732204987.721,0.000,-56.641,-53.711,72.754,0.000
1732204987.725,0.000,-57.129,-51.758,69.824,0.000
1732204987.729,0.000,-58.105,-57.617,32.715,0.000
1732204987.733,0.000,-67.383,-55.664,28.809,0.000
1732204987.737,0.000,-61.035,-61.035,35.156,0.000
1732204987.741,0.000,-48.340,-65.918,22.461,0.000
1732204987.745,28.809,-63.477,-62.988,23.926,0.000
1732204987.748,7.812,-69.336,-60.547,52.246,0.000
1732204987.752,10.742,-62.500,-59.082,37.109,0.000
1732204987.756,12.207,-61.523,-61.035,20.020,0.000
1732204987.760,-10.254,-74.707,-65.430,26.367,0.000
1732204987.764,-8.789,-84.961,-60.059,24.902,0.000
1732204987.768,7.324,-66.895,-56.641,33.691,0.000
1732204987.772,4.395,-57.129,-66.406,55.664,0.000
1732204987.776,20.996,-61.523,-71.777,39.551,0.000
1732204987.780,17.090,-66.406,-68.359,12.207,0.000
1732204987.784,10.742,-72.266,-58.105,42.969,0.000
1732204987.788,43.457,-62.012,-58.105,66.406,0.000
1732204987.791,37.109,-52.734,-62.988,49.316,0.000
1732204987.795,22.949,-56.152,-58.594,63.965,0.000
1732204987.799,37.598,-57.617,-60.059,80.566,0.000
1732204987.803,39.551,-52.734,-59.082,78.613,0.000
1732204987.807,34.180,-54.199,-62.500,58.594,0.000
1732204987.811,21.973,-59.570,-64.941,46.387,0.000
1732204987.815,41.504,-62.500,-66.895,62.988,0.000
1732204987.819,34.180,-62.988,-55.664,64.941,0.000
1732204987.823,-3.418,-67.871,-42.969,48.828,0.000
1732204987.827,-1.953,-62.988,-55.176,48.340,0.000
1732204987.831,-1.465,-62.988,-63.965,74.219,0.000
1732204987.834,-8.789,-74.707,-54.199,70.801,0.000
1732204987.838,-23.438,-78.125,-50.293,50.781,0.000
1732204987.842,-11.719,-80.566,-66.406,40.527,0.000
1732204987.846,7.812,-83.984,-75.684,24.902,0.000
1732204987.850,-13.672,-83.984,-66.895,32.227,0.000
1732204987.854,-13.672,-79.590,-64.453,43.945,0.000
1732204987.858,0.000,-74.707,-67.871,20.508,0.000
1732204987.862,-8.789,-75.195,-66.406,22.461,0.000
1732204987.866,-5.371,-78.125,-60.059,45.898,0.000
1732204987.870,6.348,-78.613,-57.129,40.039,0.000
1732204987.873,11.230,-82.520,-67.383,44.434,0.000
1732204987.877,19.531,-82.031,-65.430,42.969,0.000
1732204987.881,20.508,-78.125,-61.035,46.387,0.000
1732204987.885,5.371,-74.219,-67.383,58.594,0.000
1732204987.889,9.766,-72.266,-73.242,45.898,0.000
1732204987.893,21.484,-80.566,-65.918,23.438,0.000
1732204987.897,13.672,-92.773,-57.617,36.133,0.000
1732204987.901,2.441,-91.797,-59.570,47.363,0.000
1732204987.905,13.184,-87.402,-63.965,57.617,0.000
1732204987.909,20.020,-83.496,-65.918,62.988,0.000
1732204987.913,11.719,-80.566,-69.824,48.340,0.000
1732204987.916,33.203,-85.449,-67.871,63.477,0.000
1732204987.920,16.113,-80.566,-61.523,43.945,0.000
1732204987.924,-3.906,-73.730,-71.777,8.301,0.000
1732204987.928,-2.441,-71.289,-67.871,24.902,0.000
1732204987.932,-22.949,-68.359,-56.152,21.484,0.000
1732204987.936,-35.156,-62.988,-57.129,29.297,0.000
1732204987.940,-26.855,-62.988,-66.406,6.348,0.000
1732204987.944,-28.809,-71.289,-76.660,-30.273,0.000
1732204987.948,-47.363,-72.754,-57.129,-24.414,0.000
1732204987.952,-54.688,-64.941,-49.805,-25.879,0.000
1732204987.956,-54.199,-65.918,-49.316,-17.578,0.000
1732204987.959,-26.367,-70.312,-48.340,5.859,0.000
1732204987.963,-18.555,-69.824,-49.805,9.766,0.000
1732204987.967,-31.738,-71.289,-56.641,-9.277,0.000
1732204987.971,-20.508,-70.801,-52.246,-8.301,0.000
1732204987.975,-13.184,-71.777,-51.270,9.766,0.000
1732204987.979,0.000,-83.496,-61.035,0.000,0.000
1732204987.983,0.000,-85.449,-57.129,0.000,0.000
1732204987.987,0.000,-74.707,-56.152,0.000,0.000
1732204987.991,0.000,-70.312,-61.523,0.000,0.000
1732204987.995,0.000,-75.195,-62.012,0.000,0.000
1732204987.999,0.000,-74.219,-57.129,0.000,0.000
1732204988.003,0.000,-68.848,-52.246,0.000,0.000
1732204988.006,0.000,-75.684,-60.059,0.000,0.000
1732204988.010,0.000,-85.938,-75.195,0.000,0.000
1732204988.014,0.000,-87.402,-69.824,0.000,0.000
1732204988.018,0.000,-83.984,-69.824,0.000,0.000
1732204988.022,0.000,-81.055,-74.219,0.000,0.000
1732204988.026,4.883,-85.938,-69.336,10.742,0.000
1732204988.030,-1.953,-80.566,-69.336,-11.230,0.000
1732204988.034,6.348,-76.660,-67.871,1.465,0.000
1732204988.038,0.977,-81.543,-67.871,9.766,0.000
1732204988.042,-1.465,-78.125,-67.871,5.859,0.000
1732204988.045,12.207,-72.754,-60.059,2.930,0.000
1732204988.049,9.766,-71.289,-68.359,6.836,0.000
1732204988.053,2.441,-67.871,-70.801,14.648,0.000
1732204988.057,-10.254,-66.895,-66.895,8.301,0.000
1732204988.061,-7.812,-63.477,-65.918,-0.488,0.000
1732204988.065,-16.113,-68.848,-63.477,14.160,0.000
1732204988.069,-19.531,-77.637,-65.918,31.738,0.000
1732204988.073,-10.742,-72.754,-67.383,31.738,0.000
1732204988.077,-4.883,-71.777,-65.430,31.250,0.000
1732204988.081,9.277,-71.289,-67.871,15.137,0.000
1732204988.085,-3.418,-70.312,-70.801,-3.418,0.000
1732204988.088,-14.160,-63.965,-71.777,6.348,0.000
1732204988.092,-19.531,-72.266,-71.289,-5.371,0.000
1732204988.096,-12.207,-77.637,-71.777,-7.812,0.000
1732204988.100,0.977,-67.871,-76.172,-20.020,0.000
1732204988.104,-10.742,-62.012,-69.824,-27.344,0.000
1732204988.108,-17.578,-68.848,-63.965,-4.395,0.000
1732204988.112,-8.789,-67.871,-69.824,-13.184,0.000
1732204988.116,-8.789,-56.641,-67.871,-21.973,0.000
1732204988.120,-12.207,-62.988,-67.871,-13.184,0.000
1732204988.124,17.090,-73.730,-72.754,-14.648,0.000
1732204988.127,26.855,-73.730,-63.965,-9.766,0.000
1732204988.131,-11.230,-61.523,-62.500,-8.789,0.000
1732204988.135,-14.160,-63.965,-67.871,-7.324,0.000
1732204988.139,16.113,-65.430,-64.941,4.883,0.000
1732204988.143,8.789,-54.688,-66.895,-21.484,0.000
1732204988.147,-10.254,-47.852,-59.570,-51.270,0.000
1732204988.151,-12.695,-54.199,-58.105,-40.039,0.000
1732204988.155,-1.953,-62.012,-56.152,-18.066,0.000
1732204988.159,1.953,-58.105,-54.199,-25.391,0.000
1732204988.163,4.395,-62.500,-61.035,-35.156,0.000
1732204988.167,22.461,-66.406,-59.570,-22.461,0.000
1732204988.170,36.621,-57.617,-51.758,2.441,0.000
1732204988.174,37.598,-59.570,-56.641,-5.371,0.000
1732204988.178,1.465,-59.570,-56.152,-7.324,0.000
1732204988.182,8.789,-48.828,-53.223,4.395,0.000
1732204988.186,34.180,-49.805,-62.500,10.254,0.000
1732204988.190,17.578,-56.641,-64.453,11.719,0.000
1732204988.194,3.418,-55.664,-62.500,-6.836,0.000
1732204988.198,17.090,-44.434,-59.570,-16.602,0.000
1732204988.202,20.996,-43.945,-57.129,11.719,0.000
1732204988.206,14.160,-47.852,-59.082,15.625,0.000
1732204988.209,15.625,-46.387,-53.711,-5.859,0.000
1732204988.213,11.230,-55.176,-50.781,-6.348,0.000
1732204988.217,7.812,-56.152,-53.711,-26.367,0.000
1732204988.221,-6.836,-46.875,-53.711,-21.484,0.000
1732204988.225,0.977,-53.711,-57.617,-8.301,0.000
1732204988.229,6.348,-57.617,-53.711,-2.930,0.000
1732204988.233,3.418,-52.734,-55.176,5.859,0.000
1732204988.237,16.602,-46.875,-55.664,9.277,0.000
1732204988.241,15.625,-46.387,-50.293,7.324,0.000
1732204988.245,13.184,-46.875,-58.594,-8.789,0.000
1732204988.249,-6.836,-42.969,-61.035,-12.207,0.000
1732204988.252,-17.578,-51.758,-58.105,-4.395,0.000
1732204988.256,9.766,-60.059,-58.105,-17.090,0.000
1732204988.260,16.113,-51.758,-63.965,-23.438,0.000
1732204988.264,6.836,-42.480,-69.336,-18.555,0.000
1732204988.268,0.488,-49.805,-69.336,-28.320,0.000
1732204988.272,-2.930,-59.570,-69.336,-35.156,0.000
1732204988.276,-2.441,-59.082,-67.383,-31.738,0.000
1732204988.280,-15.625,-55.664,-66.895,-23.926,0.000
1732204988.284,-17.090,-53.223,-64.941,-16.113,0.000
1732204988.288,-20.508,-57.129,-67.871,-22.949,0.000
1732204988.292,-12.695,-60.059,-72.266,-28.320,0.000
1732204988.295,-1.465,-57.129,-65.918,-11.230,0.000
1732204988.299,-8.301,-53.223,-61.523,-15.625,0.000
1732204988.303,0.977,-50.293,-72.266,-36.133,0.000
1732204988.307,-6.348,-59.570,-69.824,-33.203,0.000
1732204988.311,-11.230,-62.500,-58.105,-20.508,0.000
1732204988.315,-1.465,-50.293,-59.570,-23.926,0.000
1732204988.319,-12.207,-57.129,-65.430,-19.043,0.000
1732204988.323,-10.254,-58.594,-76.172,-18.555,0.000
1732204988.327,-5.859,-48.828,-71.777,-22.949,0.000
1732204988.331,-7.812,-52.246,-61.523,-19.531,0.000
1732204988.335,-19.531,-57.129,-62.500,-14.160,0.000
1732204988.338,-28.320,-60.059,-62.988,-19.043,0.000
1732204988.342,-25.879,-54.199,-67.871,-28.809,0.000
1732204988.346,-19.531,-42.969,-66.406,-27.344,0.000
1732204988.350,-19.531,-47.852,-53.711,-28.320,0.000
1732204988.354,-14.160,-56.641,-50.781,-29.785,0.000
1732204988.358,-15.137,-56.152,-62.988,-31.738,0.000
1732204988.362,-23.926,-53.223,-72.754,-29.785,0.000
1732204988.366,-18.555,-55.664,-60.547,-16.602,0.000
1732204988.370,-29.297,-59.082,-55.664,-7.812,0.000
1732204988.374,-24.414,-48.340,-59.570,-20.508,0.000
1732204988.378,-18.066,-44.434,-54.688,-50.781,0.000
1732204988.381,-39.551,-55.176,-57.129,-59.082,0.000
1732204988.385,-37.598,-60.547,-60.547,-46.875,0.000
1732204988.389,-29.785,-56.641,-51.758,-42.969,0.000
1732204988.393,-20.508,-52.246,-51.270,-26.855,0.000
1732204988.397,-15.625,-55.664,-56.641,-10.742,0.000
1732204988.401,-11.230,-54.688,0.000,-11.719,0.000
1732204988.405,1.953,-49.316,0.000,-12.695,0.000
1732204988.409,-5.371,-56.641,0.000,-16.602,0.000
1732204988.413,-1.953,-55.176,0.000,-37.109,0.000
1732204988.417,-3.906,-46.875,0.000,-38.086,0.000
1732204988.421,-7.324,-47.852,0.000,-17.090,0.000
1732204988.424,-11.230,-50.781,0.000,-0.977,0.000
1732204988.428,-29.785,-56.152,0.000,-5.859,0.000
1732204988.432,-14.160,-50.293,0.000,-15.137,0.000
1732204988.436,-20.020,-46.875,0.000,-37.109,0.000
1732204988.440,-28.320,-44.434,0.000,-67.871,0.000
1732204988.444,-18.066,-48.340,0.000,-49.316,0.000
1732204988.448,-21.484,-61.035,-44.434,-26.367,0.000
1732204988.452,-29.297,-49.805,-49.805,-33.203,0.000
1732204988.456,-29.785,-36.133,-50.293,-33.203,0.000
1732204988.460,-27.344,-41.504,-48.828,-25.879,0.000
1732204988.463,-20.996,-44.922,-43.945,-10.742,0.000
1732204988.467,-12.695,-41.016,-51.270,-8.301,0.000
1732204988.471,-20.996,-40.039,-66.406,-15.625,0.000
1732204988.475,-25.391,-47.363,-63.965,-19.043,0.000
1732204988.479,-23.926,-46.875,-57.617,-24.902,0.000
1732204988.483,-13.672,-39.551,-55.176,-28.320,0.000
1732204988.487,-11.719,-39.551,-51.270,-35.645,0.000
1732204988.491,-21.484,-38.086,-51.270,-28.809,0.000
1732204988.495,-32.227,-38.574,-51.758,-24.414,0.000
1732204988.499,-32.715,-35.156,-47.852,-18.066,0.000
1732204988.503,-41.016,-39.062,-39.062,-13.184,0.000
1732204988.506,-36.133,-41.016,-39.062,-12.207,0.000
1732204988.510,-41.992,-46.387,-54.688,-29.297,0.000
1732204988.514,-40.039,-51.270,-58.105,-34.180,0.000
1732204988.518,-30.273,-42.480,-52.246,-9.766,0.000
1732204988.522,-34.668,-37.598,-52.246,-12.207,0.000
1732204988.526,-26.367,-40.039,-47.852,-38.086,0.000
1732204988.530,-25.879,-42.480,-51.758,-53.711,0.000
1732204988.534,-22.949,-45.410,-51.758,-44.922,0.000
1732204988.538,-22.461,-42.480,-48.340,-25.391,0.000
1732204988.542,-33.691,-40.527,-43.945,-18.066,0.000
1732204988.546,-32.715,-42.480,-34.668,-19.531,0.000
1732204988.549,-34.180,-38.086,-37.109,-13.184,0.000
1732204988.553,-36.133,-39.062,-42.480,0.000,0.000
1732204988.557,-27.344,-29.785,-42.480,10.742,0.000
1732204988.561,-24.902,-34.180,-47.852,-13.184,0.000
1732204988.565,-31.738,-41.016,-51.270,-28.809,0.000
1732204988.569,-30.273,-39.062,-47.852,-7.812,0.000
1732204988.573,-29.297,-37.109,-38.574,-0.977,0.000
1732204988.577,-37.109,-33.691,-34.668,5.859,0.000
1732204988.581,-41.504,-41.992,-40.527,-6.348,0.000
1732204988.585,-42.969,-46.875,-44.922,-39.062,0.000
1732204988.588,-40.527,-43.945,-43.457,-41.504,0.000
1732204988.592,-29.785,-44.434,-52.734,-34.180,0.000
1732204988.596,-25.879,-49.805,-59.570,-34.180,0.000
1732204988.600,-34.180,-52.734,-53.223,-34.180,0.000
1732204988.604,-35.156,-50.293,-52.246,-21.973,0.000
1732204988.608,-37.598,-57.129,-53.223,-20.020,0.000
1732204988.612,-48.340,-55.176,-47.363,-33.203,0.000
1732204988.616,-44.922,-43.457,-43.457,-45.898,0.000
1732204988.620,-41.504,-47.363,-49.316,-39.062,0.000
1732204988.624,-35.645,-47.363,-47.852,-31.738,0.000
1732204988.628,-41.016,-49.805,-56.641,-41.992,0.000
1732204988.631,-35.156,-47.852,-62.988,-44.922,0.000
1732204988.635,-23.926,-40.527,-51.270,-41.992,0.000
1732204988.639,-18.066,-38.086,-47.852,-35.156,0.000
1732204988.643,-22.461,-33.691,-44.922,-36.133,0.000
1732204988.647,-30.762,-25.879,-41.504,-37.109,0.000
1732204988.651,-16.602,-22.949,-41.504,-25.879,0.000
1732204988.655,-20.508,-27.832,-43.945,-20.020,0.000
1732204988.659,-36.133,-27.344,-45.410,-17.090,0.000
1732204988.663,-40.527,-31.250,-49.805,-7.812,0.000
1732204988.667,-29.297,-41.504,-54.688,3.418,0.000
1732204988.670,-20.996,-31.250,-49.316,9.766,0.000
1732204988.674,-21.973,-26.367,-43.457,-7.324,0.000
1732204988.678,-19.043,-34.668,-39.062,-31.738,0.000
1732204988.682,-21.973,-27.344,-35.645,-28.320,0.000
1732204988.686,-29.297,-25.391,-36.133,-29.297,0.000
1732204988.690,-38.574,-31.738,-43.457,-43.457,0.000
1732204988.694,-23.438,-29.785,-47.363,-47.363,0.000
1732204988.698,-30.273,-28.320,-42.969,-42.480,0.000
1732204988.702,-42.969,-28.320,-47.363,-33.203,0.000
1732204988.706,-35.645,-30.273,-53.223,-29.297,0.000
1732204988.710,-36.621,-35.156,-37.109,-24.902,0.000
1732204988.713,-30.273,-30.762,-26.367,-27.832,0.000
1732204988.717,-38.086,-32.715,-32.227,-36.133,0.000
1732204988.721,-32.227,-36.621,-41.992,-20.020,0.000
1732204988.725,-32.715,-25.391,-49.316,-19.531,0.000
1732204988.729,-45.410,-27.832,-40.527,-28.809,0.000
1732204988.733,-38.086,-32.227,-29.297,-25.879,0.000
1732204988.737,-30.762,-28.809,-28.809,-15.137,0.000
1732204988.741,-15.625,-33.691,-34.180,-8.789,0.000
1732204988.745,-12.695,-29.785,-33.691,-9.277,0.000
1732204988.749,-26.367,-23.926,-29.785,-5.371,0.000
1732204988.753,-29.297,-25.391,-37.598,7.324,0.000
1732204988.756,-27.832,-35.156,-39.551,-6.836,0.000
1732204988.760,-26.367,-37.109,-39.551,-25.879,0.000
1732204988.764,-25.391,-30.273,-37.109,-23.926,0.000
1732204988.768,-18.555,-32.227,-33.203,-14.648,0.000
1732204988.772,-14.648,-33.203,-37.109,-7.324,0.000
1732204988.776,-21.484,-27.344,0.000,-5.859,0.000
1732204988.780,-24.414,-25.391,0.000,1.953,0.000
1732204988.784,-26.855,-33.691,0.000,0.488,0.000
1732204988.788,-29.297,-31.738,0.000,-10.254,0.000
1732204988.792,-21.973,-28.809,0.000,-26.367,0.000
1732204988.796,-15.625,-28.809,0.000,-41.504,0.000
1732204988.799,-31.250,-28.320,0.000,-38.086,0.000
1732204988.803,-40.527,-28.320,0.000,-28.320,0.000
1732204988.807,-38.574,-26.367,0.000,-18.066,0.000
1732204988.811,-33.691,-24.414,0.000,-19.531,0.000
1732204988.815,-22.949,-29.297,0.000,-30.273,0.000
1732204988.819,-19.043,-30.762,0.000,-31.738,0.000
1732204988.823,0.000,-34.668,-39.062,-26.855,0.000
1732204988.827,0.000,-38.574,-41.016,-24.414,0.000
1732204988.831,0.000,-32.227,-36.621,-35.645,0.000
1732204988.835,0.000,-32.227,-40.527,-39.062,0.000
1732204988.838,0.000,-35.156,-37.109,-31.738,0.000
1732204988.842,0.000,-32.715,-33.691,-27.344,0.000
1732204988.846,0.000,-37.109,-38.086,-18.555,0.000
1732204988.850,0.000,-40.039,-43.945,-4.883,0.000
1732204988.854,0.000,-35.156,-43.457,-10.742,0.000
1732204988.858,0.000,-34.668,-43.945,-42.969,0.000
1732204988.862,0.000,-39.062,-51.758,-51.270,0.000
1732204988.866,0.000,-41.016,-45.898,-28.320,0.000
1732204988.870,-14.160,-28.809,-35.645,-13.672,0.000
1732204988.874,-21.973,-28.320,-39.551,-13.184,0.000
1732204988.878,-19.043,-37.598,-41.016,-19.531,0.000
1732204988.881,-8.789,-28.809,-40.039,-27.832,0.000
1732204988.885,-7.812,-24.902,-41.016,-28.809,0.000
1732204988.889,-26.855,-42.480,-47.363,-18.066,0.000
1732204988.893,-24.902,-41.504,-42.480,-4.395,0.000
1732204988.897,-18.066,-20.996,-42.480,-0.488,0.000
1732204988.901,-18.066,-22.949,-50.293,-20.020,0.000
1732204988.905,-15.137,-32.715,-50.781,-25.879,0.000
1732204988.909,-20.020,-41.992,-41.504,-6.348,0.000
1732204988.913,-21.484,-42.480,-24.902,0.977,0.000
1732204988.917,-15.137,-40.039,-32.227,-5.859,0.000
1732204988.921,-13.184,-42.969,-45.410,-7.812,0.000
1732204988.924,-22.949,-40.039,-35.645,1.953,0.000
1732204988.928,-27.344,-39.551,-27.344,-18.555,0.000
1732204988.932,-11.230,-39.062,-24.902,-36.621,0.000
1732204988.936,-6.348,-39.062,-26.855,-30.762,0.000
1732204988.940,-19.043,-39.062,-34.668,-22.949,0.000
1732204988.944,-18.555,-33.203,-43.457,-20.508,0.000
1732204988.948,-17.090,-39.551,-34.180,-18.066,0.000
1732204988.952,-27.344,-45.410,-22.461,-8.301,0.000
1732204988.956,-34.180,-37.598,-25.391,-11.719,0.000
1732204988.960,-29.297,-30.273,-22.461,-20.996,0.000
1732204988.963,-24.414,-29.785,-15.625,-12.207,0.000
1732204988.967,-25.391,-32.227,-18.555,3.418,0.000
1732204988.971,-33.203,-28.320,-21.484,0.488,0.000
1732204988.975,-26.855,-27.832,-27.832,-18.066,0.000
1732204988.979,-29.297,-28.320,-34.668,-22.949,0.000
1732204988.983,-35.156,-36.621,-23.926,-16.113,0.000
1732204988.987,-26.855,-42.969,-16.602,-12.695,0.000
1732204988.991,-26.367,-27.832,-25.391,-5.859,0.000
1732204988.995,-16.113,-20.508,-24.414,1.465,0.000
1732204988.999,-7.812,-27.344,-20.020,6.836,0.000
1732204989.003,-9.277,-31.738,-21.484,-21.484,0.000
1732204989.006,-7.324,-29.785,-24.902,-25.879,0.000
1732204989.010,0.000,-25.879,-34.180,-17.578,0.000
1732204989.014,0.000,-19.043,-39.062,-8.301,0.000
1732204989.018,0.000,-13.184,-28.809,-2.441,0.000
1732204989.022,0.000,-11.230,-29.297,-24.414,0.000
1732204989.026,0.000,-18.066,-34.668,-14.648,0.000
1732204989.030,0.000,-29.297,-28.809,-21.484,0.000
1732204989.034,0.000,-27.832,-31.250,-37.598,0.000
1732204989.038,0.000,-23.438,-29.785,0.977,0.000
1732204989.042,0.000,-24.902,-27.832,24.414,0.000
1732204989.045,0.000,-34.180,-34.180,16.602,0.000
1732204989.049,0.000,-36.133,-32.227,2.441,0.000
1732204989.053,0.000,-33.203,-34.180,-3.418,0.000
1732204989.057,-31.250,-36.133,-34.668,1.953,0.000
1732204989.061,-18.555,-39.551,-30.762,14.160,0.000
1732204989.065,-17.090,-41.504,-33.203,20.508,0.000
1732204989.069,-9.766,-31.738,-32.227,13.184,0.000
1732204989.073,4.883,-25.879,-31.250,7.812,0.000
1732204989.077,-9.277,-32.227,-47.363,-26.855,0.000
1732204989.081,-8.301,-32.227,-47.363,-34.668,0.000
1732204989.085,-8.789,-38.086,-43.945,-8.301,0.000
1732204989.088,-12.695,-46.875,-50.781,2.441,0.000
1732204989.092,-7.812,-39.062,-46.875,7.324,0.000
1732204989.096,-3.906,-22.461,-39.062,2.930,0.000
1732204989.100,-1.953,-19.531,-38.086,-2.441,0.000
1732204989.104,0.000,-29.297,-38.574,-0.977,0.000
1732204989.108,0.000,-25.879,-33.203,-4.883,0.000
1732204989.112,0.000,-27.832,-36.621,-11.230,0.000
1732204989.116,0.000,-34.668,-44.434,-6.836,0.000
1732204989.120,0.000,-34.668,-41.992,16.602,0.000
1732204989.124,0.000,-37.109,-37.109,24.902,0.000
1732204989.128,0.000,-37.109,-43.945,2.930,0.000
1732204989.131,0.000,-39.551,-46.875,2.930,0.000
1732204989.135,0.000,-39.062,-44.922,-1.953,0.000
1732204989.139,0.000,-37.598,-55.664,-16.113,0.000
1732204989.143,0.000,-36.133,-46.875,11.230,0.000
1732204989.147,0.000,-43.457,-41.016,16.113,0.000
1732204989.151,-10.254,-56.641,-49.805,-2.441,0.000
1732204989.155,-6.836,-55.176,-50.781,-10.254,0.000
1732204989.159,3.906,-43.457,-45.410,-5.859,0.000
1732204989.163,10.254,-43.457,-43.945,-2.441,0.000
1732204989.167,-2.930,-45.898,-43.945,-2.441,0.000
1732204989.170,8.301,-41.992,-40.039,0.488,0.000
1732204989.174,19.043,-34.180,-46.387,6.348,0.000
1732204989.178,6.836,-34.668,-41.504,28.320,0.000
1732204989.182,9.277,-37.109,-36.133,29.785,0.000
1732204989.186,5.371,-44.922,-43.457,15.625,0.000
1732204989.190,5.371,-48.828,-38.086,24.414,0.000
1732204989.194,6.348,-42.480,-31.738,29.785,0.000
1732204989.198,6.836,-49.316,-35.645,17.578,0.000
1732204989.202,8.301,-52.734,-43.457,32.227,0.000
1732204989.206,3.418,-55.176,-52.246,41.992,0.000
1732204989.210,-0.488,-60.059,-45.898,21.484,0.000
1732204989.213,5.859,-56.641,-45.898,5.371,0.000
1732204989.217,14.648,-56.641,-44.434,13.184,0.000
1732204989.221,8.789,-55.664,-39.551,17.090,0.000
1732204989.225,14.648,-57.617,-41.992,11.230,0.000
1732204989.229,20.508,-55.176,-41.016,16.602,0.000
1732204989.233,15.137,-52.734,-43.457,9.766,0.000
1732204989.237,10.254,-65.430,-40.039,-1.465,0.000
1732204989.241,14.160,-62.988,-41.504,9.277,0.000
1732204989.245,22.949,-55.176,-42.480,17.090,0.000
1732204989.249,19.043,-60.059,-48.340,20.020,0.000
1732204989.253,19.531,-69.336,-58.105,31.250,0.000
1732204989.256,22.949,-64.941,-53.223,28.809,0.000
1732204989.260,39.551,-44.922,-41.504,21.973,0.000
1732204989.264,37.598,-46.387,-40.039,19.531,0.000
1732204989.268,25.391,-59.570,-45.410,23.926,0.000
1732204989.272,24.414,-63.965,-45.410,31.250,0.000
1732204989.276,20.508,-68.359,-47.852,16.113,0.000
1732204989.280,31.250,-59.082,-46.875,30.762,0.000
1732204989.284,42.480,-51.758,-46.875,42.480,0.000
1732204989.288,56.152,-49.316,-54.688,33.203,0.000
1732204989.292,43.457,-47.363,-51.758,43.457,0.000
1732204989.295,27.344,-58.594,-52.734,46.387,0.000
1732204989.299,23.926,-60.059,-62.988,28.809,0.000
1732204989.303,13.672,-62.988,-67.383,10.254,0.000
1732204989.307,5.859,-76.172,-64.453,18.066,0.000
1732204989.311,6.348,-75.195,-66.406,26.855,0.000
1732204989.315,11.230,-71.777,-60.547,21.973,0.000
1732204989.319,21.484,-67.383,-55.664,17.578,0.000
1732204989.323,19.531,-64.453,-50.781,31.738,0.000
1732204989.327,15.137,-69.824,-48.828,38.574,0.000
1732204989.331,23.926,-66.895,-54.199,27.832,0.000
1732204989.335,30.273,-63.965,-55.176,0.488,0.000
1732204989.338,17.578,-67.871,-57.617,-5.371,0.000
1732204989.342,9.766,-69.336,-56.152,10.742,0.000
1732204989.346,18.066,-72.754,-49.316,14.160,0.000
1732204989.350,25.391,-74.707,-56.152,15.137,0.000
1732204989.354,22.949,-70.801,-61.523,21.973,0.000
1732204989.358,24.414,-73.242,-52.734,17.090,0.000
1732204989.362,27.344,-67.871,-60.547,24.902,0.000
1732204989.366,33.203,-64.453,-63.965,36.621,0.000
1732204989.370,27.832,-81.543,-52.734,35.645,0.000
1732204989.374,27.832,-82.520,-56.152,42.969,0.000
1732204989.377,40.527,-67.383,-61.523,34.180,0.000
1732204989.381,37.109,-68.359,-62.988,37.109,0.000
1732204989.385,38.086,-70.801,-65.430,25.879,0.000
1732204989.389,37.109,-76.172,-59.570,7.812,0.000
1732204989.393,22.949,-81.543,-55.176,21.973,0.000
1732204989.397,24.902,-84.961,-58.594,23.438,0.000
1732204989.401,31.738,-93.262,-59.570,27.832,0.000
1732204989.405,21.973,-100.586,-68.848,30.273,0.000
1732204989.409,18.555,-103.027,-72.266,22.949,0.000
1732204989.413,19.043,-101.562,-63.965,23.926,0.000
1732204989.417,11.230,-101.074,-65.430,27.832,0.000
1732204989.420,13.184,-102.539,-68.359,27.832,0.000
1732204989.424,8.789,-98.145,-73.242,9.766,0.000
1732204989.428,6.836,-92.773,-72.266,13.672,0.000
1732204989.432,16.602,-96.191,-60.547,29.785,0.000
1732204989.436,19.043,-100.098,-62.500,25.391,0.000
1732204989.440,17.090,-101.562,-62.988,20.020,0.000
1732204989.444,16.113,-106.445,-65.918,20.508,0.000
1732204989.448,5.859,-106.445,-73.730,26.855,0.000
1732204989.452,7.812,-97.168,-71.777,31.250,0.000
1732204989.456,20.020,-104.004,-72.754,23.926,0.000
1732204989.460,24.902,-105.469,-75.684,9.766,0.000
1732204989.463,21.973,-96.191,-69.336,18.555,0.000
1732204989.467,24.414,-94.727,-73.242,18.066,0.000
1732204989.471,38.086,-98.145,-86.914,18.555,0.000
1732204989.475,33.203,-97.656,-75.684,22.461,0.000
1732204989.479,20.020,-99.609,-67.871,16.602,0.000
1732204989.483,24.414,-97.168,-61.523,15.137,0.000
1732204989.487,20.508,-98.633,-72.754,20.996,0.000
1732204989.491,22.949,-96.680,-84.473,16.602,0.000
1732204989.495,16.113,-93.262,-81.055,11.719,0.000
1732204989.499,1.465,-101.562,-87.402,12.207,0.000
1732204989.503,5.371,-101.074,-96.680,-6.836,0.000
1732204989.506,5.371,-98.145,-92.773,1.465,0.000
1732204989.510,3.906,-99.609,-95.215,19.531,0.000
1732204989.514,7.812,-104.980,-91.797,7.812,0.000
1732204989.518,11.719,-104.980,-76.660,6.836,0.000
1732204989.522,6.348,-106.445,-83.496,-6.836,0.000
1732204989.526,-4.395,-112.305,-91.309,-25.391,0.000
1732204989.530,-12.207,-110.840,-91.797,-6.836,0.000
1732204989.534,-9.766,-107.422,-98.145,-0.488,0.000
1732204989.538,16.113,-107.422,-102.051,4.395,0.000
1732204989.542,30.762,-108.398,-89.844,36.133,0.000
1732204989.545,9.766,-104.980,-83.984,41.992,0.000
1732204989.549,-2.441,-104.492,-86.914,18.555,0.000
1732204989.553,10.254,-104.492,-83.984,21.484,0.000
1732204989.557,18.066,-102.051,-79.590,16.113,0.000
1732204989.561,22.461,-98.633,-79.590,1.465,0.000
1732204989.565,20.020,-107.910,-83.008,0.488,0.000
1732204989.569,16.602,-116.211,-81.543,-13.672,0.000
1732204989.573,27.832,-108.887,-86.914,-13.672,0.000
1732204989.577,31.250,-110.352,-87.402,-7.324,0.000
1732204989.581,13.184,-119.141,-81.055,-8.301,0.000
1732204989.585,9.766,-123.047,-82.031,5.859,0.000
1732204989.588,4.883,-129.395,-89.355,17.578,0.000
1732204989.592,-3.906,-122.070,-84.961,28.320,0.000
1732204989.596,-3.906,-118.652,-82.031,32.715,0.000
1732204989.600,-15.137,-126.953,-83.496,26.855,0.000
1732204989.604,-19.043,-117.676,-81.543,5.371,0.000
1732204989.608,-15.137,-114.258,-90.332,-14.648,0.000
1732204989.612,-11.719,-120.605,-85.938,-10.742,0.000
1732204989.616,-7.324,-119.141,-91.309,9.277,0.000
1732204989.620,0.000,-116.699,-104.004,-35.156,0.000
1732204989.624,0.000,-115.723,-92.773,-63.965,0.000
1732204989.628,0.000,-113.770,-91.797,-24.414,0.000
1732204989.631,0.000,-115.723,-96.680,-13.184,0.000
1732204989.635,0.000,-126.953,-90.332,-9.277,0.000
1732204989.639,0.000,-126.465,-86.914,-4.395,0.000
1732204989.643,0.000,-116.211,-83.496,-8.301,0.000
1732204989.647,0.000,-109.863,-86.914,-3.418,0.000
1732204989.651,0.000,-106.445,-88.867,-7.812,0.000
1732204989.655,0.000,-108.398,-89.844,-23.438,0.000
1732204989.659,0.000,-108.887,-92.285,-17.090,0.000
1732204989.663,0.000,-106.934,-92.285,-9.766,0.000
1732204989.667,-25.879,-117.188,-95.703,-11.230,0.000
1732204989.671,-32.227,-115.234,-94.238,-7.812,0.000
1732204989.674,-43.945,-107.422,-97.656,-9.277,0.000
1732204989.678,-41.992,-112.793,-104.004,-13.672,0.000
1732204989.682,-41.016,-121.582,-94.727,-15.137,0.000
1732204989.686,-38.574,-125.488,-101.562,0.488,0.000
1732204989.690,-38.086,-131.348,-102.539,0.977,0.000
1732204989.694,-38.574,-131.836,-95.215,-30.273,0.000
1732204989.698,-27.832,-124.023,-111.816,-29.297,0.000
1732204989.702,-29.297,-124.023,-118.652,-7.812,0.000
1732204989.706,-34.668,-121.094,-107.422,-1.953,0.000
1732204989.710,-37.109,-119.629,-98.633,6.348,0.000
1732204989.714,-35.156,-122.559,-98.145,-2.930,0.000
1732204989.717,-32.715,-118.652,-103.027,-20.508,0.000
1732204989.721,-38.574,-124.023,-105.469,-15.137,0.000
1732204989.725,-36.133,-127.930,-105.957,-16.113,0.000
1732204989.729,-33.691,-122.070,-104.980,-25.391,0.000
1732204989.733,-37.109,-123.047,-105.957,-27.832,0.000
1732204989.737,-37.598,-125.977,-95.703,-25.879,0.000
1732204989.741,-41.992,-124.512,-89.844,-27.832,0.000
1732204989.745,-44.922,-117.676,-103.027,-24.902,0.000
1732204989.749,-38.086,-128.906,-110.352,-16.602,0.000
1732204989.753,-23.926,-126.953,-101.562,-32.227,0.000
1732204989.756,-30.273,-101.562,-92.773,-29.785,0.000
1732204989.760,-55.176,-101.562,-93.262,-20.508,0.000
1732204989.764,-58.594,-107.910,-100.098,-20.996,0.000
1732204989.768,-53.711,-103.516,-101.074,-16.113,0.000
1732204989.772,-47.363,-106.445,-94.238,-14.648,0.000
1732204989.776,-50.781,-112.305,-100.586,-18.555,0.000
1732204989.780,-55.176,-109.375,-105.469,-40.527,0.000
1732204989.784,-54.199,-104.492,-109.863,-46.875,0.000
1732204989.788,-50.781,-101.074,-106.934,-37.109,0.000
1732204989.792,-41.504,-100.098,-97.168,-23.438,0.000
1732204989.796,-47.852,-105.469,-101.074,-30.273,0.000
1732204989.799,-53.711,-107.910,-106.445,-43.457,0.000
1732204989.803,-53.711,-98.633,-102.539,-33.691,0.000
1732204989.807,-54.199,-94.238,-105.469,-19.531,0.000
1732204989.811,-50.293,-96.191,-105.469,-8.789,0.000
1732204989.815,-55.664,-101.074,-102.539,-43.457,0.000
1732204989.819,-49.316,-97.656,-107.910,-52.734,0.000
1732204989.823,-40.527,-93.262,-104.004,-15.625,0.000
1732204989.827,-42.969,-94.727,-96.191,-24.414,0.000
1732204989.831,-43.945,-92.285,-98.633,-23.438,0.000
1732204989.835,-41.992,-87.402,-103.027,-27.344,0.000
1732204989.839,-34.668,-87.402,-92.285,-29.785,0.000
1732204989.842,-31.738,-82.520,-90.332,-21.973,0.000
1732204989.846,-56.152,-83.496,-100.586,-20.508,0.000
1732204989.850,-67.383,-91.797,-87.891,-23.438,0.000
1732204989.854,-62.012,-85.938,-85.938,-31.250,0.000
1732204989.858,-61.035,-89.355,-101.074,-29.297,0.000
1732204989.862,-61.523,-97.656,-112.793,-37.109,0.000
1732204989.866,-56.152,-103.516,-111.816,-35.156,0.000
1732204989.870,-50.781,-103.027,-105.957,-14.648,0.000
1732204989.874,-47.852,-95.703,-114.746,-9.277,0.000
1732204989.878,-42.969,-94.238,-114.746,-22.461,0.000
1732204989.881,-47.852,-101.074,-112.793,-36.133,0.000
1732204989.885,-57.129,-101.562,-115.723,-27.832,0.000
1732204989.889,-55.176,-90.332,-104.980,-2.930,0.000
1732204989.893,-62.500,-93.262,-93.262,3.418,0.000
1732204989.897,-70.312,-92.773,-91.797,-26.367,0.000
1732204989.901,0.000,-87.402,-99.121,-42.480,0.000
1732204989.905,0.000,-84.473,-95.215,-44.922,0.000
1732204989.909,0.000,-81.543,-94.727,-50.781,0.000
1732204989.913,0.000,-83.496,-86.426,-33.691,0.000
1732204989.917,0.000,-81.543,-80.566,-23.926,0.000
1732204989.921,0.000,-83.984,-91.797,-33.691,0.000
1732204989.924,0.000,-93.750,-88.867,-27.344,0.000
1732204989.928,0.000,-100.098,-91.309,-20.508,0.000
1732204989.932,0.000,-104.004,-100.098,-31.250,0.000
1732204989.936,0.000,-107.910,-100.586,-28.809,0.000
1732204989.940,0.000,-99.609,-98.633,-29.785,0.000
1732204989.944,0.000,-87.402,-96.680,-54.199,0.000
1732204989.948,-75.684,-87.402,-104.980,-47.363,0.000
1732204989.952,-61.035,-83.984,-114.746,-42.969,0.000
1732204989.956,-61.523,-86.426,-105.469,-39.551,0.000
1732204989.960,-62.988,-92.773,-93.750,-13.184,0.000
1732204989.963,-70.312,-94.238,-95.215,-15.625,0.000
1732204989.967,-66.406,-93.750,-105.469,-28.320,0.000
1732204989.971,-58.105,-93.262,-107.422,-40.039,0.000
1732204989.975,-62.500,-99.121,-105.469,-34.668,0.000
1732204989.979,-62.500,-94.238,-103.027,-22.461,0.000
1732204989.983,-55.664,-80.566,-95.703,-14.160,0.000
1732204989.987,-48.340,-70.312,-97.168,-11.230,0.000
1732204989.991,-47.363,-71.777,-97.656,-13.672,0.000
1732204989.995,-50.781,-74.219,-95.215,-23.438,0.000
1732204989.999,-46.875,-73.730,-91.797,-25.391,0.000
1732204990.003,-42.969,-78.125,-88.867,-29.297,0.000
1732204990.006,-36.621,-75.195,-89.355,-35.156,0.000
1732204990.010,-45.898,-78.125,-89.844,-33.203,0.000
1732204990.014,-57.129,-80.078,-94.238,-33.203,0.000
1732204990.018,-62.988,-76.172,-95.703,-21.973,0.000
1732204990.022,-64.941,-77.637,-98.633,-20.020,0.000
1732204990.026,-62.500,-76.172,-104.492,-41.016,0.000
1732204990.030,-59.570,-70.312,-105.957,-53.711,0.000
1732204990.034,-61.035,-69.824,-99.609,-40.527,0.000
1732204990.038,-57.129,-70.312,-87.891,-25.391,0.000
1732204990.042,0.000,-74.707,-83.496,-19.043,0.000
1732204990.046,0.000,-76.660,-81.055,-22.949,0.000
1732204990.049,0.000,-68.359,-81.543,-18.066,0.000
1732204990.053,0.000,-63.965,-81.543,-24.414,0.000
1732204990.057,0.000,-67.383,-79.590,-36.133,0.000
1732204990.061,0.000,-62.012,-78.613,-51.758,0.000
1732204990.065,0.000,-62.988,-75.195,-54.688,0.000
1732204990.069,0.000,-75.684,-70.312,-46.387,0.000
1732204990.073,0.000,-72.754,-75.684,-47.363,0.000
1732204990.077,0.000,-68.359,-78.125,-32.227,0.000
1732204990.081,0.000,-63.965,-77.637,-48.340,0.000
1732204990.085,0.000,-61.035,-82.031,-61.035,0.000
1732204990.088,-49.805,-72.266,-83.008,-57.617,0.000
1732204990.092,-50.781,-71.289,-79.102,-51.758,0.000
1732204990.096,-29.297,-69.336,-80.078,-40.527,0.000
1732204990.100,-34.668,-71.777,-87.402,-32.227,0.000
1732204990.104,-62.012,-72.266,-85.938,-30.762,0.000
1732204990.108,-59.082,-61.523,-85.938,-42.480,0.000
1732204990.112,-48.828,-51.270,-85.449,-45.898,0.000
1732204990.116,-46.875,-51.270,-82.520,-53.223,0.000
1732204990.120,-50.781,-58.105,-83.008,-69.824,0.000
1732204990.124,-50.781,-65.430,-83.984,-66.895,0.000
1732204990.127,-55.664,-65.430,-97.168,-59.082,0.000
1732204990.131,-59.082,-65.430,-95.215,-54.199,0.000
1732204990.135,-62.500,-63.477,-78.613,-48.828,0.000
1732204990.139,-45.898,-67.383,-80.078,-51.270,0.000
1732204990.143,-44.434,-65.918,-89.355,-48.340,0.000
1732204990.147,-59.570,-56.641,-84.473,-63.477,0.000
1732204990.151,-53.223,-55.176,-75.684,-62.988,0.000
1732204990.155,-56.641,-61.035,-72.266,-37.598,0.000
1732204990.159,-58.105,-62.012,-75.195,-41.016,0.000
1732204990.162,-49.316,-62.500,-81.543,-49.316,0.000
1732204990.166,-49.316,-68.359,-83.008,-50.293,0.000
1732204990.170,-52.734,-56.641,-76.660,-60.547,0.000
1732204990.174,-48.340,-51.758,-75.195,-72.754,0.000
1732204990.178,-39.062,-50.293,-88.379,-66.895,0.000
1732204990.182,-60.059,-53.223,-83.496,-68.848,0.000
1732204990.186,-69.336,-63.965,-78.125,-71.777,0.000
1732204990.190,-62.500,-64.453,-82.031,-67.383,0.000
1732204990.194,-64.453,-66.406,-78.125,-69.336,0.000
1732204990.198,-64.941,-69.336,-83.984,-83.496,0.000
1732204990.202,-60.059,-61.523,-81.055,-84.473,0.000
1732204990.205,-60.059,-51.758,-71.777,-68.848,0.000
1732204990.209,-69.336,-59.082,-77.148,-62.500,0.000
1732204990.213,-75.684,-67.871,-95.703,-62.500,0.000
1732204990.217,-70.312,-71.777,-102.539,-61.035,0.000
1732204990.221,-56.152,-79.102,-93.750,-71.289,0.000
1732204990.225,-59.570,-79.102,-87.891,-77.637,0.000
1732204990.229,-54.199,-66.895,-88.867,-69.336,0.000
1732204990.233,-53.223,-64.453,-96.680,-62.988,0.000
1732204990.237,-74.219,-67.383,-98.633,-60.547,0.000
1732204990.241,-82.031,-69.336,-93.750,-67.871,0.000
1732204990.245,-73.242,-69.824,-85.449,-60.059,0.000
1732204990.248,-67.871,-64.453,-92.285,-53.223,0.000
1732204990.252,-71.289,-62.500,-100.586,-94.238,0.000
1732204990.256,-66.406,-71.289,-90.332,-100.098,0.000
1732204990.260,-64.453,-77.148,-91.309,-65.430,0.000
1732204990.264,-64.453,-74.707,-97.656,-66.406,0.000
1732204990.268,-66.406,-82.031,-98.145,-71.777,0.000
1732204990.272,-63.477,-82.520,-102.051,-68.359,0.000
1732204990.276,-70.801,-69.824,-99.121,-57.129,0.000
1732204990.280,-67.871,-76.660,-92.773,-51.758,0.000
1732204990.284,-68.848,-82.520,-93.262,-59.570,0.000
1732204990.287,-73.242,-78.125,-94.727,-72.754,0.000
1732204990.291,-73.242,-78.613,-94.238,-68.359,0.000
1732204990.295,-79.102,-72.266,-100.098,-71.777,0.000
1732204990.299,-72.266,-68.848,-100.098,-98.145,0.000
1732204990.303,-65.430,-70.801,-96.191,-72.266,0.000
1732204990.307,-53.711,-66.895,-93.750,-46.875,0.000
1732204990.311,-43.945,-67.871,-92.773,-64.453,0.000
1732204990.315,-56.641,-71.777,-97.656,-73.730,0.000
1732204990.319,-67.383,-69.824,-101.074,-72.754,0.000
1732204990.323,-65.430,-71.777,-101.074,-74.707,0.000
1732204990.327,-58.594,-67.383,-96.680,-69.824,0.000
1732204990.330,-64.941,-64.453,-89.355,-67.383,0.000
1732204990.334,-82.031,-65.430,-86.426,-74.219,0.000
1732204990.338,-86.426,-66.895,-87.891,-66.406,0.000
1732204990.342,-78.613,-73.730,-84.961,-62.500,0.000
1732204990.346,-80.566,-68.359,-88.867,-72.754,0.000
1732204990.350,-80.078,-54.688,-96.191,-88.867,0.000
1732204990.354,-72.266,-49.805,-90.332,-86.426,0.000
1732204990.358,-72.754,-52.246,-87.402,-73.242,0.000
1732204990.362,-73.730,-57.617,-89.355,-62.500,0.000
1732204990.366,-76.660,-60.059,-90.332,-57.617,0.000
1732204990.370,-75.684,-60.059,-92.773,-69.824,0.000
1732204990.373,-76.172,-65.430,-94.238,-63.965,0.000
1732204990.377,-64.941,-65.918,-96.191,-69.336,0.000
1732204990.381,-51.270,-64.941,-93.750,-64.453,0.000
1732204990.385,-68.359,-65.430,-88.379,-46.875,0.000
1732204990.389,-67.383,-69.824,-83.984,-51.270,0.000
1732204990.393,-67.383,-83.496,-75.195,-53.223,0.000
1732204990.397,-71.289,-78.125,-80.566,-55.176,0.000
1732204990.401,-74.219,-65.918,-90.332,-59.082,0.000
1732204990.405,-75.684,-65.430,-80.566,-69.824,0.000
1732204990.409,-73.242,-67.871,-79.590,-81.055,0.000
1732204990.412,-72.266,-71.289,-83.008,-63.477,0.000
1732204990.416,-71.289,-67.383,-76.172,-40.527,0.000
1732204990.420,-75.684,-64.941,-76.172,-54.688,0.000
1732204990.424,-79.102,-64.453,-79.102,-77.148,0.000
1732204990.428,-74.219,-59.570,-79.102,-82.031,0.000
1732204990.432,-82.031,-60.547,-84.961,-85.938,0.000
1732204990.436,-87.891,-68.359,-96.191,-91.309,0.000
1732204990.440,-88.379,-71.289,-94.238,-93.262,0.000
1732204990.444,-93.262,-64.941,-92.285,-89.355,0.000
1732204990.448,-91.309,-69.336,-88.867,-69.824,0.000
1732204990.452,-80.078,-81.055,-83.496,-64.453,0.000
1732204990.455,-74.707,-70.801,-84.961,-75.684,0.000
1732204990.459,-78.125,-59.570,-81.543,-79.102,0.000
1732204990.463,0.000,-64.941,-73.242,-63.965,0.000
1732204990.467,0.000,-62.012,-78.613,-50.781,0.000
1732204990.471,0.000,-61.523,-92.773,-70.801,0.000
1732204990.475,0.000,-62.012,-95.215,-80.566,0.000
1732204990.479,0.000,-65.918,-85.449,-56.641,0.000
1732204990.483,0.000,-66.406,-68.359,-45.898,0.000
1732204990.487,0.000,-62.988,-65.430,-46.387,0.000
1732204990.491,0.000,-62.500,-77.148,-51.270,0.000
1732204990.494,0.000,-66.895,-82.031,-60.547,0.000
1732204990.498,0.000,-71.289,-79.590,-64.453,0.000
1732204990.502,0.000,-66.895,-66.895,-60.059,0.000
1732204990.506,0.000,-60.547,-62.500,-54.199,0.000
1732204990.510,-75.684,-58.105,-71.777,-48.828,0.000
1732204990.514,-68.359,-63.965,-70.312,-41.992,0.000
1732204990.518,-62.988,-59.570,-66.406,-53.223,0.000
1732204990.522,-56.152,-58.594,-58.594,-53.711,0.000
1732204990.526,-63.965,-64.453,-60.547,-59.570,0.000
1732204990.530,-65.430,-63.965,-69.336,-63.965,0.000
1732204990.534,-68.359,-58.594,-71.289,-54.199,0.000
1732204990.537,-75.195,-58.105,-67.871,-51.270,0.000
1732204990.541,-67.871,-66.406,-63.477,-41.992,0.000
1732204990.545,-61.035,-71.289,-68.359,-34.180,0.000
1732204990.549,-60.059,-62.988,-72.266,-36.133,0.000
1732204990.553,-59.570,-55.664,-60.547,-54.688,0.000
1732204990.557,-65.430,-57.617,-57.617,-74.707,0.000
1732204990.561,-74.707,-74.707,-60.059,-77.637,0.000
1732204990.565,-69.336,-77.637,-57.617,-66.406,0.000
1732204990.569,-69.336,-58.105,-61.523,-71.289,0.000
1732204990.573,-68.359,-51.270,-65.918,-69.336,0.000
1732204990.577,-78.613,-46.875,-57.129,-52.734,0.000
1732204990.580,-80.078,-54.688,-61.035,-69.824,0.000
1732204990.584,-70.801,-62.012,-71.289,-90.332,0.000
1732204990.588,-83.008,-59.570,-80.078,-99.609,0.000
1732204990.592,-83.008,-61.035,-78.613,-88.867,0.000
1732204990.596,-89.355,-64.453,-72.266,-69.824,0.000
1732204990.600,-93.262,-55.664,-71.777,-78.613,0.000
1732204990.604,-84.473,-47.852,-70.312,-83.984,0.000
1732204990.608,-84.961,-58.105,-73.730,-84.961,0.000
1732204990.612,-78.613,-61.035,-72.266,-83.496,0.000
1732204990.616,-76.660,-50.781,-66.406,-83.496,0.000
1732204990.620,-79.590,-53.711,-68.359,-84.473,0.000
1732204990.623,-82.031,-61.523,-71.289,-79.102,0.000
1732204990.627,-83.984,-57.617,-65.918,-64.941,0.000
1732204990.631,-83.496,-59.570,-59.570,-64.941,0.000
1732204990.635,-86.426,-65.430,-65.430,-72.266,0.000
1732204990.639,-78.613,-62.012,-72.754,-71.289,0.000
1732204990.643,-70.801,-55.664,-74.707,-87.891,0.000
1732204990.647,-90.820,-54.199,-70.801,-91.797,0.000
1732204990.651,-91.797,-51.270,-65.918,-74.219,0.000
1732204990.655,-79.102,-57.129,-66.406,-86.426,0.000
1732204990.659,-83.008,-65.918,-67.383,-90.332,0.000
1732204990.662,-75.684,-61.523,-68.359,-87.891,0.000
1732204990.666,-75.684,-55.664,-72.266,-83.984,0.000
1732204990.670,-86.914,-54.688,-69.824,-69.336,0.000
1732204990.674,-82.520,-53.711,-66.895,-62.988,0.000
1732204990.678,-78.613,-59.082,-71.777,-62.012,0.000
1732204990.682,-81.543,-65.918,-66.895,-77.148,0.000
1732204990.686,-70.312,-72.754,-62.012,-68.848,0.000
1732204990.690,-66.895,-73.730,-56.152,-55.664,0.000
1732204990.694,-72.754,-61.035,-55.664,-70.312,0.000
1732204990.698,-70.312,-67.871,-59.570,-62.012,0.000
1732204990.702,-72.754,-75.684,-62.500,-54.688,0.000
1732204990.705,-80.566,-66.406,-61.523,-56.152,0.000
1732204990.709,-89.844,-63.965,-62.012,-64.453,0.000
1732204990.713,-85.938,-64.453,-63.965,-70.312,0.000
1732204990.717,-76.660,-69.336,-64.453,-72.754,0.000
1732204990.721,-81.543,-80.078,-64.941,-73.242,0.000
1732204990.725,-85.938,-78.613,-65.430,-62.500,0.000
1732204990.729,-89.355,-70.801,-72.266,-64.941,0.000
1732204990.733,-83.496,-65.918,-64.941,-67.871,0.000
1732204990.737,-81.055,-67.871,-59.082,-60.547,0.000
1732204990.741,-81.055,-72.754,-66.406,-62.988,0.000
1732204990.745,-75.684,-65.430,-56.641,-72.754,0.000
1732204990.748,-71.777,-57.129,-46.387,-82.520,0.000
1732204990.752,-73.242,-57.617,-50.293,-81.543,0.000
1732204990.756,-94.727,-64.941,-59.082,-83.008,0.000
1732204990.760,-93.262,-62.988,-62.012,-100.586,0.000
1732204990.764,-78.125,-55.176,-55.176,-89.355,0.000
1732204990.768,-82.520,-57.617,-46.875,-68.848,0.000
1732204990.772,-78.125,-55.664,-49.805,-70.312,0.000
1732204990.776,-74.219,-40.039,-44.434,-77.637,0.000
1732204990.780,-84.961,-40.527,-38.574,-71.289,0.000
1732204990.784,-85.938,-57.129,-48.340,-78.613,0.000
1732204990.787,-75.684,-54.199,-49.805,-97.168,0.000
1732204990.791,-87.402,-50.293,-43.457,-101.074,0.000
1732204990.795,-97.168,-49.805,-33.203,-97.656,0.000
1732204990.799,-94.727,-48.340,-33.203,-103.027,0.000
1732204990.803,-103.516,-52.246,-41.504,-115.234,0.000
1732204990.807,-111.328,-49.805,-52.246,-114.258,0.000
1732204990.811,-128.418,-49.316,-58.105,-116.211,0.000
1732204990.815,-131.348,-49.805,-47.852,-126.465,0.000
1732204990.819,-127.441,-51.758,-48.828,-136.719,0.000
1732204990.823,-124.512,-54.199,-45.410,-148.926,0.000
1732204990.827,-123.047,-52.734,-27.832,-162.109,0.000
1732204990.830,-122.559,-48.828,-27.832,-137.207,0.000
1732204990.834,-122.070,-45.410,-45.898,-134.766,0.000
1732204990.838,-123.047,-53.711,-50.781,-138.184,0.000
1732204990.842,-119.629,-58.594,-44.922,-121.582,0.000
1732204990.846,-116.699,-51.270,-54.199,-144.531,0.000
1732204990.850,-111.816,-47.852,-62.012,-152.832,0.000
1732204990.854,-91.309,-47.363,-58.594,-143.066,0.000
1732204990.858,-99.609,-48.828,-60.547,-126.465,0.000
1732204990.862,-113.281,-48.828,-51.270,-114.258,0.000
1732204990.866,-103.516,-45.410,-50.293,-113.770,0.000
1732204990.869,-94.727,-48.340,-59.082,-121.094,0.000
1732204990.873,-84.961,-52.246,-53.223,-101.562,0.000
1732204990.877,-79.102,-46.387,-49.805,-83.008,0.000
1732204990.881,-82.520,-44.922,-55.176,-95.215,0.000
1732204990.885,0.000,-46.875,-64.453,-117.676,0.000
1732204990.889,0.000,-50.293,-59.570,-116.211,0.000
1732204990.893,0.000,-52.734,-52.734,-96.680,0.000
1732204990.897,0.000,-58.105,-63.965,-112.305,0.000
1732204990.901,0.000,-61.523,-67.871,-121.582,0.000
1732204990.905,0.000,-55.664,-62.012,-106.445,0.000
1732204990.909,0.000,-47.363,-64.941,-109.375,0.000
1732204990.912,0.000,-46.387,-66.895,-97.168,0.000
1732204990.916,0.000,-50.781,-66.895,-98.633,0.000
1732204990.920,0.000,-55.664,-65.918,-96.680,0.000
1732204990.924,0.000,-60.059,-54.199,-80.566,0.000
1732204990.928,0.000,-61.035,-55.664,-78.125,0.000
1732204990.932,-69.824,-57.129,-74.707,-89.844,0.000
1732204990.936,-70.801,-62.988,-78.613,-93.750,0.000
1732204990.940,-67.383,-64.941,-59.082,-78.125,0.000
1732204990.944,-62.500,-55.176,-54.199,-82.520,0.000
1732204990.948,-50.781,-61.523,-62.012,-74.219,0.000
1732204990.952,-42.480,-62.500,-59.570,-39.551,0.000
1732204990.955,-49.805,-55.664,-64.941,-55.176,0.000
1732204990.959,-48.828,-58.594,-63.965,-79.590,0.000
1732204990.963,-34.668,-62.500,-69.824,-82.031,0.000
1732204990.967,-14.160,-55.664,-82.031,-76.660,0.000
1732204990.971,-14.160,-49.805,-80.566,-64.453,0.000
1732204990.975,-34.668,-55.176,-73.730,-54.688,0.000
1732204990.979,-36.133,-60.059,-60.059,-59.082,0.000
1732204990.983,-40.527,-62.988,-69.336,-64.941,0.000
1732204990.987,-41.016,-64.941,-80.566,-43.457,0.000
1732204990.991,-32.715,-57.129,-67.871,-34.180,0.000
1732204990.995,-31.250,-47.852,-59.570,-34.180,0.000
1732204990.998,-41.016,-51.270,-63.965,-45.898,0.000
1732204991.002,-50.781,-55.664,-64.453,-69.824,0.000
1732204991.006,-55.176,-52.734,-61.035,-61.523,0.000
1732204991.010,-44.922,-54.199,-61.035,-58.105,0.000
1732204991.014,-49.316,-56.152,-62.988,-59.082,0.000
1732204991.018,-59.570,-50.293,-60.059,-41.504,0.000
1732204991.022,-53.711,-37.598,-55.176,-52.246,0.000
1732204991.026,-44.922,-36.133,-53.711,-60.547,0.000
1732204991.030,-44.922,-44.434,-60.547,-48.828,0.000
1732204991.034,-44.434,-36.621,-56.641,-48.828,0.000
1732204991.037,-40.039,-31.738,-46.875,-55.176,0.000
1732204991.041,-48.828,-41.504,-50.781,-45.410,0.000
1732204991.045,-54.199,-44.434,-55.664,-41.016,0.000
1732204991.049,-57.129,-44.922,-53.223,-37.598,0.000
1732204991.053,-55.176,-47.852,-47.363,-37.598,0.000
1732204991.057,-53.711,-46.875,-58.594,-56.152,0.000
1732204991.061,-63.965,-38.574,-63.477,-70.312,0.000
1732204991.065,-52.246,-39.062,-54.688,-54.688,0.000
1732204991.069,-52.246,-53.223,-60.547,-46.387,0.000
1732204991.073,-64.453,-59.570,-59.082,-61.523,0.000
1732204991.077,-58.105,-55.664,-50.781,-66.406,0.000
1732204991.080,-59.082,-55.176,-51.270,-54.199,0.000
1732204991.084,-62.988,-45.898,-53.711,-41.016,0.000
1732204991.088,-60.059,-48.828,-56.641,-37.109,0.000
1732204991.092,-62.988,-53.223,-52.246,-39.062,0.000
1732204991.096,-67.383,-41.992,-51.270,-41.992,0.000
1732204991.100,-65.918,-40.527,-57.617,-53.711,0.000
1732204991.104,-62.500,-44.922,-53.711,-58.105,0.000
1732204991.108,-56.152,-44.922,-44.434,-56.152,0.000
1732204991.112,-50.293,-46.387,-49.316,-49.805,0.000
1732204991.116,-63.477,-44.434,-50.781,-42.969,0.000
1732204991.119,-59.570,-40.039,-42.969,-37.598,0.000
1732204991.123,-61.035,-37.598,-41.016,-31.250,0.000
1732204991.127,-71.777,-30.273,-42.480,-35.645,0.000
1732204991.131,-76.172,-27.832,-42.480,-45.898,0.000
1732204991.135,-79.590,-41.504,-45.898,-55.176,0.000
1732204991.139,-65.430,-43.457,-55.664,-54.199,0.000
1732204991.143,-58.105,-35.645,-54.688,-62.500,0.000
1732204991.147,-62.988,-35.645,-44.922,-63.965,0.000
1732204991.151,-64.453,-28.809,-40.527,-52.246,0.000
1732204991.155,-71.289,-23.926,-40.039,-43.945,0.000
1732204991.158,-69.336,-23.926,-42.480,-38.574,0.000
1732204991.162,-67.383,-21.484,-45.898,-32.715,0.000
1732204991.166,-79.590,-21.484,-40.039,-36.133,0.000
1732204991.170,-83.496,-27.344,-38.086,-62.500,0.000
1732204991.174,-79.590,-34.668,-43.945,-86.426,0.000
1732204991.178,-73.730,-35.156,-44.434,-83.984,0.000
1732204991.182,-77.148,-37.598,-40.527,-84.473,0.000
1732204991.186,-70.312,-31.738,-36.621,-77.148,0.000
1732204991.190,-60.059,-27.832,-41.992,-72.266,0.000
1732204991.194,-70.801,-25.391,-47.363,-77.148,0.000
1732204991.198,-81.055,-22.461,-44.434,-66.406,0.000
1732204991.201,-82.520,-26.367,-47.852,-66.406,0.000
1732204991.205,-82.031,-32.715,-53.711,-68.848,0.000
1732204991.209,-70.312,-39.551,-51.758,-58.105,0.000
1732204991.213,-66.406,-30.762,-52.246,-54.688,0.000
1732204991.217,-80.078,-29.785,-54.688,-58.105,0.000
1732204991.221,-72.266,-30.273,-42.969,-52.734,0.000
1732204991.225,-67.871,-33.691,-37.598,-60.547,0.000
1732204991.229,-77.148,-41.016,-36.621,-75.195,0.000
1732204991.233,-70.801,-35.645,-38.574,-72.754,0.000
1732204991.237,-69.336,-31.250,-42.969,-54.199,0.000
1732204991.241,-78.613,-33.691,-41.992,-40.039,0.000
1732204991.244,-77.637,-33.203,-35.156,-29.785,0.000
1732204991.248,-77.148,-40.527,-38.086,-33.691,0.000
1732204991.252,-73.730,-38.086,-44.922,-56.641,0.000
1732204991.256,-70.801,-28.320,-34.668,-70.312,0.000
1732204991.260,-79.102,-27.344,-35.645,-63.965,0.000
1732204991.264,-72.754,-25.879,-33.203,-60.059,0.000
1732204991.268,-69.336,-33.203,-24.414,-57.129,0.000
1732204991.272,-75.684,-35.156,-28.809,-52.734,0.000
1732204991.276,-70.801,-37.109,-27.344,-39.062,0.000
1732204991.280,-70.312,-39.062,-30.273,-37.109,0.000
1732204991.284,-64.941,-32.227,-32.715,-64.941,0.000
1732204991.287,-67.383,-33.203,-33.203,-69.336,0.000
1732204991.291,-74.219,-37.598,-37.598,-47.852,0.000
1732204991.295,-68.359,-39.062,-35.156,-41.016,0.000
1732204991.299,-73.242,-41.504,-34.668,-40.039,0.000
1732204991.303,-82.520,-42.480,-39.062,-46.875,0.000
1732204991.307,-84.961,-34.180,-33.691,-52.246,0.000
1732204991.311,-72.754,-28.320,-30.762,-49.316,0.000
1732204991.315,-70.312,-31.738,-30.762,-53.711,0.000
1732204991.319,-80.566,-31.250,-31.738,-42.480,0.000
1732204991.323,-70.312,-32.227,-34.668,-34.668,0.000
1732204991.326,-72.754,-34.180,-39.551,-45.410,0.000
1732204991.330,-78.125,-34.668,-35.645,-44.434,0.000
1732204991.334,-80.078,-36.621,-34.180,-48.828,0.000
1732204991.338,-72.266,-34.180,-30.762,-45.410,0.000
1732204991.342,-62.500,-30.273,-27.344,-38.086,0.000
1732204991.346,-57.617,-30.273,-40.039,-53.223,0.000
1732204991.350,-64.453,-36.133,-43.457,-75.684,0.000
1732204991.354,-64.941,-41.504,-36.621,-82.520,0.000
1732204991.358,-62.988,-34.180,-26.367,-69.336,0.000
1732204991.362,-78.125,-31.738,-25.879,-55.664,0.000
1732204991.366,-81.055,-33.691,-38.086,-59.570,0.000
1732204991.369,-66.406,-28.809,-35.645,-60.059,0.000
1732204991.373,-71.289,-28.809,-26.367,-58.594,0.000
1732204991.377,-84.473,-21.484,-31.738,-67.871,0.000
1732204991.381,-74.219,-20.508,-48.828,-56.152,0.000
1732204991.385,-68.359,-32.715,-46.387,-47.363,0.000
1732204991.389,-71.777,-31.250,-29.785,-70.801,0.000
1732204991.393,-75.195,-24.414,-27.832,-83.984,0.000
1732204991.397,-70.312,-19.531,-26.855,-66.895,0.000
1732204991.401,0.000,-20.996,0.000,-53.223,0.000
1732204991.405,0.000,-22.949,0.000,-73.242,0.000
1732204991.409,0.000,-21.484,0.000,-82.031,0.000
1732204991.412,0.000,-18.066,0.000,-68.848,0.000
1732204991.416,0.000,-20.020,0.000,-73.242,0.000
1732204991.420,0.000,-23.438,0.000,-70.801,0.000
1732204991.424,0.000,-20.020,0.000,-62.012,0.000
1732204991.428,0.000,-21.484,0.000,-63.477,0.000
1732204991.432,0.000,-21.973,0.000,-83.008,0.000
1732204991.436,0.000,-17.090,0.000,-91.309,0.000
1732204991.440,0.000,-18.555,0.000,-86.914,0.000
1732204991.444,0.000,-16.113,0.000,-78.125,0.000
1732204991.448,-73.730,-18.555,-31.250,-70.312,0.000
1732204991.452,-68.848,-24.902,-26.367,-62.988,0.000
1732204991.455,-62.500,-19.043,-24.902,-53.711,0.000
1732204991.459,-61.523,-22.461,-32.715,-74.707,0.000
1732204991.463,-62.988,-23.926,-29.297,-97.656,0.000
1732204991.467,-63.477,-19.043,-31.250,-100.586,0.000
1732204991.471,-57.129,-21.973,-37.109,-102.051,0.000
1732204991.475,-64.941,-22.949,-24.902,-89.844,0.000
1732204991.479,-66.895,-20.508,-21.973,-65.918,0.000
1732204991.483,-57.617,-10.742,-15.137,-59.570,0.000
1732204991.487,-52.246,-4.883,-13.184,-64.453,0.000
1732204991.491,-40.527,-9.766,-21.484,-67.383,0.000
1732204991.495,-53.223,-18.555,-24.414,-74.707,0.000
1732204991.498,-64.941,-21.973,-17.090,-77.148,0.000
1732204991.502,-44.922,-18.555,-15.137,-90.332,0.000
1732204991.506,-50.293,-19.043,-22.949,-96.680,0.000
1732204991.510,-60.547,-20.508,-25.879,-83.984,0.000
1732204991.514,-58.594,-16.602,-23.438,-81.055,0.000
1732204991.518,-64.941,-13.672,-20.996,-84.961,0.000
1732204991.522,-62.988,-18.066,-27.344,-92.285,0.000
1732204991.526,-58.105,-21.484,-28.809,-87.402,0.000
1732204991.530,-63.477,-20.508,-28.809,-99.609,0.000
1732204991.534,-60.059,-21.973,-30.273,-99.121,0.000
1732204991.537,-51.270,-23.438,-25.391,-64.941,0.000
1732204991.541,-61.523,-20.996,-22.949,-73.730,0.000
1732204991.545,-70.801,-22.949,-15.137,-79.590,0.000
1732204991.549,-66.406,-28.320,-14.160,-79.590,0.000
1732204991.553,-69.336,-19.043,-15.137,-87.402,0.000
1732204991.557,-72.754,-15.137,-7.324,-81.055,0.000
1732204991.561,-59.082,-27.344,-5.859,-73.242,0.000
1732204991.565,-61.035,-26.855,-17.578,-81.055,0.000
1732204991.569,-62.500,-13.672,-19.043,-79.102,0.000
1732204991.573,-64.941,-16.113,-17.578,-68.359,0.000
1732204991.576,-62.988,-19.043,-17.090,-70.312,0.000
1732204991.580,-53.711,-18.555,-21.484,-75.684,0.000
1732204991.584,-66.406,-18.066,-26.855,-87.891,0.000
1732204991.588,-70.801,-20.020,-17.090,-92.773,0.000
1732204991.592,-65.918,-26.367,-16.602,-79.590,0.000
1732204991.596,-75.195,-25.391,-23.438,-83.496,0.000
1732204991.600,-71.777,-19.531,-24.414,-78.613,0.000
1732204991.604,-57.617,-20.996,-21.484,-65.918,0.000
1732204991.608,-56.152,-22.461,-21.973,-62.500,0.000
1732204991.612,-61.523,-20.020,-21.973,-62.012,0.000
1732204991.616,-59.570,-17.090,-24.414,-75.684,0.000
1732204991.619,-56.641,-16.113,-26.367,-98.633,0.000
1732204991.623,-72.266,-26.367,-26.855,-103.516,0.000
1732204991.627,-76.660,-30.273,-23.926,-95.703,0.000
1732204991.631,-61.523,-18.066,-17.578,-72.754,0.000
1732204991.635,-53.711,-19.043,-15.625,-69.824,0.000
1732204991.639,-43.457,-30.273,-18.555,-74.707,0.000
1732204991.643,-29.785,-20.996,-19.531,-73.730,0.000
1732204991.647,-20.508,-16.602,-17.578,-90.332,0.000
1732204991.651,-23.926,-20.508,-18.066,-80.566,0.000
1732204991.655,-27.344,-18.555,-10.742,-66.406,0.000
1732204991.659,-30.762,-18.066,-4.883,-63.477,0.000
1732204991.662,-66.406,-13.672,-16.602,-71.289,0.000
1732204991.666,-70.801,-16.113,-20.508,-81.543,0.000
1732204991.670,-54.199,-13.672,-19.043,-79.102,0.000
1732204991.674,-52.734,-9.277,-27.832,-75.195,0.000
1732204991.678,-54.199,-9.766,-21.973,-81.055,0.000
1732204991.682,-58.105,-11.230,-14.648,-87.891,0.000
1732204991.686,-55.664,-8.301,-26.367,-84.473,0.000
1732204991.690,-48.340,-3.906,-32.227,-84.961,0.000
1732204991.694,-55.176,-4.395,-20.996,-79.590,0.000
1732204991.698,-63.477,-5.371,-14.648,-87.402,0.000
1732204991.702,-64.453,-0.488,-17.578,-87.402,0.000
1732204991.705,-51.270,-0.977,-23.926,-67.871,0.000
1732204991.709,-52.246,-2.930,-23.438,-68.848,0.000
1732204991.713,-68.359,-4.395,-20.020,-82.031,0.000
1732204991.717,-63.965,-5.859,-31.250,-92.773,0.000
1732204991.721,-58.594,-5.371,-31.738,-101.074,0.000
1732204991.725,-57.617,-3.418,-24.902,-95.215,0.000
1732204991.729,-57.617,-0.488,-20.996,-76.660,0.000
1732204991.733,-56.641,6.348,-23.438,-78.125,0.000
1732204991.737,-56.152,19.531,-28.320,-75.195,0.000
1732204991.741,-67.383,8.301,-24.414,-80.566,0.000
1732204991.744,-63.477,0.488,-22.461,-102.051,0.000
1732204991.748,-48.828,7.324,-23.438,-81.543,0.000
1732204991.752,-57.129,9.766,-15.625,-52.734,0.000
1732204991.756,-62.500,-0.488,-15.625,-63.477,0.000
1732204991.760,-60.547,-0.488,-34.668,-77.148,0.000
1732204991.764,-54.688,6.836,-38.086,-93.750,0.000
1732204991.768,-58.594,1.953,-31.250,-95.703,0.000
1732204991.772,-64.453,-4.883,-33.691,-79.590,0.000
1732204991.776,-49.805,-2.441,-26.855,-73.242,0.000
1732204991.780,-45.898,2.441,-22.461,-66.406,0.000
1732204991.784,-54.688,-6.836,-20.996,-66.895,0.000
1732204991.787,-53.223,-7.812,-19.043,-66.895,0.000
1732204991.791,-48.340,-0.488,-16.602,-57.129,0.000
1732204991.795,-41.992,-5.371,-24.902,-68.359,0.000
1732204991.799,-51.758,-2.441,-39.062,-80.566,0.000
1732204991.803,-56.641,-0.977,-33.691,-69.824,0.000
1732204991.807,-44.922,-4.395,-28.320,-64.453,0.000
1732204991.811,-48.828,-5.859,-28.320,-68.848,0.000
1732204991.815,-59.570,-12.207,-24.902,-81.055,0.000
1732204991.819,-55.176,-8.789,-17.090,-72.754,0.000
1732204991.823,-46.875,-0.977,-12.695,-55.176,0.000
1732204991.827,-40.039,3.906,-16.602,-57.617,0.000
1732204991.830,-43.457,-2.441,-23.926,-62.012,0.000
1732204991.834,-56.641,-9.277,-28.809,-71.289,0.000
1732204991.838,-51.270,-6.348,-30.273,-65.918,0.000
1732204991.842,-37.109,-7.324,-24.902,-54.199,0.000
1732204991.846,-53.223,-13.672,-23.438,-46.875,0.000
1732204991.850,-62.988,-16.113,-27.344,-58.594,0.000
1732204991.854,-47.363,-10.742,-18.555,-89.844,0.000
1732204991.858,-46.875,-9.277,-20.508,-88.867,0.000
1732204991.862,-50.781,-7.812,-34.668,-86.914,0.000
1732204991.866,-53.223,-14.648,-32.715,-83.496,0.000
1732204991.869,-57.129,-17.090,-25.391,-65.918,0.000
1732204991.873,-61.035,-5.371,-25.879,-66.895,0.000
1732204991.877,-65.430,-11.230,-30.762,-71.289,0.000
1732204991.881,-64.453,-9.766,-22.461,-65.430,0.000
1732204991.885,-67.871,0.000,-15.137,-56.641,0.000
1732204991.889,-62.500,-3.906,-28.320,-63.477,0.000
1732204991.893,-57.129,-17.578,-31.250,-65.430,0.000
1732204991.897,-62.500,-13.184,-25.879,-63.477,0.000
1732204991.901,-61.035,0.000,-26.367,-75.195,0.000
1732204991.905,-60.059,2.441,-31.250,-89.355,0.000
1732204991.908,-49.805,0.488,-28.809,-81.055,0.000
1732204991.912,-55.176,-4.395,-26.855,-76.172,0.000
1732204991.916,-65.918,-7.812,-29.785,-72.754,0.000
1732204991.920,-62.988,-13.184,-28.809,-60.059,0.000
1732204991.924,-56.641,-10.254,-35.156,-54.688,0.000
1732204991.928,-64.453,-9.766,-42.480,-65.918,0.000
1732204991.932,-56.641,-13.672,-41.992,-84.961,0.000
1732204991.936,-47.363,-10.742,-36.621,-75.684,0.000
1732204991.940,-68.359,-10.254,-27.344,-69.336,0.000
1732204991.944,-70.312,-16.602,-23.438,-65.430,0.000
1732204991.948,-58.105,-10.742,-25.391,-51.758,0.000
1732204991.951,-58.594,-4.395,-30.762,-47.363,0.000
1732204991.955,-67.383,-14.648,-36.621,-62.500,0.000
1732204991.959,-59.082,-17.090,-36.621,-68.359,0.000
1732204991.963,-51.758,-7.324,-32.715,-63.965,0.000
1732204991.967,-52.734,-2.441,-29.297,-71.777,0.000
1732204991.971,-50.293,-1.465,-32.715,-70.312,0.000
1732204991.975,-50.781,-3.906,-33.691,-66.406,0.000
1732204991.979,-50.293,-6.836,-30.762,-58.105,0.000
1732204991.983,-66.895,-6.348,-31.250,-51.758,0.000
1732204991.987,-72.266,-5.859,-28.809,-44.434,0.000
1732204991.991,-62.012,-6.348,-33.691,-50.293,0.000
1732204991.994,-62.012,-8.789,-32.227,-57.129,0.000
1732204991.998,-67.871,-4.883,-27.832,-63.477,0.000
1732204992.002,-63.965,0.000,-26.855,-65.918,0.000
1732204992.006,-60.059,-0.488,-22.461,-56.641,0.000
1732204992.010,-58.105,0.488,-24.414,-60.547,0.000
1732204992.014,-55.664,-4.883,-21.484,-70.801,0.000
1732204992.018,-52.734,-16.113,-20.020,-58.105,0.000
1732204992.022,-53.223,-5.371,-24.414,-35.156,0.000
1732204992.026,-53.223,6.348,-25.391,-64.453,0.000
1732204992.030,-51.270,3.418,-20.020,-86.914,0.000
1732204992.033,-58.105,1.465,-21.973,-77.637,0.000
1732204992.037,-51.758,6.836,-20.996,-79.102,0.000
1732204992.041,-49.805,8.301,-13.672,-63.965,0.000
1732204992.045,-56.641,6.836,-14.160,-53.223,0.000
1732204992.049,-52.246,9.277,-17.578,-56.152,0.000
1732204992.053,-51.758,0.977,-25.879,-58.594,0.000
1732204992.057,-47.852,-6.836,-29.785,-63.965,0.000
1732204992.061,-34.668,3.418,-21.484,-70.312,0.000
1732204992.065,-37.598,14.160,-19.531,-73.730,0.000
1732204992.069,-37.598,15.625,-20.996,-63.477,0.000
1732204992.073,-43.457,11.719,-28.320,-49.316,0.000
1732204992.076,-56.152,7.324,-34.668,-39.062,0.000
1732204992.080,-52.246,10.742,-24.902,-39.062,0.000
1732204992.084,-61.035,3.906,-25.391,-48.340,0.000
1732204992.088,-61.035,2.930,-26.367,-56.152,0.000
1732204992.092,-54.688,4.395,-25.879,-69.824,0.000
1732204992.096,-53.711,-4.395,-25.879,-59.570,0.000
1732204992.100,-45.898,-5.859,-32.715,-40.527,0.000
1732204992.104,-54.688,-0.488,-38.574,-47.363,0.000
1732204992.108,-59.082,2.930,-32.715,-57.617,0.000
1732204992.112,-47.852,-0.488,-27.344,-57.617,0.000
1732204992.116,-53.223,-4.883,-29.297,-59.082,0.000
1732204992.119,-50.781,0.000,-34.180,-65.918,0.000
1732204992.123,-55.664,7.324,-30.762,-53.223,0.000
1732204992.127,-61.523,4.883,-34.180,-52.734,0.000
1732204992.131,-58.105,0.488,-30.762,-57.617,0.000
1732204992.135,-52.734,2.930,-24.902,-47.852,0.000
1732204992.139,-55.176,-1.953,-33.203,-58.105,0.000
1732204992.143,-59.082,1.953,-27.832,-54.199,0.000
1732204992.147,-47.363,15.137,-19.043,-45.410,0.000
1732204992.151,-39.551,7.324,-23.438,-52.734,0.000
1732204992.155,-38.574,6.348,-27.344,-39.062,0.000
1732204992.158,-25.391,15.137,-30.273,-35.645,0.000
1732204992.162,-31.250,14.160,-28.809,-44.922,0.000
1732204992.166,-51.758,5.371,-25.391,-56.641,0.000
1732204992.170,-54.688,2.441,-29.297,-66.406,0.000
1732204992.174,-49.316,5.859,-20.996,-48.340,0.000
1732204992.178,-42.480,2.441,-18.066,-31.250,0.000
1732204992.182,-46.387,1.465,-24.902,-42.480,0.000
1732204992.186,-49.805,5.859,-24.414,-49.805,0.000
1732204992.190,-49.316,7.812,-22.461,-53.711,0.000
1732204992.194,-46.387,1.465,-22.949,-59.570,0.000
1732204992.198,-40.527,-6.348,-28.809,-54.688,0.000
1732204992.201,-38.574,-6.836,-20.508,-40.527,0.000
1732204992.205,-43.945,-12.695,-11.719,-40.039,0.000
1732204992.209,-49.316,-14.648,-18.555,-46.387,0.000
1732204992.213,-56.152,-12.695,-20.020,-41.504,0.000
1732204992.217,-50.781,-7.324,-24.902,-41.016,0.000
1732204992.221,-43.945,5.371,-34.180,-53.223,0.000
1732204992.225,-49.805,4.395,-20.508,-45.410,0.000
1732204992.229,-62.012,-0.977,-19.531,-39.551,0.000
1732204992.233,-70.312,-7.324,-32.227,-47.852,0.000
1732204992.237,-59.082,-8.301,-33.691,-55.664,0.000
1732204992.240,-47.852,-4.883,-26.855,-54.688,0.000
1732204992.244,-49.805,-10.254,-16.602,-51.270,0.000
1732204992.248,-47.852,-6.836,-20.996,-47.363,0.000
1732204992.252,-38.086,0.977,-23.438,-50.293,0.000
1732204992.256,-39.062,0.488,-19.531,-64.453,0.000
1732204992.260,-46.387,-7.812,-26.855,-61.523,0.000
1732204992.264,-44.922,-14.160,-30.762,-51.758,0.000
1732204992.268,-44.434,-11.230,-27.832,-55.664,0.000
1732204992.272,-56.152,-0.488,-28.809,-55.664,0.000
1732204992.276,-48.340,6.836,-30.762,-42.969,0.000
1732204992.280,-50.781,0.488,-33.203,-37.109,0.000
1732204992.283,-60.059,-7.812,-30.762,-48.828,0.000
1732204992.287,-57.617,-13.184,-22.461,-53.711,0.000
1732204992.291,-57.129,-15.625,-20.996,-41.016,0.000
1732204992.295,-64.453,-11.719,-24.902,-35.156,0.000
1732204992.299,-62.500,-4.395,-26.367,-49.805,0.000
1732204992.303,-59.570,0.488,-22.461,-43.457,0.000
1732204992.307,-60.059,-2.441,-25.391,-35.645,0.000
1732204992.311,-62.988,-8.301,-28.809,-43.945,0.000
1732204992.315,-59.570,-7.324,-28.320,-48.828,0.000
1732204992.319,-46.875,-9.277,-31.250,-47.852,0.000
1732204992.322,-30.273,-5.371,-32.227,-32.227,0.000
1732204992.326,-34.668,-0.488,-32.715,-28.320,0.000
1732204992.330,-43.457,-5.371,-41.016,-52.734,0.000
1732204992.334,-31.250,-9.277,-37.598,-68.359,0.000
1732204992.338,-28.320,-6.348,-26.855,-51.758,0.000
1732204992.342,-21.973,-0.977,-20.508,-30.762,0.000
1732204992.346,-15.137,-2.930,-21.973,-20.020,0.000
1732204992.350,-28.320,-5.371,-25.879,-20.020,0.000
1732204992.354,-41.992,-0.488,-28.320,-25.879,0.000
1732204992.358,-42.480,-4.883,-25.879,-30.273,0.000
1732204992.362,-49.805,-20.508,-27.832,-24.414,0.000
1732204992.365,-57.617,-12.695,-36.133,-42.480,0.000
1732204992.369,-52.246,-5.859,-37.598,-62.988,0.000
1732204992.373,-56.641,-10.254,-36.133,-50.293,0.000
1732204992.377,-67.871,-7.324,-35.645,-51.758,0.000
1732204992.381,-58.105,-7.812,-30.273,-62.012,0.000
1732204992.385,-41.504,-3.906,-20.996,-49.316,0.000
1732204992.389,-52.734,-1.465,-20.996,-47.852,0.000
1732204992.393,-66.895,-8.789,-28.809,-75.195,0.000
1732204992.397,-55.664,-5.371,-25.879,-74.219,0.000
1732204992.401,-54.688,-3.906,-26.855,-64.941,0.000
1732204992.405,-64.453,-14.648,-35.156,-75.684,0.000
1732204992.408,-68.359,-17.090,-30.762,-72.754,0.000
1732204992.412,-69.824,-16.602,-29.785,-62.500,0.000
1732204992.416,-62.012,-13.184,-24.414,-44.434,0.000
1732204992.420,-51.758,-8.301,-24.414,-40.527,0.000
1732204992.424,-39.551,-10.254,-29.785,-45.898,0.000
1732204992.428,-37.109,-11.230,-24.902,-41.016,0.000
1732204992.432,-52.246,-6.836,-23.926,-57.129,0.000
1732204992.436,-62.500,-14.160,-22.949,-66.895,0.000
1732204992.440,-60.059,-16.113,-25.391,-60.547,0.000
1732204992.444,-62.988,-7.324,-26.367,-54.688,0.000
1732204992.448,-62.012,0.000,-18.555,-46.875,0.000
1732204992.451,-63.965,3.418,-19.043,-50.781,0.000
1732204992.455,-65.430,-7.812,-27.344,-48.828,0.000
1732204992.459,-50.293,-9.766,-28.809,-44.434,0.000
1732204992.463,-53.711,-7.812,-29.297,-73.730,0.000
1732204992.467,-55.176,-7.812,-29.785,-87.402,0.000
1732204992.471,-63.965,0.488,-29.297,-88.867,0.000
1732204992.475,-71.289,-4.395,-26.367,-78.613,0.000
1732204992.479,-55.176,-1.953,-22.461,-63.477,0.000
1732204992.483,-61.523,3.906,-30.273,-65.430,0.000
1732204992.487,-57.617,-0.488,-28.809,-58.594,0.000
1732204992.490,-47.852,0.488,-20.996,-49.805,0.000
1732204992.494,-50.293,-2.441,-20.020,-51.270,0.000
1732204992.498,-53.223,-6.348,-21.484,-52.246,0.000
1732204992.502,-53.711,-2.930,-23.926,-57.617,0.000
1732204992.506,-53.223,1.953,-28.320,-70.801,0.000
1732204992.510,-53.223,-3.906,-26.367,-60.059,0.000
1732204992.514,-60.059,-10.742,-19.043,-57.617,0.000
1732204992.518,-52.246,-2.930,-17.090,-54.688,0.000
1732204992.522,-41.504,6.348,-21.973,-49.805,0.000
1732204992.526,-58.594,5.371,-28.809,-86.426,0.000
1732204992.530,-56.152,-2.930,-24.414,-90.332,0.000
1732204992.533,-41.992,-2.441,-12.695,-63.965,0.000
1732204992.537,-41.992,-0.977,-20.020,-66.895,0.000
1732204992.541,-40.039,0.977,-25.879,-71.289,0.000
1732204992.545,-39.551,2.930,-17.578,-57.617,0.000
1732204992.549,-41.016,-1.465,-14.160,-47.852,0.000
1732204992.553,-33.203,-1.465,-14.160,-41.992,0.000
1732204992.557,-51.758,3.418,-19.531,-51.758,0.000
1732204992.561,-58.594,2.441,-19.043,-76.660,0.000
1732204992.565,-43.945,-13.672,-20.020,-85.449,0.000
1732204992.569,-60.547,-6.836,-27.832,-72.266,0.000
1732204992.572,-59.570,7.812,-26.855,-61.523,0.000
1732204992.576,-52.246,-2.441,-23.438,-71.777,0.000
1732204992.580,-33.203,-7.324,-20.996,-60.059,0.000
1732204992.584,-18.066,-11.719,-20.020,-39.551,0.000
1732204992.588,-46.387,-11.230,-27.344,-65.918,0.000
1732204992.592,-56.641,-13.184,-28.320,-78.613,0.000
1732204992.596,-44.922,-23.926,-30.762,-62.500,0.000
1732204992.600,-23.438,-24.902,-31.250,-48.828,0.000
1732204992.604,2.930,-26.367,-32.227,-36.133,0.000
1732204992.608,-5.859,-23.926,-39.062,-45.410,0.000
1732204992.612,-22.949,-20.020,-45.898,-47.852,0.000
1732204992.615,-3.906,-20.508,-48.828,-15.137,0.000
1732204992.619,-0.488,-22.949,-46.387,-7.324,0.000
1732204992.623,-2.441,-16.113,-45.410,-12.695,0.000
1732204992.627,8.301,-12.695,-41.504,0.488,0.000
1732204992.631,19.531,-22.461,-38.574,4.883,0.000
1732204992.635,14.160,-23.438,-49.316,-0.488,0.000
1732204992.639,-8.301,-25.391,-43.457,2.930,0.000
1732204992.643,-9.766,-24.902,-42.969,0.000,0.000
1732204992.647,-0.977,-14.160,-55.176,-23.926,0.000
1732204992.651,-4.883,-10.254,-43.945,-24.414,0.000
1732204992.654,-4.883,-19.043,-33.691,-5.859,0.000
1732204992.658,-3.906,-23.438,-34.180,2.930,0.000
1732204992.662,-5.371,-14.160,-25.391,6.348,0.000
1732204992.666,0.000,-14.160,-32.715,-5.859,0.000
1732204992.670,0.000,-16.113,-51.758,-27.832,0.000
1732204992.674,0.000,-10.742,-49.316,-33.691,0.000
1732204992.678,0.000,-4.883,-38.574,-41.016,0.000
1732204992.682,0.000,-5.859,-28.809,-40.039,0.000
1732204992.686,0.000,-18.555,-32.227,-28.809,0.000
1732204992.690,0.000,-26.367,-41.504,-40.527,0.000
1732204992.694,0.000,-19.043,-37.109,-38.574,0.000
1732204992.697,0.000,-14.648,-38.086,-20.508,0.000
1732204992.701,0.000,-16.602,-44.922,-10.254,0.000
1732204992.705,0.000,-16.113,-33.691,-16.113,0.000
1732204992.709,0.000,-22.461,-29.785,-25.391,0.000
1732204992.713,-25.391,-23.438,-28.809,-29.297,0.000
1732204992.717,-19.043,-14.648,-20.508,-40.527,0.000
1732204992.721,-18.555,-11.719,-20.996,-43.945,0.000
1732204992.725,-13.672,-3.906,-19.531,-33.203,0.000
1732204992.729,-9.766,-7.812,-17.578,-19.043,0.000
1732204992.733,-9.277,-15.625,-19.043,-18.555,0.000
1732204992.737,-12.695,-12.695,-27.344,-34.668,0.000
1732204992.740,-32.715,-17.090,-32.227,-51.758,0.000
1732204992.744,-40.527,-23.926,-30.762,-57.129,0.000
1732204992.748,-35.645,-24.414,-36.133,-38.574,0.000
1732204992.752,-31.738,-14.648,-42.480,-27.344,0.000
1732204992.756,-28.320,-6.348,-39.062,-36.133,0.000
1732204992.760,-37.109,-4.395,-33.691,-35.645,0.000
1732204992.764,-30.762,-4.395,-33.203,-38.086,0.000
1732204992.768,-24.414,-2.930,-33.691,-30.762,0.000
1732204992.772,-31.738,-4.395,-38.086,-22.461,0.000
1732204992.776,-36.621,-12.695,-30.762,-34.180,0.000
1732204992.780,-43.945,-21.484,-28.320,-41.016,0.000
1732204992.783,-38.574,-17.090,-37.598,-35.645,0.000
1732204992.787,-33.203,-5.859,-35.156,-50.781,0.000
1732204992.791,-38.086,-10.254,-40.039,-52.734,0.000
1732204992.795,-41.504,-20.020,-47.363,-49.805,0.000
1732204992.799,-40.039,-16.113,-39.551,-54.199,0.000
1732204992.803,-30.762,-10.742,-37.109,-41.016,0.000
1732204992.807,-18.066,-8.301,-41.504,-24.414,0.000
1732204992.811,-26.855,-9.277,-34.180,-25.879,0.000
1732204992.815,-51.758,-14.648,-30.762,-62.500,0.000
1732204992.819,-52.734,-15.625,-33.691,-82.031,0.000
1732204992.822,-42.969,-15.137,-32.715,-64.941,0.000
1732204992.826,-48.340,-20.020,-36.621,-59.570,0.000
1732204992.830,-43.945,-21.484,-33.691,-56.641,0.000
1732204992.834,-45.898,-22.949,-24.414,-57.129,0.000
1732204992.838,-59.082,-21.973,-26.367,-63.477,0.000
1732204992.842,-49.316,-14.160,-35.156,-57.129,0.000
1732204992.846,-40.039,-11.719,-43.457,-52.734,0.000
1732204992.850,-37.109,-9.277,-39.062,-48.828,0.000
1732204992.854,-35.645,-2.930,-27.344,-42.480,0.000
1732204992.858,-43.457,-3.906,-21.484,-37.598,0.000
1732204992.862,-49.316,-10.254,-22.461,-41.016,0.000
1732204992.865,-43.457,-13.184,-24.902,-50.781,0.000
1732204992.869,-41.016,-14.648,-32.227,-47.363,0.000
1732204992.873,-44.434,-15.137,-32.227,-33.203,0.000
1732204992.877,-43.457,-9.766,-23.438,-38.086,0.000
1732204992.881,-32.227,-5.859,-25.391,-49.316,0.000
1732204992.885,-33.203,-7.324,-28.809,-46.387,0.000
1732204992.889,-33.691,-1.953,-22.949,-54.199,0.000
1732204992.893,-28.809,0.488,-25.879,-62.988,0.000
1732204992.897,-30.273,-5.371,-25.879,-58.594,0.000
1732204992.901,-31.250,-4.883,-20.508,-48.828,0.000
1732204992.905,-23.438,-5.371,-19.043,-41.504,0.000
1732204992.908,-33.691,-7.324,-25.391,-41.504,0.000
1732204992.912,-47.363,-8.789,-27.832,-47.363,0.000
1732204992.916,-43.945,-9.766,-23.926,-53.711,0.000
1732204992.920,-43.945,-5.859,-28.809,-48.828,0.000
1732204992.924,-37.598,-2.930,-25.879,-37.109,0.000
1732204992.928,-26.367,-7.812,-20.508,-21.973,0.000
1732204992.932,-26.367,-4.395,-24.902,-24.902,0.000
1732204992.936,-46.387,-5.371,-28.809,-44.434,0.000
1732204992.940,-57.129,-13.184,-28.809,-45.410,0.000
1732204992.944,-50.293,-11.719,-29.297,-39.551,0.000
1732204992.947,-54.688,-14.648,-29.297,-25.391,0.000
1732204992.951,-62.012,-16.113,-24.414,-16.602,0.000
1732204992.955,-61.035,-12.207,-23.438,-32.715,0.000
1732204992.959,-56.152,-9.766,-27.832,-54.199,0.000
1732204992.963,-50.781,-14.160,-28.320,-63.965,0.000
1732204992.967,-48.828,-9.766,-25.391,-72.266,0.000
1732204992.971,-55.664,-8.301,-20.996,-62.988,0.000
1732204992.975,-49.805,-13.184,-17.090,-51.758,0.000
1732204992.979,-48.340,-10.742,-26.367,-61.035,0.000
1732204992.983,-44.434,-13.672,-23.926,-51.270,0.000
1732204992.986,-33.691,-12.695,-19.531,-41.992,0.000
1732204992.990,-43.457,-8.789,-26.855,-43.457,0.000
1732204992.994,-59.570,-15.625,-24.902,-49.805,0.000
1732204992.998,-62.500,-22.461,-24.902,-57.617,0.000
1732204993.002,-61.523,-26.367,-34.180,-49.316,0.000
1732204993.006,-61.035,-21.484,-35.645,-46.875,0.000
1732204993.010,-65.430,-17.578,-25.391,-50.781,0.000
1732204993.014,-66.895,-13.672,-22.949,-47.363,0.000
1732204993.018,-64.453,-13.672,-27.832,-50.293,0.000
1732204993.022,-54.688,-18.066,-26.855,-52.246,0.000
1732204993.026,-41.992,-14.648,-25.391,-65.430,0.000
1732204993.029,-41.016,-13.672,-23.926,-66.895,0.000
1732204993.033,-37.109,-15.625,-25.391,-55.176,0.000
1732204993.037,-20.996,-10.742,-22.949,-51.758,0.000
1732204993.041,-32.715,1.465,-20.020,-66.406,0.000
1732204993.045,-75.684,-5.859,-19.043,-81.543,0.000
1732204993.049,-78.125,-11.719,-26.855,-68.359,0.000
1732204993.053,-64.453,-2.441,-34.668,-53.223,0.000
1732204993.057,-62.988,0.488,-27.832,-60.059,0.000
1732204993.061,-75.684,-6.836,-31.738,-62.500,0.000
1732204993.065,-80.078,-4.395,-30.762,-65.430,0.000
1732204993.069,-77.637,-1.953,-20.020,-83.984,0.000
1732204993.072,-82.031,-4.883,-23.926,-85.938,0.000
1732204993.076,-75.195,-9.277,-29.297,-74.219,0.000
1732204993.080,-72.754,-17.578,-31.250,-71.289,0.000
1732204993.084,-66.895,-17.090,-31.738,-60.059,0.000
1732204993.088,-63.965,-10.742,-23.926,-51.758,0.000
1732204993.092,-69.824,-9.766,-26.367,-65.430,0.000
1732204993.096,-68.359,-16.602,-35.156,-80.566,0.000
1732204993.100,-73.242,-15.137,-33.691,-91.309,0.000
1732204993.104,-66.406,-16.602,-32.715,-90.332,0.000
1732204993.108,-56.152,-18.555,-24.902,-81.055,0.000
1732204993.112,-51.758,-5.371,-19.043,-68.848,0.000
1732204993.115,-58.594,-4.883,-32.227,-64.941,0.000
1732204993.119,-64.453,-15.625,-31.738,-71.777,0.000
1732204993.123,-50.293,-12.695,-27.832,-63.965,0.000
1732204993.127,-42.969,-6.348,-30.762,-56.641,0.000
1732204993.131,-59.570,-14.648,-21.973,-62.012,0.000
1732204993.135,-53.223,-17.090,-22.949,-60.059,0.000
1732204993.139,-41.016,-5.859,-23.926,-55.176,0.000
1732204993.143,-35.156,-10.254,-23.926,-50.781,0.000
1732204993.147,-33.203,-17.090,-25.879,-41.992,0.000
1732204993.151,-36.133,-11.719,-21.484,-40.527,0.000
1732204993.155,-42.969,-13.672,-19.531,-36.133,0.000
1732204993.158,-44.922,-15.137,-25.391,-37.109,0.000
1732204993.162,-26.855,-9.277,-25.879,-51.758,0.000
1732204993.166,-23.438,-12.207,-29.785,-59.570,0.000
1732204993.170,-41.504,-15.625,-42.969,-60.059,0.000
1732204993.174,-36.621,-11.719,-39.551,-57.617,0.000
1732204993.178,-24.414,-8.789,-22.949,-51.270,0.000
1732204993.182,-20.020,-12.695,-23.438,-53.711,0.000
1732204993.186,-24.902,-10.254,-19.531,-41.504,0.000
1732204993.190,-27.344,-7.324,-11.230,-37.598,0.000
1732204993.194,-38.574,-13.672,-21.973,-42.480,0.000
1732204993.197,-49.805,-16.602,-27.344,-36.621,0.000
1732204993.201,-46.387,-13.672,-17.578,-27.344,0.000
1732204993.205,-33.691,-18.555,-20.020,-36.133,0.000
1732204993.209,-44.434,-19.531,-25.879,-54.199,0.000
1732204993.213,-61.523,-18.555,-21.484,-53.711,0.000
1732204993.217,-43.457,-22.461,-16.602,-48.828,0.000
1732204993.221,-41.504,-15.137,-11.719,-47.852,0.000
1732204993.225,-40.527,-15.625,-13.184,-50.781,0.000
1732204993.229,-41.016,-17.578,-19.531,-48.340,0.000
1732204993.233,-55.176,-14.160,-22.949,-38.086,0.000
1732204993.237,-50.293,-19.043,-19.043,-19.531,0.000
1732204993.240,-45.410,-21.484,-9.766,-16.113,0.000
1732204993.244,-34.180,-20.020,-6.348,-47.363,0.000
1732204993.248,-27.832,-12.695,-9.766,-54.688,0.000
1732204993.252,-41.016,-7.812,-11.719,-55.176,0.000
1732204993.256,-47.852,-13.184,-11.719,-64.941,0.000
1732204993.260,-52.734,-11.230,-6.348,-59.570,0.000
1732204993.264,-66.895,-12.207,-10.254,-63.477,0.000
1732204993.268,-61.035,-15.625,-24.902,-56.641,0.000
1732204993.272,-34.180,-9.766,-23.926,-48.340,0.000
1732204993.276,-38.574,-13.184,-19.531,-46.875,0.000
1732204993.280,-50.781,-15.625,-20.508,-52.734,0.000
1732204993.283,-41.504,-13.672,-16.602,-48.828,0.000
1732204993.287,-33.203,-22.461,-21.973,-36.621,0.000
1732204993.291,-50.293,-16.602,-25.391,-50.293,0.000
1732204993.295,-61.035,-9.766,-19.531,-71.289,0.000
1732204993.299,-49.805,-5.859,-20.508,-50.293,0.000
1732204993.303,-44.434,1.465,-25.879,-33.203,0.000
1732204993.307,-57.617,-2.441,-30.273,-53.223,0.000
1732204993.311,-62.012,-6.836,-30.762,-66.895,0.000
1732204993.315,-55.176,-7.812,-28.809,-64.453,0.000
1732204993.319,-45.410,-2.930,-24.902,-47.852,0.000
1732204993.322,-36.621,7.812,-23.438,-38.574,0.000
1732204993.326,-34.668,-5.859,-25.391,-32.715,0.000
1732204993.330,-48.340,-19.531,-31.250,-26.367,0.000
1732204993.334,-41.504,-3.418,-30.762,-16.113,0.000
1732204993.338,-31.250,5.859,-27.832,-17.090,0.000
1732204993.342,-27.344,-3.418,-27.344,-52.246,0.000
1732204993.346,-22.949,-9.277,-23.926,-69.824,0.000
1732204993.350,-38.574,-2.441,-27.832,-48.828,0.000
1732204993.354,-34.668,1.465,-31.738,-45.898,0.000
1732204993.358,-28.320,-2.930,-20.996,-56.641,0.000
1732204993.362,-38.574,-9.766,-18.066,-45.898,0.000
1732204993.365,-36.133,-8.789,-27.832,-44.434,0.000
1732204993.369,-41.992,-9.277,-23.438,-55.176,0.000
1732204993.373,-46.387,-9.766,-10.254,-54.199,0.000
1732204993.377,-39.551,-0.977,-18.066,-60.059,0.000
1732204993.381,-40.527,-6.348,-26.367,-62.988,0.000
1732204993.385,-46.387,-15.137,-19.043,-45.898,0.000
1732204993.389,-44.922,-13.672,-21.484,-42.480,0.000
1732204993.393,-51.758,-12.207,-29.785,-44.922,0.000
1732204993.397,-60.547,-18.066,-31.250,-36.621,0.000
1732204993.401,-49.316,-21.973,-34.668,-30.273,0.000
1732204993.404,-46.387,-20.996,-33.203,-29.297,0.000
1732204993.408,-40.527,-17.578,-22.949,-21.484,0.000
1732204993.412,-41.992,-10.254,-24.414,-31.250,0.000
1732204993.416,-52.734,-17.578,-25.391,-52.734,0.000
1732204993.420,-43.457,-23.926,-26.855,-57.129,0.000
1732204993.424,-43.457,-24.414,-30.273,-61.523,0.000
1732204993.428,-50.781,-16.602,-32.715,-58.594,0.000
1732204993.432,-54.688,-8.301,-39.062,-49.316,0.000
1732204993.436,-53.223,-14.160,-37.598,-45.898,0.000
1732204993.440,-52.734,-22.461,-30.762,-49.805,0.000
1732204993.444,-44.922,-23.926,-35.156,-47.852,0.000
1732204993.447,-55.176,-19.531,-39.062,-53.223,0.000
1732204993.451,-63.965,-16.602,-34.180,-57.129,0.000
1732204993.455,-51.270,-15.625,-38.086,-59.082,0.000
1732204993.459,-44.922,-17.578,-42.969,-64.941,0.000
1732204993.463,-57.617,-14.648,-32.715,-61.523,0.000
1732204993.467,-58.105,-15.625,-27.832,-59.082,0.000
1732204993.471,-52.246,-18.555,-30.273,-61.035,0.000
1732204993.475,-57.129,-23.926,-32.227,-69.336,0.000
1732204993.479,-53.223,-23.438,-36.621,-65.918,0.000
1732204993.483,-45.898,-15.625,-43.457,-36.621,0.000
1732204993.486,-50.293,-13.672,-43.945,-37.598,0.000
1732204993.490,-40.039,-17.578,-43.945,-60.059,0.000
1732204993.494,-48.828,-25.391,-54.688,-58.594,0.000
1732204993.498,-58.594,-21.484,-47.852,-41.992,0.000
1732204993.502,-52.246,-23.926,-37.598,-38.086,0.000
1732204993.506,-44.434,-29.297,-30.762,-44.922,0.000
1732204993.510,-43.945,-21.484,-37.598,-59.570,0.000
1732204993.514,-59.570,-11.719,-35.156,-61.523,0.000
1732204993.518,-55.176,-10.254,-29.785,-49.316,0.000
1732204993.522,-51.758,-5.371,-40.039,-61.523,0.000
1732204993.526,-44.434,-7.324,-41.504,-55.664,0.000
1732204993.529,-50.293,-27.832,-54.199,-54.688,0.000
1732204993.533,-42.969,-12.207,-48.340,-51.270,0.000
1732204993.537,-23.438,-0.488,-46.387,-42.480,0.000
1732204993.541,-47.852,-19.531,-55.664,-55.664,0.000
1732204993.545,-60.059,-18.066,-50.781,-59.570,0.000
1732204993.549,-66.895,-22.949,-74.219,-50.293,0.000
1732204993.553,-49.805,-31.250,-78.613,-27.832,0.000
1732204993.557,-41.016,-25.391,-100.098,-56.641,0.000
1732204993.561,-58.105,-27.344,-125.977,-85.938,0.000
1732204993.565,-45.410,-37.598,-139.160,-67.871,0.000
1732204993.569,-39.062,-50.293,-159.180,-51.758,0.000
1732204993.572,-47.363,-77.637,-187.012,-62.500,0.000
1732204993.576,-54.199,-106.934,-232.422,-70.801,0.000
1732204993.580,-42.969,-101.562,-275.879,-49.316,0.000
1732204993.584,-40.527,-91.309,-333.008,-35.645,0.000
1732204993.588,-33.203,-79.102,-385.742,-33.691,0.000
1732204993.592,-31.250,-71.289,-449.219,-33.691,0.000
1732204993.596,-12.207,-64.453,-506.836,-42.480,0.000
1732204993.600,-3.418,-66.895,-555.664,-41.504,0.000
1732204993.604,-29.785,-65.430,-623.535,-34.180,0.000
1732204993.608,-17.578,-51.270,-693.359,-19.531,0.000
1732204993.612,-25.391,-57.617,-772.461,-5.859,0.000
1732204993.615,-35.156,-58.594,-831.055,0.000,0.000
1732204993.619,-29.785,-45.898,-897.461,-15.137,0.000
1732204993.623,-15.137,-39.062,-975.586,-28.809,0.000
1732204993.627,-2.930,-37.598,-1000.000,-9.277,0.000
1732204993.631,5.371,-34.668,-998.535,10.742,0.000
1732204993.635,5.371,-30.273,-1000.000,5.859,0.000
1732204993.639,-12.695,-27.344,-1000.000,5.371,0.000
1732204993.643,5.859,-27.832,-1000.000,17.578,0.000
1732204993.647,14.648,-27.344,-1000.000,7.812,0.000
1732204993.651,-1.465,-19.531,-1000.000,-2.930,0.000
1732204993.654,-8.301,-19.531,-1000.000,-13.184,0.000
1732204993.658,-10.742,-21.973,-1000.000,-22.461,0.000
1732204993.662,-19.531,-23.438,-1000.000,-16.113,0.000
1732204993.666,-32.715,-33.203,-1000.000,-8.301,0.000
1732204993.670,-33.203,-35.156,-1000.000,-23.926,0.000
1732204993.674,-53.223,-32.715,-1000.000,-41.504,0.000
1732204993.678,-45.898,-26.855,-1000.000,-33.691,0.000
1732204993.682,-36.133,-28.809,-1000.000,-45.410,0.000
1732204993.686,-59.570,-39.551,-1000.000,-56.641,0.000
1732204993.690,-59.570,-31.738,-998.047,-52.734,0.000
1732204993.693,-72.754,-31.250,-1000.000,-59.570,0.000
1732204993.697,-86.426,-32.227,-986.816,-63.477,0.000
1732204993.701,-79.590,-35.645,-890.137,-66.895,0.000
1732204993.705,-86.426,-39.551,-765.137,-71.777,0.000
1732204993.709,-83.984,-38.086,-653.809,-77.637,0.000
1732204993.713,-76.660,-40.527,-538.574,-74.219,0.000
1732204993.717,-82.031,-39.062,-436.035,-84.961,0.000
1732204993.721,-64.941,-29.297,-334.473,-82.031,0.000
1732204993.725,-66.406,-25.879,-236.328,-72.754,0.000
1732204993.729,-81.543,-23.438,-154.297,-83.008,0.000
1732204993.733,-78.613,-18.066,-81.543,-89.355,0.000
1732204993.736,-79.590,-16.113,-17.578,-81.055,0.000
1732204993.740,-78.125,-15.625,56.152,-66.895,0.000
1732204993.744,0.000,-20.508,116.211,-71.289,0.000
1732204993.748,0.000,-26.367,164.551,-67.383,0.000
1732204993.752,0.000,-18.066,223.145,-61.523,0.000
1732204993.756,0.000,-9.277,277.832,-65.430,0.000
1732204993.760,0.000,-8.301,319.824,-85.938,0.000
1732204993.764,0.000,-8.301,354.492,-94.727,0.000
1732204993.768,0.000,-10.742,390.625,-66.895,0.000
1732204993.772,0.000,-5.859,427.246,-59.570,0.000
1732204993.776,0.000,0.977,462.891,-61.523,0.000
1732204993.779,0.000,3.906,489.746,-78.125,0.000
1732204993.783,0.000,0.977,509.766,-97.168,0.000
1732204993.787,0.000,1.465,539.551,-78.125,0.000
1732204993.791,-79.102,-1.953,568.359,-69.824,0.000
1732204993.795,-77.637,0.977,586.426,-71.777,0.000
1732204993.799,-65.918,5.859,606.934,-71.289,0.000
1732204993.803,-49.805,1.953,625.000,-60.059,0.000
1732204993.807,-39.062,7.812,637.695,-47.852,0.000
1732204993.811,-34.180,13.672,641.113,-44.434,0.000
1732204993.815,-34.668,4.395,639.160,-45.898,0.000
1732204993.818,-47.363,5.859,642.090,-53.711,0.000
1732204993.822,-48.340,18.066,633.301,-51.270,0.000
1732204993.826,-41.016,21.484,627.930,-51.758,0.000
1732204993.830,-39.551,14.648,637.695,-49.316,0.000
1732204993.834,-36.133,14.648,633.789,-41.504,0.000
1732204993.838,-37.598,23.926,630.371,-45.410,0.000
1732204993.842,-35.156,17.578,619.141,-52.246,0.000
1732204993.846,-36.133,16.602,607.422,-58.594,0.000
1732204993.850,-42.480,14.648,602.539,-56.152,0.000
1732204993.854,-37.598,12.207,581.543,-47.852,0.000
1732204993.858,-34.180,8.789,569.336,-53.711,0.000
1732204993.861,-45.898,5.371,560.547,-53.711,0.000
1732204993.865,-41.504,18.066,544.922,-38.086,0.000
1732204993.869,-37.109,18.555,525.391,-27.344,0.000
1732204993.873,-45.898,7.812,509.277,-33.203,0.000
1732204993.877,-41.504,8.301,488.281,-32.227,0.000
1732204993.881,-38.086,10.254,459.961,-26.855,0.000
1732204993.885,-44.922,9.277,0.000,-20.508,0.000
1732204993.889,-35.156,9.766,0.000,-32.715,0.000
1732204993.893,-26.855,4.883,0.000,-41.992,0.000
1732204993.897,-37.598,1.465,0.000,-40.527,0.000
1732204993.901,-24.414,3.906,0.000,-33.691,0.000
1732204993.904,-3.906,2.441,0.000,-12.695,0.000
1732204993.908,-24.902,1.953,0.000,-15.137,0.000
1732204993.912,-24.414,8.789,0.000,-27.344,0.000
1732204993.916,12.695,9.277,0.000,-16.602,0.000
1732204993.920,16.113,8.789,0.000,-6.348,0.000
1732204993.924,-12.695,12.207,0.000,-28.809,0.000
1732204993.928,-17.578,9.277,0.000,-42.480,0.000
1732204993.932,-16.602,6.348,199.219,-40.039,0.000
1732204993.936,-21.484,0.000,178.711,-39.062,0.000
1732204993.940,-20.020,-9.277,163.574,-35.645,0.000
1732204993.943,-32.715,-11.719,161.133,-24.902,0.000
1732204993.947,-46.387,-5.371,150.391,-20.020,0.000
1732204993.951,-42.969,-4.883,132.812,-23.438,0.000
1732204993.955,-39.062,-7.324,114.746,-27.344,0.000
1732204993.959,-36.621,-4.395,105.469,-26.367,0.000
1732204993.963,-32.227,-2.930,99.609,-16.602,0.000
1732204993.967,-35.156,-9.277,87.402,-11.719,0.000
1732204993.971,-33.691,-13.184,70.801,-22.949,0.000
1732204993.975,-24.414,-10.254,56.641,-32.715,0.000
1732204993.979,-25.391,-5.859,51.758,-30.762,0.000
1732204993.983,-37.598,-7.812,48.828,-38.574,0.000
1732204993.986,-30.762,-14.648,44.434,-41.504,0.000
1732204993.990,-35.645,-15.137,37.598,-34.668,0.000
1732204993.994,-53.223,-10.742,27.832,-30.273,0.000
1732204993.998,-49.805,-8.301,24.902,-31.250,0.000
1732204994.002,-44.434,-10.742,14.160,-31.738,0.000
1732204994.006,-43.457,-13.184,12.695,-27.344,0.000
1732204994.010,-38.574,-9.277,17.090,-37.109,0.000
1732204994.014,-42.480,-12.207,16.602,-54.199,0.000
1732204994.018,-47.852,-14.160,1.465,-38.086,0.000
1732204994.022,-45.898,-11.230,-14.648,-26.367,0.000
1732204994.026,-48.828,-20.996,-8.789,-29.785,0.000
1732204994.029,-41.504,-23.438,-9.766,-30.762,0.000
1732204994.033,-32.715,-14.648,-20.020,-24.414,0.000
1732204994.037,-45.410,-18.066,-13.672,-25.391,0.000
1732204994.041,-46.387,-26.367,-17.578,-44.434,0.000
1732204994.045,-42.480,-16.113,-24.902,-37.598,0.000
1732204994.049,-39.551,-16.602,-25.879,-34.668,0.000
1732204994.053,-33.203,-19.531,-37.598,-41.992,0.000
1732204994.057,-39.551,-11.719,-35.156,-42.969,0.000
1732204994.061,-49.805,-17.578,-26.367,-44.434,0.000
1732204994.065,-53.223,-26.855,-32.715,-38.086,0.000
1732204994.068,-44.434,-26.367,-35.645,-25.879,0.000
1732204994.072,0.000,-25.391,-44.434,-28.809,0.000
1732204994.076,0.000,-24.902,-46.387,-31.738,0.000
1732204994.080,0.000,-19.043,-40.527,-22.949,0.000
1732204994.084,0.000,-27.832,-44.922,-34.180,0.000
1732204994.088,0.000,-33.203,-44.434,-29.785,0.000
1732204994.092,0.000,-25.391,-44.434,-15.137,0.000
1732204994.096,0.000,-25.879,-44.922,-13.672,0.000
1732204994.100,0.000,-29.297,-44.922,-21.973,0.000
1732204994.104,0.000,-30.273,-40.039,-29.785,0.000
1732204994.108,0.000,-27.344,-38.574,-22.461,0.000
1732204994.111,0.000,-18.066,-38.574,-25.391,0.000
1732204994.115,0.000,-21.484,-49.316,-40.039,0.000
1732204994.119,-39.062,-27.344,-61.035,-44.922,0.000
1732204994.123,-40.527,-22.949,-50.781,-35.645,0.000
1732204994.127,-44.434,-18.066,-46.875,-19.531,0.000
1732204994.131,-48.340,-20.996,-52.734,-21.973,0.000
1732204994.135,-42.480,-25.391,-49.316,-29.297,0.000
1732204994.139,-49.316,-28.320,-46.875,-21.484,0.000
1732204994.143,-44.434,-30.762,-50.293,-25.391,0.000
1732204994.147,-26.367,-24.414,-44.922,-35.156,0.000
1732204994.151,-27.832,-16.113,-31.738,-26.367,0.000
1732204994.154,-11.230,-10.742,-28.809,-21.973,0.000
1732204994.158,-18.066,-12.695,-37.109,-29.297,0.000
1732204994.162,-47.852,-15.137,-41.504,-15.625,0.000
1732204994.166,-37.109,-13.184,-43.945,-5.371,0.000
1732204994.170,-32.227,-11.230,-44.434,-26.367,0.000
1732204994.174,-34.668,-9.277,-37.109,-48.340,0.000
1732204994.178,-36.621,-12.207,-41.016,-51.270,0.000
1732204994.182,-36.133,-15.137,-36.621,-36.621,0.000
1732204994.186,-43.457,-17.090,-36.621,-26.367,0.000
1732204994.190,-46.387,-19.531,-38.086,-46.387,0.000
1732204994.193,-29.785,-14.160,-31.738,-53.711,0.000
1732204994.197,-25.879,-10.254,-27.832,-38.086,0.000
1732204994.201,-25.391,-15.137,-25.391,-29.297,0.000
1732204994.205,-25.391,-21.973,-41.992,-27.344,0.000
1732204994.209,-37.598,-21.973,-51.270,-26.367,0.000
1732204994.213,-41.016,-15.625,-41.992,-30.273,0.000
1732204994.217,-41.992,-15.137,-39.551,-45.410,0.000
1732204994.221,-40.039,-18.066,-45.410,-49.316,0.000
1732204994.225,-44.922,-26.367,-47.852,-52.246,0.000
1732204994.229,-45.898,-26.855,-40.527,-51.758,0.000
1732204994.233,-51.758,-20.996,-37.109,-45.410,0.000
1732204994.236,-47.363,-22.461,-41.992,-57.617,0.000
1732204994.240,-29.785,-25.391,-43.945,-59.082,0.000
1732204994.244,-27.832,-22.461,-43.945,-41.016,0.000
1732204994.248,-36.133,-21.484,-44.922,-38.574,0.000
1732204994.252,-31.738,-25.879,-50.781,-50.293,0.000
1732204994.256,-31.738,-29.785,-52.246,-54.199,0.000
1732204994.260,-41.992,-23.438,-48.340,-48.828,0.000
1732204994.264,-49.805,-17.578,-44.434,-48.828,0.000
1732204994.268,-42.969,-20.020,-44.434,-32.715,0.000
1732204994.272,-33.203,-20.508,-39.551,-22.949,0.000
1732204994.276,-40.527,-18.066,-39.551,-48.340,0.000
1732204994.279,-33.203,-20.508,-49.316,-62.012,0.000
1732204994.283,-29.785,-23.926,-46.387,-51.758,0.000
1732204994.287,-40.039,-27.832,-42.480,-44.922,0.000
1732204994.291,-31.250,-29.297,-48.828,-32.715,0.000
1732204994.295,-36.133,-28.809,-47.363,-18.555,0.000
1732204994.299,-33.691,-19.531,-39.062,-12.695,0.000
1732204994.303,-32.227,-12.695,-34.668,-25.879,0.000
1732204994.307,-43.945,-18.555,-39.551,-46.387,0.000
1732204994.311,-47.363,-20.508,-50.293,-41.992,0.000
1732204994.315,-43.945,-19.531,-52.734,-42.480,0.000
1732204994.318,-41.992,-18.066,-41.016,-45.898,0.000
1732204994.322,-45.898,-20.508,-43.457,-41.992,0.000
1732204994.326,-46.387,-22.461,-37.109,-28.809,0.000
1732204994.330,-35.645,-18.555,-20.508,-20.996,0.000
1732204994.334,-26.367,-11.719,-25.391,-30.762,0.000
1732204994.338,-34.180,-8.789,-31.738,-40.039,0.000
1732204994.342,-35.156,-10.742,-33.203,-36.133,0.000
1732204994.346,-26.855,-16.602,-27.832,-23.926,0.000
1732204994.350,-29.297,-23.438,-27.344,-25.879,0.000
1732204994.354,-47.363,-20.020,-31.738,-35.645,0.000
1732204994.358,-41.016,-15.137,-28.320,-20.020,0.000
1732204994.361,-14.648,-15.137,-25.879,6.348,0.000
1732204994.365,-20.996,-10.254,-20.020,8.301,0.000
1732204994.369,-48.828,-11.719,-13.184,-20.020,0.000
1732204994.373,-45.410,-7.812,-15.625,-41.992,0.000
1732204994.377,-18.066,1.465,-23.438,-51.270,0.000
1732204994.381,-30.273,-1.465,-31.738,-41.992,0.000
1732204994.385,-48.828,-5.371,-30.273,-25.879,0.000
1732204994.389,-35.645,-3.418,-28.320,-17.578,0.000
1732204994.393,-30.273,-2.930,-22.461,-18.066,0.000
1732204994.397,-31.250,-3.418,-15.137,-22.949,0.000
1732204994.401,-27.344,-7.812,-22.461,-26.367,0.000
1732204994.404,-25.391,-14.160,-22.949,-28.809,0.000
1732204994.408,-19.531,-8.789,-20.020,-21.973,0.000
1732204994.412,-23.438,-12.207,-28.320,-22.949,0.000
1732204994.416,-17.578,-12.207,-23.926,-22.461,0.000
1732204994.420,-27.344,-13.184,-11.230,-16.602,0.000
1732204994.424,-43.457,-24.902,-16.602,-21.484,0.000
1732204994.428,-41.992,-20.020,-28.809,-18.555,0.000
1732204994.432,-42.969,-13.672,-27.344,-29.297,0.000
1732204994.436,-35.156,-19.531,-23.926,-44.922,0.000
1732204994.440,-42.480,-19.043,-28.320,-35.645,0.000
1732204994.443,-36.133,-9.277,-27.832,-24.414,0.000
1732204994.447,-32.227,-7.812,-21.973,-18.066,0.000
1732204994.451,-38.086,-12.207,-17.578,-16.602,0.000
1732204994.455,-32.715,-10.254,-16.602,-16.602,0.000
1732204994.459,-25.879,-9.766,-21.973,-11.230,0.000
1732204994.463,-31.250,-9.277,-13.672,0.977,0.000
1732204994.467,-33.691,-5.371,-3.906,7.324,0.000
1732204994.471,-26.855,-7.812,0.000,4.883,0.000
1732204994.475,-34.668,-17.090,-7.812,-5.859,0.000
1732204994.479,-22.949,-24.902,-20.020,-14.648,0.000
1732204994.483,-20.020,-22.949,-17.090,-20.508,0.000
1732204994.486,-30.273,-19.531,-18.555,-36.621,0.000
1732204994.490,-28.320,-25.391,-27.832,-33.203,0.000
1732204994.494,-29.297,-20.996,-20.020,-19.531,0.000
1732204994.498,-41.504,-17.090,-15.137,-12.207,0.000
1732204994.502,-53.223,-30.762,-20.020,1.465,0.000
1732204994.506,-42.480,-31.738,-16.113,1.953,0.000
1732204994.510,-37.598,-15.137,-15.625,-16.602,0.000
1732204994.514,-38.574,-13.672,-15.137,-38.086,0.000
1732204994.518,-31.250,-16.113,-11.719,-37.598,0.000
1732204994.522,-25.391,-7.324,-7.812,-22.461,0.000
1732204994.526,-30.762,-16.113,-12.695,-17.578,0.000
1732204994.529,-35.645,-22.461,-16.602,-16.602,0.000
1732204994.533,-31.738,-14.160,-15.625,-17.090,0.000
1732204994.537,-33.691,-14.648,-13.184,-18.066,0.000
1732204994.541,-45.410,-18.555,-16.602,-20.020,0.000
1732204994.545,-41.016,-19.043,-17.578,-23.926,0.000
1732204994.549,-35.645,-15.137,-19.531,-23.926,0.000
1732204994.553,-35.645,-18.066,-19.531,-20.508,0.000
1732204994.557,-36.621,-21.484,-2.930,-9.277,0.000
1732204994.561,-25.391,-20.508,-0.977,5.371,0.000
1732204994.565,-6.348,-13.672,-9.277,11.230,0.000
1732204994.568,-10.742,-12.207,-2.441,-7.324,0.000
1732204994.572,-10.254,-16.602,-4.883,-13.672,0.000
1732204994.576,-12.207,-18.555,-3.906,11.230,0.000
1732204994.580,-32.227,-11.719,-1.465,26.367,0.000
1732204994.584,-36.621,-8.789,-3.906,20.996,0.000
1732204994.588,-39.062,-18.066,-6.348,9.277,0.000
1732204994.592,-52.734,-21.973,-18.066,-28.809,0.000
1732204994.596,-51.758,-22.461,-15.137,-51.270,0.000
1732204994.600,-35.645,-22.949,-14.648,-41.992,0.000
1732204994.604,-32.227,-21.973,-15.625,-30.762,0.000
1732204994.608,-44.434,-26.855,-12.695,-19.531,0.000
1732204994.611,-36.621,-30.762,-13.184,-10.742,0.000
1732204994.615,-27.344,-27.344,-2.441,-6.348,0.000
1732204994.619,-34.668,-19.531,-4.883,-16.113,0.000
1732204994.623,-41.016,-24.414,-20.020,-12.207,0.000
1732204994.627,-44.434,-21.973,-13.184,-9.277,0.000
1732204994.631,-43.945,-17.578,-9.766,-13.672,0.000
1732204994.635,0.000,-19.043,-14.160,-27.344,0.000
1732204994.639,0.000,-12.695,-6.348,-33.203,0.000
1732204994.643,0.000,-17.578,-6.348,-31.250,0.000
1732204994.647,0.000,-20.996,-12.695,-31.250,0.000
1732204994.651,0.000,-18.555,-18.066,-34.180,0.000
1732204994.654,0.000,-30.273,-16.602,-29.297,0.000
1732204994.658,0.000,-30.762,-7.324,0.488,0.000
1732204994.662,0.000,-23.438,-10.742,11.719,0.000
1732204994.666,0.000,-28.809,-21.484,5.859,0.000
1732204994.670,0.000,-31.250,-23.926,-13.184,0.000
1732204994.674,0.000,-16.113,-31.738,-32.715,0.000
1732204994.678,0.000,-12.695,-32.227,-33.203,0.000
1732204994.682,-34.180,-20.996,-22.949,-28.320,0.000
1732204994.686,-28.320,-27.832,-25.879,-13.672,0.000
1732204994.690,-36.621,-24.902,-29.785,-11.230,0.000
1732204994.694,-23.438,-14.648,-25.879,-4.395,0.000
1732204994.697,-27.832,-21.484,-17.090,1.953,0.000
1732204994.701,-41.504,-26.855,-23.438,-25.879,0.000
1732204994.705,-36.621,-16.602,-34.180,-40.527,0.000
1732204994.709,-31.738,-10.254,-24.414,-30.273,0.000
1732204994.713,-27.832,-16.602,-20.020,-20.508,0.000
1732204994.717,-24.414,-20.020,-24.902,-24.414,0.000
1732204994.721,-22.461,-22.949,-26.367,-20.996,0.000
1732204994.725,-16.113,-23.926,-29.785,-1.465,0.000
1732204994.729,-21.973,-15.625,-19.531,-0.488,0.000
1732204994.733,-25.879,-13.184,-12.207,-17.090,0.000
1732204994.736,-22.949,-21.484,-21.484,-30.762,0.000
1732204994.740,-30.762,-27.344,-30.762,-35.156,0.000
1732204994.744,-28.809,-17.090,-30.273,-32.715,0.000
1732204994.748,-24.414,-14.648,-22.461,-10.254,0.000
1732204994.752,-25.879,-18.555,-22.461,-6.348,0.000
1732204994.756,-26.855,-18.555,-28.320,-11.719,0.000
1732204994.760,-13.672,-23.438,-21.973,-13.672,0.000
1732204994.764,-8.301,-24.902,-20.020,-20.020,0.000
1732204994.768,-27.344,-27.344,-28.809,-15.137,0.000
1732204994.772,-24.414,-33.691,-23.926,-20.508,0.000
1732204994.776,0.000,-32.715,-18.555,-31.738,0.000
1732204994.779,0.000,-29.785,-29.785,-22.461,0.000
1732204994.783,0.000,-22.949,-25.391,-8.789,0.000
1732204994.787,0.000,-18.066,-13.184,-5.859,0.000
1732204994.791,0.000,-26.367,-17.578,-0.977,0.000
1732204994.795,0.000,-26.367,-22.461,9.766,0.000
1732204994.799,0.000,-25.391,-18.555,4.395,0.000
1732204994.803,0.000,-27.344,-14.648,0.977,0.000
1732204994.807,0.000,-26.367,-17.578,-0.977,0.000
1732204994.811,0.000,-25.879,-23.438,-10.254,0.000
1732204994.815,0.000,-22.949,-24.902,-16.113,0.000
1732204994.818,0.000,-24.902,-24.414,-12.207,0.000
1732204994.822,-22.461,-26.855,-30.273,-5.371,0.000
1732204994.826,-29.297,-21.484,-32.715,-5.859,0.000
1732204994.830,-27.344,-27.344,-21.973,-0.977,0.000
1732204994.834,-27.344,-35.156,-23.926,1.465,0.000
1732204994.838,-27.832,-31.250,-27.344,1.465,0.000
1732204994.842,-29.297,-27.832,-19.531,4.883,0.000
1732204994.846,-19.043,-28.320,-21.484,0.488,0.000
1732204994.850,-8.789,-36.621,-25.879,1.465,0.000
1732204994.854,-9.277,-37.109,-27.832,-8.301,0.000
1732204994.857,-4.395,-35.645,-22.949,-15.137,0.000
1732204994.861,-7.812,-45.410,-23.926,-5.371,0.000
1732204994.865,-11.230,-42.480,-28.320,-4.883,0.000
1732204994.869,-18.066,-37.109,-27.832,0.000,0.000
1732204994.873,-27.832,-34.668,-22.949,9.277,0.000
1732204994.877,-33.203,-34.668,-16.602,0.000,0.000
1732204994.881,-36.621,-40.527,-20.508,-22.461,0.000
1732204994.885,-27.832,-45.410,-27.344,-27.832,0.000
1732204994.889,-16.602,-48.340,-22.949,-10.254,0.000
1732204994.893,-11.719,-42.969,-20.996,-0.977,0.000
1732204994.896,-12.695,-38.574,-31.738,-17.090,0.000
1732204994.900,-16.602,-44.434,-36.133,-20.996,0.000
1732204994.904,-1.465,-36.621,-29.297,-15.137,0.000
1732204994.908,-16.113,-33.203,-20.508,-16.113,0.000
1732204994.912,-34.180,-43.945,-18.066,-15.137,0.000
1732204994.916,-23.438,-43.457,-20.020,-13.672,0.000
1732204994.920,-19.531,-35.156,-27.344,-4.883,0.000
1732204994.924,-14.648,-31.250,-31.738,-1.953,0.000
1732204994.928,-17.578,-37.598,-29.785,-1.465,0.000
1732204994.932,-16.113,-37.109,-26.855,-1.465,0.000
1732204994.936,-16.602,-36.133,-29.785,2.930,0.000
1732204994.939,-12.695,-42.480,-37.598,12.695,0.000
1732204994.943,-11.719,-39.062,-33.203,28.809,0.000
1732204994.947,7.324,-37.109,-16.113,43.945,0.000
1732204994.951,8.789,-45.898,-17.090,32.227,0.000
1732204994.955,-10.254,-47.363,-36.133,6.836,0.000
1732204994.959,-7.812,-57.617,-43.945,-2.441,0.000
1732204994.963,-4.883,-52.734,-33.691,11.719,0.000
1732204994.967,-3.906,-32.227,-31.250,19.531,0.000
1732204994.971,-7.812,-32.227,-35.645,9.766,0.000
1732204994.975,-19.531,-37.598,-32.715,-0.488,0.000
1732204994.979,-16.602,-43.945,-27.344,4.395,0.000
1732204994.982,-7.812,-40.039,-18.066,10.254,0.000
1732204994.986,-0.977,-41.016,-21.973,-2.441,0.000
1732204994.990,2.441,-45.898,-35.645,-12.207,0.000
1732204994.994,-4.395,-39.551,-35.156,2.441,0.000
1732204994.998,0.977,-36.133,-27.832,22.949,0.000
1732204995.002,-14.648,-41.992,-27.344,28.320,0.000
1732204995.006,-26.855,-51.270,-38.574,23.926,0.000
1732204995.010,0.000,-52.246,-39.551,34.180,0.000
1732204995.014,0.000,-53.223,-37.109,36.133,0.000
1732204995.018,0.000,-57.129,-37.109,21.973,0.000
1732204995.021,0.000,-54.688,-32.715,21.484,0.000
1732204995.025,0.000,-47.852,-27.832,29.297,0.000
1732204995.029,0.000,-47.363,-30.762,23.926,0.000
1732204995.033,0.000,-48.828,-35.645,7.812,0.000
1732204995.037,0.000,-41.992,-39.551,13.184,0.000
1732204995.041,0.000,-52.734,-33.691,42.480,0.000
1732204995.045,0.000,-53.711,-26.855,53.711,0.000
1732204995.049,0.000,-40.527,-28.809,29.297,0.000
1732204995.053,0.000,-44.922,-29.297,7.324,0.000
1732204995.057,-5.859,-41.504,-24.902,4.883,0.000
1732204995.060,-12.695,-35.645,-19.531,9.766,0.000
1732204995.064,-15.625,-42.480,-21.484,16.602,0.000
1732204995.068,-0.488,-45.898,-21.484,15.625,0.000
1732204995.072,-1.465,-38.086,-20.020,7.812,0.000
1732204995.076,5.859,-31.250,-23.438,17.090,0.000
1732204995.080,-5.371,-44.434,-27.832,13.184,0.000
1732204995.084,-9.277,-56.152,-32.227,-18.066,0.000
1732204995.088,4.883,-53.711,-35.156,-22.949,0.000
1732204995.092,7.324,-46.387,-23.926,-19.531,0.000
1732204995.096,-0.488,-36.621,-15.137,-18.555,0.000
1732204995.099,-7.324,-36.621,-14.648,-25.391,0.000
1732204995.103,-82.520,-41.992,-15.625,-60.059,0.000
1732204995.107,-108.887,-38.574,-19.531,-109.863,0.000
1732204995.111,-123.047,-30.762,-16.602,-125.000,0.000
1732204995.115,-144.531,-25.879,-14.648,-130.859,0.000
1732204995.119,-165.039,-22.461,-11.230,-140.625,0.000
1732204995.123,-171.875,-11.230,-19.531,-163.574,0.000
1732204995.127,-187.988,-18.066,-17.578,-181.152,0.000
1732204995.131,-205.078,-18.066,-5.859,-187.012,0.000
1732204995.135,-197.754,-0.488,1.465,-199.219,0.000
1732204995.139,-203.613,-2.441,19.531,-211.426,0.000
1732204995.142,-235.840,-8.789,20.508,-223.633,0.000
1732204995.146,-245.117,0.000,23.438,-225.098,0.000
1732204995.150,-249.512,4.883,29.297,-225.098,0.000
1732204995.154,-259.277,1.953,22.461,-234.375,0.000
1732204995.158,-258.301,-2.441,23.438,-228.027,0.000
1732204995.162,-248.535,-7.324,22.461,-221.191,0.000
1732204995.166,-253.418,-6.836,21.973,-245.117,0.000
1732204995.170,-264.648,-0.488,29.297,-247.559,0.000
1732204995.174,-250.000,-1.465,35.156,-235.352,0.000
1732204995.178,-222.168,-6.836,34.668,-229.004,0.000
1732204995.182,-217.285,-6.348,31.738,-215.820,0.000
1732204995.185,-196.289,-5.859,17.578,-195.312,0.000
1732204995.189,-172.363,-6.348,6.836,-167.480,0.000
1732204995.193,-147.461,-9.766,-4.883,-144.043,0.000
1732204995.197,-122.070,-18.066,-18.555,-130.371,0.000
1732204995.201,-104.980,-26.855,-19.531,-101.562,0.000
1732204995.205,-90.332,-34.180,-20.020,-64.941,0.000
1732204995.209,-83.496,-47.363,-23.438,-54.688,0.000
1732204995.213,-65.918,-59.570,-32.715,-48.340,0.000
1732204995.217,-35.156,-67.383,-35.645,-20.996,0.000
1732204995.221,-22.949,-74.219,-42.969,-2.441,0.000
1732204995.224,-2.930,-73.242,-53.223,-1.953,0.000
1732204995.228,23.926,-72.754,-62.988,0.488,0.000
1732204995.232,32.715,-75.684,-80.566,-0.488,0.000
1732204995.236,36.621,-82.520,-84.473,13.184,0.000
1732204995.240,49.805,-90.820,-75.195,40.039,0.000
1732204995.244,75.684,-95.703,-73.242,63.477,0.000
1732204995.248,76.660,-98.145,-84.473,73.730,0.000
1732204995.252,66.895,-99.609,-91.309,74.219,0.000
1732204995.256,77.148,-101.074,-101.562,80.566,0.000
1732204995.260,97.656,-107.422,-108.398,86.914,0.000
1732204995.264,94.238,-110.352,-100.098,100.586,0.000
1732204995.267,97.168,-101.074,-101.074,125.977,0.000
1732204995.271,112.793,-102.539,-108.398,131.836,0.000
1732204995.275,120.117,-111.816,-105.469,126.953,0.000
1732204995.279,126.465,-98.145,-100.098,127.441,0.000
1732204995.283,128.418,-90.820,-102.051,121.094,0.000
1732204995.287,129.883,-105.957,-111.816,114.746,0.000
1732204995.291,127.441,-112.305,-116.211,118.652,0.000
1732204995.295,126.465,-104.980,-106.445,119.629,0.000
1732204995.299,122.070,-100.098,-101.074,115.234,0.000
1732204995.303,124.023,-109.375,-102.539,114.258,0.000
1732204995.306,135.254,-115.234,-103.516,111.816,0.000
1732204995.310,131.836,-114.258,-105.469,123.047,0.000
1732204995.314,110.352,-110.352,-108.398,134.766,0.000
1732204995.318,111.328,-107.910,-104.492,135.254,0.000
1732204995.322,123.535,-111.816,-96.680,137.207,0.000
1732204995.326,125.977,-110.840,-89.355,123.535,0.000
1732204995.330,135.742,-100.098,-84.473,101.562,0.000
1732204995.334,130.859,-100.098,-94.238,85.938,0.000
1732204995.338,0.000,-115.723,-94.727,90.332,0.000
1732204995.342,0.000,-116.211,-93.750,100.586,0.000
1732204995.346,0.000,-105.957,-99.121,97.168,0.000
1732204995.349,0.000,-110.352,-90.332,92.773,0.000
1732204995.353,0.000,-110.352,-88.867,100.098,0.000
1732204995.357,0.000,-109.863,-82.520,101.074,0.000
1732204995.361,0.000,-110.840,-75.684,110.840,0.000
1732204995.365,0.000,-102.051,-83.496,112.305,0.000
1732204995.369,0.000,-102.051,-88.379,101.562,0.000
1732204995.373,0.000,-109.375,-84.961,101.562,0.000
1732204995.377,0.000,-108.887,-76.660,103.516,0.000
1732204995.381,0.000,-109.375,-72.266,98.145,0.000
1732204995.385,100.586,-106.445,-83.008,95.215,0.000
1732204995.389,92.285,-105.469,-84.961,93.750,0.000
1732204995.392,99.609,-108.398,-71.289,83.496,0.000
1732204995.396,114.258,-107.422,-66.406,72.754,0.000
1732204995.400,109.863,-106.445,-69.824,82.031,0.000
1732204995.404,87.891,-111.328,-78.125,89.355,0.000
1732204995.408,74.707,-119.141,-88.379,80.078,0.000
1732204995.412,71.777,-112.793,-81.543,80.078,0.000
1732204995.416,73.242,-105.469,-75.195,91.309,0.000
1732204995.420,67.871,-109.863,-82.520,93.750,0.000
1732204995.424,71.289,-112.793,-79.590,81.543,0.000
1732204995.428,77.148,-113.281,-72.754,75.195,0.000
1732204995.432,88.379,-102.539,-72.754,85.449,0.000
1732204995.435,89.844,-85.938,-63.477,96.191,0.000
1732204995.439,81.055,-84.961,-61.523,91.797,0.000
1732204995.443,72.266,-97.168,-77.148,80.078,0.000
1732204995.447,67.871,-104.004,-80.566,60.547,0.000
1732204995.451,70.801,-100.098,-73.730,44.434,0.000
1732204995.455,94.238,-95.215,-72.266,65.918,0.000
1732204995.459,109.863,-93.262,-64.453,95.703,0.000
1732204995.463,57.129,-92.285,-59.082,60.059,0.000
1732204995.467,33.203,-93.262,-66.895,28.809,0.000
1732204995.471,36.621,-95.703,-69.336,32.715,0.000
1732204995.474,2.930,-95.703,-67.871,7.324,0.000
1732204995.478,-5.371,-94.238,-66.406,0.977,0.000
1732204995.482,7.812,-95.215,-69.336,10.254,0.000
1732204995.486,-1.465,-90.820,-72.266,-1.953,0.000
1732204995.490,-16.113,-90.820,-55.176,2.441,0.000
1732204995.494,-10.742,-104.004,-56.641,-1.465,0.000
1732204995.498,-3.418,-103.516,-67.871,-1.465,0.000
1732204995.502,-2.930,-93.262,-55.176,15.137,0.000
1732204995.506,6.836,-92.285,-48.828,22.949,0.000
1732204995.510,20.020,-89.355,-59.082,22.461,0.000
1732204995.514,20.508,-80.566,-58.594,25.879,0.000
1732204995.517,17.090,-83.984,-53.711,25.879,0.000
1732204995.521,24.902,-92.285,-59.082,19.531,0.000
1732204995.525,32.227,-91.309,-62.988,13.184,0.000
1732204995.529,32.715,-83.496,-60.547,15.137,0.000
1732204995.533,36.133,-76.172,-58.105,28.809,0.000
1732204995.537,31.250,-77.148,-57.617,45.898,0.000
1732204995.541,32.227,-78.125,-54.688,43.945,0.000
1732204995.545,28.320,-80.078,-58.105,41.504,0.000
1732204995.549,31.250,-79.102,-58.594,46.875,0.000
1732204995.553,26.855,-74.707,-62.500,37.109,0.000
1732204995.556,11.230,-75.195,-62.012,24.414,0.000
1732204995.560,22.949,-78.613,-57.617,23.438,0.000
1732204995.564,28.809,-81.543,-65.918,22.949,0.000
1732204995.568,17.578,-79.590,-67.383,21.973,0.000
1732204995.572,0.000,-72.266,-71.289,33.203,0.000
1732204995.576,0.000,-68.359,-70.312,41.992,0.000
1732204995.580,0.000,-67.871,-56.641,43.945,0.000
1732204995.584,0.000,-63.965,-58.594,41.992,0.000
1732204995.588,0.000,-63.477,-67.871,32.715,0.000
1732204995.592,0.000,-68.848,-65.430,28.809,0.000
1732204995.596,0.000,-75.684,-62.012,26.367,0.000
1732204995.599,0.000,-77.148,-60.059,32.715,0.000
1732204995.603,0.000,-81.055,-60.547,44.434,0.000
1732204995.607,0.000,-87.891,-66.406,40.527,0.000
1732204995.611,0.000,-82.031,-72.754,36.133,0.000
1732204995.615,0.000,-68.359,-64.941,42.480,0.000
1732204995.619,40.527,-64.941,-61.035,40.527,0.000
1732204995.623,27.832,-67.871,-60.059,32.227,0.000
1732204995.627,33.691,-71.289,-64.941,29.297,0.000
1732204995.631,25.391,-76.660,-66.895,37.109,0.000
1732204995.635,17.090,-77.637,-62.988,43.457,0.000
1732204995.639,25.391,-71.777,-58.105,25.391,0.000
1732204995.642,25.391,-69.824,-52.734,17.090,0.000
1732204995.646,21.484,-71.777,-61.035,19.531,0.000
1732204995.650,36.621,-69.824,-62.012,24.902,0.000
1732204995.654,48.340,-58.594,-50.781,38.574,0.000
1732204995.658,37.109,-54.199,-57.617,34.668,0.000
1732204995.662,25.391,-59.570,-59.570,32.227,0.000
1732204995.666,38.086,-58.105,-55.176,41.992,0.000
1732204995.670,46.387,-55.664,-55.664,37.109,0.000
1732204995.674,38.086,-56.152,-49.805,28.809,0.000
1732204995.678,43.457,-62.988,-51.758,31.738,0.000
1732204995.681,55.176,-60.059,-61.523,39.062,0.000
1732204995.685,54.199,-56.641,-56.641,38.086,0.000
1732204995.689,37.109,-58.594,-44.434,24.902,0.000
1732204995.693,39.551,-58.105,-42.480,32.227,0.000
1732204995.697,44.434,-56.152,-50.293,40.527,0.000
1732204995.701,41.016,-55.176,-53.223,30.762,0.000
1732204995.705,41.504,-53.711,-52.734,20.996,0.000
1732204995.709,28.809,-55.176,-54.199,13.672,0.000
1732204995.713,30.273,-58.105,-63.965,12.695,0.000
1732204995.717,31.738,-55.176,-67.871,17.578,0.000
1732204995.721,21.973,-50.293,-55.664,19.043,0.000
1732204995.724,23.438,-45.898,-49.316,17.090,0.000
1732204995.728,30.273,-40.527,-43.457,27.344,0.000
1732204995.732,20.020,-41.504,-37.598,34.668,0.000
1732204995.736,11.230,-45.410,-49.316,41.504,0.000
1732204995.740,12.695,-49.805,-57.617,43.945,0.000
1732204995.744,-3.906,-49.805,-58.105,21.973,0.000
1732204995.748,-7.324,-41.992,-59.570,0.977,0.000
1732204995.752,-2.441,-49.316,-69.336,3.418,0.000
1732204995.756,3.906,-49.316,-66.895,6.348,0.000
1732204995.760,3.906,-45.410,-65.430,-4.395,0.000
1732204995.764,11.230,-54.688,-70.801,-3.906,0.000
1732204995.767,7.812,-58.594,-70.801,2.441,0.000
1732204995.771,-2.441,-55.176,-75.195,0.488,0.000
1732204995.775,2.930,-55.664,-72.754,0.977,0.000
1732204995.779,-8.789,-61.523,-69.824,-3.906,0.000
1732204995.783,-3.418,-67.871,-67.383,-6.348,0.000
1732204995.787,2.441,-59.570,-65.918,-3.906,0.000
1732204995.791,-18.066,-53.223,-69.824,-0.488,0.000
1732204995.795,-11.719,-52.734,-72.266,-6.836,0.000
1732204995.799,-19.531,-65.430,-68.848,-17.578,0.000
1732204995.803,-14.648,-83.008,-66.406,-0.977,0.000
1732204995.806,0.000,-78.125,-65.918,5.371,0.000
1732204995.810,0.000,-65.918,-61.523,-19.531,0.000
1732204995.814,0.000,-58.594,-65.918,-45.898,0.000
1732204995.818,0.000,-57.129,-73.242,-42.480,0.000
1732204995.822,0.000,-58.105,-78.125,-29.297,0.000
1732204995.826,0.000,-63.965,-79.102,-25.391,0.000
1732204995.830,0.000,-61.523,-75.195,-14.648,0.000
1732204995.834,0.000,-54.199,-68.848,0.488,0.000
1732204995.838,0.000,-59.082,-73.242,2.930,0.000
1732204995.842,0.000,-64.453,-83.496,-15.137,0.000
1732204995.846,0.000,-60.059,-80.566,-16.602,0.000
1732204995.849,0.000,-58.105,-74.219,-18.555,0.000
1732204995.853,-12.207,-67.383,-80.566,-17.090,0.000
1732204995.857,-13.672,-65.918,-78.125,-8.789,0.000
1732204995.861,-7.812,-62.988,-68.359,-16.113,0.000
1732204995.865,-9.766,-67.383,-69.824,-20.020,0.000
1732204995.869,-16.113,-63.477,-80.566,-37.109,0.000
1732204995.873,-2.930,-61.523,-85.938,-37.109,0.000
1732204995.877,-8.301,-62.988,-93.262,-34.180,0.000
1732204995.881,-20.020,-63.477,-87.891,-38.574,0.000
1732204995.885,-30.762,-77.148,-74.707,-39.551,0.000
1732204995.888,-33.203,-86.426,-76.660,-45.898,0.000
1732204995.892,-24.902,-73.730,-73.730,-28.320,0.000
1732204995.896,-24.902,-68.359,-64.941,0.488,0.000
1732204995.900,0.000,-71.777,-67.383,17.578,0.000
1732204995.904,0.000,-78.125,-79.590,-4.395,0.000
1732204995.908,0.000,-82.520,-79.590,-30.762,0.000
1732204995.912,0.000,-77.148,-71.777,-27.832,0.000
1732204995.916,0.000,-74.707,-74.219,-36.621,0.000
1732204995.920,0.000,-79.590,-69.824,-42.480,0.000
1732204995.924,0.000,-80.078,-64.453,-33.203,0.000
1732204995.928,0.000,-73.730,-71.289,-30.273,0.000
1732204995.931,0.000,-80.566,-77.148,-33.691,0.000
1732204995.935,0.000,-90.332,-75.195,-44.922,0.000
1732204995.939,0.000,-78.125,-80.566,-53.711,0.000
1732204995.943,0.000,-68.359,-79.590,-41.504,0.000
1732204995.947,-16.602,-66.895,-72.754,-33.691,0.000
1732204995.951,-18.555,-70.801,-75.684,-25.879,0.000
1732204995.955,-30.273,-72.266,-74.707,-27.344,0.000
1732204995.959,-34.180,-77.637,-69.336,-36.621,0.000
1732204995.963,-27.344,-77.148,-66.406,-40.039,0.000
1732204995.967,-16.113,-73.242,-69.824,-48.828,0.000
1732204995.971,-21.484,-79.102,-74.219,-56.152,0.000
1732204995.974,-28.809,-74.707,-66.895,-38.574,0.000
1732204995.978,-29.785,-64.941,-62.012,-29.785,0.000
1732204995.982,-26.855,-62.988,-65.430,-25.391,0.000
1732204995.986,-30.762,-71.289,-68.848,-23.438,0.000
1732204995.990,-35.645,-75.684,-72.266,-35.156,0.000
1732204995.994,0.000,-68.359,-70.801,-45.410,0.000
1732204995.998,0.000,-71.777,-66.406,-35.156,0.000
1732204996.002,0.000,-65.430,-68.848,-18.555,0.000
1732204996.006,0.000,-51.758,-70.312,-31.250,0.000
1732204996.010,0.000,-54.688,-64.453,-42.480,0.000
1732204996.013,0.000,-59.570,-63.477,-37.109,0.000
1732204996.017,0.000,-64.941,-68.848,-36.621,0.000
1732204996.021,0.000,-68.848,-81.055,-34.668,0.000
1732204996.025,0.000,-59.082,-80.566,-19.043,0.000
1732204996.029,0.000,-51.270,-62.988,-30.273,0.000
1732204996.033,0.000,-52.734,-52.734,-52.246,0.000
1732204996.037,0.000,-56.152,-55.176,-62.012,0.000
1732204996.041,-60.547,-58.594,-57.617,-70.312,0.000
1732204996.045,-70.801,-66.895,-50.293,-76.660,0.000
1732204996.049,-83.008,-66.895,-50.293,-89.355,0.000
1732204996.053,-89.355,-51.270,-44.922,-91.309,0.000
1732204996.056,-90.332,-50.293,-36.621,-78.125,0.000
1732204996.060,-93.750,-52.246,-53.711,-74.219,0.000
1732204996.064,-103.027,-49.316,-61.035,-76.660,0.000
1732204996.068,-95.215,-52.734,-52.734,-84.961,0.000
1732204996.072,-90.820,-52.734,-46.387,-91.309,0.000
1732204996.076,-83.496,-50.781,-46.387,-83.984,0.000
1732204996.080,-66.895,-61.523,-49.316,-76.660,0.000
1732204996.084,-62.500,-59.082,-48.828,-63.477,0.000
1732204996.088,0.000,-52.734,0.000,-51.270,0.000
1732204996.092,0.000,-56.641,0.000,-49.805,0.000
1732204996.096,0.000,-60.547,0.000,-57.617,0.000
1732204996.099,0.000,-62.012,0.000,-61.523,0.000
1732204996.103,0.000,-63.965,0.000,-57.129,0.000
1732204996.107,0.000,-60.547,0.000,-54.199,0.000
1732204996.111,0.000,-47.852,0.000,-39.551,0.000
1732204996.115,0.000,-47.363,0.000,-32.227,0.000
1732204996.119,0.000,-56.152,0.000,-32.227,0.000
1732204996.123,0.000,-53.223,0.000,-40.527,0.000
1732204996.127,0.000,-47.852,0.000,-59.082,0.000
1732204996.131,0.000,-44.434,0.000,-58.105,0.000
1732204996.135,-48.340,-41.992,-37.109,-37.109,0.000
1732204996.138,-40.527,-41.992,-42.969,-37.598,0.000
1732204996.142,-30.762,-45.410,-48.828,-34.668,0.000
1732204996.146,-38.086,-49.316,-45.898,-13.672,0.000
1732204996.150,-35.156,-48.340,-39.062,-12.207,0.000
1732204996.154,-35.645,-50.781,-40.527,-21.973,0.000
1732204996.158,-30.762,-44.434,-43.457,-27.832,0.000
1732204996.162,-33.203,-42.480,-38.574,-30.762,0.000
1732204996.166,-43.457,-47.363,-34.668,-25.879,0.000
1732204996.170,-44.922,-54.199,-37.109,-28.809,0.000
1732204996.174,-41.992,-51.270,-38.086,-25.391,0.000
1732204996.178,-50.781,-46.387,-46.387,-32.715,0.000
1732204996.181,-37.598,-46.875,-54.688,-38.574,0.000
1732204996.185,-28.320,-39.062,-49.805,-31.738,0.000
1732204996.189,-48.340,-39.062,-46.875,-26.855,0.000
1732204996.193,-55.176,-41.992,-53.223,-21.484,0.000
1732204996.197,-50.781,-47.363,-61.035,-34.180,0.000
1732204996.201,-36.133,-49.805,-52.246,-49.805,0.000
1732204996.205,-33.691,-48.340,-49.316,-58.594,0.000
1732204996.209,-45.898,-48.828,-59.082,-52.734,0.000
1732204996.213,-49.316,-45.898,-64.453,-44.922,0.000
1732204996.217,-44.922,-38.574,-63.965,-47.852,0.000
1732204996.220,-34.668,-35.645,-64.453,-53.711,0.000
1732204996.224,-40.527,-45.410,-64.453,-51.758,0.000
1732204996.228,-66.406,-41.504,-56.641,-45.410,0.000
1732204996.232,-68.848,-37.109,-56.152,-51.270,0.000
1732204996.236,-62.500,-49.316,-63.477,-53.223,0.000
1732204996.240,-59.570,-45.410,-56.152,-46.387,0.000
1732204996.244,-48.828,-38.086,-49.805,-35.156,0.000
1732204996.248,-44.434,-47.852,-54.688,-35.156,0.000
1732204996.252,-51.758,-59.082,-53.223,-53.711,0.000
1732204996.256,-56.641,-54.688,-44.922,-48.828,0.000
1732204996.260,-60.059,-47.363,-47.363,-29.785,0.000
1732204996.263,-54.688,-53.223,-53.711,-38.086,0.000
1732204996.267,-56.641,-51.758,-52.246,-63.477,0.000
1732204996.271,-65.918,-45.410,-49.805,-64.453,0.000
1732204996.275,-63.965,-45.410,-46.387,-55.176,0.000
1732204996.279,-53.223,-44.434,-49.316,-65.918,0.000
1732204996.283,-49.316,-50.293,-47.363,-63.477,0.000
1732204996.287,-44.922,-46.875,-41.992,-61.035,0.000
1732204996.291,-41.504,-41.992,-39.551,-64.941,0.000
1732204996.295,-50.293,-41.504,-41.992,-54.688,0.000
1732204996.299,-48.828,-37.598,-50.293,-62.012,0.000
1732204996.303,-47.363,-32.227,-48.828,-66.895,0.000
1732204996.306,-47.363,-36.621,-41.992,-63.965,0.000
1732204996.310,-39.062,-43.457,-39.062,-70.312,0.000
1732204996.314,-51.270,-42.480,-42.969,-64.453,0.000
1732204996.318,-71.289,-39.551,-46.387,-58.105,0.000
1732204996.322,-79.590,-41.016,-41.504,-59.082,0.000
1732204996.326,-80.078,-45.898,-38.086,-47.852,0.000
1732204996.330,-68.848,-43.945,-35.156,-38.574,0.000
1732204996.334,-61.523,-44.434,-38.574,-50.781,0.000
1732204996.338,-59.082,-45.898,-55.664,-64.941,0.000
1732204996.342,-61.523,-40.039,-49.316,-75.684,0.000
1732204996.345,-62.988,-38.574,-42.480,-79.102,0.000
1732204996.349,-62.500,-37.598,-47.852,-64.941,0.000
1732204996.353,-60.059,-36.133,-45.898,-56.641,0.000
1732204996.357,-70.312,-42.969,-44.922,-66.406,0.000
1732204996.361,-84.473,-49.805,-41.504,-75.684,0.000
1732204996.365,-69.336,-47.363,-39.062,-70.312,0.000
1732204996.369,-64.941,-48.340,-43.945,-70.801,0.000
1732204996.373,-72.754,-53.711,-47.363,-76.172,0.000
1732204996.377,-60.059,-58.594,-42.969,-62.012,0.000
1732204996.381,-45.898,-67.383,-44.434,-31.738,0.000
1732204996.385,-47.852,-58.105,-51.758,-37.598,0.000
1732204996.388,-73.242,-41.504,-50.293,-71.777,0.000
1732204996.392,-77.637,-43.945,-48.828,-76.660,0.000
1732204996.396,-59.082,-47.363,-52.734,-72.754,0.000
1732204996.400,-65.918,-40.527,-55.664,-82.520,0.000
1732204996.404,-75.195,-45.898,-57.617,-84.473,0.000
1732204996.408,-67.871,-54.688,-48.340,-84.473,0.000
1732204996.412,-62.012,-46.387,-44.922,-86.426,0.000
1732204996.416,-66.406,-36.621,-41.016,-85.449,0.000
1732204996.420,-64.941,-38.574,-45.410,-84.473,0.000
1732204996.424,-58.105,-40.039,-57.129,-74.219,0.000
1732204996.427,-59.082,-37.109,-58.594,-65.918,0.000
1732204996.431,-48.340,-32.227,-51.758,-73.242,0.000
1732204996.435,-38.086,-30.762,-54.199,-73.730,0.000
1732204996.439,-51.758,-38.086,-55.176,-59.570,0.000
1732204996.443,-60.547,-49.805,-48.828,-57.129,0.000
1732204996.447,-62.988,-44.922,-50.781,-53.223,0.000
1732204996.451,-62.012,-28.809,-49.316,-55.664,0.000
1732204996.455,-59.082,-27.344,-48.340,-61.523,0.000
1732204996.459,-56.152,-33.203,-48.828,-62.500,0.000
1732204996.463,-55.176,-36.133,-46.875,-50.781,0.000
1732204996.467,-62.500,-34.668,-51.758,-46.387,0.000
1732204996.470,-68.359,-39.551,-60.547,-60.547,0.000
1732204996.474,-52.246,-41.016,-50.781,-47.363,0.000
1732204996.478,-43.457,-30.762,-36.621,-46.387,0.000
1732204996.482,-43.457,-31.738,-41.504,-64.941,0.000
1732204996.486,-44.434,-41.992,-51.270,-57.617,0.000
1732204996.490,-35.645,-41.992,-60.059,-47.363,0.000
1732204996.494,-25.879,-35.156,-59.570,-55.664,0.000
1732204996.498,-38.086,-29.297,-44.434,-50.293,0.000
1732204996.502,-35.156,-29.785,-36.133,-41.992,0.000
1732204996.506,-37.109,-32.227,-37.109,-35.645,0.000
1732204996.510,-49.805,-37.598,-39.551,-24.414,0.000
1732204996.513,-49.316,-39.551,-42.969,-27.832,0.000
1732204996.517,-46.875,-31.250,-45.410,-57.617,0.000
1732204996.521,-51.270,-31.738,-52.246,-72.266,0.000
1732204996.525,-54.199,-40.039,-55.176,-64.453,0.000
1732204996.529,-44.434,-40.039,-50.293,-62.500,0.000
1732204996.533,-56.641,-32.227,-48.340,-58.594,0.000
1732204996.537,-59.082,-29.297,-47.852,-52.246,0.000
1732204996.541,-48.828,-29.297,-41.016,-45.898,0.000
1732204996.545,-63.965,-30.762,-39.551,-43.457,0.000
1732204996.549,-59.082,-34.180,-35.156,-44.922,0.000
1732204996.552,-51.758,-36.621,-38.574,-51.270,0.000
1732204996.556,-45.898,-26.855,-50.293,-60.547,0.000
1732204996.560,-54.199,-26.367,-49.316,-67.871,0.000
1732204996.564,-63.965,-28.809,-45.898,-68.848,0.000
1732204996.568,-60.059,-20.508,-50.293,-79.102,0.000
1732204996.572,-62.988,-25.391,-53.223,-82.031,0.000
1732204996.576,-66.406,-27.344,-47.363,-64.941,0.000
1732204996.580,-49.805,-21.973,-41.992,-63.477,0.000
1732204996.584,-56.641,-25.879,-46.387,-57.129,0.000
1732204996.588,-70.312,-31.250,-50.293,-37.109,0.000
1732204996.592,-60.059,-31.738,-51.758,-29.785,0.000
1732204996.595,-61.523,-27.832,-47.852,-33.691,0.000
1732204996.599,-66.406,-22.949,-46.875,-39.551,0.000
1732204996.603,-60.059,-17.090,-48.340,-59.082,0.000
1732204996.607,-63.477,-22.949,-49.805,-67.871,0.000
1732204996.611,-53.711,-27.344,-54.688,-64.941,0.000
1732204996.615,-43.457,-24.414,-58.105,-65.918,0.000
1732204996.619,-35.645,-23.438,-51.270,-56.641,0.000
1732204996.623,-25.391,-21.484,-40.527,-56.152,0.000
1732204996.627,-39.551,-13.184,-43.457,-45.898,0.000
1732204996.631,-45.898,-14.160,-47.363,-36.133,0.000
1732204996.635,-47.363,-24.902,-50.781,-43.457,0.000
1732204996.638,-43.457,-21.484,-46.387,-43.457,0.000
1732204996.642,-44.434,-18.066,-37.598,-50.781,0.000
1732204996.646,-52.246,-18.555,-45.898,-63.477,0.000
1732204996.650,-46.875,-23.926,-52.246,-52.246,0.000
1732204996.654,-43.457,-25.391,-43.457,-35.156,0.000
1732204996.658,-52.734,-24.414,-41.016,-51.758,0.000
1732204996.662,-48.828,-28.809,-44.922,-76.172,0.000
1732204996.666,-42.480,-21.973,-41.016,-65.918,0.000
1732204996.670,-51.758,-16.113,-32.227,-53.223,0.000
1732204996.674,-55.664,-21.484,-34.668,-60.547,0.000
1732204996.677,-53.223,-26.855,-31.250,-60.547,0.000
1732204996.681,-42.969,-23.926,-28.320,-55.176,0.000
1732204996.685,-48.340,-28.809,-33.203,-65.430,0.000
1732204996.689,-61.523,-36.621,-31.250,-62.988,0.000
1732204996.693,-67.871,-33.203,-33.203,-74.219,0.000
1732204996.697,-48.340,-25.879,-24.414,-96.191,0.000
1732204996.701,-42.480,-16.113,-21.484,-90.820,0.000
1732204996.705,-70.312,-21.973,-34.668,-66.406,0.000
1732204996.709,-47.852,-23.926,-36.621,-43.457,0.000
1732204996.713,-40.039,-29.785,-35.645,-41.504,0.000
1732204996.717,-65.918,-33.691,-42.969,-64.941,0.000
1732204996.720,-56.641,-25.879,-37.109,-85.449,0.000
1732204996.724,-58.105,-23.926,-27.344,-87.402,0.000
1732204996.728,-58.105,-23.438,-40.527,-79.102,0.000
1732204996.732,-57.129,-28.809,-45.898,-74.707,0.000
1732204996.736,-54.199,-33.203,-28.809,-73.730,0.000
1732204996.740,-59.570,-27.344,-21.484,-73.242,0.000
1732204996.744,-61.523,-25.391,-32.227,-66.895,0.000
1732204996.748,-58.105,-22.949,-33.691,-66.406,0.000
1732204996.752,-48.340,-13.184,-34.668,-65.430,0.000
1732204996.756,-53.223,-19.043,-34.180,-58.105,0.000
1732204996.760,-56.152,-29.785,-33.203,-62.988,0.000
1732204996.763,-60.547,-26.855,-27.832,-57.617,0.000
1732204996.767,-74.219,-20.996,-37.109,-44.434,0.000
1732204996.771,-64.453,-30.273,-49.316,-33.203,0.000
1732204996.775,-67.383,-31.250,-33.691,-35.645,0.000
1732204996.779,-58.105,-19.531,-23.438,-53.223,0.000
1732204996.783,-52.734,-25.391,-26.367,-75.684,0.000
1732204996.787,-58.105,-29.785,-41.016,-90.820,0.000
1732204996.791,-60.547,-27.832,-45.898,-87.891,0.000
1732204996.795,-62.500,-28.809,-30.762,-76.660,0.000
1732204996.799,-65.430,-26.855,-27.832,-75.684,0.000
1732204996.802,-68.848,-32.227,-47.852,-95.215,0.000
1732204996.806,-71.289,-33.691,-40.527,-97.656,0.000
1732204996.810,-75.684,-31.250,-24.414,-88.379,0.000
1732204996.814,-72.754,-32.227,-29.297,-94.238,0.000
1732204996.818,-72.754,-33.203,-24.902,-81.055,0.000
1732204996.822,-72.266,-32.715,-12.695,-62.988,0.000
1732204996.826,-74.219,-30.762,-14.160,-75.195,0.000
1732204996.830,-73.242,-23.438,-12.695,-79.590,0.000
1732204996.834,-83.008,-22.949,-18.066,-92.285,0.000
1732204996.838,-103.516,-33.203,-24.902,-92.285,0.000
1732204996.842,-101.074,-32.227,-20.508,-78.125,0.000
1732204996.845,-85.449,-32.227,-31.738,-69.824,0.000
1732204996.849,-64.941,-42.969,-34.180,-72.266,0.000
1732204996.853,-50.293,-32.227,-15.625,-76.172,0.000
1732204996.857,-76.172,-25.391,-18.555,-90.332,0.000
1732204996.861,-75.684,-33.691,-26.855,-96.191,0.000
1732204996.865,-68.848,-34.180,-20.996,-82.031,0.000
1732204996.869,-78.613,-33.203,-20.508,-79.590,0.000
1732204996.873,-82.520,-28.320,-23.438,-89.355,0.000
1732204996.877,-75.684,-33.691,-26.367,-79.590,0.000
1732204996.881,-71.777,-35.645,-31.250,-68.848,0.000
1732204996.885,-65.918,-28.320,-24.902,-69.824,0.000
1732204996.888,-75.684,-33.203,-29.785,-59.082,0.000
1732204996.892,-63.477,-30.273,-34.180,-46.387,0.000
1732204996.896,-36.621,-22.949,-25.879,-32.715,0.000
1732204996.900,-63.965,-26.855,-30.762,-50.293,0.000
1732204996.904,-75.195,-20.508,-18.066,-69.824,0.000
1732204996.908,-71.777,-27.832,-9.277,-59.570,0.000
1732204996.912,-64.453,-38.086,-34.180,-72.266,0.000
1732204996.916,-58.105,-30.273,-42.480,-65.430,0.000
1732204996.920,-59.570,-26.855,-37.598,-41.992,0.000
1732204996.924,-66.895,-30.273,-29.297,-51.270,0.000
1732204996.927,-57.129,-28.809,-16.602,-55.664,0.000
1732204996.931,-44.922,-20.020,-12.695,-46.875,0.000
1732204996.935,-27.344,-19.531,-16.113,-48.828,0.000
1732204996.939,-45.898,-25.391,-40.039,-52.246,0.000
1732204996.943,-60.059,-23.438,-36.621,-56.641,0.000
1732204996.947,-55.664,-24.414,-30.273,-67.871,0.000
1732204996.951,-57.617,-28.809,-31.738,-64.941,0.000
1732204996.955,-36.621,-20.020,0.488,-40.039,0.000
1732204996.959,-41.504,-20.020,-4.395,-32.715,0.000
1732204996.963,-53.223,-31.738,-21.973,-34.180,0.000
1732204996.967,-51.758,-34.668,-26.367,-35.156,0.000
1732204996.970,-52.734,-28.809,-12.695,-50.781,0.000
1732204996.974,-78.125,-44.434,-17.090,-72.754,0.000
1732204996.978,-59.570,-48.340,-48.828,-53.711,0.000
1732204996.982,-34.180,-39.551,-60.059,-34.180,0.000
1732204996.986,-49.805,-41.016,-73.242,-48.340,0.000
1732204996.990,-41.992,-38.086,-94.727,-34.180,0.000
1732204996.994,-31.250,-32.715,-113.770,-32.715,0.000
1732204996.998,-29.297,-28.809,-127.930,-39.062,0.000
1732204997.002,-25.391,-25.391,-153.320,-46.875,0.000
1732204997.006,-17.578,-25.879,-183.105,-51.270,0.000
1732204997.009,-5.371,-30.762,-223.145,-45.898,0.000
1732204997.013,9.277,-17.578,-261.719,-48.828,0.000
1732204997.017,-1.953,-24.902,-293.457,-39.551,0.000
1732204997.021,-4.883,-21.484,-323.242,-28.809,0.000
1732204997.025,0.000,-11.230,-350.098,-28.809,0.000
1732204997.029,0.000,-34.668,-383.301,-31.738,0.000
1732204997.033,0.000,-20.996,-417.480,-33.691,0.000
1732204997.037,0.000,-6.348,-476.562,-44.434,0.000
1732204997.041,0.000,-14.648,-543.945,-48.828,0.000
1732204997.045,0.000,-8.301,-602.539,-47.852,0.000
1732204997.049,0.000,0.000,-649.902,-29.785,0.000
1732204997.052,0.000,-4.883,-702.148,-2.441,0.000
1732204997.056,0.000,-0.488,-746.582,-3.418,0.000
1732204997.060,0.000,5.371,-801.270,-17.090,0.000
1732204997.064,0.000,-5.859,-847.656,-37.598,0.000
1732204997.068,0.000,-15.137,-882.812,-46.875,0.000
1732204997.072,-25.391,-10.254,-927.734,-46.387,0.000
1732204997.076,-20.020,-5.371,-961.426,-51.758,0.000
1732204997.080,-26.855,-23.926,-978.516,-52.734,0.000
1732204997.084,-41.992,-31.738,-993.652,-51.270,0.000
1732204997.088,-28.320,-20.996,-1000.000,-49.316,0.000
1732204997.092,-29.297,-28.320,-999.023,-43.945,0.000
1732204997.095,-53.711,-36.621,-1000.000,-47.363,0.000
1732204997.099,-57.617,-25.391,-994.629,-55.664,0.000
1732204997.103,-67.383,-20.508,-968.750,-53.223,0.000
1732204997.107,-61.035,-20.020,-927.734,-53.223,0.000
1732204997.111,-64.453,-24.414,-867.676,-62.500,0.000
1732204997.115,-76.172,-35.156,-805.176,-81.055,0.000
1732204997.119,-80.566,-43.457,-741.211,-84.961,0.000
1732204997.123,-80.566,-46.875,-666.992,-79.102,0.000
1732204997.127,-66.895,-48.828,-590.820,-76.660,0.000
1732204997.131,-64.941,-52.734,-520.508,-81.543,0.000
1732204997.134,-68.848,-48.828,-458.496,-90.820,0.000
1732204997.138,-78.613,-50.781,-387.695,-83.984,0.000
1732204997.142,-84.961,-48.828,-307.617,-69.824,0.000
1732204997.146,-82.031,-43.457,-241.211,-78.613,0.000
1732204997.150,-72.754,-35.156,-183.594,-84.961,0.000
1732204997.154,-62.988,-39.062,-118.652,-91.309,0.000
1732204997.158,-54.199,-49.805,-61.035,-103.516,0.000
1732204997.162,-44.922,-36.133,-7.324,-84.473,0.000
1732204997.166,0.000,-37.598,38.086,-72.266,0.000
1732204997.170,0.000,-40.039,79.590,-69.824,0.000
1732204997.174,0.000,-34.180,120.605,-70.801,0.000
1732204997.177,0.000,-40.527,161.133,-69.336,0.000
1732204997.181,0.000,-40.039,207.031,-64.453,0.000
1732204997.185,0.000,-36.133,231.445,-65.430,0.000
1732204997.189,0.000,-37.598,246.094,-65.918,0.000
1732204997.193,0.000,-38.574,277.832,-79.590,0.000
1732204997.197,0.000,-39.551,310.547,-83.496,0.000
1732204997.201,0.000,-39.062,324.707,-89.355,0.000
1732204997.205,0.000,-33.691,335.938,-96.680,0.000
1732204997.209,0.000,-28.809,355.957,-85.449,0.000
1732204997.213,-58.594,-22.949,376.953,-58.594,0.000
1732204997.216,-65.918,-21.484,398.438,-49.316,0.000
1732204997.220,-70.801,-25.879,411.133,-54.199,0.000
1732204997.224,-64.453,-29.785,421.875,-46.387,0.000
1732204997.228,-64.453,-27.832,437.012,-53.711,0.000
1732204997.232,-63.477,-20.020,449.707,-68.359,0.000
1732204997.236,-51.270,-19.531,446.777,-78.613,0.000
1732204997.240,-55.176,-27.832,449.707,-77.148,0.000
1732204997.244,-60.547,-24.414,463.867,-65.918,0.000
1732204997.248,-54.688,-12.207,465.820,-69.336,0.000
1732204997.252,-47.363,-10.254,462.891,-68.359,0.000
1732204997.256,-53.711,-13.184,456.055,-60.547,0.000
1732204997.259,-58.594,-23.438,449.707,-55.664,0.000
1732204997.263,-62.012,-19.043,449.707,-42.969,0.000
1732204997.267,-66.406,-11.230,446.777,-58.594,0.000
1732204997.271,-55.176,-12.207,438.965,-90.820,0.000
1732204997.275,-61.035,-12.695,423.340,-101.074,0.000
1732204997.279,-70.312,-18.066,407.715,-96.191,0.000
1732204997.283,-62.500,-19.531,404.297,-81.055,0.000
1732204997.287,-41.992,-20.508,395.508,-61.523,0.000
1732204997.291,-33.203,-18.555,386.719,-38.574,0.000
1732204997.295,-49.316,-18.555,384.766,-36.621,0.000
1732204997.298,-66.895,-26.855,376.465,-49.805,0.000
1732204997.302,-55.664,-25.391,354.004,-38.574,0.000
1732204997.306,-32.715,-22.949,333.008,-41.016,0.000
1732204997.310,-34.668,-24.902,318.848,-53.711,0.000
1732204997.314,-46.875,-30.273,303.711,-49.805,0.000
1732204997.318,-25.391,-36.621,287.598,-39.551,0.000
1732204997.322,-26.855,-33.691,271.973,-48.340,0.000
1732204997.326,-42.969,-23.926,244.141,-50.293,0.000
1732204997.330,-28.809,-20.508,223.145,-40.527,0.000
1732204997.334,-29.297,-26.367,214.844,-34.668,0.000
1732204997.338,-32.715,-30.273,203.613,-10.742,0.000
1732204997.341,-33.203,-31.250,197.266,-20.020,0.000
1732204997.345,-34.180,-30.273,190.430,-41.504,0.000
1732204997.349,-35.156,-20.508,178.223,-34.668,0.000
1732204997.353,-40.527,-8.789,172.852,-20.020,0.000
1732204997.357,-40.039,-7.812,164.062,-30.762,0.000
1732204997.361,-30.273,-14.648,146.484,-43.945,0.000
1732204997.365,-15.625,-17.578,134.766,-33.691,0.000
1732204997.369,-24.902,-20.508,124.023,-30.762,0.000
1732204997.373,-34.668,-22.949,119.629,-36.621,0.000
1732204997.377,-27.344,-17.090,110.352,-29.785,0.000
1732204997.381,-34.180,-13.672,95.215,-26.855,0.000
1732204997.384,-59.082,-17.578,78.125,-41.992,0.000
1732204997.388,-45.898,-20.996,63.965,-51.270,0.000
1732204997.392,-31.250,-18.555,62.988,-36.621,0.000
1732204997.396,-35.645,-13.672,62.012,-25.391,0.000
1732204997.400,-28.320,-13.672,55.664,-29.785,0.000
1732204997.404,-38.086,-19.531,45.410,-32.227,0.000
1732204997.408,-34.668,-22.949,30.273,-41.016,0.000
1732204997.412,-42.969,-20.020,24.414,-55.664,0.000
1732204997.416,-51.270,-17.090,16.602,-57.129,0.000
1732204997.420,-38.574,-23.926,7.812,-59.082,0.000
1732204997.424,-59.570,-30.273,12.207,-63.965,0.000
1732204997.427,-60.059,-26.855,15.137,-56.641,0.000
1732204997.431,-49.316,-19.531,10.742,-62.012,0.000
1732204997.435,-39.551,-5.859,1.465,-61.035,0.000
1732204997.439,-41.504,-2.441,0.488,-39.062,0.000
1732204997.443,-52.734,-14.160,-3.418,-40.039,0.000
1732204997.447,-49.316,-19.531,2.930,-40.527,0.000
1732204997.451,-62.988,-14.160,0.977,-35.156,0.000
1732204997.455,-55.664,-13.672,-24.414,-35.645,0.000
1732204997.459,-24.414,-7.324,-25.391,-19.531,0.000
1732204997.463,-38.574,-4.883,-23.438,-44.434,0.000
1732204997.466,-47.852,-7.324,-23.438,-72.266,0.000
1732204997.470,-43.457,-15.137,-23.438,-46.387,0.000
1732204997.474,-47.363,-20.020,-26.855,-26.855,0.000
1732204997.478,-38.574,-18.066,-28.320,-44.922,0.000
1732204997.482,-48.828,-11.230,-32.227,-39.551,0.000
1732204997.486,-56.152,-11.230,-32.715,-24.414,0.000
1732204997.490,-52.246,-17.578,-53.711,-37.109,0.000
1732204997.494,-56.152,-15.137,-53.223,-44.922,0.000
1732204997.498,-48.340,-22.461,-46.387,-59.570,0.000
1732204997.502,-56.641,-51.270,-65.430,-88.867,0.000
1732204997.506,-50.293,-31.250,-48.828,-77.637,0.000
1732204997.509,-30.273,-6.836,-49.805,-66.895,0.000
1732204997.513,-52.734,-33.691,-74.707,-73.242,0.000
1732204997.517,-51.758,-46.875,-82.520,-42.480,0.000
1732204997.521,-55.664,-45.410,-83.496,-34.668,0.000
1732204997.525,-48.340,-35.645,-72.266,-42.969,0.000
1732204997.529,-36.621,-38.574,-111.816,-45.898,0.000
1732204997.533,-70.801,-31.250,-154.297,-43.945,0.000
1732204997.537,-67.871,-19.531,-159.668,-37.598,0.000
1732204997.541,-64.941,-43.945,-175.293,-57.617,0.000
1732204997.545,-57.617,-47.852,-207.031,-67.871,0.000
1732204997.548,-38.086,-24.902,-251.953,-51.758,0.000
1732204997.552,-40.527,-23.438,-297.852,-45.898,0.000
1732204997.556,-51.758,-21.484,-346.191,-38.574,0.000
1732204997.560,-43.945,-18.066,-399.902,-23.926,0.000
1732204997.564,-50.781,-19.531,-486.816,-39.062,0.000
1732204997.568,-56.641,-10.742,-563.477,-45.898,0.000
1732204997.572,-41.504,-18.555,-628.906,-41.992,0.000
1732204997.576,-25.879,-28.809,-729.492,-38.086,0.000
1732204997.580,-16.113,-10.254,-821.777,-36.621,0.000
1732204997.584,-24.414,3.906,-915.039,-30.762,0.000
1732204997.588,-39.062,-1.953,-995.117,-27.344,0.000
1732204997.591,-28.809,-4.883,-1000.000,-23.926,0.000
1732204997.595,-12.207,-0.488,-998.047,-11.230,0.000
1732204997.599,-11.230,8.789,-1000.000,13.184,0.000
1732204997.603,-20.020,3.418,-1000.000,23.438,0.000
1732204997.607,-10.742,4.395,-1000.000,8.301,0.000
1732204997.611,15.625,7.812,-1000.000,-19.531,0.000
1732204997.615,-7.324,-4.395,-1000.000,-41.992,0.000
1732204997.619,-14.160,-8.301,-1000.000,-34.180,0.000
1732204997.623,3.418,0.488,-1000.000,-22.461,0.000
1732204997.627,12.695,17.090,-1000.000,3.418,0.000
1732204997.630,4.883,20.508,-1000.000,15.625,0.000
1732204997.634,-2.441,23.926,-1000.000,4.883,0.000
1732204997.638,11.230,34.180,-1000.000,-16.602,0.000
1732204997.642,16.113,22.949,-1000.000,-26.855,0.000
1732204997.646,19.531,20.508,-1000.000,-22.461,0.000
1732204997.650,20.996,23.926,-1000.000,-35.645,0.000
1732204997.654,21.973,15.625,-1000.000,-37.109,0.000
1732204997.658,8.301,13.184,-1000.000,-26.855,0.000
1732204997.662,-17.090,6.836,-1000.000,-32.715,0.000
1732204997.666,-32.715,-6.348,-1000.000,-44.434,0.000
1732204997.670,-37.598,-12.695,-1000.000,-59.082,0.000
1732204997.673,-34.668,0.000,-1000.000,-58.105,0.000
1732204997.677,-29.297,2.441,-1000.000,-46.387,0.000
1732204997.681,-20.020,-4.883,-1000.000,-34.668,0.000
1732204997.685,-20.020,0.000,-1000.000,-27.832,0.000
1732204997.689,-33.691,0.977,-1000.000,-43.457,0.000
1732204997.693,-40.039,-11.719,-1000.000,-52.734,0.000
1732204997.697,-37.598,-15.137,-989.746,-51.758,0.000
1732204997.701,-33.691,-5.859,-1000.000,-64.453,0.000
1732204997.705,-39.062,-5.859,-849.609,-85.938,0.000
1732204997.709,-36.621,-0.977,-401.367,-65.918,0.000
1732204997.713,-37.598,-9.766,53.711,-46.387,0.000
1732204997.716,-46.875,-8.301,415.527,-60.059,0.000
1732204997.720,-30.762,9.277,629.395,-66.895,0.000
1732204997.724,-37.109,9.277,694.336,-85.449,0.000
1732204997.728,-67.871,8.789,737.793,-88.379,0.000
1732204997.732,-60.547,6.836,752.441,-76.172,0.000
1732204997.736,-58.594,0.488,774.414,-80.078,0.000
1732204997.740,-65.918,-3.906,878.418,-77.637,0.000
1732204997.744,-70.801,-5.371,962.402,-84.961,0.000
1732204997.748,-87.402,-2.930,971.191,-107.910,0.000
1732204997.752,-80.078,0.000,969.238,-99.121,0.000
1732204997.756,-79.590,-7.324,971.680,-83.008,0.000
1732204997.759,-75.684,-13.672,971.191,-96.680,0.000
1732204997.763,-84.473,-5.859,971.191,-142.578,0.000
1732204997.767,-103.516,4.883,971.191,-168.457,0.000
1732204997.771,-100.098,0.000,971.191,-153.320,0.000
1732204997.775,-104.492,-6.836,971.191,-159.180,0.000
1732204997.779,-128.906,-11.230,971.680,-183.594,0.000
1732204997.783,-141.602,-16.113,971.191,-189.941,0.000
1732204997.787,-134.766,-19.531,971.191,-194.336,0.000
1732204997.791,-128.906,-17.090,971.191,-180.664,0.000
1732204997.795,-139.160,-16.602,971.191,-185.547,0.000
1732204997.798,-138.184,-25.391,971.191,-192.383,0.000
1732204997.802,-124.512,-25.391,971.191,-193.848,0.000
1732204997.806,-128.906,-20.996,968.262,-203.613,0.000
1732204997.810,-128.906,-31.738,975.098,-192.871,0.000
1732204997.814,-116.211,-31.250,939.941,-186.523,0.000
1732204997.818,-104.492,-20.996,842.773,-182.617,0.000
1732204997.822,-90.820,-20.996,765.137,-184.570,0.000
1732204997.826,-91.309,-20.996,742.676,-191.895,0.000
1732204997.830,-104.980,-31.250,752.930,-169.922,0.000
1732204997.834,-97.656,-33.203,762.695,-138.184,0.000
1732204997.838,-98.633,-26.855,779.297,-128.418,0.000
1732204997.841,-104.980,-36.133,802.734,-117.188,0.000
1732204997.845,-101.074,-43.457,812.012,-115.234,0.000
1732204997.849,-101.074,-35.645,800.293,-128.906,0.000
1732204997.853,-82.520,-26.855,786.133,-129.883,0.000
1732204997.857,-72.754,-23.438,772.949,-103.027,0.000
1732204997.861,-59.082,-19.531,761.719,-85.938,0.000
1732204997.865,-45.410,-14.160,716.309,-77.148,0.000
1732204997.869,-57.129,-18.066,667.480,-71.777,0.000
1732204997.873,-66.895,-25.391,666.016,-73.730,0.000
1732204997.877,-39.062,-22.949,681.641,-61.035,0.000
1732204997.880,-30.273,-21.973,644.043,-41.992,0.000
1732204997.884,-46.387,-19.531,604.492,-35.645,0.000
1732204997.888,-47.852,-6.348,613.770,-29.785,0.000
1732204997.892,-36.621,-6.836,629.395,-16.113,0.000
1732204997.896,-35.645,-16.602,656.250,-13.672,0.000
1732204997.900,-38.574,-6.348,631.836,-8.301,0.000
1732204997.904,-30.273,-3.418,585.938,1.953,0.000
1732204997.908,-31.250,-7.324,561.523,0.977,0.000
1732204997.912,-28.809,-8.789,542.480,6.348,0.000
1732204997.916,-14.648,-3.418,510.742,7.324,0.000
1732204997.920,-4.883,-4.883,483.398,16.113,0.000
1732204997.923,-5.859,-8.789,457.520,20.020,0.000
1732204997.927,-2.441,3.906,427.246,18.555,0.000
1732204997.931,-13.672,5.371,398.926,12.695,0.000
1732204997.935,-13.672,-4.883,367.676,16.602,0.000
1732204997.939,-6.836,-8.301,337.402,20.996,0.000
1732204997.943,-6.836,0.488,305.176,20.020,0.000
1732204997.947,-3.418,2.441,279.785,37.109,0.000
1732204997.951,-6.836,-5.371,262.695,46.875,0.000
1732204997.955,-3.906,-3.906,224.609,29.785,0.000
1732204997.959,1.465,1.465,184.570,24.902,0.000
1732204997.963,4.395,-0.488,177.246,38.086,0.000
1732204997.966,-1.465,-8.301,168.945,33.203,0.000
1732204997.970,0.977,-10.742,138.184,21.973,0.000
1732204997.974,12.695,-13.184,115.234,13.672,0.000
1732204997.978,-10.742,-17.090,119.141,12.695,0.000
1732204997.982,-40.527,-24.414,119.629,15.625,0.000
1732204997.986,-23.438,-29.785,109.863,12.695,0.000
1732204997.990,-10.254,-22.461,88.379,7.812,0.000
1732204997.994,-29.785,-13.184,80.566,3.906,0.000
1732204997.998,-35.645,-13.672,91.309,14.648,0.000
1732204998.002,-17.090,-16.113,96.191,19.043,0.000
1732204998.005,-11.719,-15.625,101.562,11.230,0.000
1732204998.009,-28.320,-18.555,93.262,12.207,0.000
1732204998.013,-30.762,-22.461,69.824,8.789,0.000
1732204998.017,-25.391,-14.648,65.918,2.441,0.000
1732204998.021,-12.207,-22.949,72.754,15.137,0.000
1732204998.025,-18.066,-31.250,73.242,22.461,0.000
1732204998.029,-35.645,-19.043,68.848,18.066,0.000
1732204998.033,-37.109,-29.297,59.082,12.695,0.000
1732204998.037,-26.367,-28.809,52.246,3.418,0.000
1732204998.041,-9.766,-15.625,52.734,1.465,0.000
1732204998.045,-13.184,-14.160,62.012,0.977,0.000
1732204998.048,-23.438,-12.695,60.059,-2.930,0.000
1732204998.052,-32.715,-17.090,54.199,5.859,0.000
1732204998.056,-41.992,-21.484,57.129,-0.977,0.000
1732204998.060,-29.785,-14.648,55.176,0.000,0.000
1732204998.064,-20.020,-16.113,52.246,8.789,0.000
1732204998.068,-24.414,-19.531,47.852,-0.977,0.000
1732204998.072,-39.062,-19.043,44.922,-9.277,0.000
1732204998.076,-39.551,-19.043,48.828,-16.113,0.000
1732204998.080,-33.203,-22.461,41.016,-20.996,0.000
1732204998.084,-38.086,-28.320,40.039,-10.254,0.000
1732204998.087,-49.805,-26.855,45.898,-2.930,0.000
1732204998.091,-52.734,-23.926,42.969,-19.043,0.000
1732204998.095,-46.387,-24.902,43.457,-12.695,0.000
1732204998.099,-41.992,-27.832,35.645,-1.465,0.000
1732204998.103,-35.156,-26.855,34.180,-20.020,0.000
1732204998.107,-37.109,-28.809,39.062,-25.391,0.000
1732204998.111,-37.109,-31.250,36.133,-30.762,0.000
1732204998.115,-36.133,-27.344,34.180,-30.273,0.000
1732204998.119,-28.809,-22.949,38.086,-20.020,0.000
1732204998.123,-16.602,-29.297,34.180,-11.230,0.000
1732204998.127,-9.277,-25.391,27.344,-11.719,0.000
1732204998.130,-17.578,-24.414,24.414,-15.137,0.000
1732204998.134,-22.461,-29.297,27.832,-7.812,0.000
1732204998.138,-17.578,-31.250,23.438,-2.930,0.000
1732204998.142,-19.043,-34.668,18.066,0.977,0.000
1732204998.146,-29.785,-29.785,26.855,2.441,0.000
1732204998.150,-22.949,-25.391,27.832,0.488,0.000
1732204998.154,-13.184,-26.855,20.996,1.953,0.000
1732204998.158,-16.602,-26.855,20.020,13.184,0.000
1732204998.162,-5.859,-25.879,20.508,17.090,0.000
1732204998.166,0.977,-23.926,17.578,-1.465,0.000
1732204998.170,2.930,-20.020,22.949,1.465,0.000
1732204998.173,7.812,-22.949,26.367,15.137,0.000
1732204998.177,3.906,-28.320,20.508,17.090,0.000
1732204998.181,2.930,-21.973,22.949,16.113,0.000
1732204998.185,2.441,-16.113,30.762,14.648,0.000
1732204998.189,1.953,-19.531,30.762,21.484,0.000
1732204998.193,4.395,-19.531,28.809,11.230,0.000
1732204998.197,19.531,-14.160,34.668,-0.977,0.000
1732204998.201,5.859,-13.184,39.062,-9.766,0.000
1732204998.205,2.441,-19.531,32.715,-7.324,0.000
1732204998.209,13.672,-18.555,31.250,-0.488,0.000
1732204998.212,11.230,-24.902,30.762,10.742,0.000
1732204998.216,20.020,-33.203,25.879,21.484,0.000
1732204998.220,3.906,-24.902,24.902,21.973,0.000
1732204998.224,-18.066,-29.785,24.414,30.273,0.000
1732204998.228,-20.508,-32.227,20.508,20.508,0.000
1732204998.232,-20.020,-26.367,21.973,2.441,0.000
1732204998.236,-12.695,-29.297,28.809,3.906,0.000
1732204998.240,-7.324,-26.367,31.738,4.395,0.000
1732204998.244,-16.602,-28.809,23.438,-21.973,0.000
1732204998.248,-23.438,-32.715,14.160,-37.109,0.000
1732204998.252,-11.230,-32.227,9.277,-22.461,0.000
1732204998.255,-4.883,-32.715,7.324,-2.930,0.000
1732204998.259,-15.625,-30.273,13.184,16.602,0.000
1732204998.263,-19.043,-30.762,12.207,13.672,0.000
1732204998.267,-17.090,-35.156,3.906,1.465,0.000
1732204998.271,-3.906,-33.691,2.441,-6.836,0.000
1732204998.275,-3.418,-29.297,3.906,-3.418,0.000
1732204998.279,-11.719,-29.785,3.906,12.207,0.000
1732204998.283,-20.020,-30.273,2.930,11.719,0.000
1732204998.287,-25.879,-33.203,10.254,-4.395,0.000
1732204998.291,-24.414,-36.133,17.090,-4.883,0.000
1732204998.295,-17.090,-32.715,15.625,5.859,0.000
1732204998.298,-1.465,-37.598,17.090,13.672,0.000
1732204998.302,1.953,-38.086,12.695,14.648,0.000
1732204998.306,-4.395,-31.250,8.789,9.766,0.000
1732204998.310,7.324,-34.180,4.883,18.066,0.000
1732204998.314,5.859,-34.180,4.395,26.855,0.000
1732204998.318,-2.441,-30.273,5.859,23.438,0.000
1732204998.322,-3.906,-30.762,2.930,20.020,0.000
1732204998.326,0.488,-31.738,7.812,22.949,0.000
1732204998.330,4.883,-31.738,8.301,34.668,0.000
1732204998.334,8.789,-24.902,7.324,43.457,0.000
1732204998.337,0.000,-26.367,9.766,42.969,0.000
1732204998.341,-6.836,-32.227,3.906,41.992,0.000
1732204998.345,2.930,-20.996,-0.488,49.316,0.000
1732204998.349,8.789,-22.949,-0.977,46.875,0.000
1732204998.353,12.207,-33.203,0.488,31.250,0.000
1732204998.357,8.789,-38.086,6.348,18.555,0.000
1732204998.361,1.953,-29.297,0.977,3.906,0.000
1732204998.365,-8.301,-26.855,-4.883,20.996,0.000
1732204998.369,-0.488,-30.273,-3.418,24.414,0.000
1732204998.373,0.488,-26.367,-2.930,6.836,0.000
1732204998.377,-11.230,-33.203,-3.418,20.508,0.000
1732204998.380,-15.625,-34.668,-5.859,25.879,0.000
1732204998.384,-9.766,-27.344,-3.906,26.855,0.000
1732204998.388,-12.207,-32.715,-2.930,28.320,0.000
1732204998.392,-27.344,-38.086,-2.930,5.371,0.000
1732204998.396,-30.273,-34.180,-5.859,-1.953,0.000
1732204998.400,-4.883,-34.180,0.000,25.391,0.000
1732204998.404,-3.906,-32.715,-10.254,45.898,0.000
1732204998.408,-10.254,-33.203,-49.316,31.250,0.000
1732204998.412,-6.348,-44.434,-84.961,4.883,0.000
1732204998.416,-6.836,-45.898,-91.309,24.902,0.000
1732204998.419,-6.836,-46.387,-97.168,42.969,0.000
1732204998.423,-23.926,-51.758,-120.605,19.043,0.000
1732204998.427,-28.320,-54.688,-135.254,4.883,0.000
1732204998.431,-15.137,-52.734,-128.418,-20.020,0.000
1732204998.435,-18.066,-41.992,-121.094,-21.484,0.000
1732204998.439,-27.832,-47.852,-130.859,0.977,0.000
1732204998.443,-30.762,-56.641,-133.789,2.930,0.000
1732204998.447,-32.715,-51.758,-119.141,-0.488,0.000
1732204998.451,-45.410,-49.805,-103.516,7.812,0.000
1732204998.455,-40.527,-52.246,-90.820,16.113,0.000
1732204998.459,-15.137,-46.875,-82.031,17.090,0.000
1732204998.462,-7.812,-47.363,-76.172,29.785,0.000
1732204998.466,-14.648,-47.363,-75.195,27.344,0.000
1732204998.470,-15.625,-42.969,-74.707,29.785,0.000
1732204998.474,-6.348,-42.969,-82.031,28.320,0.000
1732204998.478,1.465,-38.086,-76.660,34.180,0.000
1732204998.482,1.465,-32.715,-61.523,39.551,0.000
1732204998.486,1.953,-36.621,-66.895,6.348,0.000
1732204998.490,3.906,-38.574,-70.312,-1.953,0.000
1732204998.494,-1.465,-34.180,-63.477,2.930,0.000
1732204998.498,-0.977,-30.273,-65.918,4.883,0.000
1732204998.502,-0.488,-26.855,-73.730,15.625,0.000
1732204998.505,-5.859,-27.344,-77.148,1.465,0.000
1732204998.509,-9.277,-28.320,-78.125,-17.090,0.000
1732204998.513,-17.578,-33.203,-72.266,6.348,0.000
1732204998.517,-20.996,-38.574,-65.430,28.809,0.000
1732204998.521,-21.973,-32.227,-63.477,32.227,0.000
1732204998.525,-40.527,-29.297,-61.035,19.531,0.000
1732204998.529,-45.898,-28.320,-67.871,-9.277,0.000
1732204998.533,-34.180,-26.855,-68.848,-11.230,0.000
1732204998.537,-23.438,-33.203,-55.664,8.301,0.000
1732204998.541,-26.367,-34.668,-51.270,14.160,0.000
1732204998.544,-42.969,-32.715,-53.223,11.719,0.000
1732204998.548,-47.852,-33.203,-53.711,10.254,0.000
1732204998.552,-47.363,-35.645,-59.570,-0.977,0.000
1732204998.556,-41.504,-36.133,-62.988,-9.766,0.000
1732204998.560,-43.945,-40.039,-67.383,0.000,0.000
1732204998.564,-44.434,-40.527,-62.500,-0.977,0.000
1732204998.568,-30.762,-40.039,-66.895,-22.949,0.000
1732204998.572,0.000,-38.574,-67.871,-25.391,0.000
1732204998.576,0.000,-40.039,-64.941,-17.090,0.000
1732204998.580,0.000,-47.852,-79.590,-17.090,0.000
1732204998.584,0.000,-38.574,-73.730,-10.742,0.000
1732204998.587,0.000,-26.367,-57.617,0.000,0.000
1732204998.591,0.000,-33.203,-62.500,-1.953,0.000
1732204998.595,0.000,-35.156,-59.082,5.859,0.000
1732204998.599,0.000,-33.691,-53.711,11.230,0.000
1732204998.603,0.000,-39.551,-66.406,-1.953,0.000
1732204998.607,0.000,-38.574,-68.848,-31.738,0.000
1732204998.611,0.000,-35.156,-60.059,-57.129,0.000
1732204998.615,0.000,-39.551,-56.152,-44.922,0.000
1732204998.619,-40.039,-47.852,-69.336,-22.949,0.000
1732204998.623,-40.039,-46.875,-73.242,-17.578,0.000
1732204998.627,-52.246,-41.504,-72.754,-38.086,0.000
1732204998.630,-45.410,-40.527,-75.195,-47.852,0.000
1732204998.634,-26.855,-39.551,-73.730,-34.180,0.000
1732204998.638,-45.898,-43.945,-72.266,-31.250,0.000
1732204998.642,-42.480,-47.852,-74.707,-23.926,0.000
1732204998.646,-46.387,-38.086,-77.637,-30.762,0.000
1732204998.650,-66.406,-30.273,-83.496,-51.758,0.000
1732204998.654,-54.199,-35.645,-87.891,-46.387,0.000
1732204998.658,-26.855,-40.039,-88.867,-40.527,0.000
1732204998.662,-26.367,-35.156,-92.773,-36.621,0.000
1732204998.666,0.000,-32.227,-91.797,-16.113,0.000
1732204998.669,0.000,-37.109,-92.773,1.953,0.000
1732204998.673,0.000,-44.922,-101.562,-7.324,0.000
1732204998.677,0.000,-52.246,-112.793,-17.090,0.000
1732204998.681,0.000,-51.270,-113.281,-9.766,0.000
1732204998.685,0.000,-52.734,-108.887,-24.902,0.000
1732204998.689,0.000,-48.828,-110.840,-60.547,0.000
1732204998.693,0.000,-35.156,-111.816,-59.570,0.000
1732204998.697,0.000,-36.133,-111.328,-66.406,0.000
1732204998.701,0.000,-42.480,-115.723,-66.895,0.000
1732204998.705,0.000,-40.527,-124.512,-41.504,0.000
1732204998.709,0.000,-46.387,-127.930,-45.898,0.000
1732204998.712,-37.598,-42.969,-127.930,-69.824,0.000
1732204998.716,-35.645,-41.504,-126.465,-61.523,0.000
1732204998.720,-31.738,-44.922,-128.906,-39.062,0.000
1732204998.724,-28.320,-35.156,-123.047,-43.945,0.000
1732204998.728,-36.133,-33.691,-128.906,-58.105,0.000
1732204998.732,-45.898,-41.504,-137.207,-63.965,0.000
1732204998.736,-54.688,-45.898,-129.395,-62.500,0.000
1732204998.740,-50.293,-45.410,-124.023,-54.199,0.000
1732204998.744,-30.273,-40.527,-127.441,-39.551,0.000
1732204998.748,-41.016,-44.434,-132.324,-44.922,0.000
1732204998.752,-59.082,-44.922,-131.348,-46.875,0.000
1732204998.755,-47.363,-42.480,-132.324,-34.180,0.000
1732204998.759,-50.293,-44.922,-134.766,-51.270,0.000
1732204998.763,-57.129,-48.828,-132.324,-66.895,0.000
1732204998.767,-37.109,-43.457,-131.836,-52.734,0.000
1732204998.771,-41.504,-41.504,-128.418,-24.414,0.000
1732204998.775,-68.359,-43.457,-126.465,-24.902,0.000
1732204998.779,-62.012,-46.387,-132.812,-44.434,0.000
1732204998.783,-33.691,-41.504,-128.418,-64.453,0.000
1732204998.787,-30.762,-34.668,-119.141,-79.102,0.000
1732204998.791,-40.039,-36.133,-114.258,-62.500,0.000
1732204998.794,-42.969,-41.992,-111.816,-47.363,0.000
1732204998.798,-53.711,-43.457,-120.605,-60.059,0.000
1732204998.802,-43.945,-43.945,-123.535,-47.852,0.000
1732204998.806,-39.062,-48.340,-117.188,-51.758,0.000
1732204998.810,-42.969,-44.922,-121.582,-57.129,0.000
1732204998.814,-35.156,-34.668,-125.000,-46.875,0.000
1732204998.818,-38.086,-34.668,-113.770,-29.297,0.000
1732204998.822,-37.109,-37.598,-107.422,-22.461,0.000
1732204998.826,-46.387,-34.668,-110.352,-51.758,0.000
1732204998.830,-34.180,-29.785,-104.492,-44.434,0.000
1732204998.834,-8.301,-32.715,-99.609,-35.645,0.000
1732204998.837,-36.133,-39.062,-91.797,-62.500,0.000
1732204998.841,-41.992,-36.133,-92.773,-74.219,0.000
1732204998.845,-30.762,-35.645,-95.215,-64.453,0.000
1732204998.849,-31.250,-47.363,-87.891,-54.688,0.000
1732204998.853,0.000,-51.758,-88.867,-62.500,0.000
1732204998.857,0.000,-47.852,-97.168,-51.270,0.000
1732204998.861,0.000,-45.898,-104.980,-39.062,0.000
1732204998.865,0.000,-42.969,-108.887,-44.922,0.000
1732204998.869,0.000,-45.410,-108.398,-53.711,0.000
1732204998.873,0.000,-44.434,-110.352,-56.641,0.000
1732204998.877,0.000,-39.551,-109.375,-73.730,0.000
1732204998.880,0.000,-39.062,-112.305,-77.148,0.000
1732204998.884,0.000,-41.016,-109.375,-48.828,0.000
1732204998.888,0.000,-41.016,-104.980,-35.645,0.000
1732204998.892,0.000,-39.551,-104.980,-55.664,0.000
1732204998.896,0.000,-39.062,-104.980,-79.590,0.000
1732204998.900,-62.012,-43.457,-94.238,-91.309,0.000
1732204998.904,-66.406,-48.828,-86.914,-76.172,0.000
1732204998.908,-46.875,-40.527,-90.332,-57.617,0.000
1732204998.912,-37.109,-35.156,-94.238,-59.570,0.000
1732204998.916,-56.152,-41.992,-89.844,-51.758,0.000
1732204998.919,-65.918,-42.480,-86.914,-50.781,0.000
1732204998.923,-40.039,-36.621,-87.402,-35.156,0.000
1732204998.927,-30.762,-30.762,-80.566,-18.066,0.000
1732204998.931,-42.480,-26.855,-80.566,-43.457,0.000
1732204998.935,-39.062,-29.297,-85.449,-59.082,0.000
1732204998.939,-35.645,-32.227,-86.426,-47.852,0.000
1732204998.943,-44.434,-36.133,-76.660,-49.316,0.000
1732204998.947,-54.688,-35.645,-71.777,-62.988,0.000
1732204998.951,-46.387,-38.086,-79.590,-68.848,0.000
1732204998.955,-48.340,-41.016,-77.148,-63.965,0.000
1732204998.959,-58.594,-37.109,-75.195,-53.711,0.000
1732204998.962,-49.805,-38.574,-76.172,-51.270,0.000
1732204998.966,-33.691,-39.551,-65.430,-39.551,0.000
1732204998.970,-47.852,-42.969,-62.012,-21.484,0.000
1732204998.974,-52.734,-41.992,-71.289,-22.461,0.000
1732204998.978,-55.176,-40.527,-73.730,-55.176,0.000
1732204998.982,-58.594,-45.410,-68.359,-57.129,0.000
1732204998.986,-48.828,-40.527,-68.359,-53.223,0.000
1732204998.990,-50.293,-38.086,-63.965,-66.406,0.000
1732204998.994,-46.387,-40.039,-59.570,-49.805,0.000
1732204998.998,-47.852,-40.039,-59.570,-51.270,0.000
1732204999.002,-45.410,-37.109,-52.734,-41.992,0.000
1732204999.005,-49.805,-38.086,-56.152,-26.367,0.000
1732204999.009,-45.898,-38.086,-60.547,-41.992,0.000
1732204999.013,-45.898,-34.668,-55.664,-65.430,0.000
1732204999.017,-52.734,-32.715,-51.270,-54.688,0.000
1732204999.021,-60.059,-37.109,-52.246,-46.387,0.000
1732204999.025,-67.383,-41.992,-54.199,-57.617,0.000
1732204999.029,-37.109,-38.086,-58.105,-50.293,0.000
1732204999.033,-29.785,-37.109,-55.664,-45.898,0.000
1732204999.037,-52.246,-41.504,-51.758,-52.734,0.000
1732204999.041,-47.363,-53.711,-47.852,-55.176,0.000
1732204999.044,-55.176,-57.129,-41.992,-54.199,0.000
1732204999.048,-60.059,-51.270,-35.645,-17.578,0.000
1732204999.052,-35.645,-38.574,-43.457,-7.812,0.000
1732204999.056,-41.504,-38.086,-49.805,-64.453,0.000
1732204999.060,-48.340,-44.922,-50.293,-103.516,0.000
1732204999.064,-53.223,-40.527,-57.129,-94.727,0.000
1732204999.068,-53.223,-39.062,-58.594,-83.984,0.000
1732204999.072,-49.316,-44.434,-59.082,-72.266,0.000
1732204999.076,-49.316,-46.387,-57.129,-58.105,0.000
1732204999.080,-62.500,-42.969,-48.340,-62.988,0.000
1732204999.083,-51.758,-38.574,-44.434,-63.965,0.000
1732204999.087,-47.363,-41.992,-46.875,-66.406,0.000
1732204999.091,-61.523,-38.574,-55.664,-66.406,0.000
1732204999.095,-45.898,-37.109,-41.992,-48.340,0.000
1732204999.099,-47.363,-34.668,-29.785,-57.129,0.000
1732204999.103,-45.410,-30.273,-34.668,-66.895,0.000
1732204999.107,-25.879,-33.691,-35.156,-57.617,0.000
1732204999.111,-41.992,-36.621,-34.180,-75.195,0.000
1732204999.115,-64.453,-46.875,-38.574,-78.613,0.000
1732204999.119,-58.105,-48.828,-41.504,-46.387,0.000
1732204999.123,-63.477,-45.898,-43.945,-36.621,0.000
1732204999.126,-62.988,-48.340,-46.875,-56.641,0.000
1732204999.130,-43.945,-43.945,-36.133,-62.988,0.000
1732204999.134,-64.941,-44.434,-33.203,-83.008,0.000
1732204999.138,-64.453,-44.922,-35.645,-76.172,0.000
1732204999.142,-41.992,-42.969,-31.738,-26.855,0.000
1732204999.146,-66.406,-44.434,-25.879,-36.621,0.000
1732204999.150,-57.617,-38.086,-26.855,-51.270,0.000
1732204999.154,-44.922,-35.156,-29.785,-41.992,0.000
1732204999.158,-59.570,-45.898,-32.715,-45.898,0.000
1732204999.162,-40.527,-44.922,-30.273,-30.273,0.000
1732204999.166,-41.016,-36.133,-29.297,-25.391,0.000
1732204999.169,-41.504,-35.156,-30.762,-52.246,0.000
1732204999.173,-37.598,-42.969,-18.555,-65.918,0.000
1732204999.177,-44.434,-40.039,-8.789,-43.457,0.000
1732204999.181,0.000,-41.992,-9.766,-50.781,0.000
1732204999.185,0.000,-48.340,-10.254,-68.359,0.000
1732204999.189,0.000,-50.781,-7.324,-62.988,0.000
1732204999.193,0.000,-51.758,-5.371,-52.246,0.000
1732204999.197,0.000,-44.922,-0.977,-49.316,0.000
1732204999.201,0.000,-45.410,-3.906,-87.402,0.000
1732204999.205,0.000,-45.898,-8.789,-81.055,0.000
1732204999.209,0.000,-42.969,-9.277,-50.293,0.000
1732204999.212,0.000,-41.504,-7.812,-38.574,0.000
1732204999.216,0.000,-42.480,0.977,-31.738,0.000
1732204999.220,0.000,-44.434,-7.324,-39.551,0.000
1732204999.224,0.000,-39.551,-7.812,-40.527,0.000
1732204999.228,-49.316,-46.387,-2.930,-34.668,0.000
1732204999.232,-67.871,-56.152,-17.090,-61.523,0.000
1732204999.236,-56.152,-50.781,-16.113,-55.176,0.000
1732204999.240,-51.758,-49.316,-2.441,-45.410,0.000
1732204999.244,-55.664,-56.152,-9.766,-38.574,0.000
1732204999.248,-57.617,-53.711,-22.949,-38.086,0.000
1732204999.252,-57.129,-50.781,-21.973,-33.691,0.000
1732204999.255,-42.480,-59.570,-12.207,-20.020,0.000
1732204999.259,-21.973,-55.664,-19.043,-40.527,0.000
1732204999.263,-27.832,-42.969,-24.414,-57.129,0.000
1732204999.267,-42.969,-37.109,-1.465,-59.570,0.000
1732204999.271,-39.551,-33.203,-7.324,-65.430,0.000
1732204999.275,-38.574,-31.250,-17.090,-42.969,0.000
1732204999.279,-25.391,-34.668,-7.812,-31.250,0.000
1732204999.283,-37.109,-37.598,-10.742,-53.711,0.000
1732204999.287,-43.457,-34.180,-3.418,-50.781,0.000
1732204999.291,-23.438,-34.668,-3.418,-35.645,0.000
1732204999.294,-43.457,-45.898,-15.625,-50.293,0.000
1732204999.298,-58.105,-48.828,-6.836,-41.016,0.000
1732204999.302,-43.457,-51.758,-1.953,-31.250,0.000
1732204999.306,-43.457,-51.270,-14.648,-40.527,0.000
1732204999.310,-55.176,-48.340,-15.137,-67.383,0.000
1732204999.314,-47.852,-54.199,-13.672,-78.125,0.000
1732204999.318,-41.992,-46.387,-17.090,-61.523,0.000
1732204999.322,0.000,-45.410,-20.996,-55.176,0.000
1732204999.326,0.000,-47.852,-17.090,-48.828,0.000
1732204999.330,0.000,-46.875,-16.602,-41.992,0.000
1732204999.334,0.000,-50.293,-16.602,-62.988,0.000
1732204999.337,0.000,-46.875,-25.879,-56.641,0.000
1732204999.341,0.000,-49.805,-29.297,-11.230,0.000
1732204999.345,0.000,-54.199,-26.367,-31.250,0.000
1732204999.349,0.000,-49.805,-28.809,-55.664,0.000
1732204999.353,0.000,-46.387,-26.855,-56.641,0.000
1732204999.357,0.000,-48.340,-21.484,-26.855,0.000
1732204999.361,0.000,-51.758,-21.973,-21.484,0.000
1732204999.365,0.000,-43.945,-29.785,-18.555,0.000
1732204999.369,-44.434,-46.875,-40.527,-45.898,0.000
1732204999.373,-40.527,-54.688,-38.086,-51.270,0.000
1732204999.377,-34.180,-47.852,-34.180,-5.859,0.000
1732204999.380,-20.020,-45.410,-54.199,-18.066,0.000
1732204999.384,-33.691,-51.758,-78.613,-45.410,0.000
1732204999.388,-42.480,-48.340,-84.473,-51.270,0.000
1732204999.392,-36.133,-49.316,-84.961,-38.086,0.000
1732204999.396,-37.598,-41.016,-87.402,-46.875,0.000
1732204999.400,-32.715,-34.180,-84.961,-49.805,0.000
1732204999.404,-46.875,-41.016,-82.031,-27.832,0.000
1732204999.408,-53.223,-36.133,-73.730,-24.414,0.000
1732204999.412,-42.969,-32.227,-72.266,-11.230,0.000
1732204999.416,-51.758,-37.109,-72.266,-10.254,0.000
1732204999.419,-40.527,-34.668,-78.125,-39.551,0.000
1732204999.423,-29.297,-36.621,-77.637,-37.598,0.000
1732204999.427,-29.785,-38.574,-58.105,-14.648,0.000
1732204999.431,-28.320,-37.109,-47.363,-26.855,0.000
1732204999.435,-34.180,-41.504,-56.641,-33.203,0.000
1732204999.439,-25.391,-44.922,-56.152,-12.695,0.000
1732204999.443,-10.254,-43.457,-52.246,-41.016,0.000
1732204999.447,-4.883,-43.457,-60.547,-37.109,0.000
1732204999.451,-21.484,-43.945,-53.711,-10.254,0.000
1732204999.455,-32.227,-49.316,-42.969,-12.695,0.000
1732204999.458,-18.066,-45.410,-47.363,-43.945,0.000
1732204999.462,-33.203,-44.434,-57.129,-42.480,0.000
1732204999.466,-32.715,-48.340,-57.617,-8.789,0.000
1732204999.470,-23.926,-52.734,-45.898,-11.230,0.000
1732204999.474,-36.621,-55.664,-32.227,-19.531,0.000
1732204999.478,-30.273,-43.945,-35.645,-22.461,0.000
1732204999.482,-39.062,-47.852,-39.062,-21.973,0.000
1732204999.486,-37.109,-56.152,-42.480,-20.996,0.000
1732204999.490,-26.855,-44.434,-52.246,-12.695,0.000
1732204999.494,-38.086,-36.621,-48.828,-21.484,0.000
1732204999.498,-55.664,-43.945,-45.898,-20.996,0.000
1732204999.501,-52.734,-45.898,-43.945,-21.484,0.000
1732204999.505,-36.133,-42.480,-32.715,-35.645,0.000
1732204999.509,-39.062,-46.387,-37.598,-45.410,0.000
1732204999.513,-34.180,-47.852,-43.945,-42.969,0.000
1732204999.517,-35.645,-51.270,-43.457,-48.828,0.000
1732204999.521,-45.410,-52.734,-44.922,-45.898,0.000
1732204999.525,-40.039,-60.059,-41.504,-41.504,0.000
1732204999.529,-52.246,-58.594,-44.922,-32.715,0.000
1732204999.533,-40.039,-48.828,-49.805,-33.691,0.000
1732204999.537,-32.227,-44.922,-42.480,-41.504,0.000
1732204999.541,-64.941,-46.387,-39.551,-27.344,0.000
1732204999.544,-60.059,-49.805,-47.852,-20.508,0.000
1732204999.548,-56.152,-43.457,-47.852,-46.875,0.000
1732204999.552,-68.848,-45.410,-42.969,-57.129,0.000
1732204999.556,-55.664,-45.410,-43.945,-42.480,0.000
1732204999.560,-35.645,-41.016,-43.945,-34.180,0.000
1732204999.564,-40.039,-47.363,-41.504,-18.066,0.000
1732204999.568,-45.410,-48.828,-38.574,-36.133,0.000
1732204999.572,-45.898,-43.945,-41.016,-42.969,0.000
1732204999.576,-34.668,-40.527,-49.316,-16.113,0.000
1732204999.580,-38.574,-37.109,-36.621,-23.926,0.000
1732204999.584,-57.129,-35.156,-28.320,-39.551,0.000
1732204999.587,-56.641,-32.715,-31.250,-38.574,0.000
1732204999.591,-48.828,-33.203,-27.832,-36.621,0.000
1732204999.595,-48.340,-32.227,-32.715,-36.621,0.000
1732204999.599,-46.387,-33.691,-46.387,-45.898,0.000
1732204999.603,-56.152,-41.992,-51.270,-54.199,0.000
1732204999.607,-56.641,-38.574,-45.898,-29.297,0.000
1732204999.611,-33.203,-33.691,-40.039,-32.227,0.000
1732204999.615,-40.039,-34.180,-40.039,-47.852,0.000
1732204999.619,-52.734,-32.715,-43.945,-50.781,0.000
1732204999.623,-40.039,-28.809,-50.293,-36.621,0.000
1732204999.627,-23.438,-26.855,-50.293,-15.625,0.000
1732204999.630,-32.227,-28.320,-43.457,-11.719,0.000
1732204999.634,-44.434,-38.574,-38.574,-7.324,0.000
1732204999.638,-39.062,-40.527,-41.992,-10.742,0.000
1732204999.642,-49.805,-41.016,-47.852,-14.648,0.000
1732204999.646,-49.805,-40.527,-41.992,-17.090,0.000
1732204999.650,-29.297,-32.227,-30.762,-35.156,0.000
1732204999.654,-20.020,-27.344,-39.062,-49.316,0.000
1732204999.658,-31.738,-28.809,-42.480,-31.738,0.000
1732204999.662,-32.227,-28.809,-29.297,-23.438,0.000
1732204999.666,-28.809,-24.902,-28.809,-22.461,0.000
1732204999.669,-30.762,-19.043,-29.297,-22.949,0.000
1732204999.673,-12.207,-19.531,-22.949,-12.207,0.000
1732204999.677,-9.277,-21.484,-28.320,-10.254,0.000
1732204999.681,-32.715,-17.090,-27.344,-19.531,0.000
1732204999.685,-41.504,-18.066,-27.344,-13.672,0.000
1732204999.689,-28.320,-21.484,-30.273,-33.691,0.000
1732204999.693,-25.391,-30.273,-29.297,-45.898,0.000
1732204999.697,-33.691,-35.156,-35.645,-20.508,0.000
1732204999.701,-39.551,-26.855,-34.668,-10.254,0.000
1732204999.705,-44.434,-27.344,-29.785,-14.648,0.000
1732204999.709,-32.227,-32.715,-27.832,-20.508,0.000
1732204999.712,-27.832,-30.273,-25.391,-26.367,0.000
1732204999.716,-38.086,-22.949,-19.043,-35.156,0.000
1732204999.720,-37.598,-21.973,-18.555,-36.621,0.000
1732204999.724,-26.367,-24.414,-21.484,-24.902,0.000
1732204999.728,-30.762,-20.020,-20.020,-33.691,0.000
1732204999.732,-38.574,-20.508,-23.438,-36.621,0.000
1732204999.736,-25.391,-22.949,-32.715,-33.691,0.000
1732204999.740,-25.879,-22.949,-29.785,-38.574,0.000
1732204999.744,-45.898,-28.320,-26.855,-35.156,0.000
1732204999.748,-42.480,-30.273,-31.738,-29.297,0.000
1732204999.751,-27.344,-24.902,-31.250,-35.156,0.000
1732204999.755,-39.551,-23.438,-29.297,-47.363,0.000
1732204999.759,-44.434,-25.879,-30.273,-48.340,0.000
1732204999.763,-28.320,-26.367,-27.344,-42.480,0.000
1732204999.767,-32.227,-26.855,-32.227,-27.832,0.000
1732204999.771,-27.344,-28.320,-39.062,-23.926,0.000
1732204999.775,-39.062,-26.367,-36.133,-18.066,0.000
1732204999.779,-37.109,-23.438,-27.344,-38.574,0.000
1732204999.783,-29.297,-30.273,-24.902,-37.598,0.000
1732204999.787,-34.180,-28.809,-31.250,-35.645,0.000
1732204999.791,0.000,-25.879,-33.691,-46.875,0.000
1732204999.794,0.000,-26.855,-28.320,-19.531,0.000
1732204999.798,0.000,-21.484,-33.691,-17.090,0.000
1732204999.802,0.000,-27.344,-39.551,-25.391,0.000
1732204999.806,0.000,-30.273,-27.832,-26.855,0.000
1732204999.810,0.000,-29.297,-18.555,-46.387,0.000
1732204999.814,0.000,-35.156,-24.414,-42.480,0.000
1732204999.818,0.000,-28.809,-25.391,-21.484,0.000
1732204999.822,0.000,-23.438,-26.855,-25.879,0.000
1732204999.826,0.000,-30.273,-30.762,-44.922,0.000
1732204999.830,0.000,-34.180,-33.203,-37.598,0.000
1732204999.833,0.000,-24.902,-39.551,-33.203,0.000
1732204999.837,-43.457,-25.879,-37.598,-44.922,0.000
1732204999.841,-37.598,-36.621,-28.320,-43.457,0.000
1732204999.845,-35.156,-32.227,-34.668,-37.109,0.000
1732204999.849,-36.133,-29.785,-41.504,-37.109,0.000
1732204999.853,-48.828,-31.738,-41.504,-38.574,0.000
1732204999.857,-38.574,-37.598,-39.062,-27.344,0.000
1732204999.861,-29.785,-37.598,-42.480,-45.410,0.000
1732204999.865,-47.363,-30.762,-43.457,-62.988,0.000
1732204999.869,-37.109,-29.297,-45.410,-52.246,0.000
1732204999.873,-40.527,-28.320,-45.898,-31.738,0.000
1732204999.876,-40.527,-18.066,-37.109,-5.859,0.000
1732204999.880,-39.551,-20.508,-26.367,-22.461,0.000
1732204999.884,-51.758,-25.391,-32.227,-40.039,0.000
1732204999.888,-41.016,-24.902,-41.992,-33.691,0.000
1732204999.892,-33.203,-32.227,-33.691,-29.785,0.000
1732204999.896,-32.227,-36.621,-35.645,-37.598,0.000
1732204999.900,-29.785,-33.203,-45.410,-30.762,0.000
1732204999.904,-23.438,-27.344,-38.574,-20.508,0.000
1732204999.908,-21.973,-29.785,-31.250,-20.996,0.000
1732204999.912,-30.273,-36.621,-26.855,-30.273,0.000
1732204999.916,-41.016,-41.504,-31.738,-37.109,0.000
1732204999.919,-52.734,-41.016,-36.621,-29.785,0.000
1732204999.923,-55.664,-35.645,-27.832,-31.250,0.000
1732204999.927,-44.434,-33.203,-26.367,-27.344,0.000
1732204999.931,0.000,-28.320,-40.527,-37.598,0.000
1732204999.935,0.000,-28.809,-37.109,-47.363,0.000
1732204999.939,0.000,-30.273,-22.949,-20.996,0.000
1732204999.943,0.000,-26.367,-22.461,-14.648,0.000
1732204999.947,0.000,-24.414,-25.879,-31.738,0.000
1732204999.951,0.000,-23.926,-28.809,-32.715,0.000
1732204999.955,0.000,-24.414,-27.344,-43.457,0.000
1732204999.959,0.000,-31.738,-21.973,-53.711,0.000
1732204999.962,0.000,-35.645,-28.809,-42.480,0.000
1732204999.966,0.000,-25.879,-31.738,-41.992,0.000
1732204999.970,0.000,-22.949,-25.391,-43.945,0.000
1732204999.974,0.000,-20.508,-25.391,-42.480,0.000
1732204999.978,-44.434,-12.695,-26.367,-56.641,0.000
1732204999.982,-33.691,-16.113,-21.973,-40.527,0.000
1732204999.986,-31.250,-17.578,-15.137,-28.809,0.000
1732204999.990,-38.574,-19.531,-17.578,-39.062,0.000
1732204999.994,-47.852,-19.531,-18.555,-44.922,0.000
1732204999.998,-47.363,-24.414,-17.578,-41.504,0.000
1732205000.001,-29.297,-31.738,-16.602,-20.020,0.000
1732205000.005,-41.016,-22.949,-8.789,-11.719,0.000
1732205000.009,-53.711,-13.672,-8.301,-14.648,0.000
1732205000.013,-50.293,-14.160,-16.602,-29.297,0.000
1732205000.017,-75.684,-22.461,-16.113,-23.926,0.000
1732205000.021,-74.707,-24.414,-20.020,-32.227,0.000
1732205000.025,-59.082,-21.973,-24.902,-46.875,0.000
1732205000.029,-52.734,-20.020,-17.578,-53.711,0.000
1732205000.033,-50.293,-20.508,-18.066,-71.289,0.000
1732205000.037,-48.828,-17.090,-18.555,-64.941,0.000
1732205000.041,-41.992,-14.648,-24.414,-44.922,0.000
1732205000.044,-30.762,-16.602,-25.391,-24.902,0.000
1732205000.048,-57.129,-18.555,-13.184,-30.273,0.000
1732205000.052,-59.082,-31.250,-8.789,-29.785,0.000
1732205000.056,-40.039,-24.414,-10.254,-21.484,0.000
1732205000.060,-42.480,-11.719,-11.230,-22.949,0.000
1732205000.064,-35.645,-11.230,-11.230,-22.949,0.000
1732205000.068,-41.504,-19.043,-14.648,-29.785,0.000
1732205000.072,-45.410,-21.973,-20.020,-37.109,0.000
1732205000.076,-42.480,-14.160,-17.090,-37.109,0.000
1732205000.080,-34.668,-20.508,-12.695,-26.367,0.000
1732205000.084,-41.016,-24.902,-9.766,-17.578,0.000
1732205000.087,-42.969,-15.137,-8.789,-6.836,0.000
1732205000.091,-33.203,-7.812,-17.578,-5.859,0.000
1732205000.095,-25.879,-15.625,-21.973,-20.020,0.000
1732205000.099,-27.832,-17.578,-16.602,-20.996,0.000
1732205000.103,-32.227,-16.602,-12.695,-16.113,0.000
1732205000.107,-38.574,-30.273,-17.090,-6.348,0.000
1732205000.111,-46.875,-30.762,-20.020,-2.930,0.000
1732205000.115,-41.992,-19.531,-15.137,-11.719,0.000
1732205000.119,-37.598,-8.789,-12.695,-22.949,0.000
1732205000.123,-37.109,-9.277,-10.254,-17.578,0.000
1732205000.126,-41.992,-21.973,-18.555,-17.578,0.000
1732205000.130,-36.621,-26.367,-27.832,-23.926,0.000
1732205000.134,-25.879,-17.090,-25.391,-31.738,0.000
1732205000.138,-45.898,-28.320,-23.926,-51.270,0.000
1732205000.142,-46.875,-36.621,-32.227,-40.527,0.000
1732205000.146,-39.551,-23.926,-34.668,-16.113,0.000
1732205000.150,-39.062,-19.043,-26.367,-12.207,0.000
1732205000.154,-34.180,-21.973,-19.043,-7.812,0.000
1732205000.158,-34.668,-23.926,-24.414,-14.648,0.000
1732205000.162,-41.016,-17.578,-36.133,-13.184,0.000
1732205000.166,-43.945,-10.254,-40.527,-15.137,0.000
1732205000.169,-30.273,-6.836,-33.203,-31.250,0.000
1732205000.173,-20.996,-10.254,-24.902,-22.461,0.000
1732205000.177,-26.855,-13.184,-15.625,-16.602,0.000
1732205000.181,-25.391,-17.578,-18.555,-17.090,0.000
1732205000.185,-23.438,-12.695,-23.438,-7.812,0.000
1732205000.189,-20.508,-4.883,-22.461,-20.508,0.000
1732205000.193,-24.902,-13.672,-28.809,-41.016,0.000
1732205000.197,-46.875,-23.438,-28.809,-35.156,0.000
1732205000.201,-49.316,-15.137,-25.391,-35.645,0.000
1732205000.205,-52.246,-8.789,-26.367,-29.297,0.000
1732205000.208,-50.293,-18.066,-22.949,-17.578,0.000
1732205000.212,-44.922,-18.066,-16.113,-27.344,0.000
1732205000.216,-39.551,-11.719,-15.625,-33.691,0.000
1732205000.220,-47.852,-17.578,-16.113,-25.879,0.000
1732205000.224,-58.594,-27.344,-20.996,-26.855,0.000
1732205000.228,-48.828,-29.785,-23.926,-36.133,0.000
1732205000.232,-48.828,-27.832,-21.484,-40.527,0.000
1732205000.236,-39.062,-24.414,-26.367,-43.945,0.000
1732205000.240,-38.574,-22.461,-28.809,-30.762,0.000
1732205000.244,-63.477,-25.391,-24.902,-13.184,0.000
1732205000.248,-54.199,-25.391,-22.461,-9.277,0.000
1732205000.251,-46.387,-20.508,-23.438,-15.137,0.000
1732205000.255,-45.898,-20.996,-30.273,-45.898,0.000
1732205000.259,-45.410,-20.508,-28.809,-56.152,0.000
1732205000.263,-49.316,-20.996,-23.438,-41.992,0.000
1732205000.267,-50.781,-20.508,-25.879,-37.109,0.000
1732205000.271,-51.270,-11.719,-17.578,-29.785,0.000
1732205000.275,-48.828,-12.207,-20.508,-15.625,0.000
1732205000.279,-44.922,-15.625,-28.320,-16.602,0.000
1732205000.283,-34.668,-17.578,-26.855,-25.879,0.000
1732205000.287,-30.762,-15.137,-29.785,-55.664,0.000
1732205000.290,-40.527,-11.719,-27.344,-59.570,0.000
1732205000.294,-34.668,-16.113,-22.461,-34.668,0.000
1732205000.298,-24.414,-16.602,-21.484,-36.621,0.000
1732205000.302,-24.902,-11.719,-16.602,-27.344,0.000
1732205000.306,-34.668,-10.742,-14.648,-22.461,0.000
1732205000.310,-45.410,-15.137,-18.555,-36.621,0.000
1732205000.314,-53.223,-16.113,-19.531,-38.574,0.000
1732205000.318,-46.875,-10.254,-20.020,-27.832,0.000
1732205000.322,-41.992,-17.090,-26.367,-21.973,0.000
1732205000.326,-37.598,-26.855,-30.762,-31.738,0.000
1732205000.330,-34.668,-20.020,-24.414,-36.621,0.000
1732205000.333,-32.715,-11.719,-16.113,-37.598,0.000
1732205000.337,-20.508,-20.508,-15.625,-33.203,0.000
1732205000.341,-30.273,-32.227,-19.531,-27.832,0.000
1732205000.345,-49.805,-33.203,-20.020,-32.715,0.000
1732205000.349,-42.969,-28.320,-17.090,-46.875,0.000
1732205000.353,-37.109,-25.879,-19.043,-45.898,0.000
1732205000.357,-49.316,-25.879,-20.508,-31.250,0.000
1732205000.361,-43.945,-28.320,-19.531,-21.484,0.000
1732205000.365,-40.527,-26.367,-17.090,-24.414,0.000
1732205000.369,-42.969,-20.996,-13.672,-31.738,0.000
1732205000.373,-36.133,-20.508,-20.508,-39.551,0.000
1732205000.376,-29.785,-21.484,-15.625,-36.621,0.000
1732205000.380,-26.855,-22.461,-11.719,-34.180,0.000
1732205000.384,-26.855,-26.367,-16.113,-31.738,0.000
1732205000.388,-30.273,-26.367,-18.555,-23.438,0.000
1732205000.392,-43.945,-26.855,-19.531,-35.156,0.000
1732205000.396,-40.039,-31.250,-22.949,-33.691,0.000
1732205000.400,-38.086,-27.344,-25.391,-22.949,0.000
1732205000.404,-40.039,-22.461,-21.973,-12.695,0.000
1732205000.408,-31.250,-28.320,-15.137,-22.949,0.000
1732205000.412,-34.668,-34.180,-17.090,-28.320,0.000
1732205000.416,-42.969,-29.785,-27.344,-5.371,0.000
1732205000.419,-41.992,-26.367,-22.949,3.418,0.000
1732205000.423,-37.598,-26.855,-21.973,-12.207,0.000
1732205000.427,-26.855,-22.949,-27.344,-27.344,0.000
1732205000.431,-20.996,-20.508,-27.344,-38.574,0.000
1732205000.435,-34.180,-24.414,-27.344,-37.598,0.000
1732205000.439,-43.945,-21.484,-24.414,-25.879,0.000
1732205000.443,-43.457,-21.973,-21.973,-30.273,0.000
1732205000.447,-52.246,-32.227,-22.461,-32.227,0.000
1732205000.451,-54.199,-32.715,-23.926,-22.949,0.000
1732205000.455,-55.176,-30.762,-27.344,-28.809,0.000
1732205000.458,-50.781,-32.227,-29.297,-27.344,0.000
1732205000.462,-41.016,-26.855,-30.273,-14.160,0.000
1732205000.466,-51.758,-24.414,-31.250,-26.855,0.000
1732205000.470,-46.875,-28.320,-31.738,-42.480,0.000
1732205000.474,-39.062,-22.949,-33.203,-40.039,0.000
1732205000.478,-38.086,-18.555,-36.133,-37.598,0.000
1732205000.482,-27.832,-21.484,-38.086,-33.203,0.000
1732205000.486,-34.668,-20.996,-36.133,-17.090,0.000
1732205000.490,-43.945,-18.555,-35.156,-33.691,0.000
1732205000.494,-50.781,-19.043,-32.227,-59.570,0.000
1732205000.498,-32.227,-23.926,-33.203,-50.781,0.000
1732205000.501,-12.695,-24.414,-32.227,-44.922,0.000
1732205000.505,-22.949,-13.672,-30.273,-41.992,0.000
1732205000.509,-24.902,-12.695,-34.668,-26.367,0.000
1732205000.513,-28.320,-22.949,-34.668,-20.508,0.000
1732205000.517,-37.598,-24.902,-33.691,-17.090,0.000
1732205000.521,-35.645,-12.207,-36.133,-17.090,0.000
1732205000.525,-23.926,-10.254,-28.809,-30.273,0.000
1732205000.529,-22.461,-21.973,-22.461,-34.180,0.000
1732205000.533,-37.109,-20.996,-21.973,-21.973,0.000
1732205000.537,-41.504,-9.766,-24.902,-25.879,0.000
1732205000.540,-26.855,-6.348,-26.855,-48.340,0.000
1732205000.544,-9.277,-7.812,-22.461,-47.852,0.000
1732205000.548,-6.348,-13.184,-22.949,-33.203,0.000
1732205000.552,-29.297,-19.043,-21.484,-41.016,0.000
1732205000.556,-49.805,-23.438,-21.973,-37.598,0.000
1732205000.560,-45.898,-28.809,-19.043,-16.602,0.000
1732205000.564,-41.016,-28.809,-17.090,-21.973,0.000
1732205000.568,-43.945,-32.227,-23.438,-31.738,0.000
1732205000.572,-42.969,-38.574,-25.879,-32.715,0.000
1732205000.576,-46.875,-38.086,-26.367,-24.902,0.000
1732205000.579,-38.086,-42.969,-21.484,-17.578,0.000
1732205000.583,-31.738,-46.387,-20.508,-24.902,0.000
1732205000.587,-33.691,-35.645,-23.438,-19.531,0.000
1732205000.591,-26.367,-33.691,-30.762,-30.762,0.000
1732205000.595,-26.367,-36.133,-30.762,-36.621,0.000
1732205000.599,-30.273,-31.250,-23.926,-13.672,0.000
1732205000.603,-25.879,-32.227,-20.508,-5.371,0.000
1732205000.607,-20.508,-30.762,-17.090,-22.949,0.000
1732205000.611,-35.156,-32.715,-16.113,-25.391,0.000
1732205000.615,-27.832,-32.715,-22.949,-19.531,0.000
1732205000.619,-35.156,-29.297,-27.344,-33.691,0.000
1732205000.622,-51.270,-28.320,-24.414,-29.785,0.000
1732205000.626,-54.199,-30.273,-33.203,-28.320,0.000
1732205000.630,-43.457,-31.250,-36.621,-35.156,0.000
1732205000.634,-37.109,-29.785,-32.227,-20.508,0.000
1732205000.638,-47.363,-35.645,-29.297,-14.160,0.000
1732205000.642,-28.809,-32.715,-24.414,-27.832,0.000
1732205000.646,-18.066,-20.508,-18.555,-37.109,0.000
1732205000.650,-26.367,-19.531,-22.949,-39.062,0.000
1732205000.654,-20.508,-29.297,-26.855,-31.738,0.000
1732205000.658,-22.461,-33.691,-25.879,-24.414,0.000
1732205000.662,-35.156,-26.855,-32.715,-14.648,0.000
1732205000.665,-31.250,-23.438,-29.297,-0.977,0.000
1732205000.669,-20.020,-25.879,-20.508,10.254,0.000
1732205000.673,-15.137,-24.414,-22.949,11.719,0.000
1732205000.677,-21.973,-23.926,-21.973,-9.277,0.000
1732205000.681,-15.137,-30.762,-20.020,-9.766,0.000
1732205000.685,-14.648,-33.203,-19.531,-12.695,0.000
1732205000.689,-25.391,-29.785,-19.043,-30.762,0.000
1732205000.693,-26.367,-32.715,-25.391,-39.551,0.000
1732205000.697,-21.484,-35.645,-30.762,-32.715,0.000
1732205000.701,-27.832,-27.344,-26.855,-19.043,0.000
1732205000.705,-35.156,-22.949,-24.414,-19.043,0.000
1732205000.708,-29.297,-22.949,-32.227,-14.160,0.000
1732205000.712,-27.344,-25.879,-39.062,-8.789,0.000
1732205000.716,-33.203,-26.855,-33.203,-34.180,0.000
1732205000.720,-25.879,-26.855,-29.297,-58.594,0.000
1732205000.724,-26.367,-23.926,-28.320,-49.316,0.000
1732205000.728,-31.738,-22.461,-24.902,-33.691,0.000
1732205000.732,-32.227,-26.855,-23.926,-29.785,0.000
1732205000.736,-25.879,-33.691,-31.250,-22.461,0.000
1732205000.740,-32.715,-34.180,-28.320,-16.113,0.000
1732205000.744,-38.086,-31.250,-21.484,-36.133,0.000
1732205000.748,-34.180,-22.949,-27.832,-51.758,0.000
1732205000.751,-27.832,-20.020,-25.879,-43.457,0.000
1732205000.755,-28.320,-26.367,-29.297,-29.785,0.000
1732205000.759,-33.203,-26.367,-41.992,-22.949,0.000
1732205000.763,-23.438,-22.461,-35.156,-30.762,0.000
1732205000.767,-29.785,-25.391,-29.297,-40.527,0.000
1732205000.771,-39.551,-31.250,-38.574,-45.410,0.000
1732205000.775,-39.551,-28.320,-41.504,-42.969,0.000
1732205000.779,-40.527,-28.809,-28.809,-39.551,0.000
1732205000.783,-43.457,-38.574,-28.320,-47.363,0.000
1732205000.787,-44.434,-36.133,-36.133,-54.199,0.000
1732205000.790,-46.387,-21.973,-37.598,-37.598,0.000
1732205000.794,-40.527,-23.926,-30.762,-32.715,0.000
1732205000.798,-30.273,-34.180,-33.203,-55.664,0.000
1732205000.802,-42.969,-32.227,-34.668,-62.012,0.000
1732205000.806,-43.945,-25.391,-30.762,-56.152,0.000
1732205000.810,-21.484,-26.855,-36.621,-57.129,0.000
1732205000.814,-26.855,-27.832,-32.227,-52.246,0.000
1732205000.818,-20.996,-26.367,-27.344,-49.316,0.000
1732205000.822,0.000,-25.879,-24.414,-50.781,0.000
1732205000.826,0.000,-26.367,-25.391,-43.945,0.000
1732205000.830,0.000,-29.297,-20.020,-40.527,0.000
1732205000.833,0.000,-29.297,-16.602,-37.109,0.000
1732205000.837,0.000,-24.902,-19.531,-36.133,0.000
1732205000.841,0.000,-23.926,-22.949,-39.062,0.000
1732205000.845,0.000,-22.949,-22.461,-28.809,0.000
1732205000.849,0.000,-25.879,-14.648,-8.301,0.000
1732205000.853,0.000,-17.578,-13.184,-11.230,0.000
1732205000.857,0.000,-9.277,-10.742,-17.090,0.000
1732205000.861,0.000,-16.113,-16.113,-7.324,0.000
1732205000.865,0.000,-15.137,-31.250,-38.086,0.000
1732205000.869,-30.762,-18.555,-33.203,-71.289,0.000
1732205000.872,-27.344,-23.926,-31.738,-56.641,0.000
1732205000.876,-29.297,-24.902,-32.227,-48.828,0.000
1732205000.880,-34.668,-36.133,-30.762,-42.969,0.000
1732205000.884,-35.156,-38.574,-29.785,-28.320,0.000
1732205000.888,-30.762,-29.297,-25.391,-9.277,0.000
1732205000.892,-28.320,-34.180,-33.203,9.277,0.000
1732205000.896,-21.484,-33.691,-37.598,-1.465,0.000
1732205000.900,-20.996,-27.344,-34.180,-35.156,0.000
1732205000.904,-29.785,-31.250,-36.133,-46.875,0.000
1732205000.908,-18.555,-30.273,-32.227,-37.109,0.000
1732205000.912,-16.113,-25.879,-25.879,-24.902,0.000
1732205000.915,-38.574,-26.855,-37.109,-31.738,0.000
1732205000.919,-40.527,-25.391,-36.621,-22.949,0.000
1732205000.923,-28.809,-25.391,-26.855,-9.766,0.000
1732205000.927,-25.879,-25.391,-32.227,-34.180,0.000
1732205000.931,-26.367,-23.438,-28.809,-45.410,0.000
1732205000.935,-11.719,-22.461,-19.531,-40.527,0.000
1732205000.939,-22.461,-24.902,-18.066,-36.621,0.000
1732205000.943,-33.691,-25.391,-29.297,-28.809,0.000
1732205000.947,-24.902,-26.367,-34.668,-24.902,0.000
1732205000.951,-15.625,-30.273,-29.785,-27.344,0.000
1732205000.954,-15.137,-30.762,-22.949,-30.273,0.000
1732205000.958,-21.973,-28.809,-23.926,-38.574,0.000
1732205000.962,-15.625,-29.785,-31.250,-42.480,0.000
1732205000.966,-29.785,-34.180,-33.203,-22.949,0.000
1732205000.970,-47.852,-42.480,-35.156,-17.578,0.000
1732205000.974,-50.293,-44.922,-35.645,-10.742,0.000
1732205000.978,-39.062,-35.645,-27.344,0.488,0.000
1732205000.982,-26.367,-34.180,-27.832,-19.531,0.000
1732205000.986,-31.250,-32.715,-31.250,-41.016,0.000
1732205000.990,-26.855,-26.855,-25.879,-38.086,0.000
1732205000.994,-17.090,-28.809,-21.484,-21.973,0.000
1732205000.997,-34.180,-31.738,-23.438,-15.137,0.000
1732205001.001,-38.574,-29.785,-28.320,-21.484,0.000
1732205001.005,-26.367,-32.715,-29.297,-33.691,0.000
1732205001.009,-33.203,-36.621,-25.879,-34.180,0.000
1732205001.013,-33.691,-39.551,-24.414,-35.645,0.000
1732205001.017,-26.855,-38.574,-31.250,-40.527,0.000
1732205001.021,-31.250,-33.691,-26.855,-33.691,0.000
1732205001.025,-26.855,-27.344,-19.043,-20.996,0.000
1732205001.029,-25.879,-31.738,-25.391,-31.250,0.000
1732205001.033,-42.480,-40.039,-24.414,-27.832,0.000
1732205001.037,-41.992,-32.227,-20.996,-3.418,0.000
1732205001.040,-41.992,-26.367,-32.715,-8.789,0.000
1732205001.044,-27.832,-26.855,-34.668,-20.996,0.000
1732205001.048,-3.418,-20.508,-31.738,-23.926,0.000
1732205001.052,-23.926,-21.973,-22.949,-42.480,0.000
1732205001.056,-58.105,-31.738,-15.625,-59.570,0.000
1732205001.060,-40.527,-29.297,-19.043,-29.785,0.000
1732205001.064,-35.645,-26.367,-14.160,-32.715,0.000
1732205001.068,-54.688,-32.227,-17.578,-61.523,0.000
1732205001.072,-45.410,-35.156,-22.461,-61.523,0.000
1732205001.076,-51.270,-35.645,-19.043,-65.918,0.000
1732205001.079,-56.641,-38.574,-20.020,-65.430,0.000
1732205001.083,-55.176,-36.133,-20.508,-61.035,0.000
1732205001.087,-57.129,-32.227,-20.020,-54.688,0.000
1732205001.091,-50.293,-35.156,-26.367,-48.828,0.000
1732205001.095,-53.711,-37.598,-33.691,-51.758,0.000
1732205001.099,-52.246,-39.062,-27.344,-51.758,0.000
1732205001.103,-58.594,-42.480,-28.320,-57.129,0.000
1732205001.107,-59.570,-37.598,-30.273,-52.734,0.000
1732205001.111,-50.781,-31.250,-32.227,-44.434,0.000
1732205001.115,-51.270,-27.832,-29.785,-26.855,0.000
1732205001.119,-48.828,-26.367,-28.809,-15.137,0.000
1732205001.122,-37.598,-25.879,-30.273,-19.531,0.000
1732205001.126,-26.367,-25.391,-20.508,-37.598,0.000
1732205001.130,-34.180,-22.949,-26.855,-66.895,0.000
1732205001.134,-43.457,-23.438,-35.645,-66.406,0.000
1732205001.138,-37.109,-27.344,-28.320,-56.641,0.000
1732205001.142,-30.762,-30.273,-32.715,-53.223,0.000
1732205001.146,-37.109,-31.738,-40.039,-48.340,0.000
1732205001.150,-49.316,-33.691,-36.133,-35.156,0.000
1732205001.154,-36.133,-27.344,-23.926,-29.297,0.000
1732205001.158,-28.320,-27.832,-23.926,-29.297,0.000
1732205001.162,-41.992,-38.086,-37.109,-30.273,0.000
1732205001.165,-46.875,-35.645,-41.016,-35.645,0.000
1732205001.169,-35.645,-32.227,-38.086,-40.039,0.000
1732205001.173,-37.598,-35.645,-34.668,-48.340,0.000
1732205001.177,-49.316,-39.062,-35.156,-41.504,0.000
1732205001.181,-49.805,-38.086,-41.504,-21.484,0.000
1732205001.185,-36.133,-33.203,-38.574,-13.184,0.000
1732205001.189,-33.691,-35.645,-29.785,-12.207,0.000
1732205001.193,-37.109,-38.086,-32.227,-23.438,0.000
1732205001.197,0.000,-33.203,-36.621,-42.480,0.000
1732205001.201,0.000,-27.344,-38.574,-55.176,0.000
1732205001.205,0.000,-28.320,-34.180,-51.270,0.000
1732205001.208,0.000,-33.203,-31.738,-44.434,0.000
1732205001.212,0.000,-28.809,-32.227,-31.738,0.000
1732205001.216,0.000,-26.855,-44.922,-31.250,0.000
1732205001.220,0.000,-36.133,-51.758,-31.738,0.000
1732205001.224,0.000,-31.738,-38.086,-20.508,0.000
1732205001.228,0.000,-25.391,-31.738,-28.320,0.000
1732205001.232,0.000,-36.621,-27.344,-23.926,0.000
1732205001.236,0.000,-32.227,-23.438,-18.066,0.000
1732205001.240,0.000,-23.926,-27.832,-28.809,0.000
1732205001.244,-47.363,-28.320,-34.180,-38.574,0.000
1732205001.247,-49.805,-33.691,-37.109,-29.785,0.000
1732205001.251,-43.457,-31.738,-27.344,-30.273,0.000
1732205001.255,-42.969,-28.809,-30.273,-47.852,0.000
1732205001.259,-48.828,-32.227,-29.297,-26.855,0.000
1732205001.263,-48.340,-34.668,-16.113,-17.578,0.000
1732205001.267,-48.340,-40.527,-25.391,-35.645,0.000
1732205001.271,-46.387,-39.062,-33.203,-52.734,0.000
1732205001.275,-31.250,-31.250,-32.715,-66.895,0.000
1732205001.279,-18.555,-28.809,-38.086,-63.965,0.000
1732205001.283,-30.273,-28.809,-39.551,-65.918,0.000
1732205001.286,-41.504,-30.273,-37.598,-64.941,0.000
1732205001.290,0.000,-30.273,-34.180,-46.875,0.000
1732205001.294,0.000,-25.391,-31.250,-37.598,0.000
1732205001.298,0.000,-26.855,-35.156,-43.457,0.000
1732205001.302,0.000,-31.250,-36.133,-42.480,0.000
1732205001.306,0.000,-33.203,-28.809,-45.898,0.000
1732205001.310,0.000,-31.250,-28.809,-44.434,0.000
1732205001.314,0.000,-27.832,-32.715,-41.016,0.000
1732205001.318,0.000,-41.504,-36.133,-58.594,0.000
1732205001.322,0.000,-45.410,-37.598,-49.805,0.000
1732205001.326,0.000,-29.297,-34.668,-40.039,0.000
1732205001.329,0.000,-28.809,-44.922,-74.707,0.000
1732205001.333,0.000,-31.250,-48.828,-90.820,0.000
1732205001.337,-40.527,-22.949,-40.527,-68.848,0.000
1732205001.341,-39.062,-18.555,-38.086,-75.195,0.000
1732205001.345,-37.109,-20.996,-41.504,-83.496,0.000
1732205001.349,-36.133,-23.438,-43.457,-72.266,0.000
1732205001.353,-39.551,-21.484,-39.062,-71.289,0.000
1732205001.357,-42.480,-23.926,-38.574,-72.266,0.000
1732205001.361,-53.223,-20.020,-42.969,-76.172,0.000
1732205001.365,-63.477,-16.113,-33.203,-71.777,0.000
1732205001.368,-35.156,-21.973,-22.949,-54.688,0.000
1732205001.372,-34.668,-27.344,-34.668,-57.617,0.000
1732205001.376,-77.148,-28.809,-39.551,-65.918,0.000
1732205001.380,-75.195,-26.855,-36.133,-66.895,0.000
1732205001.384,-49.316,-29.297,-42.480,-65.918,0.000
1732205001.388,-47.363,-26.855,-42.480,-71.777,0.000
1732205001.392,-49.316,-22.461,-32.715,-74.707,0.000
1732205001.396,-40.039,-23.926,-35.156,-66.895,0.000
1732205001.400,-42.969,-17.090,-28.809,-48.828,0.000
1732205001.404,-54.199,-17.578,-20.508,-35.645,0.000
1732205001.407,-47.852,-21.484,-26.367,-46.387,0.000
1732205001.411,-44.922,-16.602,-28.320,-66.895,0.000
1732205001.415,-36.133,-22.949,-34.668,-68.848,0.000
1732205001.419,-32.227,-28.809,-31.738,-56.641,0.000
1732205001.423,-55.176,-28.809,-27.832,-58.594,0.000
1732205001.427,-49.316,-34.668,-29.297,-44.434,0.000
1732205001.431,-24.414,-30.273,-22.461,-17.578,0.000
1732205001.435,-26.367,-21.973,-25.879,-28.320,0.000
1732205001.439,-48.340,-17.578,-32.227,-56.152,0.000
1732205001.443,-45.410,-17.578,-32.715,-70.801,0.000
1732205001.447,-31.738,-18.555,-41.016,-73.730,0.000
1732205001.450,-27.344,-18.555,-46.875,-55.664,0.000
1732205001.454,-41.016,-26.367,-41.016,-49.805,0.000
1732205001.458,-47.363,-34.180,-39.062,-53.223,0.000
1732205001.462,-39.062,-32.227,-41.504,-54.688,0.000
1732205001.466,-40.039,-27.344,-33.691,-63.965,0.000
1732205001.470,-25.391,-31.250,-21.973,-77.637,0.000
1732205001.474,-21.973,-36.133,-26.855,-75.195,0.000
1732205001.478,-32.715,-21.484,-33.203,-73.730,0.000
1732205001.482,-25.879,-7.812,-30.273,-60.547,0.000
1732205001.486,-26.855,-17.090,-22.949,-55.176,0.000
1732205001.489,-29.785,-25.391,-15.625,-69.824,0.000
1732205001.493,-30.273,-24.414,-19.043,-83.984,0.000
1732205001.497,-32.227,-22.949,-23.438,-98.633,0.000
1732205001.501,-29.297,-12.207,-24.414,-93.750,0.000
1732205001.505,-30.273,-16.602,-33.203,-71.777,0.000
1732205001.509,-40.039,-31.250,-40.527,-62.500,0.000
1732205001.513,-50.781,-30.273,-31.738,-58.594,0.000
1732205001.517,-41.016,-26.367,-23.438,-48.828,0.000
1732205001.521,-40.527,-20.996,-23.438,-56.152,0.000
1732205001.525,0.000,-12.695,-19.043,-65.918,0.000
1732205001.529,0.000,-16.602,-28.809,-74.219,0.000
1732205001.532,0.000,-24.414,-44.434,-84.961,0.000
1732205001.536,0.000,-22.949,-36.133,-77.148,0.000
1732205001.540,0.000,-21.973,-31.250,-55.176,0.000
1732205001.544,0.000,-21.973,-31.738,-40.039,0.000
1732205001.548,0.000,-23.438,-32.227,-47.363,0.000
1732205001.552,0.000,-18.066,-27.344,-44.922,0.000
1732205001.556,0.000,-9.277,-18.066,-58.105,0.000
1732205001.560,0.000,-14.648,-28.809,-72.266,0.000
1732205001.564,0.000,-19.043,-31.738,-64.941,0.000
1732205001.568,0.000,-21.484,-21.973,-62.500,0.000
1732205001.572,-33.691,-23.926,-22.949,-57.617,0.000
1732205001.575,-35.645,-22.949,-28.320,-61.035,0.000
1732205001.579,-36.621,-30.273,-32.715,-58.105,0.000
1732205001.583,-34.668,-34.668,-35.645,-56.641,0.000
1732205001.587,-35.645,-21.484,-34.180,-55.176,0.000
1732205001.591,-33.691,-23.926,-29.785,-58.105,0.000
1732205001.595,-33.691,-27.832,-22.949,-64.453,0.000
1732205001.599,-32.715,-24.902,-31.250,-55.176,0.000
1732205001.603,-31.738,-28.809,-39.551,-55.176,0.000
1732205001.607,-47.852,-31.738,-30.762,-70.801,0.000
1732205001.611,-47.363,-31.250,-26.367,-83.496,0.000
1732205001.614,-35.645,-35.156,-22.461,-81.055,0.000
1732205001.618,-34.668,-28.809,-20.996,-80.078,0.000
1732205001.622,-36.621,-28.320,-28.809,-72.754,0.000
1732205001.626,-53.223,-35.645,-28.320,-60.547,0.000
1732205001.630,-64.453,-33.203,-24.902,-54.199,0.000
1732205001.634,-50.293,-27.832,-24.902,-53.711,0.000
1732205001.638,-48.828,-23.438,-20.508,-55.176,0.000
1732205001.642,-48.828,-30.762,-15.625,-41.992,0.000
1732205001.646,-28.809,-33.203,-16.602,-45.410,0.000
1732205001.650,-30.762,-24.902,-17.090,-41.016,0.000
1732205001.654,-45.410,-24.902,-17.090,-35.156,0.000
1732205001.657,-37.598,-25.879,-19.531,-54.688,0.000
1732205001.661,-40.039,-28.320,-18.066,-63.965,0.000
1732205001.665,0.000,-28.809,-18.555,-76.660,0.000
1732205001.669,0.000,-28.320,-20.020,-70.801,0.000
1732205001.673,0.000,-28.320,-17.090,-55.176,0.000
1732205001.677,0.000,-26.855,-18.066,-52.246,0.000
1732205001.681,0.000,-29.785,-22.949,-52.246,0.000
1732205001.685,0.000,-31.738,-18.066,-58.594,0.000
1732205001.689,0.000,-33.691,-15.625,-58.105,0.000
1732205001.693,0.000,-40.039,-24.414,-62.988,0.000
1732205001.696,0.000,-33.691,-25.879,-67.871,0.000
1732205001.700,0.000,-24.414,-31.250,-68.359,0.000
1732205001.704,0.000,-27.344,-34.668,-68.359,0.000
1732205001.708,0.000,-26.855,-29.785,-64.453,0.000
1732205001.712,-53.711,-28.809,-31.250,-74.707,0.000
1732205001.716,-51.270,-31.738,-30.762,-85.449,0.000
1732205001.720,-53.711,-29.297,-29.785,-76.172,0.000
1732205001.724,-56.641,-31.250,-36.621,-59.570,0.000
1732205001.728,-60.059,-36.133,-37.598,-47.852,0.000
1732205001.732,-57.129,-32.715,-27.832,-49.316,0.000
1732205001.736,-54.199,-35.156,-28.320,-72.754,0.000
1732205001.739,-46.387,-38.574,-39.062,-83.496,0.000
1732205001.743,-43.945,-34.180,-42.969,-78.125,0.000
1732205001.747,-50.293,-36.133,-37.598,-77.148,0.000
1732205001.751,-34.180,-32.715,-28.320,-76.660,0.000
1732205001.755,-30.273,-32.715,-32.715,-72.754,0.000
1732205001.759,0.000,-36.621,-33.691,-64.453,0.000
1732205001.763,0.000,-30.762,-19.531,-54.199,0.000
1732205001.767,0.000,-32.227,-20.020,-39.551,0.000
1732205001.771,0.000,-28.320,-27.832,-37.598,0.000
1732205001.775,0.000,-14.160,-31.738,-62.500,0.000
1732205001.779,0.000,-11.719,-33.691,-70.312,0.000
1732205001.782,0.000,-20.020,-36.621,-53.223,0.000
1732205001.786,0.000,-20.508,-40.527,-41.992,0.000
1732205001.790,0.000,-10.742,-38.574,-61.035,0.000
1732205001.794,0.000,-13.184,-37.109,-82.520,0.000
1732205001.798,0.000,-20.020,-35.156,-90.820,0.000
1732205001.802,0.000,-15.625,-35.645,-95.215,0.000
