timestamps,TP9,AF7,AF8,TP10,Right AUX
1733122771.413,-41.016,-36.621,-50.293,-28.320,0.000
1733122771.417,-40.527,-33.691,-42.969,-26.367,0.000
1733122771.421,-23.926,-23.926,-36.621,-30.762,0.000
1733122771.425,-11.719,-23.438,-39.551,-33.203,0.000
1733122771.428,-19.043,-28.809,-41.504,-31.250,0.000
1733122771.432,-37.109,-31.250,-43.457,-34.180,0.000
1733122771.436,-36.621,-32.715,-45.410,-32.715,0.000
1733122771.440,-20.996,-25.391,-40.039,-24.902,0.000
1733122771.444,-16.602,-20.996,-38.086,-27.344,0.000
1733122771.448,-22.461,-31.738,-40.039,-28.809,0.000
1733122771.452,-35.156,-37.598,-39.062,-26.855,0.000
1733122771.456,-38.086,-31.738,-36.621,-29.785,0.000
1733122771.460,-20.996,-28.320,-39.062,-30.762,0.000
1733122771.464,-15.137,-36.133,-44.434,-24.414,0.000
1733122771.467,-14.648,-38.086,-40.527,-14.160,0.000
1733122771.471,-27.832,-36.133,-36.621,-12.695,0.000
1733122771.475,-43.457,-40.527,-42.969,-22.461,0.000
1733122771.479,-28.320,-42.969,-41.992,-22.461,0.000
1733122771.483,-15.625,-37.598,-34.180,-16.113,0.000
1733122771.487,-18.066,-33.691,-32.227,-19.043,0.000
1733122771.491,-29.785,-40.527,-37.598,-23.438,0.000
1733122771.495,-41.016,-42.969,-35.645,-29.785,0.000
1733122771.498,-29.297,-44.434,-32.715,-25.391,0.000
1733122771.502,-14.160,-36.133,-32.715,-20.996,0.000
1733122771.507,-7.812,-28.320,-34.180,-17.090,0.000
1733122771.510,-20.020,-41.504,-39.551,-11.719,0.000
1733122771.514,-40.527,-40.527,-40.527,-22.461,0.000
1733122771.518,-33.203,-33.203,-33.691,-25.391,0.000
1733122771.522,-20.508,-33.203,-33.691,-19.531,0.000
1733122771.526,-13.184,-28.809,-35.156,-14.160,0.000
1733122771.530,-16.602,-29.297,-36.621,-15.137,0.000
1733122771.534,-42.969,-34.180,-30.762,-27.344,0.000
1733122771.538,-50.293,-38.574,-23.438,-41.992,0.000
1733122771.542,-27.344,-34.180,-26.855,-28.320,0.000
1733122771.545,-26.855,-25.879,-26.367,-16.113,0.000
1733122771.549,-35.156,-23.438,-26.367,-20.020,0.000
1733122771.554,-48.828,-34.668,-28.809,-24.414,0.000
1733122771.557,-49.316,-38.086,-31.250,-28.809,0.000
1733122771.561,-33.691,-33.203,-33.203,-29.785,0.000
1733122771.565,-25.879,-34.668,-33.203,-22.949,0.000
1733122771.569,-31.250,-43.457,-36.621,-20.996,0.000
1733122771.573,-55.176,-44.922,-44.434,-26.367,0.000
1733122771.577,-51.758,-29.785,-45.410,-29.297,0.000
1733122771.581,-26.855,-27.344,-41.504,-31.250,0.000
1733122771.585,-21.484,-35.156,-42.969,-26.855,0.000
1733122771.588,-22.461,-36.133,-39.551,-12.695,0.000
1733122771.592,-41.016,-38.086,-37.598,-18.555,0.000
1733122771.596,-43.945,-36.133,-38.086,-33.203,0.000
1733122771.600,-19.043,-32.227,-32.227,-23.438,0.000
1733122771.604,-10.742,-32.715,-34.668,-14.160,0.000
1733122771.608,-17.090,-29.785,-40.527,-16.113,0.000
1733122771.612,-29.297,-32.227,-47.363,-18.555,0.000
1733122771.616,-36.621,-32.227,-47.852,-24.902,0.000
1733122771.620,-25.391,-29.785,-45.410,-26.855,0.000
1733122771.624,-19.531,-35.156,-45.898,-28.809,0.000
1733122771.628,-27.832,-36.133,-48.828,-31.250,0.000
1733122771.632,-39.062,-42.969,-50.781,-29.297,0.000
1733122771.635,-36.621,-38.086,-41.504,-26.855,0.000
1733122771.639,-26.367,-24.414,-33.203,-27.832,0.000
1733122771.643,-14.648,-24.902,-35.156,-23.926,0.000
1733122771.647,-10.254,-28.809,-36.621,-19.043,0.000
1733122771.651,-28.320,-28.809,-38.086,-19.531,0.000
1733122771.655,-40.527,-28.320,-38.574,-23.438,0.000
1733122771.659,-27.832,-29.785,-40.527,-27.344,0.000
1733122771.663,-12.695,-25.879,-45.898,-25.391,0.000
1733122771.667,-13.184,-28.320,-46.875,-22.461,0.000
1733122771.671,-25.879,-39.551,-47.852,-17.578,0.000
1733122771.675,-39.551,-42.969,-46.387,-25.391,0.000
1733122771.678,-34.180,-36.621,-44.434,-22.949,0.000
1733122771.682,-20.996,-28.809,-40.527,-14.160,0.000
1733122771.686,-17.578,-28.320,-39.062,-20.996,0.000
1733122771.690,-27.344,-31.738,-42.480,-24.902,0.000
1733122771.694,-43.457,-35.156,-45.898,-33.203,0.000
1733122771.698,-35.156,-30.762,-49.805,-38.574,0.000
1733122771.702,-19.043,-29.785,-50.293,-35.645,0.000
1733122771.706,-19.043,-32.227,-52.246,-29.297,0.000
1733122771.710,-25.879,-27.832,-52.246,-26.855,0.000
1733122771.714,-40.039,-30.762,-49.805,-31.250,0.000
1733122771.718,-38.574,-28.320,-42.969,-30.762,0.000
1733122771.721,-20.996,-23.926,-39.062,-29.785,0.000
1733122771.725,-17.578,-25.879,-44.922,-29.785,0.000
1733122771.729,-27.832,-23.438,-45.898,-32.227,0.000
1733122771.733,-36.133,-24.902,-54.199,-32.715,0.000
1733122771.737,-27.832,-27.832,-62.988,-27.832,0.000
1733122771.741,-10.254,-23.438,-53.223,-25.391,0.000
1733122771.745,-14.648,-22.461,-42.969,-33.203,0.000
1733122771.749,-28.320,-29.297,-46.387,-39.551,0.000
1733122771.753,-40.039,-29.785,-51.270,-39.551,0.000
1733122771.757,-38.574,-23.926,-46.875,-37.598,0.000
1733122771.760,-18.066,-23.926,-44.922,-35.156,0.000
1733122771.764,-5.371,-22.461,-39.062,-20.996,0.000
1733122771.768,-17.578,-30.762,-44.922,-11.230,0.000
1733122771.772,-37.598,-33.691,-54.199,-18.066,0.000
1733122771.776,-40.527,-26.855,-55.664,-32.715,0.000
1733122771.780,-28.809,-25.391,-53.223,-34.668,0.000
1733122771.784,-16.602,-19.043,-48.340,-24.414,0.000
1733122771.788,-19.531,-16.602,-46.875,-19.531,0.000
1733122771.792,-38.086,-23.438,-43.457,-23.438,0.000
1733122771.796,-46.875,-26.855,-42.480,-31.250,0.000
1733122771.800,-34.180,-20.508,-40.039,-34.668,0.000
1733122771.803,-20.508,-16.113,-38.086,-26.367,0.000
1733122771.807,-20.996,-17.578,-39.551,-21.484,0.000
1733122771.811,-33.691,-21.484,-39.062,-21.484,0.000
1733122771.815,-47.363,-22.461,-40.527,-24.414,0.000
1733122771.819,-41.016,-16.602,-41.504,-27.832,0.000
1733122771.823,-24.414,-16.602,-41.992,-22.949,0.000
1733122771.827,-19.531,-19.043,-38.086,-18.555,0.000
1733122771.831,-34.180,-21.973,-38.086,-21.973,0.000
1733122771.835,-46.387,-24.414,-41.504,-30.273,0.000
1733122771.839,-37.109,-22.461,-41.016,-38.574,0.000
1733122771.842,-33.691,-20.508,-41.504,-42.969,0.000
1733122771.846,-34.180,-25.391,-44.434,-42.480,0.000
1733122771.850,-33.203,-34.668,-43.457,-38.574,0.000
1733122771.854,-30.273,-36.621,-35.645,-38.574,0.000
1733122771.858,-13.672,-29.785,-35.645,-39.062,0.000
1733122771.862,0.000,-25.879,-38.086,-39.062,0.000
1733122771.866,2.930,-24.414,-35.645,-33.691,0.000
1733122771.870,-4.395,-28.320,-35.645,-26.367,0.000
1733122771.873,-29.785,-38.574,-38.086,-28.809,0.000
1733122771.877,-41.992,-36.133,-41.504,-37.109,0.000
1733122771.882,-31.250,-34.668,-46.875,-31.738,0.000
1733122771.886,-38.086,-44.922,-52.734,-32.227,0.000
1733122771.889,-53.711,-55.176,-55.176,-34.668,0.000
1733122771.893,-64.941,-59.570,-54.688,-31.250,0.000
1733122771.897,-61.523,-57.617,-51.758,-36.621,0.000
1733122771.901,-41.504,-50.293,-45.898,-31.250,0.000
1733122771.905,-33.691,-38.574,-37.598,-27.344,0.000
1733122771.909,-41.992,-36.133,-35.156,-26.855,0.000
1733122771.913,-61.523,-42.480,-39.551,-26.855,0.000
1733122771.917,-63.477,-43.457,-38.086,-31.250,0.000
1733122771.920,-44.434,-38.086,-33.691,-28.320,0.000
1733122771.924,-39.551,-38.086,-28.809,-24.902,0.000
1733122771.929,-46.387,-44.922,-29.297,-22.949,0.000
1733122771.932,-55.176,-48.828,-39.062,-24.414,0.000
1733122771.936,-55.664,-42.480,-41.016,-30.273,0.000
1733122771.940,-38.086,-39.062,-41.016,-35.645,0.000
1733122771.944,-29.297,-41.016,-42.480,-34.180,0.000
1733122771.948,-31.738,-46.387,-39.062,-34.180,0.000
1733122771.952,-47.852,-46.875,-35.645,-39.062,0.000
1733122771.956,-63.477,-45.898,-40.039,-46.875,0.000
1733122771.960,-46.875,-42.480,-40.039,-47.363,0.000
1733122771.963,-30.762,-40.527,-36.133,-30.273,0.000
1733122771.967,-31.738,-33.691,-33.203,-26.367,0.000
1733122771.971,-37.598,-36.133,-35.645,-31.738,0.000
1733122771.975,-46.387,-41.992,-36.621,-36.133,0.000
1733122771.979,-35.156,-33.691,-33.691,-37.109,0.000
1733122771.983,-21.973,-32.715,-38.574,-32.715,0.000
1733122771.987,-25.391,-38.574,-39.551,-34.668,0.000
1733122771.991,-34.180,-45.410,-41.992,-29.785,0.000
1733122771.995,-41.504,-41.504,-44.434,-35.156,0.000
1733122771.999,-30.273,-33.691,-38.086,-41.992,0.000
1733122772.003,-16.113,-36.133,-41.504,-35.156,0.000
1733122772.007,-23.926,-44.434,-47.363,-30.762,0.000
1733122772.010,-34.180,-42.480,-48.828,-29.785,0.000
1733122772.014,-44.434,-39.551,-45.898,-42.480,0.000
1733122772.018,-40.039,-44.922,-39.062,-41.016,0.000
1733122772.022,-27.832,-43.457,-41.504,-37.109,0.000
1733122772.026,-27.344,-46.875,-45.898,-36.133,0.000
1733122772.030,-33.691,-51.270,-44.922,-28.809,0.000
1733122772.034,-48.340,-53.223,-45.898,-32.227,0.000
1733122772.038,-45.410,-48.828,-46.875,-40.527,0.000
1733122772.042,-24.414,-44.922,-45.410,-34.668,0.000
1733122772.046,-13.184,-42.480,-38.086,-26.855,0.000
1733122772.050,-16.602,-44.434,-37.109,-25.391,0.000
1733122772.053,-32.227,-57.617,-46.875,-19.531,0.000
1733122772.057,-35.645,-51.758,-42.969,-21.973,0.000
1733122772.061,-15.137,-35.645,-33.691,-21.973,0.000
1733122772.065,-11.719,-36.133,-32.715,-22.461,0.000
1733122772.069,-24.902,-40.039,-33.203,-29.785,0.000
1733122772.073,-41.504,-45.410,-38.574,-37.598,0.000
1733122772.077,-36.621,-45.898,-44.434,-38.574,0.000
1733122772.081,-19.043,-42.969,-43.945,-30.762,0.000
1733122772.085,-19.531,-38.086,-41.992,-24.902,0.000
1733122772.089,-29.785,-43.945,-42.969,-22.461,0.000
1733122772.093,-40.039,-45.898,-40.527,-25.391,0.000
1733122772.096,-39.551,-44.922,-38.574,-22.949,0.000
1733122772.100,-22.461,-35.645,-35.645,-13.672,0.000
1733122772.104,-11.230,-24.414,-37.598,-15.625,0.000
1733122772.108,-12.207,-31.738,-41.016,-15.625,0.000
1733122772.112,-28.809,-41.016,-40.527,-13.184,0.000
1733122772.116,-43.945,-45.898,-46.387,-27.832,0.000
1733122772.120,-27.832,-34.668,-43.457,-35.645,0.000
1733122772.124,-13.672,-31.738,-39.551,-24.902,0.000
1733122772.128,-14.648,-36.133,-39.551,-13.184,0.000
1733122772.132,-26.855,-33.691,-39.551,-14.160,0.000
1733122772.135,-36.133,-32.227,-41.016,-21.484,0.000
1733122772.139,-27.344,-37.598,-40.039,-20.020,0.000
1733122772.143,-17.578,-43.945,-43.457,-10.742,0.000
1733122772.147,-24.414,-34.668,-45.410,-10.254,0.000
1733122772.151,-37.598,-33.691,-44.434,-17.090,0.000
1733122772.155,-51.270,-43.945,-43.457,-14.648,0.000
1733122772.159,-45.898,-40.527,-38.086,-18.555,0.000
1733122772.163,-23.438,-31.250,-34.668,-17.090,0.000
1733122772.167,-19.531,-32.715,-40.527,-10.742,0.000
1733122772.171,-32.227,-36.621,-46.387,-15.625,0.000
1733122772.175,-36.621,-29.297,-45.898,-19.043,0.000
1733122772.178,-30.762,-24.902,-40.039,-23.926,0.000
1733122772.182,-25.391,-29.785,-38.086,-26.367,0.000
1733122772.186,-23.438,-34.668,-40.527,-15.625,0.000
1733122772.190,-28.320,-34.668,-41.016,-15.625,0.000
1733122772.194,-41.992,-27.832,-42.969,-29.297,0.000
1733122772.198,-33.203,-29.297,-45.898,-29.297,0.000
1733122772.202,-16.602,-36.133,-39.062,-26.855,0.000
1733122772.206,-10.254,-31.250,-33.691,-22.949,0.000
1733122772.210,-18.555,-27.832,-38.086,-22.949,0.000
1733122772.214,-41.504,-39.062,-39.551,-30.762,0.000
1733122772.217,-36.133,-36.621,-38.086,-33.691,0.000
1733122772.221,-12.695,-21.484,-35.645,-30.273,0.000
1733122772.225,-6.348,-18.555,-31.738,-23.438,0.000
1733122772.229,-15.137,-27.344,-38.086,-25.391,0.000
1733122772.233,-27.344,-31.250,-39.551,-22.461,0.000
1733122772.237,-32.227,-22.461,-35.645,-28.320,0.000
1733122772.241,-26.855,-22.461,-37.109,-36.133,0.000
1733122772.245,-19.043,-31.738,-34.668,-30.273,0.000
1733122772.249,-25.391,-35.156,-37.109,-29.297,0.000
1733122772.252,-43.457,-34.668,-43.945,-41.016,0.000
1733122772.257,-46.875,-36.621,-42.969,-41.992,0.000
1733122772.261,-30.762,-35.156,-40.527,-41.504,0.000
1733122772.264,-18.066,-33.691,-39.062,-35.156,0.000
1733122772.268,-16.602,-28.320,-37.598,-19.043,0.000
1733122772.272,-28.320,-26.367,-39.062,-16.113,0.000
1733122772.276,-42.969,-40.527,-43.945,-26.855,0.000
1733122772.280,-32.715,-38.086,-41.016,-25.391,0.000
1733122772.284,-20.996,-32.715,-40.527,-24.414,0.000
1733122772.288,-23.438,-40.039,-44.922,-25.391,0.000
1733122772.292,-33.691,-36.621,-44.434,-17.578,0.000
1733122772.295,-47.363,-33.691,-41.504,-21.484,0.000
1733122772.299,-32.715,-33.203,-41.992,-22.949,0.000
1733122772.304,-23.926,-41.504,-46.387,-21.484,0.000
1733122772.307,-26.367,-39.551,-47.363,-23.438,0.000
1733122772.311,-36.621,-36.133,-50.781,-23.926,0.000
1733122772.315,-49.805,-41.016,-54.199,-24.902,0.000
1733122772.319,-39.062,-40.527,-52.246,-28.320,0.000
1733122772.323,-22.949,-40.039,-49.316,-29.297,0.000
1733122772.327,-15.137,-38.574,-47.363,-16.602,0.000
1733122772.331,-25.391,-42.969,-51.270,-18.066,0.000
1733122772.335,-49.805,-46.875,-55.176,-41.992,0.000
1733122772.339,-49.316,-49.316,-57.129,-47.363,0.000
1733122772.342,-36.133,-41.016,-54.199,-44.434,0.000
1733122772.346,-32.227,-31.250,-49.805,-40.039,0.000
1733122772.350,-40.039,-37.109,-49.316,-33.691,0.000
1733122772.354,-52.734,-44.434,-48.340,-34.668,0.000
1733122772.358,-46.387,-39.551,-45.410,-39.062,0.000
1733122772.362,-30.273,-35.645,-42.969,-39.551,0.000
1733122772.366,-28.809,-44.434,-45.410,-35.645,0.000
1733122772.370,-44.922,-53.223,-47.363,-36.133,0.000
1733122772.374,-59.570,-49.805,-46.875,-33.691,0.000
1733122772.378,-53.711,-41.992,-42.480,-35.156,0.000
1733122772.382,-31.738,-41.992,-38.086,-28.320,0.000
1733122772.385,-19.531,-31.250,-36.621,-18.555,0.000
1733122772.389,-23.438,-26.855,-43.945,-27.344,0.000
1733122772.393,-40.039,-37.109,-52.734,-38.086,0.000
1733122772.397,-39.062,-30.273,-54.688,-40.527,0.000
1733122772.401,-16.602,-20.508,-51.758,-30.273,0.000
1733122772.405,-6.348,-24.902,-49.805,-19.043,0.000
1733122772.409,-8.301,-33.691,-50.293,-15.625,0.000
1733122772.413,-26.855,-40.039,-49.805,-19.043,0.000
1733122772.417,-37.598,-36.621,-50.293,-28.809,0.000
1733122772.421,-20.020,-29.297,-48.340,-28.320,0.000
1733122772.425,-10.254,-30.762,-45.410,-25.391,0.000
1733122772.428,-18.066,-41.016,-51.758,-20.020,0.000
1733122772.432,-32.227,-39.062,-54.688,-14.160,0.000
1733122772.436,-39.062,-31.250,-51.758,-20.020,0.000
1733122772.440,-24.902,-29.297,-53.223,-11.230,0.000
1733122772.444,-13.184,-28.809,-56.152,-6.348,0.000
1733122772.448,-14.648,-29.297,-58.594,-20.996,0.000
1733122772.452,-29.297,-34.180,-53.223,-21.973,0.000
1733122772.456,-44.434,-37.598,-48.340,-22.949,0.000
1733122772.460,-33.203,-33.203,-46.387,-28.320,0.000
1733122772.464,-22.949,-30.273,-41.992,-26.367,0.000
1733122772.468,-26.367,-30.762,-40.039,-26.367,0.000
1733122772.471,-39.551,-37.109,-42.969,-23.438,0.000
1733122772.475,-53.223,-40.527,-46.875,-25.879,0.000
1733122772.479,-43.457,-35.156,-48.828,-34.668,0.000
1733122772.483,-30.273,-36.133,-45.410,-31.250,0.000
1733122772.487,-30.762,-41.504,-48.340,-29.785,0.000
1733122772.491,-40.527,-46.875,-60.059,-33.203,0.000
1733122772.495,-55.176,-44.434,-62.500,-34.668,0.000
1733122772.499,-44.922,-40.039,-58.105,-33.691,0.000
1733122772.503,-27.344,-37.109,-49.805,-28.809,0.000
1733122772.507,-29.785,-32.227,-45.898,-29.785,0.000
1733122772.511,-39.062,-41.992,-45.898,-34.180,0.000
1733122772.514,-39.062,-45.898,-41.992,-33.203,0.000
1733122772.518,-23.438,-41.504,-40.527,-29.785,0.000
1733122772.522,-7.324,-31.250,-38.086,-33.691,0.000
1733122772.526,-5.371,-24.414,-41.504,-37.109,0.000
1733122772.530,-15.137,-32.715,-43.457,-27.832,0.000
1733122772.534,-29.785,-32.227,-41.504,-25.879,0.000
1733122772.538,-32.227,-23.438,-46.387,-34.180,0.000
1733122772.542,-24.902,-27.344,-44.922,-26.367,0.000
1733122772.546,-22.949,-28.320,-42.969,-13.184,0.000
1733122772.550,-35.645,-28.320,-48.340,-14.160,0.000
1733122772.553,-52.734,-32.715,-47.363,-16.113,0.000
1733122772.557,-52.246,-28.320,-37.598,-21.484,0.000
1733122772.561,-36.133,-28.320,-37.109,-19.531,0.000
1733122772.565,-30.762,-27.832,-35.156,-15.137,0.000
1733122772.569,-39.551,-27.344,-35.156,-23.926,0.000
1733122772.573,-47.852,-37.598,-43.457,-23.926,0.000
1733122772.577,-55.176,-39.062,-40.527,-25.879,0.000
1733122772.581,-38.086,-31.738,-38.086,-23.438,0.000
1733122772.585,-22.949,-31.738,-43.457,-21.484,0.000
1733122772.589,-25.879,-33.203,-44.922,-20.996,0.000
1733122772.592,-40.527,-37.109,-42.480,-14.648,0.000
1733122772.596,-48.340,-39.062,-39.551,-23.438,0.000
1733122772.600,-27.832,-31.250,-32.227,-27.344,0.000
1733122772.604,-16.602,-29.297,-35.645,-20.996,0.000
1733122772.608,-20.508,-32.715,-41.992,-10.742,0.000
1733122772.612,-35.156,-37.598,-40.039,-16.113,0.000
1733122772.616,-59.570,-44.434,-40.527,-37.598,0.000
1733122772.620,-51.758,-40.527,-40.039,-37.109,0.000
1733122772.624,-30.273,-33.203,-35.645,-24.902,0.000
1733122772.627,-29.297,-31.738,-36.621,-24.414,0.000
1733122772.631,-35.645,-37.109,-41.504,-27.832,0.000
1733122772.635,-46.387,-39.551,-42.480,-34.180,0.000
1733122772.639,-40.527,-36.133,-38.574,-33.203,0.000
1733122772.643,-27.832,-29.785,-39.062,-28.320,0.000
1733122772.647,-19.531,-30.273,-41.016,-25.879,0.000
1733122772.651,-21.973,-42.969,-37.109,-15.625,0.000
1733122772.655,-38.086,-41.504,-39.551,-18.555,0.000
1733122772.659,-24.902,-32.227,-39.551,-25.879,0.000
1733122772.663,-1.465,-28.320,-31.738,-16.602,0.000
1733122772.666,0.977,-35.156,-34.668,-7.812,0.000
1733122772.670,-15.625,-39.551,-40.527,-15.137,0.000
1733122772.674,-31.738,-38.086,-44.922,-29.785,0.000
1733122772.678,-22.949,-38.086,-47.852,-33.203,0.000
1733122772.682,-6.348,-31.250,-43.945,-27.344,0.000
1733122772.686,-11.230,-33.691,-42.969,-30.273,0.000
1733122772.690,-22.949,-34.668,-45.898,-35.645,0.000
1733122772.694,-32.227,-35.156,-44.922,-36.133,0.000
1733122772.698,-35.156,-40.039,-44.434,-45.410,0.000
1733122772.702,-14.160,-33.691,-39.062,-39.551,0.000
1733122772.706,-4.883,-29.785,-39.062,-33.203,0.000
1733122772.709,-20.020,-36.133,-41.016,-30.273,0.000
1733122772.713,-43.945,-45.898,-44.434,-25.391,0.000
1733122772.717,-46.875,-39.551,-49.805,-34.180,0.000
1733122772.721,-26.367,-32.715,-43.457,-37.109,0.000
1733122772.725,-18.555,-40.039,-39.551,-21.484,0.000
1733122772.729,-25.391,-39.551,-38.574,-12.695,0.000
1733122772.733,-44.922,-38.574,-37.109,-19.043,0.000
1733122772.737,-54.688,-41.016,-36.133,-23.438,0.000
1733122772.741,-39.062,-34.668,-31.738,-25.391,0.000
1733122772.745,-23.438,-30.762,-31.250,-27.344,0.000
1733122772.749,-22.461,-25.879,-36.133,-25.879,0.000
1733122772.752,-37.109,-28.320,-44.434,-30.762,0.000
1733122772.756,-45.410,-41.016,-47.852,-32.227,0.000
1733122772.760,-33.691,-40.039,-43.457,-31.250,0.000
1733122772.764,-19.531,-33.691,-42.969,-34.180,0.000
1733122772.768,-23.926,-39.062,-47.363,-29.297,0.000
1733122772.772,-41.016,-46.875,-48.340,-29.297,0.000
1733122772.776,-51.758,-41.016,-48.828,-41.016,0.000
1733122772.780,-40.039,-31.738,-46.875,-45.898,0.000
1733122772.784,-21.973,-29.785,-44.922,-36.133,0.000
1733122772.788,-19.043,-31.738,-46.387,-29.785,0.000
1733122772.792,-32.715,-33.203,-49.316,-37.109,0.000
1733122772.796,-43.457,-34.668,-48.340,-40.527,0.000
1733122772.799,-32.227,-31.250,-47.852,-41.992,0.000
1733122772.803,-18.555,-28.809,-49.805,-41.016,0.000
1733122772.807,-20.996,-23.926,-45.410,-36.621,0.000
1733122772.811,-27.832,-20.996,-40.039,-29.785,0.000
1733122772.815,-40.039,-32.227,-41.016,-25.879,0.000
1733122772.819,-36.133,-33.691,-37.598,-26.855,0.000
1733122772.823,-20.996,-25.391,-29.297,-21.484,0.000
1733122772.827,-18.555,-32.715,-34.180,-19.043,0.000
1733122772.831,-35.156,-42.969,-38.574,-22.949,0.000
1733122772.835,-47.363,-40.527,-37.598,-25.391,0.000
1733122772.838,-40.039,-36.133,-41.992,-33.203,0.000
1733122772.842,-27.344,-34.180,-45.410,-32.715,0.000
1733122772.846,-18.555,-38.574,-46.875,-24.902,0.000
1733122772.850,-24.414,-38.574,-49.316,-22.949,0.000
1733122772.854,-42.480,-33.203,-45.898,-32.227,0.000
1733122772.858,-36.133,-33.691,-41.016,-34.668,0.000
1733122772.862,-9.766,-31.250,-40.039,-25.879,0.000
1733122772.866,-8.789,-30.273,-40.527,-29.785,0.000
1733122772.870,-22.461,-40.039,-42.480,-32.715,0.000
1733122772.874,-41.992,-43.457,-43.457,-33.691,0.000
1733122772.878,-45.410,-37.109,-45.410,-39.062,0.000
1733122772.881,-29.785,-36.621,-41.992,-37.598,0.000
1733122772.885,-23.926,-34.180,-39.551,-34.180,0.000
1733122772.889,-24.414,-36.133,-42.480,-30.273,0.000
1733122772.893,-33.691,-45.410,-42.480,-20.020,0.000
1733122772.897,-36.133,-36.133,-37.598,-19.531,0.000
1733122772.901,-21.484,-25.391,-32.227,-23.438,0.000
1733122772.905,-13.184,-27.344,-32.227,-13.672,0.000
1733122772.909,-15.137,-28.809,-31.738,-8.301,0.000
1733122772.913,-31.738,-34.668,-33.691,-17.578,0.000
1733122772.917,-44.922,-41.504,-38.086,-30.273,0.000
1733122772.921,-30.762,-40.527,-36.621,-27.832,0.000
1733122772.924,-20.508,-41.016,-29.785,-20.020,0.000
1733122772.928,-20.020,-39.062,-27.344,-20.020,0.000
1733122772.932,-31.250,-36.133,-30.762,-25.879,0.000
1733122772.936,-37.598,-39.062,-33.203,-25.879,0.000
1733122772.940,-24.902,-35.645,-30.762,-24.414,0.000
1733122772.944,-16.113,-28.809,-27.832,-20.996,0.000
1733122772.948,-17.578,-30.273,-35.156,-11.230,0.000
1733122772.952,-30.762,-35.156,-41.992,-8.301,0.000
1733122772.955,-37.598,-35.645,-38.574,-16.113,0.000
1733122772.960,-24.902,-28.809,-36.133,-28.320,0.000
1733122772.963,-9.766,-30.762,-36.133,-25.879,0.000
1733122772.967,-9.766,-31.250,-33.203,-16.602,0.000
1733122772.971,-20.020,-27.832,-33.203,-8.789,0.000
1733122772.975,-44.922,-35.645,-40.039,-14.648,0.000
1733122772.979,-41.504,-41.992,-43.457,-19.531,0.000
1733122772.983,-22.461,-43.945,-38.086,-14.648,0.000
1733122772.987,-21.973,-39.062,-33.691,-14.160,0.000
1733122772.991,-25.879,-26.855,-38.086,-11.230,0.000
1733122772.994,-35.156,-34.180,-39.551,-7.324,0.000
1733122772.998,-41.504,-54.199,-35.645,-9.766,0.000
1733122773.002,-36.621,-46.875,-37.598,-28.320,0.000
1733122773.006,-29.297,-38.086,-45.410,-34.180,0.000
1733122773.010,-39.551,-44.922,-50.781,-32.227,0.000
1733122773.014,-55.664,-46.875,-50.293,-37.109,0.000
1733122773.018,-49.316,-45.410,-48.828,-40.039,0.000
1733122773.022,-30.273,-42.480,-47.852,-33.203,0.000
1733122773.026,-18.555,-41.016,-51.270,-24.414,0.000
1733122773.030,-26.367,-41.504,-50.781,-26.855,0.000
1733122773.033,-47.363,-41.504,-51.270,-31.738,0.000
1733122773.037,-46.875,-42.480,-49.805,-32.715,0.000
1733122773.041,-26.367,-41.992,-44.922,-30.273,0.000
1733122773.045,-18.555,-41.016,-52.734,-34.668,0.000
1733122773.049,-23.926,-42.969,-54.199,-30.762,0.000
1733122773.053,-43.457,-50.781,-53.223,-22.949,0.000
1733122773.057,-48.340,-50.293,-55.664,-28.320,0.000
1733122773.061,-22.461,-36.133,-52.734,-26.367,0.000
1733122773.065,-12.695,-33.691,-46.387,-20.508,0.000
1733122773.069,-21.973,-34.180,-44.434,-17.090,0.000
1733122773.073,-37.109,-39.062,-41.504,-15.625,0.000
1733122773.077,-47.363,-43.945,-41.016,-20.996,0.000
1733122773.080,-38.086,-40.039,-44.434,-28.809,0.000
1733122773.084,-28.320,-35.156,-46.875,-23.926,0.000
1733122773.088,-32.227,-37.109,-44.922,-13.184,0.000
1733122773.092,-49.316,-37.598,-46.875,-20.020,0.000
1733122773.096,-59.082,-36.133,-47.852,-34.180,0.000
1733122773.100,-34.668,-34.668,-40.039,-34.668,0.000
1733122773.104,-18.066,-34.180,-42.969,-27.344,0.000
1733122773.108,-19.531,-31.250,-41.016,-18.066,0.000
1733122773.112,-33.203,-40.039,-41.016,-14.160,0.000
1733122773.116,-48.828,-46.875,-43.457,-21.973,0.000
1733122773.120,-37.109,-37.109,-40.527,-27.344,0.000
1733122773.123,-25.391,-35.156,-39.551,-27.832,0.000
1733122773.127,-29.297,-40.039,-38.574,-33.691,0.000
1733122773.131,-39.551,-45.410,-47.852,-33.203,0.000
1733122773.135,-52.246,-45.898,-47.852,-32.715,0.000
1733122773.139,-38.574,-33.691,-38.574,-42.969,0.000
1733122773.143,-10.254,-31.738,-41.016,-44.922,0.000
1733122773.147,0.000,-36.621,-46.875,-41.992,0.000
1733122773.151,0.000,-38.574,-47.852,-38.574,0.000
1733122773.155,0.000,-37.598,-49.805,-29.785,0.000
1733122773.159,0.000,-32.715,-54.199,-38.086,0.000
1733122773.163,0.000,-28.809,-52.246,-45.410,0.000
1733122773.167,0.000,-29.297,-48.828,-32.227,0.000
1733122773.171,0.000,-24.414,-45.410,-18.555,0.000
1733122773.175,0.000,-26.855,-44.434,-9.277,0.000
1733122773.178,0.000,-42.480,-40.527,-14.160,0.000
1733122773.182,0.000,-35.645,-33.203,-28.320,0.000
1733122773.186,0.000,-20.996,-36.133,-30.762,0.000
1733122773.190,0.000,-31.250,-42.969,-25.391,0.000
1733122773.194,-53.711,-35.156,-38.086,-20.996,0.000
1733122773.198,-57.129,-33.203,-34.180,-28.809,0.000
1733122773.202,-40.039,-32.715,-36.133,-31.738,0.000
1733122773.206,-29.785,-34.668,-38.086,-25.391,0.000
1733122773.210,-39.551,-42.969,-46.387,-29.297,0.000
1733122773.214,-51.270,-43.457,-40.527,-25.879,0.000
1733122773.218,-48.828,-37.598,-32.715,-25.879,0.000
1733122773.221,-29.785,-36.133,-39.551,-23.926,0.000
1733122773.225,-17.090,-30.273,-42.480,-20.020,0.000
1733122773.229,-22.461,-26.855,-41.504,-30.273,0.000
1733122773.233,-35.645,-36.621,-41.504,-24.902,0.000
1733122773.237,-38.086,-35.645,-37.598,-23.438,0.000
1733122773.241,-21.484,-31.250,-39.062,-32.227,0.000
1733122773.245,-7.812,-29.297,-37.109,-34.180,0.000
1733122773.249,-11.230,-29.297,-35.156,-27.832,0.000
1733122773.253,-26.855,-31.738,-41.504,-20.508,0.000
1733122773.257,-37.598,-33.691,-43.457,-29.297,0.000
1733122773.261,-26.367,-32.715,-44.434,-41.504,0.000
1733122773.265,-15.137,-34.180,-42.969,-34.668,0.000
1733122773.268,-16.113,-41.016,-42.969,-18.066,0.000
1733122773.272,-35.156,-36.133,-44.434,-18.066,0.000
1733122773.276,-47.363,-33.691,-43.457,-29.297,0.000
1733122773.280,-32.227,-38.574,-36.133,-28.809,0.000
1733122773.284,-19.043,-35.156,-36.621,-25.879,0.000
1733122773.288,-18.066,-25.879,-38.086,-25.879,0.000
1733122773.292,-28.809,-28.809,-39.062,-25.879,0.000
1733122773.296,-43.457,-36.621,-42.480,-27.344,0.000
1733122773.300,-36.133,-35.645,-42.480,-33.691,0.000
1733122773.304,-17.578,-27.832,-36.133,-26.855,0.000
1733122773.307,-6.836,-24.902,-30.762,-14.648,0.000
1733122773.311,-16.113,-30.762,-37.598,-17.090,0.000
1733122773.315,-33.203,-33.691,-45.410,-20.020,0.000
1733122773.319,-27.344,-30.273,-44.922,-20.996,0.000
1733122773.323,-13.672,-31.250,-40.527,-27.344,0.000
1733122773.327,-13.672,-30.273,-39.551,-27.344,0.000
1733122773.331,-23.438,-28.320,-41.504,-22.949,0.000
1733122773.335,-37.598,-31.250,-39.551,-20.020,0.000
1733122773.339,-33.691,-28.320,-32.227,-21.973,0.000
1733122773.343,-17.578,-29.785,-36.133,-24.902,0.000
1733122773.347,-11.230,-24.902,-42.969,-22.461,0.000
1733122773.350,-27.832,-29.785,-44.922,-21.973,0.000
1733122773.354,-41.992,-43.457,-44.922,-22.461,0.000
1733122773.358,-32.227,-34.668,-41.992,-20.020,0.000
1733122773.362,-22.949,-25.391,-38.574,-27.344,0.000
1733122773.366,-16.113,-25.879,-32.227,-32.715,0.000
1733122773.370,-16.113,-31.738,-32.715,-22.949,0.000
1733122773.374,-31.250,-34.668,-36.133,-15.625,0.000
1733122773.378,-36.133,-29.297,-35.645,-21.484,0.000
1733122773.382,-28.320,-31.250,-38.574,-33.691,0.000
1733122773.386,-17.578,-37.598,-46.387,-33.691,0.000
1733122773.389,-20.996,-42.969,-54.199,-27.832,0.000
1733122773.393,-38.086,-46.875,-51.758,-21.484,0.000
1733122773.397,-38.574,-45.410,-43.457,-22.461,0.000
1733122773.401,-13.184,-38.574,-40.527,-16.113,0.000
1733122773.405,-7.812,-28.809,-45.410,-17.578,0.000
1733122773.409,-26.855,-22.461,-49.805,-35.156,0.000
1733122773.413,-44.922,-32.715,-54.688,-38.574,0.000
1733122773.417,-54.199,-41.992,-55.664,-44.922,0.000
1733122773.420,-42.969,-33.691,-52.246,-52.246,0.000
1733122773.424,-38.086,-33.691,-54.688,-51.270,0.000
1733122773.429,-40.039,-43.457,-51.270,-38.086,0.000
1733122773.432,-41.504,-43.457,-47.363,-20.996,0.000
1733122773.436,-45.410,-35.645,-52.734,-28.320,0.000
1733122773.440,-40.039,-31.250,-53.711,-43.457,0.000
1733122773.444,-28.809,-35.645,-54.688,-42.480,0.000
1733122773.448,-27.344,-36.133,-55.664,-30.273,0.000
1733122773.452,-41.504,-36.133,-50.293,-24.902,0.000
1733122773.456,-49.805,-38.574,-50.293,-33.691,0.000
1733122773.460,-38.086,-34.668,-50.781,-39.551,0.000
1733122773.464,-26.855,-39.062,-51.270,-29.297,0.000
1733122773.467,-29.785,-37.598,-47.363,-27.832,0.000
1733122773.471,-38.086,-34.668,-44.434,-29.785,0.000
1733122773.475,-44.922,-37.109,-49.805,-25.391,0.000
1733122773.479,-43.457,-30.273,-49.805,-36.133,0.000
1733122773.483,-27.344,-23.926,-46.875,-42.480,0.000
1733122773.487,-17.090,-24.414,-44.922,-33.203,0.000
1733122773.491,-30.762,-35.645,-43.945,-25.391,0.000
1733122773.495,-43.457,-42.969,-42.969,-19.043,0.000
1733122773.499,-36.621,-39.551,-39.062,-20.020,0.000
1733122773.503,-21.484,-32.227,-44.434,-29.785,0.000
1733122773.507,-19.531,-34.180,-48.340,-25.391,0.000
1733122773.510,-22.949,-35.156,-42.969,-9.277,0.000
1733122773.514,-33.691,-32.227,-43.457,-9.766,0.000
1733122773.518,-38.574,-34.180,-47.363,-23.926,0.000
1733122773.522,-21.484,-34.180,-43.457,-27.832,0.000
1733122773.526,-7.812,-35.156,-42.480,-22.461,0.000
1733122773.530,-10.742,-36.133,-41.016,-11.719,0.000
1733122773.534,-23.926,-40.039,-35.156,-3.906,0.000
1733122773.538,-32.715,-40.039,-36.133,-15.137,0.000
1733122773.542,-26.367,-32.715,-35.156,-24.902,0.000
1733122773.546,-15.137,-26.855,-35.645,-19.043,0.000
1733122773.550,-18.555,-28.320,-41.016,-8.789,0.000
1733122773.553,-29.785,-31.250,-38.086,1.953,0.000
1733122773.557,-31.738,-26.367,-32.715,-4.395,0.000
1733122773.561,-20.508,-27.832,-33.203,-19.043,0.000
1733122773.565,-10.742,-33.203,-37.109,-16.113,0.000
1733122773.569,-16.113,-30.273,-38.574,-11.230,0.000
1733122773.573,-26.367,-26.855,-36.133,-6.348,0.000
1733122773.577,-33.203,-26.367,-34.668,-7.324,0.000
1733122773.581,-18.555,-23.926,-32.227,-17.578,0.000
1733122773.585,-1.465,-20.508,-31.738,-18.066,0.000
1733122773.589,-1.465,-23.926,-34.180,-13.672,0.000
1733122773.593,-19.531,-31.250,-41.992,-13.672,0.000
1733122773.596,-32.227,-38.574,-47.852,-15.625,0.000
1733122773.600,-20.996,-38.574,-44.434,-24.902,0.000
1733122773.604,-4.395,-25.879,-36.621,-29.785,0.000
1733122773.608,-0.488,-26.367,-36.133,-18.555,0.000
1733122773.612,-11.719,-33.203,-35.645,-7.324,0.000
1733122773.616,-17.578,-29.297,-34.668,-8.789,0.000
1733122773.620,-9.766,-23.926,-37.598,-22.949,0.000
1733122773.624,-0.488,-16.113,-34.668,-19.043,0.000
1733122773.628,-3.906,-17.090,-34.668,-9.766,0.000
1733122773.632,-15.137,-20.508,-39.062,-10.742,0.000
1733122773.636,-28.320,-19.043,-41.504,-16.113,0.000
1733122773.640,-20.508,-15.137,-43.945,-17.578,0.000
1733122773.644,-7.812,-21.484,-39.551,-12.207,0.000
1733122773.648,-10.254,-16.113,-33.691,-5.859,0.000
1733122773.651,-13.184,-4.883,-32.715,1.465,0.000
1733122773.655,-22.949,-11.230,-33.691,1.953,0.000
1733122773.659,-25.879,-11.719,-32.227,-4.883,0.000
1733122773.663,-4.883,-7.812,-34.180,-10.254,0.000
1733122773.667,0.977,-3.906,-41.016,-19.043,0.000
1733122773.671,-19.043,-5.859,-44.434,-22.949,0.000
1733122773.675,-31.738,-10.254,-43.457,-18.066,0.000
1733122773.679,-28.320,-5.859,-44.922,-25.879,0.000
1733122773.683,-8.789,-7.324,-48.340,-27.832,0.000
1733122773.687,0.488,-11.719,-47.363,-18.066,0.000
1733122773.690,-8.301,-8.301,-45.898,-18.555,0.000
1733122773.694,-23.926,-3.418,-50.293,-20.020,0.000
1733122773.698,-21.973,-3.418,-46.875,-20.996,0.000
1733122773.702,-1.953,-3.906,-41.504,-23.926,0.000
1733122773.706,0.488,-1.953,-39.551,-18.066,0.000
1733122773.710,-4.395,-3.906,-38.574,-5.859,0.000
1733122773.714,-11.719,-6.836,-40.039,-9.277,0.000
1733122773.718,-17.578,-10.742,-46.387,-13.672,0.000
1733122773.722,-9.277,-5.859,-49.316,-15.625,0.000
1733122773.726,1.953,0.000,-44.434,-13.184,0.000
1733122773.729,5.859,-10.254,-43.457,-7.324,0.000
1733122773.733,4.883,-13.184,-46.875,-4.883,0.000
1733122773.737,4.883,-5.859,-43.457,-10.742,0.000
1733122773.741,17.578,-0.488,-40.039,-25.879,0.000
1733122773.745,23.438,-1.953,-43.457,-25.391,0.000
1733122773.749,13.672,-4.883,-46.875,-15.137,0.000
1733122773.753,-1.953,0.000,-45.410,-7.812,0.000
1733122773.757,-20.020,-5.859,-43.945,-10.254,0.000
1733122773.761,-12.695,-10.254,-41.992,-23.926,0.000
1733122773.765,-0.977,-0.488,-42.969,-17.578,0.000
1733122773.769,-1.465,0.000,-43.457,-6.836,0.000
1733122773.773,-12.695,-5.371,-36.133,0.977,0.000
1733122773.776,-24.414,-8.301,-34.180,10.254,0.000
1733122773.780,-15.137,-5.859,-36.621,-4.883,0.000
1733122773.784,-4.883,-6.836,-39.062,-13.184,0.000
1733122773.788,-4.395,-12.695,-44.434,-11.230,0.000
1733122773.792,-15.137,-17.578,-49.316,-4.883,0.000
1733122773.796,-33.203,-15.137,-45.898,-6.348,0.000
1733122773.800,-24.902,-5.859,-39.551,-21.484,0.000
1733122773.804,-1.953,-3.906,-41.016,-22.461,0.000
1733122773.808,-1.465,-3.418,-42.480,-17.578,0.000
1733122773.812,-11.230,-5.371,-42.969,-14.648,0.000
1733122773.816,-21.973,-9.766,-41.016,-15.625,0.000
1733122773.819,-17.578,-12.207,-37.109,-18.555,0.000
1733122773.823,0.488,-12.695,-38.086,-21.484,0.000
1733122773.827,1.953,-14.648,-39.551,-20.020,0.000
1733122773.831,-11.719,-12.695,-39.551,-10.742,0.000
1733122773.835,-28.809,-11.719,-43.457,-10.254,0.000
1733122773.839,-22.461,-11.230,-43.945,-9.277,0.000
1733122773.843,-3.418,1.465,-40.039,-12.695,0.000
1733122773.847,4.395,12.207,-43.945,-13.672,0.000
1733122773.851,-0.977,7.812,-43.457,-0.488,0.000
1733122773.855,-16.113,1.465,-38.574,8.301,0.000
1733122773.859,-23.926,2.930,-43.457,-0.488,0.000
1733122773.863,-8.789,4.883,-48.828,-6.348,0.000
1733122773.867,3.418,2.930,-46.875,1.953,0.000
1733122773.870,0.488,0.488,-42.969,15.137,0.000
1733122773.874,-9.766,1.465,-40.527,19.043,0.000
1733122773.878,-15.625,2.441,-41.016,7.812,0.000
1733122773.882,-2.930,0.977,-38.574,2.930,0.000
1733122773.886,16.113,8.789,-37.598,13.184,0.000
1733122773.890,7.324,5.371,-34.180,21.484,0.000
1733122773.894,-17.090,-11.719,-29.297,20.508,0.000
1733122773.898,-22.949,-12.207,-33.691,3.906,0.000
1733122773.902,-6.836,-6.836,-36.621,-4.883,0.000
1733122773.906,4.883,-2.441,-37.109,3.906,0.000
1733122773.910,2.441,-3.906,-42.969,9.766,0.000
1733122773.913,-5.859,-6.836,-44.434,13.184,0.000
1733122773.917,-10.254,-5.371,-41.016,11.719,0.000
1733122773.921,-4.395,-5.371,-41.504,-0.488,0.000
1733122773.925,7.812,-3.418,-43.457,0.488,0.000
1733122773.929,8.789,-1.953,-41.504,9.277,0.000
1733122773.933,-12.695,-7.812,-41.992,11.230,0.000
1733122773.937,-24.414,-11.719,-46.875,5.859,0.000
1733122773.941,-9.277,-10.742,-48.340,-3.906,0.000
1733122773.945,1.465,-13.184,-46.875,1.953,0.000
1733122773.949,3.418,-3.906,-48.828,2.930,0.000
1733122773.953,-4.883,1.465,-52.246,0.488,0.000
1733122773.956,-13.672,-4.395,-48.828,9.766,0.000
1733122773.960,-4.883,-2.930,-45.898,0.488,0.000
1733122773.964,13.184,-3.906,-45.898,-7.812,0.000
1733122773.968,16.602,-6.836,-48.828,-5.371,0.000
1733122773.972,3.418,-16.113,-51.270,2.930,0.000
1733122773.976,-8.301,-17.578,-49.316,10.254,0.000
1733122773.980,-8.789,-4.395,-49.316,1.953,0.000
1733122773.984,4.395,-4.395,-46.387,-0.488,0.000
1733122773.988,8.301,-7.812,-48.340,1.465,0.000
1733122773.992,2.441,-7.812,-47.363,8.301,0.000
1733122773.996,-12.695,-10.742,-45.898,8.301,0.000
1733122773.999,-18.066,-12.695,-47.363,-1.465,0.000
1733122774.003,-0.488,-7.812,-44.922,-2.930,0.000
1733122774.007,8.301,-1.465,-44.434,4.883,0.000
1733122774.011,4.395,4.395,-41.504,14.648,0.000
1733122774.015,-4.883,2.441,-39.062,20.020,0.000
1733122774.019,-5.371,-2.930,-41.504,19.043,0.000
1733122774.023,1.953,1.953,-40.039,7.812,0.000
1733122774.027,6.348,8.789,-35.645,4.395,0.000
1733122774.030,9.277,2.441,-35.156,17.578,0.000
1733122774.034,-1.953,-2.930,-36.621,19.043,0.000
1733122774.038,-16.602,-3.906,-33.691,0.488,0.000
1733122774.042,-8.789,-5.371,-33.691,-16.113,0.000
1733122774.046,2.441,-9.277,-37.109,-14.648,0.000
1733122774.050,2.930,-10.254,-39.551,-4.395,0.000
1733122774.054,-3.418,-9.277,-45.898,3.418,0.000
1733122774.058,-10.742,-17.578,-49.316,-0.977,0.000
1733122774.062,0.488,-17.090,-47.852,-2.441,0.000
1733122774.066,12.207,-12.207,-43.457,-1.465,0.000
1733122774.070,8.789,-10.254,-43.457,-3.906,0.000
1733122774.073,-8.789,-18.555,-50.781,-1.465,0.000
1733122774.077,-22.461,-25.879,-48.828,-4.883,0.000
1733122774.081,-11.230,-21.484,-41.992,-18.066,0.000
1733122774.085,6.348,-18.066,-38.086,-17.578,0.000
1733122774.089,7.812,-20.020,-40.039,0.000,0.000
1733122774.093,-6.348,-23.926,-42.969,11.230,0.000
1733122774.097,-16.113,-26.855,-41.504,10.254,0.000
1733122774.101,-9.277,-24.414,-41.504,-1.465,0.000
1733122774.105,1.465,-23.438,-47.363,-6.836,0.000
1733122774.109,2.930,-26.367,-47.852,1.465,0.000
1733122774.113,-8.789,-26.855,-45.410,11.230,0.000
1733122774.116,-20.508,-27.344,-48.828,8.301,0.000
1733122774.120,-9.277,-30.273,-52.246,0.488,0.000
1733122774.124,5.859,-29.785,-52.246,-0.488,0.000
1733122774.128,6.836,-20.996,-44.922,2.441,0.000
1733122774.132,-2.930,-21.484,-43.945,6.836,0.000
1733122774.136,-17.090,-34.180,-44.434,8.301,0.000
1733122774.140,-13.672,-36.133,-42.480,-0.488,0.000
1733122774.144,-3.418,-29.785,-43.457,-7.812,0.000
1733122774.148,0.000,-36.133,-46.875,-4.883,0.000
1733122774.152,-8.301,-41.992,-63.477,-0.488,0.000
1733122774.156,-19.531,-39.062,-83.496,-2.930,0.000
1733122774.159,-15.137,-35.645,-80.078,-8.301,0.000
1733122774.163,-3.418,-31.738,-67.383,-10.254,0.000
1733122774.167,-2.441,-34.668,-71.777,-6.348,0.000
1733122774.171,-11.719,-34.668,-78.125,-0.488,0.000
1733122774.175,-17.578,-25.879,-72.754,-1.465,0.000
1733122774.179,-13.184,-25.391,-70.312,-8.789,0.000
1733122774.183,-4.883,-22.461,-69.336,-14.160,0.000
1733122774.187,0.488,-21.484,-64.941,-9.766,0.000
1733122774.191,4.883,-22.461,-59.082,0.977,0.000
1733122774.195,-12.207,-25.391,-60.547,0.488,0.000
1733122774.199,-21.973,-32.715,-70.312,-4.883,0.000
1733122774.203,-6.836,-28.320,-71.289,-8.789,0.000
1733122774.207,0.488,-24.902,-68.359,-13.672,0.000
1733122774.210,-0.977,-28.320,-69.824,-7.812,0.000
1733122774.214,-11.719,-27.344,-65.430,4.395,0.000
1733122774.218,-17.578,-22.461,-58.594,0.977,0.000
1733122774.222,-1.953,-18.555,-56.641,-10.742,0.000
1733122774.226,6.836,-22.461,-49.805,-6.836,0.000
1733122774.230,0.000,-27.344,-48.340,0.977,0.000
1733122774.234,-10.254,-20.020,-43.945,3.418,0.000
1733122774.238,-17.578,-21.973,-41.504,0.488,0.000
1733122774.242,-9.766,-25.391,-46.875,-9.766,0.000
1733122774.246,3.906,-17.090,-51.758,-10.742,0.000
1733122774.250,4.395,-12.207,-51.270,-5.859,0.000
1733122774.253,-8.789,-20.508,-50.781,0.000,0.000
1733122774.257,-23.926,-28.320,-52.734,0.488,0.000
1733122774.261,-13.672,-22.949,-50.293,-9.766,0.000
1733122774.265,0.000,-18.555,-51.758,-11.230,0.000
1733122774.269,0.488,-21.973,-55.176,-9.277,0.000
1733122774.273,-9.766,-31.250,-62.988,4.883,0.000
1733122774.277,-22.461,-35.156,-58.594,10.742,0.000
1733122774.281,-12.207,-25.879,-50.293,-6.348,0.000
1733122774.285,-0.488,-23.926,-50.293,-13.672,0.000
1733122774.289,-0.488,-27.344,-47.363,-8.789,0.000
1733122774.293,-3.906,-28.809,-42.480,0.977,0.000
1733122774.297,-18.066,-32.715,-49.316,-5.371,0.000
1733122774.300,-15.625,-31.250,-59.082,-20.020,0.000
1733122774.304,4.395,-31.738,-58.105,-12.207,0.000
1733122774.308,9.277,-27.344,-54.688,-8.301,0.000
1733122774.312,4.883,-25.391,-55.664,-19.531,0.000
1733122774.316,-3.418,-31.738,-61.523,-20.020,0.000
1733122774.320,-3.906,-32.715,-59.082,-22.461,0.000
1733122774.324,12.207,-27.344,-52.246,-22.461,0.000
1733122774.328,16.602,-24.902,-48.340,-11.719,0.000
1733122774.332,3.418,-28.809,-45.410,-1.953,0.000
1733122774.336,-24.902,-36.621,-45.898,-2.441,0.000
1733122774.340,-38.574,-42.480,-49.316,-16.113,0.000
1733122774.343,-24.902,-42.969,-50.781,-24.414,0.000
1733122774.347,-13.672,-41.016,-46.387,-20.020,0.000
1733122774.351,-18.066,-41.016,-46.875,-16.113,0.000
1733122774.355,-34.668,-42.969,-49.316,-12.207,0.000
1733122774.359,-42.969,-43.945,-57.617,-20.996,0.000
1733122774.363,-37.598,-50.293,-64.453,-33.691,0.000
1733122774.367,-30.273,-48.340,-57.617,-36.621,0.000
1733122774.371,-30.762,-47.363,-50.781,-33.203,0.000
1733122774.375,-43.457,-52.246,-50.781,-25.391,0.000
1733122774.379,-48.828,-46.387,-54.199,-33.691,0.000
1733122774.382,-35.156,-40.527,-53.711,-39.062,0.000
1733122774.386,-13.672,-36.133,-48.828,-24.414,0.000
1733122774.390,-7.812,-34.180,-46.387,-14.160,0.000
1733122774.394,-19.531,-36.133,-45.410,2.441,0.000
1733122774.398,-23.926,-30.273,-38.574,6.836,0.000
1733122774.402,-2.441,-22.949,-35.156,-5.371,0.000
1733122774.406,11.719,-20.996,-36.133,-3.906,0.000
1733122774.410,2.441,-32.227,-40.527,-0.977,0.000
1733122774.414,-12.207,-41.992,-44.922,0.488,0.000
1733122774.418,-23.926,-39.062,-42.480,-0.977,0.000
1733122774.422,-6.836,-40.527,-43.945,-5.859,0.000
1733122774.425,8.301,-39.062,-41.992,-6.836,0.000
1733122774.429,2.930,-32.227,-38.086,-4.883,0.000
1733122774.433,-12.695,-40.039,-51.758,-3.418,0.000
1733122774.437,-24.902,-50.781,-58.594,-4.395,0.000
1733122774.441,-16.602,-49.316,-52.734,-14.160,0.000
1733122774.445,-4.395,-43.945,-55.176,-28.809,0.000
1733122774.449,-1.465,-46.875,-57.617,-14.648,0.000
1733122774.453,-11.230,-53.711,-58.105,-2.930,0.000
1733122774.457,-22.949,-51.270,-54.688,-2.930,0.000
1733122774.461,-12.695,-46.387,-50.781,-5.371,0.000
1733122774.464,1.465,-46.387,-57.129,-11.719,0.000
1733122774.468,0.000,-48.828,-63.965,-9.277,0.000
1733122774.472,-7.324,-51.758,-63.477,-2.930,0.000
1733122774.476,-20.996,-50.781,-63.477,-4.395,0.000
1733122774.480,-19.531,-46.387,-59.570,-18.066,0.000
1733122774.484,-1.953,-49.805,-58.594,-15.625,0.000
1733122774.488,1.953,-45.898,-56.641,-7.324,0.000
1733122774.492,-8.789,-36.621,-51.270,-11.230,0.000
1733122774.496,-23.926,-46.875,-55.176,-9.766,0.000
1733122774.499,-24.902,-44.922,-53.711,-8.301,0.000
1733122774.503,-14.648,-36.621,-51.270,-18.555,0.000
1733122774.508,-12.695,-43.945,-54.199,-23.926,0.000
1733122774.511,-15.625,-47.852,-55.664,-14.648,0.000
1733122774.515,-26.855,-46.875,-60.059,-5.859,0.000
1733122774.519,-33.691,-46.875,-60.547,-11.719,0.000
1733122774.523,-19.043,-46.387,-57.617,-21.973,0.000
1733122774.527,-6.836,-52.734,-60.059,-17.090,0.000
1733122774.531,-8.789,-57.617,-58.105,-5.859,0.000
1733122774.535,-23.438,-50.293,-52.246,0.000,0.000
1733122774.539,-31.738,-49.805,-52.246,-8.789,0.000
1733122774.543,-19.531,-56.641,-55.664,-22.461,0.000
1733122774.546,-9.766,-51.758,-54.688,-18.555,0.000
1733122774.550,-17.090,-52.734,-50.781,-16.113,0.000
1733122774.555,-30.762,-66.406,-52.734,-12.207,0.000
1733122774.558,-37.109,-62.988,-55.176,-20.020,0.000
1733122774.562,-29.785,-55.664,-53.711,-28.320,0.000
1733122774.566,-13.184,-54.688,-50.781,-19.531,0.000
1733122774.570,-12.207,-53.223,-52.246,-9.277,0.000
1733122774.574,-28.320,-59.570,-57.129,-2.930,0.000
1733122774.578,-39.551,-61.035,-61.523,-4.883,0.000
1733122774.582,-27.344,-55.176,-62.500,-14.648,0.000
1733122774.586,-10.742,-59.570,-58.105,-15.137,0.000
1733122774.590,-8.301,-63.965,-50.781,1.465,0.000
1733122774.593,-20.996,-55.664,-50.293,8.789,0.000
1733122774.597,-36.133,-57.617,-55.664,-3.418,0.000
1733122774.602,-27.832,-63.965,-57.617,-15.137,0.000
1733122774.605,-10.742,-58.105,-57.129,-14.160,0.000
1733122774.609,-10.254,-51.758,-58.594,-17.090,0.000
1733122774.613,-20.020,-57.129,-62.500,-17.578,0.000
1733122774.617,-29.785,-62.988,-62.012,-11.230,0.000
1733122774.621,-23.438,-61.523,-60.547,-16.602,0.000
1733122774.625,-11.230,-49.316,-61.035,-25.391,0.000
1733122774.629,-5.859,-50.781,-59.082,-21.484,0.000
1733122774.633,-14.648,-60.547,-60.547,-7.324,0.000
1733122774.636,-33.203,-57.129,-62.012,-5.371,0.000
1733122774.640,-37.598,-59.082,-59.570,-21.973,0.000
1733122774.644,-20.996,-60.059,-56.152,-29.785,0.000
1733122774.648,-15.625,-62.500,-55.176,-19.043,0.000
1733122774.652,-25.879,-62.012,-59.570,-14.648,0.000
1733122774.656,-39.062,-58.594,-65.430,-24.414,0.000
1733122774.660,-35.156,-56.152,-65.918,-26.855,0.000
1733122774.664,-16.602,-52.246,-62.988,-25.879,0.000
1733122774.668,-8.789,-53.223,-62.500,-18.555,0.000
1733122774.672,-16.113,-55.176,-64.453,-16.602,0.000
1733122774.676,-27.344,-57.129,-60.547,-19.043,0.000
1733122774.679,-25.391,-59.082,-57.129,-17.090,0.000
1733122774.683,-15.137,-51.270,-57.129,-18.066,0.000
1733122774.687,-7.324,-44.922,-47.363,-19.043,0.000
1733122774.691,-11.719,-53.223,-46.387,-7.324,0.000
1733122774.695,-29.785,-58.105,-54.199,-4.395,0.000
1733122774.699,-32.715,-54.688,-54.199,-21.484,0.000
1733122774.703,-15.625,-51.270,-55.664,-30.273,0.000
1733122774.707,-7.324,-51.270,-54.688,-25.879,0.000
1733122774.711,-10.254,-54.688,-50.781,-19.531,0.000
1733122774.715,-22.461,-59.082,-52.246,-13.672,0.000
1733122774.719,-31.738,-59.082,-53.223,-20.508,0.000
1733122774.723,-20.020,-56.152,-50.293,-24.414,0.000
1733122774.727,-11.719,-55.664,-51.758,-20.020,0.000
1733122774.730,-9.766,-52.734,-53.711,-20.020,0.000
1733122774.734,-16.602,-55.176,-52.246,-13.672,0.000
1733122774.738,-27.344,-52.734,-51.758,-17.090,0.000
1733122774.742,-18.555,-47.363,-48.340,-30.762,0.000
1733122774.746,-5.859,-49.316,-44.434,-31.250,0.000
1733122774.750,-4.883,-51.270,-41.992,-20.020,0.000
1733122774.754,-17.090,-51.270,-38.086,-10.254,0.000
1733122774.758,-28.809,-51.270,-46.875,-16.113,0.000
1733122774.762,-16.602,-50.293,-48.340,-21.973,0.000
1733122774.766,-8.301,-51.758,-34.668,-18.066,0.000
1733122774.769,-12.695,-53.223,-36.621,-19.531,0.000
1733122774.773,-18.555,-51.758,-35.156,-20.020,0.000
1733122774.777,-31.250,-55.664,-34.180,-20.996,0.000
1733122774.781,-28.320,-55.176,-38.086,-27.832,0.000
1733122774.785,-17.578,-51.758,-36.133,-27.344,0.000
1733122774.789,-15.137,-45.410,-37.109,-28.320,0.000
1733122774.793,-19.043,-41.992,-41.504,-23.926,0.000
1733122774.797,-32.227,-42.969,-43.457,-18.555,0.000
1733122774.801,-26.855,-42.480,-40.527,-22.461,0.000
1733122774.805,-14.160,-39.551,-44.922,-21.484,0.000
1733122774.809,-10.742,-37.598,-43.945,-15.137,0.000
1733122774.812,-15.625,-49.316,-39.062,-7.324,0.000
1733122774.816,-33.203,-52.246,-37.109,-9.277,0.000
1733122774.820,-35.156,-40.527,-32.715,-23.926,0.000
1733122774.824,-20.020,-39.062,-33.691,-27.344,0.000
1733122774.828,-17.578,-43.457,-40.039,-24.902,0.000
1733122774.832,-21.973,-40.527,-43.457,-18.555,0.000
1733122774.836,-33.691,-43.457,-43.945,-16.602,0.000
1733122774.840,-40.527,-52.734,-47.852,-25.879,0.000
1733122774.844,-27.344,-50.293,-49.805,-30.273,0.000
1733122774.848,-14.160,-43.945,-47.363,-21.484,0.000
1733122774.851,-18.555,-48.828,-47.852,-20.020,0.000
1733122774.855,-37.598,-53.711,-49.805,-20.996,0.000
1733122774.859,-47.852,-49.805,-46.387,-23.438,0.000
1733122774.863,-32.227,-44.922,-38.574,-32.715,0.000
1733122774.867,-15.137,-42.969,-37.598,-32.715,0.000
1733122774.871,-14.160,-48.340,-35.156,-31.250,0.000
1733122774.875,-21.973,-56.152,-40.039,-16.602,0.000
1733122774.879,-26.855,-49.316,-45.898,-21.973,0.000
1733122774.883,0.000,-44.434,-40.039,-47.852,0.000
1733122774.887,0.000,-50.293,-40.039,-44.434,0.000
1733122774.890,0.000,-53.223,-41.992,-34.668,0.000
1733122774.894,0.000,-54.199,-37.598,-28.809,0.000
1733122774.898,0.000,-57.617,-38.086,-29.785,0.000
1733122774.902,0.000,-61.035,-35.645,-28.320,0.000
1733122774.906,0.000,-59.570,-30.762,-18.555,0.000
1733122774.910,0.000,-58.105,-33.203,-20.996,0.000
1733122774.914,0.000,-57.129,-35.645,-20.020,0.000
1733122774.918,0.000,-57.617,-41.504,-16.113,0.000
1733122774.922,0.000,-53.223,-41.504,-24.902,0.000
1733122774.925,0.000,-48.828,-40.527,-33.203,0.000
1733122774.930,-27.344,-52.734,-39.551,-28.320,0.000
1733122774.934,-30.762,-56.152,-41.016,-15.137,0.000
1733122774.937,-43.945,-61.035,-43.457,-16.113,0.000
1733122774.941,-41.016,-57.617,-44.922,-33.203,0.000
1733122774.945,-23.926,-52.246,-41.992,-37.598,0.000
1733122774.949,-18.555,-54.688,-38.086,-29.785,0.000
1733122774.953,-27.344,-55.176,-42.480,-20.020,0.000
1733122774.957,-38.086,-50.293,-43.945,-20.996,0.000
1733122774.961,-28.320,-44.922,-46.387,-27.344,0.000
1733122774.965,-12.695,-45.898,-44.922,-21.973,0.000
1733122774.968,-12.207,-41.992,-37.598,-10.742,0.000
1733122774.972,-15.625,-41.504,-38.574,-13.672,0.000
1733122774.977,-36.621,-59.082,-39.551,-25.391,0.000
1733122774.980,-47.363,-62.012,-40.527,-32.227,0.000
1733122774.984,-34.180,-53.711,-41.504,-37.109,0.000
1733122774.988,-27.832,-55.176,-41.504,-40.039,0.000
1733122774.992,-27.832,-54.688,-41.992,-34.180,0.000
1733122774.996,-39.551,-56.641,-42.969,-23.438,0.000
1733122775.000,-41.016,-51.270,-45.410,-28.809,0.000
1733122775.004,-33.203,-43.945,-48.340,-41.504,0.000
1733122775.008,-24.414,-45.410,-47.363,-33.691,0.000
1733122775.012,-28.809,-48.340,-42.480,-25.391,0.000
1733122775.015,-49.805,-56.641,-38.086,-30.273,0.000
1733122775.019,-41.016,-60.059,-40.039,-28.809,0.000
1733122775.023,-26.367,-43.457,-47.852,-44.922,0.000
1733122775.027,-41.016,-36.133,-43.457,-65.430,0.000
1733122775.031,-46.875,-43.457,-30.762,-56.641,0.000
1733122775.035,-60.547,-46.875,-28.320,-53.223,0.000
1733122775.039,-87.402,-46.387,-30.762,-79.102,0.000
1733122775.043,-74.219,-36.621,-29.297,-89.355,0.000
1733122775.047,-62.500,-34.180,-32.715,-83.496,0.000
1733122775.051,-67.383,-30.273,-28.809,-77.148,0.000
1733122775.055,-82.031,-28.320,-25.879,-74.219,0.000
1733122775.058,-108.887,-27.344,-35.645,-97.168,0.000
1733122775.062,-104.980,-19.043,-32.227,-118.164,0.000
1733122775.066,-97.656,-22.461,-36.133,-114.746,0.000
1733122775.070,-91.797,-20.996,-39.062,-104.492,0.000
1733122775.074,-119.141,-20.020,-41.504,-116.211,0.000
1733122775.078,-145.996,-27.344,-46.387,-127.441,0.000
1733122775.082,-130.859,-27.344,-43.945,-130.859,0.000
1733122775.086,-119.141,-22.949,-48.340,-133.789,0.000
1733122775.090,-128.418,-23.926,-55.664,-138.672,0.000
1733122775.094,-145.508,-29.785,-62.500,-147.461,0.000
1733122775.097,-154.297,-31.250,-65.430,-142.578,0.000
1733122775.101,-154.785,-30.273,-65.430,-146.973,0.000
1733122775.105,-138.184,-23.438,-64.453,-151.855,0.000
1733122775.109,-127.441,-24.902,-65.430,-141.113,0.000
1733122775.113,-130.371,-25.879,-69.824,-128.418,0.000
1733122775.117,-138.184,-21.484,-69.336,-122.070,0.000
1733122775.121,-133.301,-22.461,-67.871,-127.441,0.000
1733122775.125,-109.375,-23.438,-66.406,-124.512,0.000
1733122775.129,-96.680,-24.414,-64.453,-114.746,0.000
1733122775.133,-110.840,-34.180,-65.918,-109.375,0.000
1733122775.137,-131.348,-44.434,-69.824,-102.051,0.000
1733122775.140,-122.559,-45.410,-75.195,-104.492,0.000
1733122775.144,-89.844,-52.246,-80.566,-100.586,0.000
1733122775.148,-73.730,-42.480,-79.590,-85.938,0.000
1733122775.152,-78.613,-28.809,-83.496,-76.660,0.000
1733122775.156,-89.844,-40.527,-82.520,-59.570,0.000
1733122775.160,-85.938,-45.410,-82.520,-63.965,0.000
1733122775.164,-52.246,-40.527,-84.473,-76.660,0.000
1733122775.168,-24.902,-45.898,-83.984,-55.176,0.000
1733122775.172,-37.598,-55.664,-83.008,-33.691,0.000
1733122775.176,-59.082,-53.223,-82.520,-24.902,0.000
1733122775.179,-49.316,-48.828,-83.008,-18.555,0.000
1733122775.183,-18.066,-55.664,-81.543,-24.902,0.000
1733122775.187,-1.465,-60.059,-75.684,-21.484,0.000
1733122775.191,-4.395,-54.688,-70.312,-8.789,0.000
1733122775.195,-21.973,-54.688,-67.383,3.906,0.000
1733122775.199,-31.738,-59.570,-70.801,0.488,0.000
1733122775.203,-1.465,-54.688,-73.242,-15.625,0.000
1733122775.207,20.508,-50.293,-72.266,-11.230,0.000
1733122775.211,14.160,-53.223,-74.707,-3.418,0.000
1733122775.215,-4.395,-61.035,-78.613,0.488,0.000
1733122775.219,-17.578,-66.895,-76.660,5.371,0.000
1733122775.222,-2.930,-61.523,-72.266,1.465,0.000
1733122775.226,12.695,-51.270,-67.383,0.977,0.000
1733122775.230,8.301,-48.828,-63.477,7.324,0.000
1733122775.234,-1.465,-53.711,-65.430,18.555,0.000
1733122775.238,-7.324,-56.152,-63.965,18.066,0.000
1733122775.242,2.441,-53.711,-59.570,5.859,0.000
1733122775.246,19.531,-55.664,-62.500,13.184,0.000
1733122775.250,17.578,-60.547,-64.941,16.602,0.000
1733122775.254,5.859,-55.664,-64.941,17.578,0.000
1733122775.258,-5.859,-53.223,-62.988,25.879,0.000
1733122775.261,4.395,-57.129,-56.152,16.113,0.000
1733122775.265,32.227,-54.199,-54.688,4.883,0.000
1733122775.269,34.180,-51.270,-56.152,12.695,0.000
1733122775.273,20.508,-52.734,-54.199,35.156,0.000
1733122775.277,-0.977,-62.500,-50.781,39.062,0.000
1733122775.281,-7.324,-63.965,-48.340,12.695,0.000
1733122775.285,16.113,-55.664,-50.293,-2.930,0.000
1733122775.289,26.855,-56.152,-53.223,0.488,0.000
1733122775.293,13.672,-55.664,-49.805,14.648,0.000
1733122775.296,-19.043,-60.547,-49.316,25.879,0.000
1733122775.300,-24.902,-60.059,-48.828,9.277,0.000
1733122775.304,14.648,-49.316,-42.480,0.977,0.000
1733122775.308,29.785,-52.734,-39.062,8.301,0.000
1733122775.312,9.277,-58.105,-40.039,17.090,0.000
1733122775.316,-15.625,-57.617,-40.039,30.762,0.000
1733122775.320,-16.113,-54.688,-41.504,15.625,0.000
1733122775.324,5.371,-54.199,-43.457,-2.441,0.000
1733122775.328,16.113,-51.270,-44.922,2.930,0.000
1733122775.332,7.324,-48.828,-49.805,4.395,0.000
1733122775.336,-18.066,-58.594,-50.293,11.719,0.000
1733122775.339,-29.785,-58.594,-45.410,3.906,0.000
1733122775.343,-4.395,-41.016,-44.434,-13.672,0.000
1733122775.347,13.184,-33.203,-44.922,-11.719,0.000
1733122775.351,7.812,-40.039,-47.852,-6.348,0.000
1733122775.355,-17.578,-46.387,-53.711,0.488,0.000
1733122775.359,-35.156,-41.504,-53.223,-5.371,0.000
1733122775.363,-14.648,-38.574,-45.410,-18.555,0.000
1733122775.367,0.977,-44.922,-45.410,-24.414,0.000
1733122775.371,-7.324,-51.758,-48.828,-20.508,0.000
1733122775.375,-30.273,-50.781,-47.363,-11.719,0.000
1733122775.379,-49.316,-43.945,-41.992,-10.742,0.000
1733122775.382,-24.414,-45.410,-44.434,-15.625,0.000
1733122775.386,-1.465,-39.551,-43.457,-17.090,0.000
1733122775.390,-4.883,-31.250,-34.668,-13.672,0.000
1733122775.394,-21.484,-34.180,-36.133,1.465,0.000
1733122775.398,-40.527,-36.621,-40.039,-1.953,0.000
1733122775.402,-27.344,-37.109,-39.551,-24.414,0.000
1733122775.406,-6.348,-30.762,-40.527,-32.715,0.000
1733122775.410,-3.418,-32.227,-37.598,-26.367,0.000
1733122775.414,-30.762,-43.945,-40.039,-19.531,0.000
1733122775.418,-56.152,-47.852,-42.480,-18.555,0.000
1733122775.422,-41.016,-42.969,-42.480,-34.668,0.000
1733122775.425,-20.996,-42.969,-45.410,-49.805,0.000
1733122775.429,-22.461,-49.805,-50.781,-34.180,0.000
1733122775.433,-40.527,-45.898,-45.898,-17.578,0.000
1733122775.437,-65.430,-42.969,-43.457,-30.762,0.000
1733122775.441,-54.199,-49.805,-41.992,-47.852,0.000
1733122775.445,-20.020,-44.922,-41.016,-52.734,0.000
1733122775.449,-1.953,-36.133,-41.504,-49.316,0.000
1733122775.453,-2.930,-38.086,-43.457,-40.527,0.000
1733122775.457,-19.531,-43.945,-42.480,-32.227,0.000
1733122775.461,-20.996,-40.039,-36.621,-31.738,0.000
1733122775.465,-10.254,-33.691,-37.598,-37.109,0.000
1733122775.468,-21.973,-36.133,-41.504,-36.133,0.000
1733122775.472,-33.203,-43.945,-42.969,-26.855,0.000
1733122775.476,-42.480,-46.387,-41.016,-19.531,0.000
1733122775.480,-43.457,-40.039,-37.598,-26.855,0.000
1733122775.484,-30.762,-38.574,-37.598,-33.203,0.000
1733122775.488,-19.531,-41.016,-37.109,-20.996,0.000
1733122775.492,-20.996,-41.016,-35.156,-17.578,0.000
1733122775.496,-36.621,-41.504,-40.039,-22.461,0.000
1733122775.500,-41.992,-42.969,-46.875,-30.273,0.000
1733122775.504,-28.320,-38.086,-44.434,-41.016,0.000
1733122775.508,-14.160,-34.668,-41.504,-37.598,0.000
1733122775.512,-22.461,-39.062,-42.969,-32.715,0.000
1733122775.515,-38.086,-35.645,-39.551,-29.785,0.000
1733122775.519,-39.062,-33.691,-33.203,-23.438,0.000
1733122775.523,-26.367,-30.762,-28.320,-24.902,0.000
1733122775.527,-20.020,-26.855,-29.297,-34.180,0.000
1733122775.531,-28.809,-39.062,-36.621,-29.785,0.000
1733122775.535,-41.016,-47.852,-39.551,-26.367,0.000
1733122775.539,-57.617,-43.945,-42.969,-36.133,0.000
1733122775.543,-49.805,-38.574,-43.945,-41.992,0.000
1733122775.547,-27.344,-40.527,-39.551,-38.574,0.000
1733122775.551,-28.320,-45.410,-39.551,-33.691,0.000
1733122775.554,-41.504,-47.852,-42.480,-31.250,0.000
1733122775.558,-52.246,-49.316,-45.898,-36.133,0.000
1733122775.562,-50.293,-44.922,-43.945,-42.480,0.000
1733122775.566,-38.574,-39.062,-43.945,-41.504,0.000
1733122775.570,-29.297,-34.668,-47.363,-38.086,0.000
1733122775.574,-34.668,-37.598,-45.898,-31.738,0.000
1733122775.578,-44.434,-45.410,-47.852,-28.320,0.000
1733122775.582,-33.203,-40.039,-48.828,-30.273,0.000
1733122775.586,-24.414,-37.109,-44.434,-35.156,0.000
1733122775.590,-30.762,-41.992,-44.434,-32.227,0.000
1733122775.594,-39.551,-41.016,-48.340,-33.691,0.000
1733122775.597,-49.805,-41.016,-48.828,-39.062,0.000
1733122775.601,-44.434,-35.645,-45.410,-41.504,0.000
1733122775.605,-28.809,-35.645,-47.363,-46.875,0.000
1733122775.609,-19.043,-41.016,-51.758,-35.645,0.000
1733122775.613,-23.438,-41.504,-49.805,-22.949,0.000
1733122775.617,-37.109,-41.504,-41.992,-27.344,0.000
1733122775.621,-40.039,-44.922,-38.574,-37.109,0.000
1733122775.625,-28.320,-45.410,-37.109,-40.039,0.000
1733122775.629,-11.719,-40.527,-34.180,-28.809,0.000
1733122775.633,-17.090,-38.086,-36.621,-21.484,0.000
1733122775.636,-39.062,-41.504,-41.016,-22.949,0.000
1733122775.640,-42.480,-41.504,-40.039,-32.227,0.000
1733122775.644,-25.879,-39.062,-39.551,-45.898,0.000
1733122775.648,-20.020,-41.992,-42.480,-45.898,0.000
1733122775.652,-26.855,-50.293,-42.969,-34.668,0.000
1733122775.656,-41.504,-52.246,-41.504,-24.902,0.000
1733122775.660,-50.293,-43.945,-41.016,-33.691,0.000
1733122775.664,-34.180,-41.992,-38.086,-40.527,0.000
1733122775.668,-20.996,-40.527,-34.180,-36.621,0.000
1733122775.671,-26.855,-36.621,-34.668,-33.203,0.000
1733122775.675,-38.086,-37.109,-38.574,-23.438,0.000
1733122775.679,-39.062,-37.598,-36.133,-21.973,0.000
1733122775.683,-24.902,-32.715,-33.203,-23.438,0.000
1733122775.687,-16.113,-37.109,-36.133,-20.020,0.000
1733122775.691,-17.578,-38.574,-34.180,-21.484,0.000
1733122775.695,-28.320,-40.527,-35.645,-17.090,0.000
1733122775.699,-41.504,-49.316,-36.133,-12.207,0.000
1733122775.703,-30.273,-45.410,-30.762,-14.648,0.000
1733122775.707,-21.973,-42.969,-33.691,-24.902,0.000
1733122775.711,-29.785,-44.922,-35.156,-33.203,0.000
1733122775.714,-39.062,-48.828,-37.109,-23.926,0.000
1733122775.718,-47.852,-42.969,-39.551,-24.902,0.000
1733122775.722,-39.551,-29.297,-36.133,-42.969,0.000
1733122775.726,-30.273,-29.297,-37.109,-44.434,0.000
1733122775.730,-34.180,-36.621,-40.039,-34.668,0.000
1733122775.734,-45.898,-43.945,-41.992,-34.180,0.000
1733122775.738,-54.688,-44.434,-39.551,-39.062,0.000
1733122775.742,-45.410,-40.039,-29.785,-43.945,0.000
1733122775.746,-29.297,-35.645,-25.391,-43.457,0.000
1733122775.750,-30.762,-35.645,-27.344,-35.645,0.000
1733122775.754,-44.434,-36.133,-27.832,-29.785,0.000
1733122775.757,-52.246,-40.039,-23.926,-24.902,0.000
1733122775.761,-41.504,-34.668,-22.461,-26.855,0.000
1733122775.765,-28.809,-24.414,-29.297,-35.645,0.000
1733122775.769,-28.809,-25.391,-28.809,-37.598,0.000
1733122775.773,0.000,-34.668,-27.344,-23.926,0.000
1733122775.777,0.000,-36.621,-26.855,-13.672,0.000
1733122775.781,0.000,-28.809,-23.926,-26.367,0.000
1733122775.785,0.000,-26.855,-25.879,-35.645,0.000
1733122775.789,0.000,-25.879,-25.879,-28.809,0.000
1733122775.793,0.000,-32.715,-29.297,-18.555,0.000
1733122775.797,0.000,-34.180,-33.691,-16.602,0.000
1733122775.800,0.000,-30.762,-35.645,-24.902,0.000
1733122775.804,0.000,-37.109,-41.504,-28.809,0.000
1733122775.808,0.000,-37.598,-43.457,-26.367,0.000
1733122775.812,0.000,-37.598,-41.992,-28.320,0.000
1733122775.816,0.000,-42.969,-41.016,-22.949,0.000
1733122775.820,-47.852,-39.062,-39.551,-21.484,0.000
1733122775.824,-34.180,-33.691,-34.668,-31.738,0.000
1733122775.828,-30.762,-35.645,-33.691,-32.715,0.000
1733122775.832,-28.809,-32.715,-37.598,-25.879,0.000
1733122775.836,-39.551,-30.762,-40.527,-30.762,0.000
1733122775.840,-49.316,-34.180,-41.992,-39.062,0.000
1733122775.843,-39.551,-28.320,-39.551,-42.480,0.000
1733122775.847,-24.902,-29.297,-41.016,-33.691,0.000
1733122775.851,-28.320,-34.180,-45.898,-29.297,0.000
1733122775.855,-41.504,-28.320,-41.992,-26.855,0.000
1733122775.859,-49.316,-31.738,-41.504,-34.668,0.000
1733122775.863,-39.551,-27.344,-36.133,-42.969,0.000
1733122775.867,-22.949,-19.531,-32.227,-32.227,0.000
1733122775.871,-18.066,-25.391,-36.621,-28.809,0.000
1733122775.875,-23.926,-32.227,-39.551,-23.926,0.000
1733122775.879,-38.574,-31.738,-43.945,-27.832,0.000
1733122775.883,-33.203,-25.391,-38.086,-38.574,0.000
1733122775.886,-17.578,-25.391,-31.738,-38.086,0.000
1733122775.890,-20.020,-29.297,-34.180,-31.738,0.000
1733122775.894,-35.156,-41.504,-43.945,-19.043,0.000
1733122775.898,-52.734,-44.434,-49.316,-22.949,0.000
1733122775.902,-44.434,-32.227,-42.969,-40.527,0.000
1733122775.906,-28.809,-31.738,-38.086,-43.457,0.000
1733122775.910,-30.762,-35.156,-33.203,-34.180,0.000
1733122775.914,-44.922,-36.621,-39.062,-27.344,0.000
1733122775.918,-66.895,-44.922,-48.340,-39.551,0.000
1733122775.922,-66.406,-49.805,-51.270,-51.270,0.000
1733122775.925,-42.480,-43.457,-49.316,-43.457,0.000
1733122775.929,-31.738,-37.598,-47.852,-38.086,0.000
1733122775.933,-39.062,-39.551,-53.223,-31.738,0.000
1733122775.937,-50.293,-42.969,-52.734,-21.973,0.000
1733122775.941,-48.340,-38.086,-47.363,-28.320,0.000
1733122775.945,-35.156,-29.785,-47.852,-41.016,0.000
1733122775.949,-29.297,-34.180,-53.711,-40.527,0.000
1733122775.953,-35.156,-39.551,-55.664,-36.133,0.000
1733122775.957,-45.898,-37.598,-53.711,-32.715,0.000
1733122775.961,-46.387,-35.645,-52.246,-39.551,0.000
1733122775.964,-32.227,-33.691,-49.316,-45.898,0.000
1733122775.968,-19.531,-33.691,-49.316,-42.480,0.000
1733122775.972,-22.461,-36.621,-49.805,-35.156,0.000
1733122775.976,-40.039,-41.016,-48.828,-30.762,0.000
1733122775.980,-50.293,-43.945,-51.758,-43.457,0.000
1733122775.984,-36.133,-44.434,-53.711,-51.270,0.000
1733122775.988,-26.367,-38.086,-50.781,-49.316,0.000
1733122775.992,-28.809,-33.203,-49.805,-51.270,0.000
1733122775.996,-36.133,-37.598,-52.734,-47.852,0.000
1733122775.999,-27.832,-31.250,-42.969,-42.480,0.000
1733122776.003,-7.812,-18.555,-36.621,-47.363,0.000
1733122776.008,-4.395,-22.949,-43.457,-53.223,0.000
1733122776.011,-9.766,-28.809,-46.387,-47.363,0.000
1733122776.015,-23.438,-31.738,-40.527,-39.062,0.000
1733122776.019,-40.039,-31.738,-41.016,-39.062,0.000
1733122776.023,-39.062,-31.250,-45.898,-41.016,0.000
1733122776.027,-31.738,-37.598,-41.504,-35.645,0.000
1733122776.031,-35.645,-39.551,-38.086,-31.738,0.000
1733122776.035,-50.293,-32.227,-39.062,-34.180,0.000
1733122776.039,-62.500,-33.691,-46.387,-37.598,0.000
1733122776.043,-48.340,-37.109,-47.852,-38.574,0.000
1733122776.046,-28.809,-28.320,-43.457,-37.598,0.000
1733122776.050,-28.320,-26.367,-46.387,-41.992,0.000
1733122776.054,-38.574,-32.715,-46.875,-36.133,0.000
1733122776.058,-49.316,-36.133,-47.852,-32.227,0.000
1733122776.062,-39.551,-34.180,-41.504,-36.133,0.000
1733122776.066,-25.391,-33.203,-32.715,-35.645,0.000
1733122776.070,-28.320,-34.180,-34.180,-37.109,0.000
1733122776.074,-40.039,-34.668,-35.156,-33.691,0.000
1733122776.078,-48.340,-40.527,-36.133,-31.738,0.000
1733122776.082,-39.062,-33.691,-38.086,-35.645,0.000
1733122776.086,-24.902,-26.855,-39.551,-39.551,0.000
1733122776.089,-24.414,-32.715,-41.504,-39.062,0.000
1733122776.093,-33.691,-29.785,-45.410,-32.715,0.000
1733122776.097,-42.480,-22.949,-39.551,-39.551,0.000
1733122776.101,-37.598,-25.879,-31.250,-45.410,0.000
1733122776.105,-26.367,-25.391,-29.785,-41.504,0.000
1733122776.109,-19.531,-23.926,-26.367,-40.527,0.000
1733122776.113,-23.926,-23.926,-24.414,-34.180,0.000
1733122776.117,-41.504,-32.715,-28.809,-35.156,0.000
1733122776.121,-42.480,-40.039,-34.668,-43.457,0.000
1733122776.125,-23.438,-36.621,-36.621,-40.039,0.000
1733122776.129,-17.090,-33.203,-46.875,-38.086,0.000
1733122776.132,-20.020,-42.969,-50.293,-27.832,0.000
1733122776.136,-32.715,-48.828,-43.457,-19.043,0.000
1733122776.140,-35.156,-35.645,-40.039,-31.250,0.000
1733122776.144,-21.973,-32.227,-39.062,-40.039,0.000
1733122776.148,-22.461,-33.691,-46.387,-38.574,0.000
1733122776.152,-25.879,-33.203,-46.387,-32.715,0.000
1733122776.156,-37.598,-34.668,-41.504,-33.691,0.000
1733122776.160,-50.781,-40.527,-42.969,-42.969,0.000
1733122776.164,-37.109,-43.457,-43.457,-44.922,0.000
1733122776.168,-29.297,-43.457,-43.457,-43.945,0.000
1733122776.172,-38.086,-45.410,-45.410,-40.039,0.000
1733122776.175,-47.363,-45.898,-44.434,-32.227,0.000
1733122776.179,-47.363,-52.734,-44.434,-28.320,0.000
1733122776.183,-30.273,-41.504,-43.945,-29.785,0.000
1733122776.187,-17.090,-25.879,-39.551,-31.738,0.000
1733122776.191,-20.996,-35.645,-41.016,-26.855,0.000
1733122776.195,-35.156,-41.504,-45.898,-18.066,0.000
1733122776.199,-44.434,-40.039,-44.434,-22.949,0.000
1733122776.203,-33.203,-36.133,-37.109,-33.203,0.000
1733122776.207,-20.020,-38.574,-28.809,-27.832,0.000
1733122776.211,-23.438,-41.992,-31.738,-23.438,0.000
1733122776.215,-36.133,-44.922,-35.156,-18.066,0.000
1733122776.218,-46.387,-45.898,-34.668,-17.090,0.000
1733122776.222,-28.809,-43.457,-34.180,-7.812,0.000
1733122776.226,-2.930,-41.016,-36.621,1.465,0.000
1733122776.230,-9.277,-32.715,-36.133,-15.625,0.000
1733122776.234,-40.039,-29.785,-35.645,-40.527,0.000
1733122776.238,-56.641,-34.668,-34.180,-42.480,0.000
1733122776.242,-45.410,-29.297,-31.250,-38.086,0.000
1733122776.246,-38.086,-24.414,-33.691,-40.527,0.000
1733122776.250,-36.621,-24.902,-37.598,-39.551,0.000
1733122776.254,-45.410,-26.855,-38.574,-37.598,0.000
1733122776.257,-60.059,-36.133,-38.574,-35.645,0.000
1733122776.261,-54.688,-40.039,-41.016,-47.363,0.000
1733122776.265,-32.715,-32.715,-41.016,-45.898,0.000
1733122776.269,-24.414,-35.645,-39.062,-26.855,0.000
1733122776.273,-36.621,-40.039,-41.016,-22.949,0.000
1733122776.277,-49.316,-33.691,-43.945,-27.832,0.000
1733122776.281,-44.434,-30.762,-39.551,-29.297,0.000
1733122776.285,-30.273,-22.949,-34.668,-31.250,0.000
1733122776.289,-28.809,-21.484,-36.133,-34.180,0.000
1733122776.293,-34.668,-28.320,-36.133,-34.668,0.000
1733122776.297,-48.340,-33.203,-37.598,-30.762,0.000
1733122776.300,-60.059,-34.668,-38.086,-42.969,0.000
1733122776.304,-41.016,-34.180,-38.574,-53.711,0.000
1733122776.308,-16.602,-36.621,-35.645,-48.828,0.000
1733122776.312,-23.438,-43.945,-37.598,-42.480,0.000
1733122776.316,-55.176,-47.363,-41.016,-34.180,0.000
1733122776.320,-63.965,-42.969,-41.016,-46.387,0.000
1733122776.324,-41.504,-45.410,-41.992,-55.664,0.000
1733122776.328,-23.438,-48.828,-41.992,-51.270,0.000
1733122776.332,-28.809,-51.270,-41.504,-48.340,0.000
1733122776.336,-55.664,-47.363,-41.504,-39.062,0.000
1733122776.339,-68.359,-41.016,-36.621,-39.062,0.000
1733122776.343,-49.316,-35.645,-35.645,-50.293,0.000
1733122776.347,-29.297,-31.738,-41.016,-54.199,0.000
1733122776.351,-28.320,-35.156,-46.875,-41.992,0.000
1733122776.355,-54.199,-44.434,-48.340,-32.715,0.000
1733122776.359,-73.730,-47.852,-45.898,-28.320,0.000
1733122776.363,-52.246,-39.551,-41.992,-37.598,0.000
1733122776.367,-29.785,-37.598,-43.945,-44.922,0.000
1733122776.371,-20.508,-36.133,-40.039,-32.227,0.000
1733122776.374,-39.062,-32.715,-36.621,-21.484,0.000
1733122776.378,-62.988,-35.645,-41.504,-24.902,0.000
1733122776.382,-43.457,-30.273,-38.086,-40.527,0.000
1733122776.386,-17.578,-25.391,-36.133,-41.992,0.000
1733122776.390,-19.531,-28.320,-37.109,-35.156,0.000
1733122776.394,-41.504,-29.297,-34.668,-33.691,0.000
1733122776.398,-62.012,-31.250,-35.645,-38.086,0.000
1733122776.402,-47.852,-29.785,-41.992,-46.875,0.000
1733122776.406,-21.484,-25.879,-38.574,-50.293,0.000
1733122776.410,-15.625,-20.508,-27.344,-45.898,0.000
1733122776.413,-30.762,-26.367,-34.668,-38.086,0.000
1733122776.417,-58.594,-36.133,-44.922,-37.109,0.000
1733122776.421,-57.617,-36.621,-40.039,-53.711,0.000
1733122776.425,-30.273,-31.250,-39.551,-62.500,0.000
1733122776.429,-24.414,-36.621,-43.457,-54.199,0.000
1733122776.433,-37.109,-39.551,-39.062,-45.898,0.000
1733122776.437,-56.641,-38.086,-38.086,-36.133,0.000
1733122776.441,-53.711,-36.621,-39.551,-41.992,0.000
1733122776.445,-18.066,-24.902,-33.203,-46.387,0.000
1733122776.449,-6.836,-33.203,-28.320,-32.227,0.000
1733122776.453,-23.926,-38.574,-27.832,-25.391,0.000
1733122776.457,-52.734,-33.691,-28.809,-25.391,0.000
1733122776.460,-54.688,-37.598,-28.809,-25.879,0.000
1733122776.464,-24.902,-34.180,-25.391,-35.645,0.000
1733122776.468,-11.719,-28.809,-24.902,-35.156,0.000
1733122776.472,-22.461,-27.344,-31.250,-20.020,0.000
1733122776.476,-51.758,-34.180,-36.133,-15.137,0.000
1733122776.480,-67.383,-40.039,-39.062,-27.832,0.000
1733122776.484,-41.504,-32.227,-33.691,-42.480,0.000
1733122776.488,-12.695,-28.320,-21.484,-31.250,0.000
1733122776.492,-13.184,-34.668,-23.438,-18.555,0.000
1733122776.496,-42.480,-40.039,-31.738,-14.648,0.000
1733122776.500,-60.547,-40.039,-32.227,-22.461,0.000
1733122776.503,-33.203,-30.762,-31.738,-40.527,0.000
1733122776.507,-5.859,-35.645,-34.668,-32.227,0.000
1733122776.511,-8.301,-37.109,-30.762,-19.531,0.000
1733122776.515,-33.691,-32.715,-30.273,-16.113,0.000
1733122776.519,-48.340,-37.109,-33.203,-14.648,0.000
1733122776.523,-25.879,-33.203,-33.203,-26.855,0.000
1733122776.527,-7.812,-28.809,-37.598,-36.133,0.000
1733122776.531,0.977,-20.508,-37.109,-24.414,0.000
1733122776.535,-20.508,-29.297,-36.621,-19.043,0.000
1733122776.539,-53.223,-33.203,-38.574,-32.227,0.000
1733122776.543,-35.156,-28.320,-43.945,-48.340,0.000
1733122776.546,-4.883,-29.785,-46.875,-58.105,0.000
1733122776.550,2.441,-29.297,-45.410,-58.105,0.000
1733122776.554,-20.508,-38.574,-51.758,-38.574,0.000
1733122776.558,-45.410,-41.992,-45.410,-29.297,0.000
1733122776.562,-29.785,-28.809,-35.156,-44.434,0.000
1733122776.566,-9.277,-21.973,-29.785,-52.734,0.000
1733122776.570,-12.695,-20.508,-25.391,-42.969,0.000
1733122776.574,-34.668,-23.926,-27.832,-31.250,0.000
1733122776.578,-62.988,-31.250,-27.832,-27.832,0.000
1733122776.582,-53.223,-32.715,-24.902,-35.156,0.000
1733122776.586,-21.484,-32.227,-26.367,-41.992,0.000
1733122776.589,-15.137,-40.039,-25.391,-33.203,0.000
1733122776.593,-36.133,-46.875,-29.297,-27.832,0.000
1733122776.597,-60.547,-49.805,-38.086,-19.043,0.000
1733122776.601,-56.641,-41.016,-31.738,-25.391,0.000
1733122776.605,-25.879,-30.273,-25.391,-36.133,0.000
1733122776.609,-18.555,-32.227,-30.273,-28.320,0.000
1733122776.613,-28.320,-30.273,-31.738,-17.090,0.000
1733122776.617,-45.410,-30.273,-30.273,-12.695,0.000
1733122776.621,-51.758,-36.133,-32.227,-30.273,0.000
1733122776.625,-31.250,-34.668,-29.785,-44.434,0.000
1733122776.628,-14.648,-29.297,-31.250,-37.109,0.000
1733122776.632,-16.113,-27.832,-35.156,-21.973,0.000
1733122776.636,-39.551,-31.250,-33.203,-10.254,0.000
1733122776.640,-51.270,-25.879,-35.156,-17.090,0.000
1733122776.644,-29.297,-27.832,-38.086,-31.250,0.000
1733122776.648,-11.230,-22.461,-32.715,-29.785,0.000
1733122776.652,-17.578,-14.648,-30.762,-25.391,0.000
1733122776.656,-43.457,-26.855,-37.598,-20.996,0.000
1733122776.660,-58.594,-32.227,-41.992,-29.785,0.000
1733122776.664,-38.086,-29.785,-37.109,-46.875,0.000
1733122776.668,-15.625,-26.855,-31.250,-49.805,0.000
1733122776.671,-13.184,-33.691,-32.227,-37.109,0.000
1733122776.675,-38.086,-41.504,-31.738,-22.949,0.000
1733122776.679,-60.547,-38.086,-26.855,-34.180,0.000
1733122776.683,-36.133,-35.645,-33.691,-55.176,0.000
1733122776.687,-16.113,-35.156,-38.574,-51.270,0.000
1733122776.691,-22.949,-35.156,-35.156,-39.062,0.000
1733122776.695,-46.387,-29.297,-39.062,-33.691,0.000
1733122776.699,-66.406,-32.715,-41.016,-35.645,0.000
1733122776.703,-47.852,-33.203,-37.598,-50.781,0.000
1733122776.706,-27.832,-32.715,-41.992,-61.035,0.000
1733122776.711,-27.344,-38.086,-42.480,-52.734,0.000
1733122776.714,-41.992,-41.992,-37.109,-34.668,0.000
1733122776.718,-63.965,-45.898,-32.715,-32.715,0.000
1733122776.722,-51.758,-45.410,-29.297,-45.410,0.000
1733122776.726,-24.902,-44.434,-28.320,-49.316,0.000
1733122776.730,-25.391,-46.387,-32.715,-46.875,0.000
1733122776.734,-41.504,-43.945,-34.180,-28.320,0.000
1733122776.738,-62.012,-38.574,-28.809,-17.578,0.000
1733122776.742,-53.711,-27.832,-33.691,-46.387,0.000
1733122776.746,-7.812,-22.461,-48.340,-48.828,0.000
1733122776.749,6.836,-27.832,-40.039,-28.320,0.000
1733122776.753,-34.668,-43.457,-31.250,-32.227,0.000
1733122776.758,-64.453,-48.828,-29.297,-28.809,0.000
1733122776.761,-51.270,-46.387,-27.832,-27.832,0.000
1733122776.765,-16.113,-43.945,-30.762,-25.879,0.000
1733122776.769,-3.418,-48.340,-27.344,-16.113,0.000
1733122776.773,-16.602,-55.664,-25.879,-5.859,0.000
1733122776.777,-35.645,-58.594,-27.832,6.348,0.000
1733122776.781,-32.715,-54.199,-19.531,8.789,0.000
1733122776.785,3.418,-42.969,-13.184,5.859,0.000
1733122776.789,13.184,-35.156,-17.090,1.953,0.000
1733122776.793,-4.883,-43.945,-16.113,7.812,0.000
1733122776.796,-22.949,-49.316,-16.113,18.555,0.000
1733122776.800,-35.156,-42.480,-24.414,0.000,0.000
1733122776.804,-14.160,-42.969,-25.879,-19.043,0.000
1733122776.808,4.883,-45.898,-19.531,-11.230,0.000
1733122776.812,-8.301,-44.922,-18.066,0.977,0.000
1733122776.816,-36.133,-42.969,-21.973,9.277,0.000
1733122776.820,-48.340,-41.504,-15.625,4.883,0.000
1733122776.824,-19.531,-46.387,-11.230,-11.719,0.000
1733122776.828,-4.883,-49.805,-19.531,-28.809,0.000
1733122776.832,-16.602,-44.434,-28.320,-25.391,0.000
1733122776.836,-43.945,-46.387,-30.273,-12.695,0.000
1733122776.839,-59.570,-51.758,-29.785,-4.395,0.000
1733122776.843,-31.738,-43.457,-27.344,-12.695,0.000
1733122776.847,-8.789,-34.180,-31.250,-26.855,0.000
1733122776.851,-11.230,-39.062,-35.645,-26.855,0.000
1733122776.855,-32.715,-44.922,-31.250,-15.137,0.000
1733122776.859,-52.246,-46.387,-31.738,-10.742,0.000
1733122776.863,-33.203,-38.574,-32.715,-24.902,0.000
1733122776.867,-10.254,-39.062,-30.273,-33.691,0.000
1733122776.871,-11.719,-45.410,-30.762,-32.715,0.000
1733122776.875,-33.691,-46.875,-32.715,-24.414,0.000
1733122776.879,-62.500,-49.805,-31.738,-23.438,0.000
1733122776.882,-48.828,-51.270,-31.738,-32.715,0.000
1733122776.886,-21.484,-44.922,-26.855,-41.016,0.000
1733122776.890,-22.461,-39.062,-25.391,-43.945,0.000
1733122776.894,-36.621,-45.898,-33.691,-32.227,0.000
1733122776.898,-64.453,-55.664,-41.504,-23.926,0.000
1733122776.902,-60.547,-55.176,-38.086,-31.738,0.000
1733122776.906,-30.273,-48.340,-37.109,-41.504,0.000
1733122776.910,-25.391,-47.363,-40.039,-42.480,0.000
1733122776.914,-42.969,-57.129,-39.551,-32.227,0.000
1733122776.918,-69.336,-61.523,-41.992,-21.973,0.000
1733122776.922,-63.965,-55.664,-43.457,-36.621,0.000
1733122776.925,-34.180,-53.711,-41.504,-50.293,0.000
1733122776.929,-27.344,-61.035,-45.898,-41.016,0.000
1733122776.933,-44.434,-62.500,-51.270,-31.250,0.000
1733122776.937,-65.430,-57.129,-54.688,-27.344,0.000
1733122776.941,-58.105,-53.223,-57.617,-38.574,0.000
1733122776.945,-29.785,-44.922,-54.199,-50.781,0.000
1733122776.949,-20.020,-43.457,-53.223,-41.992,0.000
1733122776.953,-35.156,-48.340,-62.500,-36.133,0.000
1733122776.957,-62.500,-50.293,-65.430,-26.855,0.000
1733122776.961,-64.453,-45.898,-55.176,-29.297,0.000
1733122776.965,-33.203,-42.969,-51.270,-45.410,0.000
1733122776.968,-17.090,-46.875,-50.781,-46.387,0.000
1733122776.972,-26.855,-48.828,-53.711,-36.133,0.000
1733122776.976,-56.641,-55.176,-61.035,-28.809,0.000
1733122776.980,-63.965,-54.199,-56.152,-35.645,0.000
1733122776.984,-32.227,-50.293,-52.734,-40.039,0.000
1733122776.988,-18.066,-48.340,-52.734,-39.062,0.000
1733122776.992,-24.902,-46.875,-48.340,-35.156,0.000
1733122776.996,-45.410,-49.316,-48.340,-28.320,0.000
1733122777.000,-60.547,-52.734,-50.781,-33.203,0.000
1733122777.004,-35.156,-50.781,-50.293,-44.434,0.000
1733122777.007,-16.602,-47.363,-49.805,-48.340,0.000
1733122777.011,-18.555,-50.293,-46.387,-34.180,0.000
1733122777.015,-38.574,-49.316,-47.363,-21.973,0.000
1733122777.019,-64.941,-51.758,-51.758,-23.926,0.000
1733122777.023,-48.828,-45.410,-53.223,-33.691,0.000
1733122777.027,-23.926,-35.645,-50.781,-39.551,0.000
1733122777.031,-21.484,-43.945,-45.898,-32.715,0.000
1733122777.035,-40.527,-51.270,-43.945,-21.973,0.000
1733122777.039,-62.500,-44.922,-44.434,-18.555,0.000
1733122777.043,-45.410,-38.086,-45.898,-32.715,0.000
1733122777.047,-19.531,-41.504,-43.457,-37.598,0.000
1733122777.051,-13.672,-38.574,-40.039,-28.809,0.000
1733122777.054,-27.344,-38.574,-41.016,-13.672,0.000
1733122777.058,-47.852,-42.480,-35.156,-0.488,0.000
1733122777.062,-25.879,-39.062,-39.551,-3.906,0.000
1733122777.066,5.371,-30.273,-52.246,-23.926,0.000
1733122777.070,0.000,-20.020,-51.270,-36.133,0.000
1733122777.074,-24.414,-21.973,-49.805,-32.227,0.000
1733122777.078,-44.922,-26.855,-53.223,-25.391,0.000
1733122777.082,-29.297,-23.926,-53.711,-36.621,0.000
1733122777.086,6.348,-20.508,-51.270,-51.270,0.000
1733122777.090,16.113,-25.879,-53.711,-47.363,0.000
1733122777.094,0.977,-33.203,-49.316,-31.250,0.000
1733122777.097,-25.391,-40.527,-41.504,-17.090,0.000
1733122777.101,-26.855,-40.527,-39.551,-28.809,0.000
1733122777.105,-3.906,-35.156,-41.504,-43.457,0.000
1733122777.109,-1.465,-36.133,-42.969,-33.691,0.000
1733122777.113,-17.578,-39.551,-42.480,-19.043,0.000
1733122777.117,-42.480,-38.086,-40.527,-7.812,0.000
1733122777.121,-50.293,-33.203,-37.598,-11.719,0.000
1733122777.125,-16.113,-24.414,-35.645,-18.555,0.000
1733122777.129,6.348,-19.531,-35.156,-16.113,0.000
1733122777.133,-1.465,-20.996,-33.203,-12.207,0.000
1733122777.136,-34.668,-33.691,-33.691,-11.230,0.000
1733122777.140,-51.758,-41.016,-38.086,-10.742,0.000
1733122777.144,-31.250,-26.367,-39.551,-21.973,0.000
1733122777.148,-20.508,-28.320,-40.039,-27.832,0.000
1733122777.152,-23.438,-38.086,-45.410,-21.973,0.000
1733122777.156,-39.551,-34.180,-45.410,-21.484,0.000
1733122777.160,-50.781,-29.297,-40.039,-25.391,0.000
1733122777.164,-38.574,-23.926,-41.992,-36.133,0.000
1733122777.168,-23.926,-21.973,-41.504,-32.715,0.000
1733122777.171,-20.020,-20.996,-38.574,-20.996,0.000
1733122777.175,-28.320,-19.043,-43.457,-19.043,0.000
1733122777.179,-42.480,-26.367,-48.828,-23.438,0.000
1733122777.183,-36.621,-24.902,-47.363,-28.320,0.000
1733122777.187,-20.020,-20.996,-43.945,-33.203,0.000
1733122777.191,-12.695,-17.578,-38.574,-27.344,0.000
1733122777.195,-22.461,-21.484,-36.133,-16.602,0.000
1733122777.199,-34.180,-26.367,-39.551,-18.555,0.000
1733122777.203,-23.926,-19.043,-36.621,-25.879,0.000
1733122777.207,-16.602,-14.160,-32.715,-29.297,0.000
1733122777.211,-17.090,-16.113,-35.156,-24.414,0.000
1733122777.214,-26.367,-22.949,-38.086,-14.160,0.000
1733122777.218,-43.457,-22.949,-41.504,-22.949,0.000
1733122777.222,-41.504,-19.043,-46.875,-48.828,0.000
1733122777.226,-28.809,-22.949,-41.504,-46.387,0.000
1733122777.230,-28.809,-24.414,-33.691,-31.738,0.000
1733122777.234,-41.504,-26.367,-38.574,-27.832,0.000
1733122777.238,-52.734,-31.738,-45.898,-34.180,0.000
1733122777.242,-46.387,-31.738,-40.039,-40.527,0.000
1733122777.246,-31.250,-26.855,-38.086,-44.434,0.000
1733122777.250,-31.250,-24.414,-42.480,-44.434,0.000
1733122777.254,-39.062,-24.414,-39.062,-33.691,0.000
1733122777.257,-54.688,-32.715,-38.086,-24.414,0.000
1733122777.261,-59.570,-35.645,-36.133,-35.156,0.000
1733122777.265,-46.875,-33.691,-32.715,-52.246,0.000
1733122777.269,-30.273,-37.109,-30.762,-43.945,0.000
1733122777.273,-28.809,-34.180,-26.367,-31.250,0.000
1733122777.277,-45.410,-33.691,-28.320,-26.367,0.000
1733122777.281,-48.340,-35.156,-40.039,-31.738,0.000
1733122777.285,-35.156,-31.250,-42.969,-49.316,0.000
1733122777.289,-29.297,-29.297,-39.062,-44.922,0.000
1733122777.293,-34.668,-27.832,-42.969,-34.668,0.000
1733122777.297,-48.828,-29.785,-46.875,-29.297,0.000
1733122777.300,-47.852,-36.621,-44.434,-32.227,0.000
1733122777.304,-32.715,-35.645,-41.504,-39.551,0.000
1733122777.308,-23.926,-25.391,-38.086,-37.598,0.000
1733122777.312,-22.949,-23.438,-36.621,-37.109,0.000
1733122777.316,-36.133,-34.180,-39.062,-35.156,0.000
1733122777.320,-47.852,-38.086,-41.016,-40.039,0.000
1733122777.324,-42.480,-34.668,-45.410,-47.363,0.000
1733122777.328,-27.832,-27.832,-42.969,-39.551,0.000
1733122777.332,-20.996,-28.809,-37.109,-25.391,0.000
1733122777.336,-29.297,-33.203,-39.062,-15.137,0.000
1733122777.340,-44.434,-31.250,-39.551,-19.043,0.000
1733122777.343,-44.434,-29.297,-37.109,-33.691,0.000
1733122777.347,-36.621,-31.738,-35.645,-31.738,0.000
1733122777.351,-30.273,-31.250,-36.133,-20.508,0.000
1733122777.355,-43.457,-24.414,-39.551,-19.043,0.000
1733122777.359,-59.082,-21.973,-40.527,-21.973,0.000
1733122777.363,-44.922,-19.043,-37.598,-27.832,0.000
1733122777.367,-28.320,-17.578,-37.109,-28.809,0.000
1733122777.371,-24.414,-19.043,-43.945,-26.367,0.000
1733122777.375,-28.809,-21.973,-49.805,-20.020,0.000
1733122777.379,-38.086,-22.461,-56.152,-16.113,0.000
1733122777.382,-31.250,-22.461,-47.363,-21.484,0.000
1733122777.386,-26.367,-28.320,-37.109,-28.320,0.000
1733122777.390,-32.227,-34.668,-41.016,-29.785,0.000
1733122777.394,-35.156,-38.574,-43.457,-10.742,0.000
1733122777.398,-53.223,-41.504,-36.133,-6.348,0.000
1733122777.402,-55.664,-35.156,-33.203,-29.785,0.000
1733122777.406,-33.203,-31.250,-34.180,-31.250,0.000
1733122777.410,-35.156,-33.691,-32.715,-32.715,0.000
1733122777.414,-38.574,-34.180,-35.645,-32.715,0.000
1733122777.418,-40.527,-36.133,-36.621,-28.809,0.000
1733122777.422,-40.039,-37.109,-31.738,-31.250,0.000
1733122777.425,-24.414,-37.598,-27.344,-36.621,0.000
1733122777.429,-17.090,-36.621,-33.203,-31.250,0.000
1733122777.433,-20.508,-38.574,-34.668,-22.949,0.000
1733122777.437,-34.180,-44.434,-33.203,-15.137,0.000
1733122777.441,-39.062,-37.109,-31.738,-17.578,0.000
1733122777.445,-27.832,-28.809,-29.785,-31.250,0.000
1733122777.449,-19.531,-34.668,-37.109,-30.762,0.000
1733122777.453,-22.461,-35.645,-43.945,-26.367,0.000
1733122777.457,-35.156,-37.598,-43.945,-27.344,0.000
1733122777.461,-41.504,-44.434,-44.434,-34.668,0.000
1733122777.464,-31.738,-43.945,-45.898,-41.016,0.000
1733122777.468,-26.367,-41.992,-43.945,-39.062,0.000
1733122777.472,-34.668,-39.551,-42.480,-37.598,0.000
1733122777.476,-49.805,-38.574,-45.410,-31.738,0.000
1733122777.480,-53.711,-39.551,-47.852,-32.715,0.000
1733122777.484,-40.039,-43.945,-46.875,-38.086,0.000
1733122777.488,-34.180,-42.480,-49.316,-37.109,0.000
1733122777.492,-29.785,-32.227,-48.828,-30.762,0.000
1733122777.496,-34.668,-39.551,-47.852,-22.461,0.000
1733122777.499,-42.480,-46.387,-50.781,-26.367,0.000
1733122777.503,-33.203,-41.504,-52.246,-40.527,0.000
1733122777.507,-17.090,-41.504,-49.805,-39.062,0.000
1733122777.511,-14.160,-43.945,-53.711,-35.156,0.000
1733122777.515,-25.391,-43.457,-55.176,-29.785,0.000
1733122777.519,-38.574,-40.527,-46.875,-29.297,0.000
1733122777.523,-37.109,-36.133,-39.062,-34.668,0.000
1733122777.527,-21.973,-37.109,-38.574,-32.715,0.000
1733122777.531,-18.555,-38.574,-36.621,-30.762,0.000
1733122777.535,-29.785,-35.156,-32.715,-26.855,0.000
1733122777.539,-45.410,-45.410,-40.039,-28.320,0.000
1733122777.542,-45.898,-46.875,-40.527,-38.086,0.000
1733122777.546,-28.320,-35.645,-37.598,-39.062,0.000
1733122777.550,-25.391,-30.273,-39.551,-36.133,0.000
1733122777.554,-29.785,-30.762,-36.621,-26.855,0.000
1733122777.558,-36.621,-30.762,-38.574,-23.438,0.000
1733122777.562,-35.156,-27.344,-38.086,-30.762,0.000
1733122777.566,-20.508,-20.508,-31.250,-30.273,0.000
1733122777.570,-12.207,-19.531,-30.762,-23.438,0.000
1733122777.574,-13.672,-27.832,-32.715,-10.254,0.000
1733122777.578,-29.785,-25.879,-32.227,-7.812,0.000
1733122777.582,-34.668,-15.137,-30.762,-22.949,0.000
1733122777.585,-21.484,-14.648,-33.691,-32.227,0.000
1733122777.589,-19.043,-20.996,-32.227,-21.973,0.000
1733122777.593,-25.879,-18.066,-28.809,-13.184,0.000
1733122777.597,-38.574,-22.949,-31.250,-15.625,0.000
1733122777.601,-43.457,-31.738,-35.156,-27.832,0.000
1733122777.605,-32.227,-27.832,-36.133,-43.945,0.000
1733122777.609,-27.832,-28.320,-34.668,-41.504,0.000
1733122777.613,-27.832,-33.203,-30.762,-24.902,0.000
1733122777.617,-35.645,-36.621,-35.156,-20.996,0.000
1733122777.621,-44.434,-32.715,-42.969,-36.133,0.000
1733122777.625,-31.250,-25.879,-43.945,-48.828,0.000
1733122777.628,-10.254,-21.484,-44.434,-48.340,0.000
1733122777.632,7.324,-19.531,-48.340,-35.645,0.000
1733122777.636,0.488,-22.949,-44.922,-28.809,0.000
1733122777.640,-17.578,-20.020,-37.598,-35.156,0.000
1733122777.644,-14.648,-21.973,-39.062,-41.016,0.000
1733122777.648,-7.812,-27.832,-41.016,-46.875,0.000
1733122777.652,-13.184,-30.273,-36.621,-37.598,0.000
1733122777.656,-36.133,-36.133,-37.598,-26.855,0.000
1733122777.660,-49.316,-38.574,-41.992,-26.367,0.000
1733122777.664,-34.668,-36.133,-42.480,-27.344,0.000
1733122777.668,-27.344,-38.086,-41.016,-34.668,0.000
1733122777.671,-24.414,-32.715,-40.527,-28.320,0.000
1733122777.675,-32.715,-28.809,-46.387,-23.926,0.000
1733122777.679,-50.781,-38.086,-46.387,-22.461,0.000
1733122777.683,-44.922,-38.574,-38.086,-25.391,0.000
1733122777.687,-28.809,-31.250,-36.133,-36.621,0.000
1733122777.691,-23.926,-36.133,-41.016,-36.133,0.000
1733122777.695,0.000,-40.527,0.000,-23.926,0.000
1733122777.699,0.000,-38.086,0.000,-18.555,0.000
1733122777.703,0.000,-32.227,0.000,-26.855,0.000
1733122777.707,0.000,-30.762,0.000,-24.414,0.000
1733122777.711,0.000,-34.668,0.000,-21.484,0.000
1733122777.714,0.000,-38.086,0.000,-23.926,0.000
1733122777.718,0.000,-39.551,0.000,-23.926,0.000
1733122777.722,0.000,-41.992,0.000,-27.832,0.000
1733122777.726,0.000,-39.551,0.000,-34.180,0.000
1733122777.730,0.000,-37.109,0.000,-27.832,0.000
1733122777.734,0.000,-39.551,0.000,-23.926,0.000
1733122777.738,0.000,-40.527,0.000,-29.297,0.000
1733122777.742,-49.805,-42.480,-39.551,-35.645,0.000
1733122777.746,-34.668,-34.180,-45.898,-44.434,0.000
1733122777.750,-30.762,-34.668,-47.852,-41.992,0.000
1733122777.753,-36.621,-40.527,-47.363,-35.645,0.000
1733122777.757,-48.828,-37.109,-47.363,-38.086,0.000
1733122777.761,-48.828,-35.156,-48.828,-42.969,0.000
1733122777.765,-34.180,-31.250,-45.410,-49.316,0.000
1733122777.769,-26.855,-33.203,-47.363,-42.480,0.000
1733122777.773,-29.297,-33.203,-49.805,-35.156,0.000
1733122777.777,-41.504,-31.738,-45.898,-32.227,0.000
1733122777.781,-50.293,-41.504,-49.805,-36.621,0.000
1733122777.785,-40.039,-38.574,-52.246,-47.363,0.000
1733122777.789,-30.762,-35.645,-43.945,-39.551,0.000
1733122777.793,-39.062,-43.945,-45.410,-37.598,0.000
1733122777.796,-46.387,-47.363,-52.246,-35.645,0.000
1733122777.800,-48.340,-45.410,-51.758,-38.574,0.000
1733122777.804,-40.039,-41.016,-48.340,-49.316,0.000
1733122777.808,-24.414,-35.645,-47.363,-49.805,0.000
1733122777.812,-21.484,-36.621,-48.828,-40.039,0.000
1733122777.816,-30.273,-38.574,-48.828,-29.297,0.000
1733122777.820,-44.922,-34.668,-48.340,-40.527,0.000
1733122777.824,-35.156,-35.645,-49.805,-47.852,0.000
1733122777.828,-14.648,-33.691,-46.387,-39.062,0.000
1733122777.831,-16.113,-34.180,-44.434,-32.227,0.000
1733122777.835,-23.926,-41.504,-45.410,-22.461,0.000
1733122777.839,-33.691,-44.434,-38.574,-22.949,0.000
1733122777.843,-25.879,-45.898,-36.133,-30.273,0.000
1733122777.847,-17.090,-39.551,-38.086,-36.133,0.000
1733122777.851,-22.461,-37.598,-39.551,-33.203,0.000
1733122777.855,-34.180,-47.363,-49.316,-21.484,0.000
1733122777.859,-46.875,-50.293,-53.711,-15.625,0.000
1733122777.863,-42.969,-44.434,-49.805,-20.996,0.000
1733122777.867,-33.203,-36.621,-46.387,-34.668,0.000
1733122777.870,-27.832,-40.039,-49.316,-36.621,0.000
1733122777.874,-35.645,-41.992,-51.270,-29.297,0.000
1733122777.878,-47.363,-41.504,-47.363,-28.809,0.000
1733122777.882,-48.340,-36.621,-45.898,-41.992,0.000
1733122777.886,-36.621,-32.715,-47.852,-47.363,0.000
1733122777.890,-27.344,-34.668,-46.387,-36.133,0.000
1733122777.894,-32.227,-34.668,-41.992,-30.273,0.000
1733122777.898,-41.992,-37.598,-42.969,-30.273,0.000
1733122777.902,-40.527,-40.527,-46.387,-37.109,0.000
1733122777.906,-30.273,-36.133,-41.992,-44.922,0.000
1733122777.910,-33.691,-37.598,-42.480,-48.828,0.000
1733122777.913,-41.504,-36.133,-46.387,-40.039,0.000
1733122777.917,-53.223,-42.480,-51.758,-32.227,0.000
1733122777.921,-54.688,-41.016,-48.340,-38.086,0.000
1733122777.925,-36.621,-27.344,-41.504,-40.527,0.000
1733122777.929,-23.926,-30.762,-40.039,-33.203,0.000
1733122777.933,-29.297,-37.109,-36.133,-29.297,0.000
1733122777.937,-41.016,-36.621,-34.668,-20.020,0.000
1733122777.941,-41.504,-34.180,-25.391,-15.137,0.000
1733122777.945,-29.297,-38.574,-29.297,-30.762,0.000
1733122777.949,-29.297,-39.551,-42.480,-45.410,0.000
1733122777.953,-36.133,-41.504,-42.969,-46.875,0.000
1733122777.956,-38.086,-48.828,-41.016,-39.551,0.000
1733122777.960,-49.316,-38.086,-45.410,-45.898,0.000
1733122777.964,-42.969,-35.156,-44.922,-47.852,0.000
1733122777.968,-31.250,-39.062,-41.992,-43.457,0.000
1733122777.972,-30.273,-37.109,-39.062,-43.457,0.000
1733122777.976,-33.203,-41.504,-37.598,-29.297,0.000
1733122777.980,-42.480,-37.109,-41.992,-32.715,0.000
1733122777.984,-36.133,-34.180,-46.875,-46.875,0.000
1733122777.988,-29.297,-38.574,-44.434,-44.922,0.000
1733122777.992,-34.180,-43.945,-39.062,-35.645,0.000
1733122777.996,-43.457,-46.875,-40.527,-23.926,0.000
1733122777.999,-48.828,-45.898,-36.621,-19.043,0.000
1733122778.003,-39.551,-39.062,-32.715,-26.855,0.000
1733122778.007,-21.484,-41.016,-33.691,-24.414,0.000
1733122778.011,-11.719,-37.598,-29.297,-11.719,0.000
1733122778.015,-21.973,-28.809,-27.344,-9.277,0.000
1733122778.019,-38.086,-31.738,-29.297,-16.113,0.000
1733122778.023,-37.109,-34.668,-35.645,-26.367,0.000
1733122778.027,-25.879,-38.574,-42.969,-31.250,0.000
1733122778.031,-21.484,-40.527,-40.039,-26.855,0.000
1733122778.035,-29.297,-40.527,-42.480,-25.879,0.000
1733122778.039,-42.480,-43.457,-44.434,-25.879,0.000
1733122778.042,-38.086,-42.480,-40.039,-24.414,0.000
1733122778.046,-19.043,-41.016,-35.645,-27.344,0.000
1733122778.050,-16.602,-45.410,-31.738,-22.949,0.000
1733122778.054,-19.531,-54.199,-30.762,-2.441,0.000
1733122778.058,-33.203,-54.688,-35.156,-2.441,0.000
1733122778.062,-32.715,-42.480,-33.691,-20.508,0.000
1733122778.066,-8.789,-36.621,-27.832,-23.438,0.000
1733122778.070,-7.324,-35.645,-28.320,-21.484,0.000
1733122778.074,-19.043,-36.621,-31.250,-18.555,0.000
1733122778.078,-36.133,-40.527,-39.062,-17.578,0.000
1733122778.082,-41.016,-42.969,-41.504,-24.414,0.000
1733122778.085,-25.879,-41.016,-37.598,-34.180,0.000
1733122778.089,-20.020,-39.551,-43.457,-40.039,0.000
1733122778.093,-29.297,-40.039,-49.805,-37.598,0.000
1733122778.097,-46.875,-49.805,-46.875,-27.344,0.000
1733122778.101,-50.293,-49.316,-38.574,-24.902,0.000
1733122778.105,-39.551,-37.598,-35.645,-31.738,0.000
1733122778.109,-34.668,-41.016,-38.086,-31.250,0.000
1733122778.113,-37.598,-42.969,-37.598,-35.156,0.000
1733122778.117,-48.340,-42.969,-35.645,-32.227,0.000
1733122778.121,-54.688,-46.387,-37.109,-32.715,0.000
1733122778.124,-40.039,-44.922,-40.527,-38.574,0.000
1733122778.128,-22.949,-41.016,-38.086,-31.738,0.000
1733122778.132,-26.367,-40.039,-38.086,-26.855,0.000
1733122778.136,-35.645,-45.410,-39.062,-20.508,0.000
1733122778.140,-41.016,-40.039,-36.133,-20.508,0.000
1733122778.144,-29.785,-31.738,-37.598,-22.461,0.000
1733122778.148,-18.066,-27.344,-40.039,-18.555,0.000
1733122778.152,-21.973,-17.578,-38.574,-19.531,0.000
1733122778.156,-28.809,-21.973,-38.574,-14.160,0.000
1733122778.159,-41.992,-30.762,-41.504,-18.555,0.000
1733122778.164,-41.992,-30.762,-43.457,-35.645,0.000
1733122778.167,-24.902,-26.855,-41.504,-36.621,0.000
1733122778.171,-20.020,-26.855,-40.527,-27.344,0.000
1733122778.175,-30.273,-29.297,-41.504,-18.555,0.000
1733122778.179,-39.062,-29.785,-43.945,-20.996,0.000
1733122778.183,-26.367,-27.344,-46.875,-34.180,0.000
1733122778.187,-6.836,-26.367,-50.781,-32.227,0.000
1733122778.191,0.000,-23.926,-53.711,-22.461,0.000
1733122778.195,-7.812,-15.625,-49.316,-17.578,0.000
1733122778.199,-21.484,-21.484,-50.293,-20.508,0.000
1733122778.202,-22.949,-22.461,-46.387,-23.438,0.000
1733122778.206,-15.625,-16.602,-38.574,-19.043,0.000
1733122778.210,-24.414,-23.926,-43.457,-22.461,0.000
1733122778.214,-39.551,-32.227,-47.852,-19.043,0.000
1733122778.218,-51.758,-37.109,-47.852,-18.066,0.000
1733122778.222,-47.363,-31.738,-42.969,-29.785,0.000
1733122778.226,-34.668,-21.973,-38.574,-29.785,0.000
1733122778.230,-28.320,-23.438,-47.363,-25.391,0.000
1733122778.234,-24.902,-32.227,-50.781,-18.066,0.000
1733122778.238,-35.156,-30.762,-48.340,-17.090,0.000
1733122778.241,-38.086,-21.484,-48.828,-29.297,0.000
1733122778.245,-23.926,-24.414,-48.340,-32.715,0.000
1733122778.249,-11.719,-31.250,-47.363,-21.484,0.000
1733122778.253,-12.207,-29.785,-45.898,-15.625,0.000
1733122778.257,-21.484,-31.250,-41.016,-11.230,0.000
1733122778.261,-32.715,-32.715,-38.086,-17.578,0.000
1733122778.265,-27.832,-30.273,-38.574,-25.391,0.000
1733122778.269,-23.926,-27.344,-37.598,-26.855,0.000
1733122778.273,-26.367,-27.832,-37.598,-26.855,0.000
1733122778.277,-35.645,-40.039,-39.551,-25.879,0.000
1733122778.281,-46.387,-38.574,-36.621,-35.156,0.000
1733122778.285,-32.227,-23.926,-30.273,-42.480,0.000
1733122778.289,-13.672,-23.438,-30.273,-34.180,0.000
1733122778.292,-20.508,-29.785,-33.203,-18.066,0.000
1733122778.296,-37.109,-34.180,-32.715,-13.672,0.000
1733122778.300,-45.898,-36.133,-30.273,-23.438,0.000
1733122778.304,-37.109,-31.738,-33.203,-30.762,0.000
1733122778.308,-27.344,-29.297,-41.504,-35.156,0.000
1733122778.312,-29.297,-27.344,-40.527,-31.738,0.000
1733122778.316,-33.203,-22.949,-41.016,-22.461,0.000
1733122778.320,-44.434,-26.367,-42.969,-26.367,0.000
1733122778.324,-42.480,-31.738,-39.062,-35.156,0.000
1733122778.328,-29.297,-31.250,-40.527,-33.203,0.000
1733122778.332,-29.785,-33.691,-49.805,-37.109,0.000
1733122778.335,-35.645,-38.086,-50.293,-36.621,0.000
1733122778.339,-42.969,-40.039,-44.434,-28.320,0.000
1733122778.343,-37.109,-32.227,-42.969,-29.785,0.000
1733122778.347,-23.438,-27.832,-47.852,-37.598,0.000
1733122778.351,-20.508,-34.180,-50.781,-36.133,0.000
1733122778.355,-22.949,-39.551,-49.316,-22.461,0.000
1733122778.359,-34.668,-32.227,-44.922,-24.414,0.000
1733122778.363,-32.227,-20.020,-45.898,-41.016,0.000
1733122778.367,-18.066,-20.020,-47.852,-42.969,0.000
1733122778.371,-19.043,-21.973,-48.340,-43.945,0.000
1733122778.375,-28.809,-25.391,-47.852,-43.945,0.000
1733122778.378,-52.246,-35.645,-45.898,-43.945,0.000
1733122778.382,-49.805,-38.574,-45.898,-40.039,0.000
1733122778.386,-23.438,-32.715,-43.945,-34.180,0.000
1733122778.390,-19.531,-28.809,-40.527,-38.086,0.000
1733122778.394,-27.832,-35.645,-41.504,-33.203,0.000
1733122778.398,-40.039,-41.504,-42.969,-22.949,0.000
1733122778.402,-42.480,-37.109,-45.410,-26.855,0.000
1733122778.406,-31.250,-32.227,-41.992,-31.738,0.000
1733122778.410,-23.438,-35.645,-39.062,-22.461,0.000
1733122778.414,-25.391,-41.992,-37.598,-15.625,0.000
1733122778.418,-32.715,-42.969,-33.691,-16.602,0.000
1733122778.421,-32.227,-39.551,-30.762,-21.484,0.000
1733122778.425,-19.531,-34.180,-29.297,-30.762,0.000
1733122778.429,-11.719,-41.504,-29.785,-23.926,0.000
1733122778.433,-20.508,-45.898,-35.645,-16.113,0.000
1733122778.437,-41.992,-43.457,-39.062,-21.484,0.000
1733122778.441,-50.781,-44.434,-39.062,-26.367,0.000
1733122778.445,-40.527,-39.551,-40.039,-30.762,0.000
1733122778.449,-33.691,-41.016,-45.410,-37.598,0.000
1733122778.453,-35.645,-41.504,-45.898,-37.109,0.000
1733122778.457,-44.922,-41.504,-45.410,-28.809,0.000
1733122778.461,-55.664,-41.504,-44.434,-34.180,0.000
1733122778.464,-47.363,-43.945,-46.387,-46.387,0.000
1733122778.468,-38.086,-42.969,-42.480,-50.781,0.000
1733122778.472,-37.598,-40.527,-37.598,-41.992,0.000
1733122778.476,-52.246,-42.480,-41.016,-34.180,0.000
1733122778.480,-64.941,-35.645,-38.574,-39.062,0.000
1733122778.484,-48.340,-30.762,-39.551,-48.828,0.000
1733122778.488,-30.273,-29.297,-41.992,-47.363,0.000
1733122778.492,-31.250,-29.785,-40.527,-35.645,0.000
1733122778.496,-38.086,-35.156,-39.062,-29.785,0.000
1733122778.500,-49.805,-39.551,-42.969,-36.133,0.000
1733122778.503,-42.480,-34.180,-44.434,-47.363,0.000
1733122778.507,-26.855,-26.855,-41.992,-41.504,0.000
1733122778.511,-23.926,-31.738,-42.480,-31.250,0.000
1733122778.515,-35.156,-38.574,-43.945,-26.367,0.000
1733122778.519,-48.340,-45.410,-43.945,-23.438,0.000
1733122778.523,-40.039,-41.016,-43.457,-29.785,0.000
1733122778.527,-26.367,-31.250,-46.387,-37.109,0.000
1733122778.531,-21.973,-32.227,-42.969,-34.180,0.000
1733122778.535,-25.879,-35.645,-52.246,-33.691,0.000
1733122778.539,-41.016,-38.574,-58.594,-39.062,0.000
1733122778.543,-39.551,-35.645,-52.246,-38.574,0.000
1733122778.547,-20.508,-30.273,-48.828,-31.250,0.000
1733122778.550,-9.277,-27.344,-49.316,-23.438,0.000
1733122778.554,-14.160,-31.738,-51.758,-19.531,0.000
1733122778.558,-29.785,-37.598,-49.805,-20.020,0.000
1733122778.562,-30.762,-39.062,-51.758,-26.367,0.000
1733122778.566,-19.531,-32.227,-48.828,-30.273,0.000
1733122778.570,-15.625,-24.902,-41.992,-24.414,0.000
1733122778.574,-20.508,-27.344,-39.551,-20.996,0.000
1733122778.578,-36.621,-32.227,-41.992,-22.461,0.000
1733122778.582,-39.062,-28.320,-42.969,-29.785,0.000
1733122778.586,-23.438,-20.508,-34.668,-36.133,0.000
1733122778.589,-15.625,-22.461,-34.180,-25.879,0.000
1733122778.593,-20.020,-28.809,-38.574,-17.578,0.000
1733122778.597,-38.086,-38.086,-41.016,-21.973,0.000
1733122778.601,-41.992,-41.016,-41.992,-24.902,0.000
1733122778.605,-18.555,-33.203,-41.016,-26.855,0.000
1733122778.609,-7.324,-23.926,-41.504,-34.668,0.000
1733122778.613,-9.277,-22.949,-41.992,-36.621,0.000
1733122778.617,-19.531,-29.785,-41.992,-28.809,0.000
1733122778.621,-33.691,-33.691,-41.016,-34.668,0.000
1733122778.624,-21.973,-32.715,-39.062,-30.273,0.000
1733122778.628,-14.160,-27.344,-38.086,-30.273,0.000
1733122778.632,-14.648,-20.508,-39.551,-38.086,0.000
1733122778.636,-22.461,-29.297,-44.434,-33.203,0.000
1733122778.640,-33.691,-28.320,-46.875,-36.621,0.000
1733122778.644,-29.785,-22.461,-42.480,-43.945,0.000
1733122778.648,-20.508,-25.879,-41.016,-39.062,0.000
1733122778.652,-17.090,-30.762,-39.551,-34.180,0.000
1733122778.656,-25.391,-31.250,-39.551,-29.785,0.000
1733122778.660,-36.621,-25.391,-38.086,-32.227,0.000
1733122778.664,-22.461,-24.902,-35.156,-37.109,0.000
1733122778.667,-7.812,-30.762,-35.156,-37.598,0.000
1733122778.671,-11.230,-25.879,-36.621,-31.250,0.000
1733122778.675,-17.578,-23.438,-43.945,-25.879,0.000
1733122778.679,-31.738,-30.762,-49.316,-26.367,0.000
1733122778.683,-35.156,-31.250,-45.410,-38.086,0.000
1733122778.687,-21.484,-26.367,-41.016,-30.762,0.000
1733122778.691,-17.090,-26.855,-42.480,-17.578,0.000
1733122778.695,-25.879,-33.691,-42.969,-18.555,0.000
1733122778.699,-44.434,-39.551,-42.969,-11.230,0.000
1733122778.703,-44.922,-33.691,-41.504,-12.695,0.000
1733122778.707,-26.855,-26.367,-37.109,-27.832,0.000
1733122778.710,-23.926,-29.297,-37.109,-28.320,0.000
1733122778.714,-32.715,-32.715,-40.527,-13.672,0.000
1733122778.718,-45.898,-34.180,-42.480,-18.066,0.000
1733122778.722,-44.922,-32.715,-41.992,-34.180,0.000
1733122778.726,-28.809,-31.738,-33.691,-40.527,0.000
1733122778.730,-20.996,-34.180,-33.203,-38.086,0.000
1733122778.734,-19.043,-35.645,-38.574,-32.715,0.000
1733122778.738,-22.949,-31.738,-42.480,-34.668,0.000
1733122778.742,-15.625,-33.203,-41.992,-41.016,0.000
1733122778.746,1.953,-32.715,-36.621,-42.969,0.000
1733122778.750,0.977,-27.832,-35.156,-36.621,0.000
1733122778.753,-4.883,-23.438,-31.250,-27.832,0.000
1733122778.757,-30.762,-30.273,-30.273,-25.879,0.000
1733122778.761,-57.129,-33.203,-32.227,-27.832,0.000
1733122778.765,-53.711,-29.785,-34.180,-39.062,0.000
1733122778.769,-48.828,-40.527,-41.504,-41.992,0.000
1733122778.773,-47.852,-42.969,-38.574,-32.715,0.000
1733122778.777,-53.711,-40.527,-35.156,-29.785,0.000
1733122778.781,-57.129,-37.598,-41.016,-35.645,0.000
1733122778.785,-44.922,-36.621,-40.527,-36.621,0.000
1733122778.789,-40.527,-36.133,-37.109,-35.156,0.000
1733122778.793,-36.621,-33.691,-40.527,-34.668,0.000
1733122778.796,-37.109,-37.598,-46.875,-29.785,0.000
1733122778.800,-54.199,-41.992,-37.109,-31.738,0.000
1733122778.804,-54.199,-45.410,-32.227,-31.250,0.000
1733122778.808,-35.645,-33.691,-34.180,-26.367,0.000
1733122778.812,-27.344,-23.926,-31.738,-29.297,0.000
1733122778.816,-35.156,-33.691,-37.598,-23.438,0.000
1733122778.820,-52.246,-43.945,-41.992,-28.809,0.000
1733122778.824,-41.016,-41.016,-38.086,-32.227,0.000
1733122778.828,-24.902,-35.645,-40.039,-30.273,0.000
1733122778.832,-19.043,-32.227,-38.574,-24.414,0.000
1733122778.836,-28.320,-36.621,-38.574,-17.578,0.000
1733122778.839,-46.875,-40.527,-39.062,-22.461,0.000
1733122778.843,-39.062,-37.109,-39.551,-31.738,0.000
1733122778.847,-18.066,-38.574,-43.457,-29.297,0.000
1733122778.851,-16.113,-38.574,-41.992,-21.973,0.000
1733122778.855,-24.414,-36.621,-41.504,-24.414,0.000
1733122778.859,-36.133,-44.434,-43.457,-26.367,0.000
1733122778.863,-36.133,-44.434,-40.527,-33.691,0.000
1733122778.867,-22.461,-35.156,-37.598,-35.156,0.000
1733122778.871,-20.020,-34.668,-40.527,-28.809,0.000
1733122778.875,-26.367,-39.551,-46.875,-24.902,0.000
1733122778.878,-37.109,-38.086,-46.387,-27.344,0.000
1733122778.882,-41.016,-36.621,-42.480,-37.109,0.000
1733122778.886,-23.926,-36.133,-41.504,-41.504,0.000
1733122778.890,-16.113,-31.738,-41.016,-34.668,0.000
1733122778.894,-25.879,-40.527,-38.086,-26.855,0.000
1733122778.898,-41.992,-42.480,-38.574,-28.809,0.000
1733122778.902,-48.828,-32.715,-38.574,-40.527,0.000
1733122778.906,-27.344,-29.785,-36.621,-42.480,0.000
1733122778.910,-17.578,-28.320,-40.039,-36.133,0.000
1733122778.914,-23.926,-31.738,-41.016,-30.273,0.000
1733122778.918,-33.691,-41.504,-38.086,-30.273,0.000
1733122778.921,-41.504,-45.410,-40.039,-41.016,0.000
1733122778.925,-23.926,-36.621,-39.062,-40.039,0.000
1733122778.929,-9.277,-31.738,-37.109,-29.297,0.000
1733122778.933,-16.602,-37.109,-43.945,-32.715,0.000
1733122778.937,-38.574,-49.805,-55.176,-37.598,0.000
1733122778.941,-51.270,-48.828,-59.082,-34.180,0.000
1733122778.945,-35.645,-30.762,-54.688,-38.574,0.000
1733122778.949,-21.484,-26.367,-49.316,-36.621,0.000
1733122778.953,-26.855,-31.738,-46.875,-35.645,0.000
1733122778.956,-36.621,-37.598,-47.852,-37.109,0.000
1733122778.960,-48.340,-43.457,-49.805,-41.016,0.000
1733122778.964,-40.039,-42.969,-43.457,-38.574,0.000
1733122778.968,-26.855,-40.039,-43.457,-41.504,0.000
1733122778.972,-27.832,-42.480,-44.922,-44.434,0.000
1733122778.976,-40.527,-50.781,-45.410,-34.180,0.000
1733122778.980,-58.105,-51.270,-42.480,-36.621,0.000
1733122778.984,-44.434,-46.387,-41.992,-42.480,0.000
1733122778.988,-18.066,-35.645,-52.246,-25.879,0.000
1733122778.992,-15.625,-31.250,-41.992,-10.254,0.000
1733122778.995,-39.551,-46.875,-29.785,-17.090,0.000
1733122778.999,-65.918,-55.176,-31.738,-32.715,0.000
1733122779.003,-63.477,-46.875,-26.367,-42.480,0.000
1733122779.007,-31.738,-37.109,-20.020,-25.879,0.000
1733122779.011,-32.227,-43.457,-17.578,-17.090,0.000
1733122779.015,-51.270,-49.316,-16.113,-23.438,0.000
1733122779.019,-67.383,-52.246,-13.184,-20.508,0.000
1733122779.023,-62.988,-54.199,-13.184,-21.973,0.000
1733122779.027,-31.738,-51.270,-12.207,-17.578,0.000
1733122779.031,-34.668,-50.293,-7.324,-23.438,0.000
1733122779.035,-45.410,-50.293,-10.742,-34.668,0.000
1733122779.038,-62.988,-56.641,-16.602,-39.551,0.000
1733122779.042,-63.965,-61.523,-13.184,-33.203,0.000
1733122779.046,-47.363,-58.594,-7.812,-28.320,0.000
1733122779.050,-49.805,-55.176,-3.418,-33.203,0.000
1733122779.054,-47.852,-58.105,5.371,-22.461,0.000
1733122779.058,-66.895,-61.523,8.789,-24.902,0.000
1733122779.062,-65.430,-60.547,3.906,-25.391,0.000
1733122779.066,-43.945,-58.594,7.812,-19.043,0.000
1733122779.070,-34.180,-59.082,0.977,-17.090,0.000
1733122779.074,-32.227,-60.547,-7.324,-17.578,0.000
1733122779.078,-53.711,-59.082,-7.812,-24.414,0.000
1733122779.081,-56.641,-60.547,-13.672,-29.297,0.000
1733122779.085,-42.480,-60.547,-15.625,-34.180,0.000
1733122779.089,-26.855,-61.523,-18.555,-16.113,0.000
1733122779.093,-23.926,-58.594,-15.625,-6.836,0.000
1733122779.097,-38.086,-51.758,-13.672,-11.719,0.000
1733122779.101,-56.641,-59.570,-24.902,-16.602,0.000
1733122779.105,-44.434,-56.641,-23.926,-23.926,0.000
1733122779.109,-22.461,-47.363,-18.066,-20.020,0.000
1733122779.113,-26.855,-50.293,-27.832,-19.531,0.000
1733122779.117,-40.039,-55.176,-34.180,-13.672,0.000
1733122779.121,-43.945,-53.223,-32.715,-16.113,0.000
1733122779.124,-29.785,-47.363,-31.250,-24.414,0.000
1733122779.128,-10.254,-44.434,-23.926,-22.461,0.000
1733122779.132,-9.766,-49.316,-29.297,-14.160,0.000
1733122779.136,-33.203,-56.152,-37.109,-10.254,0.000
1733122779.140,-47.363,-53.711,-33.691,-18.555,0.000
1733122779.144,-34.668,-51.270,-35.156,-28.320,0.000
1733122779.148,-24.414,-54.199,-41.016,-24.902,0.000
1733122779.152,-22.949,-51.758,-39.062,-20.508,0.000
1733122779.156,-33.203,-46.875,-36.133,-21.484,0.000
1733122779.160,-47.852,-48.340,-38.086,-24.902,0.000
1733122779.164,-42.969,-48.828,-32.227,-26.855,0.000
1733122779.167,-23.926,-44.922,-30.273,-26.367,0.000
1733122779.171,-17.090,-41.504,-42.480,-27.832,0.000
1733122779.175,-21.973,-39.551,-43.945,-20.996,0.000
1733122779.179,-38.574,-51.270,-37.598,-14.160,0.000
1733122779.183,-48.828,-53.711,-30.762,-26.855,0.000
1733122779.187,-35.156,-37.598,-27.344,-35.645,0.000
1733122779.191,-25.391,-39.062,-26.855,-22.949,0.000
1733122779.195,-38.086,-46.387,-27.344,-17.090,0.000
1733122779.199,-50.781,-43.457,-32.715,-22.461,0.000
1733122779.203,-53.223,-47.363,-34.668,-33.691,0.000
1733122779.207,-39.062,-48.828,-34.668,-30.273,0.000
1733122779.210,-30.273,-46.387,-32.715,-23.926,0.000
1733122779.214,-41.016,-48.828,-35.156,-28.809,0.000
1733122779.218,-60.059,-51.758,-41.504,-35.156,0.000
1733122779.222,-62.012,-56.152,-42.969,-39.062,0.000
1733122779.226,-40.039,-45.410,-40.039,-34.180,0.000
1733122779.230,-30.762,-32.715,-38.086,-29.297,0.000
1733122779.234,-34.668,-37.109,-40.039,-23.926,0.000
1733122779.238,-43.457,-36.621,-38.574,-20.508,0.000
1733122779.242,-47.852,-32.227,-36.621,-26.367,0.000
1733122779.246,-34.180,-33.691,-37.598,-28.320,0.000
1733122779.249,-23.926,-36.621,-35.645,-21.973,0.000
1733122779.253,-27.832,-37.598,-39.062,-15.625,0.000
1733122779.257,-42.969,-37.109,-43.945,-14.160,0.000
1733122779.261,-54.688,-36.621,-41.016,-21.973,0.000
1733122779.265,-40.527,-36.621,-37.109,-32.227,0.000
1733122779.269,-22.461,-40.039,-40.039,-26.367,0.000
1733122779.273,-22.949,-38.574,-41.016,-21.484,0.000
1733122779.277,-33.203,-37.109,-41.504,-32.227,0.000
1733122779.281,-35.645,-41.992,-47.363,-42.969,0.000
1733122779.285,-13.184,-35.156,-46.387,-46.387,0.000
1733122779.289,7.812,-27.344,-42.480,-29.297,0.000
1733122779.292,-1.953,-29.785,-44.434,-21.484,0.000
1733122779.296,-19.531,-41.016,-49.316,-23.926,0.000
1733122779.300,-35.156,-38.086,-48.828,-17.090,0.000
1733122779.304,-34.668,-34.668,-47.852,-19.043,0.000
1733122779.308,-24.902,-35.645,-43.457,-18.555,0.000
1733122779.312,-22.461,-34.180,-41.992,-6.836,0.000
1733122779.316,-35.645,-36.621,-43.457,0.977,0.000
1733122779.320,-54.688,-31.250,-40.527,-13.672,0.000
1733122779.324,-53.223,-32.715,-38.574,-31.250,0.000
1733122779.327,-30.273,-36.133,-35.156,-23.926,0.000
1733122779.331,-19.531,-35.156,-34.180,-13.184,0.000
1733122779.335,-24.414,-28.809,-41.504,-8.301,0.000
1733122779.339,-46.387,-28.809,-46.387,-18.555,0.000
1733122779.343,-50.781,-30.762,-46.387,-32.715,0.000
1733122779.347,-24.414,-21.484,-49.805,-30.762,0.000
1733122779.351,-19.043,-19.043,-53.223,-26.367,0.000
1733122779.355,-24.414,-24.902,-54.199,-25.391,0.000
1733122779.359,-32.715,-32.715,-56.641,-19.531,0.000
1733122779.363,-31.738,-27.344,-57.129,-23.926,0.000
1733122779.367,-16.113,-18.555,-52.246,-30.762,0.000
1733122779.370,-9.766,-26.855,-50.781,-20.996,0.000
1733122779.374,-23.438,-38.086,-56.641,-19.531,0.000
1733122779.378,-43.945,-37.598,-55.176,-26.855,0.000
1733122779.382,-42.969,-34.668,-49.316,-34.668,0.000
1733122779.386,-25.391,-39.062,-43.457,-42.480,0.000
1733122779.390,-16.602,-35.645,-41.504,-36.621,0.000
1733122779.394,-16.113,-30.762,-45.410,-28.320,0.000
1733122779.398,-33.691,-33.691,-54.199,-27.344,0.000
1733122779.402,-45.410,-39.551,-62.500,-26.855,0.000
1733122779.406,-28.809,-37.598,-57.617,-28.809,0.000
1733122779.409,-13.184,-29.297,-51.758,-33.691,0.000
1733122779.413,-11.230,-32.715,-48.340,-23.926,0.000
1733122779.417,-24.414,-39.062,-48.828,-17.578,0.000
1733122779.421,-34.180,-38.086,-52.246,-25.391,0.000
1733122779.425,-17.090,-34.180,-50.781,-24.902,0.000
1733122779.429,-4.883,-31.250,-50.781,-20.996,0.000
1733122779.433,-7.812,-27.832,-50.781,-11.230,0.000
1733122779.437,-21.484,-26.367,-53.223,-7.324,0.000
1733122779.441,-40.039,-31.250,-58.105,-26.855,0.000
1733122779.445,-25.879,-31.738,-59.082,-28.320,0.000
1733122779.449,-11.719,-31.250,-59.082,-21.484,0.000
1733122779.452,-16.602,-31.250,-55.176,-25.391,0.000
1733122779.456,-31.738,-35.156,-54.199,-29.297,0.000
1733122779.460,-42.969,-40.039,-52.734,-38.574,0.000
1733122779.464,-23.926,-37.109,-49.805,-36.621,0.000
1733122779.468,-8.301,-32.715,-49.316,-31.250,0.000
1733122779.472,-10.254,-30.273,-46.875,-27.832,0.000
1733122779.476,-19.531,-35.156,-46.387,-25.391,0.000
1733122779.480,-37.109,-35.645,-47.852,-31.738,0.000
1733122779.484,-29.297,-33.203,-48.828,-30.273,0.000
1733122779.488,-10.254,-31.250,-44.922,-36.133,0.000
1733122779.492,-8.789,-34.180,-41.016,-36.621,0.000
1733122779.495,-24.414,-39.551,-41.016,-34.180,0.000
1733122779.499,-47.363,-40.039,-40.527,-40.039,0.000
1733122779.503,-42.480,-41.992,-40.527,-41.016,0.000
1733122779.507,-20.020,-45.410,-41.504,-33.691,0.000
1733122779.511,-20.508,-45.898,-41.016,-26.855,0.000
1733122779.515,-37.598,-43.457,-36.133,-28.320,0.000
1733122779.519,-55.664,-50.293,-39.062,-28.320,0.000
1733122779.523,-51.758,-49.316,-38.086,-26.367,0.000
1733122779.527,-28.320,-38.574,-36.133,-24.902,0.000
1733122779.531,-21.484,-33.203,-41.016,-19.043,0.000
1733122779.535,-22.949,-30.762,-40.527,-9.277,0.000
1733122779.538,-39.062,-35.156,-41.016,-11.719,0.000
1733122779.542,-45.898,-32.227,-42.969,-15.137,0.000
1733122779.546,-24.414,-23.926,-41.504,-16.113,0.000
1733122779.550,-11.719,-25.391,-36.621,-18.555,0.000
1733122779.554,-20.996,-40.527,-40.039,-11.719,0.000
1733122779.558,-41.992,-44.434,-48.340,-13.184,0.000
1733122779.562,-42.969,-31.250,-43.945,-23.926,0.000
1733122779.566,-20.020,-27.832,-35.645,-22.461,0.000
1733122779.570,-7.324,-32.227,-37.109,-20.020,0.000
1733122779.574,-13.672,-35.156,-38.086,-18.555,0.000
1733122779.578,-29.785,-38.574,-38.086,-21.484,0.000
1733122779.581,-39.551,-40.527,-36.133,-30.273,0.000
1733122779.585,-29.785,-34.180,-33.203,-33.203,0.000
1733122779.589,-18.555,-37.598,-36.133,-31.738,0.000
1733122779.593,-23.926,-42.969,-37.109,-27.832,0.000
1733122779.597,-35.156,-46.387,-34.668,-17.578,0.000
1733122779.601,-44.922,-48.340,-35.645,-21.484,0.000
1733122779.605,-34.668,-37.109,-34.668,-32.227,0.000
1733122779.609,-16.602,-31.250,-31.250,-26.367,0.000
1733122779.613,-18.066,-33.691,-35.645,-21.973,0.000
1733122779.617,-32.227,-34.668,-34.180,-23.438,0.000
1733122779.620,-43.945,-38.574,-30.273,-24.414,0.000
1733122779.624,-31.250,-38.574,-26.367,-15.625,0.000
1733122779.628,-8.789,-32.227,-26.855,-10.742,0.000
1733122779.632,-5.371,-29.297,-30.762,-16.602,0.000
1733122779.636,-20.508,-29.785,-39.062,-14.648,0.000
1733122779.640,-38.086,-34.180,-42.480,-22.949,0.000
1733122779.644,-27.344,-37.598,-34.668,-30.762,0.000
1733122779.648,-12.207,-31.250,-32.715,-27.344,0.000
1733122779.652,-18.555,-27.344,-35.645,-35.645,0.000
1733122779.656,-34.668,-35.156,-37.109,-40.039,0.000
1733122779.659,-50.293,-34.668,-39.551,-44.434,0.000
1733122779.663,-42.480,-26.367,-41.016,-47.363,0.000
1733122779.667,-27.832,-27.344,-42.969,-41.016,0.000
1733122779.671,-30.273,-30.273,-39.551,-34.180,0.000
1733122779.675,-39.062,-28.320,-37.598,-32.715,0.000
1733122779.679,-52.734,-39.062,-38.574,-39.062,0.000
1733122779.683,-52.734,-46.875,-36.621,-44.434,0.000
1733122779.687,-34.180,-44.434,-36.133,-35.645,0.000
1733122779.691,-24.902,-38.574,-33.691,-25.879,0.000
1733122779.695,-36.133,-33.691,-36.133,-29.785,0.000
1733122779.698,-51.270,-42.969,-37.598,-32.715,0.000
1733122779.702,-59.570,-42.969,-34.668,-40.527,0.000
1733122779.706,-42.969,-37.109,-38.574,-41.504,0.000
1733122779.710,-6.348,-36.621,-37.598,-19.043,0.000
1733122779.714,-8.301,-30.273,-34.668,-14.648,0.000
1733122779.718,-56.152,-31.250,-38.574,-46.387,0.000
1733122779.722,-73.730,-30.273,-37.598,-59.570,0.000
1733122779.726,-52.734,-27.832,-35.645,-54.688,0.000
1733122779.730,-52.734,-30.273,-37.109,-63.965,0.000
1733122779.734,-72.266,-31.250,-38.086,-71.777,0.000
1733122779.738,-91.797,-28.809,-35.645,-74.707,0.000
1733122779.741,-97.168,-17.578,-35.645,-87.891,0.000
1733122779.745,-89.355,-20.508,-34.668,-97.656,0.000
1733122779.749,-94.727,-26.367,-32.227,-100.586,0.000
1733122779.753,-104.004,-21.973,-34.180,-103.027,0.000
1733122779.757,-115.723,-23.926,-30.273,-108.398,0.000
1733122779.761,-123.047,-26.367,-20.996,-110.352,0.000
1733122779.765,-119.141,-19.531,-25.391,-119.629,0.000
1733122779.769,-107.422,-15.625,-26.855,-124.023,0.000
1733122779.773,-109.375,-22.461,-25.879,-124.023,0.000
1733122779.777,-127.441,-31.250,-29.785,-121.582,0.000
1733122779.780,-143.555,-33.691,-23.926,-118.164,0.000
1733122779.784,-134.766,-24.902,-17.090,-126.465,0.000
1733122779.788,-112.793,-20.508,-17.578,-119.141,0.000
1733122779.792,-105.957,-28.320,-17.578,-101.074,0.000
1733122779.796,-124.512,-30.762,-19.043,-102.539,0.000
1733122779.800,-141.113,-29.785,-25.391,-111.328,0.000
1733122779.804,-122.070,-28.320,-23.438,-111.328,0.000
1733122779.808,-89.355,-23.926,-21.973,-108.398,0.000
1733122779.812,-80.566,-23.438,-27.344,-113.281,0.000
1733122779.816,-85.449,-30.273,-26.367,-105.469,0.000
1733122779.820,-98.145,-31.250,-22.949,-92.773,0.000
1733122779.823,-91.797,-31.250,-23.926,-84.473,0.000
1733122779.827,-71.777,-32.715,-22.949,-88.379,0.000
1733122779.831,-69.824,-24.902,-21.484,-96.191,0.000
1733122779.835,-83.496,-24.902,-19.531,-85.449,0.000
1733122779.839,-99.609,-28.809,-22.461,-71.777,0.000
1733122779.843,-110.352,-28.809,-23.926,-82.031,0.000
1733122779.847,-110.840,-29.297,-23.438,-106.934,0.000
1733122779.851,-93.262,-36.621,-27.344,-103.027,0.000
1733122779.855,-94.727,-41.016,-31.738,-94.238,0.000
1733122779.859,-118.164,-33.203,-31.738,-99.121,0.000
1733122779.863,-121.582,-22.461,-28.809,-103.516,0.000
1733122779.867,-106.445,-20.996,-32.227,-102.051,0.000
1733122779.870,-98.145,-20.508,-35.645,-99.609,0.000
1733122779.874,-104.492,-22.461,-37.109,-93.262,0.000
1733122779.878,-125.977,-27.344,-35.645,-92.285,0.000
1733122779.882,-134.766,-29.785,-33.691,-102.051,0.000
1733122779.886,-113.770,-33.203,-29.297,-95.703,0.000
1733122779.890,-88.867,-31.250,-27.344,-85.938,0.000
1733122779.894,-87.402,-24.414,-31.738,-94.238,0.000
1733122779.898,-108.887,-21.484,-33.203,-104.492,0.000
1733122779.902,-113.281,-25.391,-36.133,-104.980,0.000
1733122779.906,-82.031,-23.438,-41.992,-97.168,0.000
1733122779.910,-71.777,-26.855,-41.992,-95.215,0.000
1733122779.913,-72.754,-31.250,-43.457,-92.773,0.000
1733122779.917,-77.637,-29.785,-48.828,-79.590,0.000
1733122779.921,-92.773,-31.250,-47.363,-82.520,0.000
1733122779.925,-76.660,-27.344,-48.340,-88.379,0.000
1733122779.929,-53.711,-23.438,-51.758,-78.125,0.000
1733122779.933,-56.641,-24.902,-45.898,-76.172,0.000
1733122779.937,-78.613,-32.715,-47.852,-83.008,0.000
1733122779.941,-91.797,-34.668,-53.223,-86.914,0.000
1733122779.945,-81.543,-31.738,-46.875,-83.984,0.000
1733122779.949,-78.613,-22.949,-41.016,-86.914,0.000
1733122779.953,-75.195,-14.160,-40.527,-95.215,0.000
1733122779.956,-89.355,-25.879,-38.574,-96.191,0.000
1733122779.960,-112.793,-31.250,-37.598,-105.469,0.000
1733122779.964,-101.562,-24.414,-38.574,-102.539,0.000
1733122779.968,-80.078,-17.090,-31.250,-91.309,0.000
1733122779.972,-66.895,-24.414,-31.250,-80.078,0.000
1733122779.976,-69.824,-34.668,-44.434,-65.918,0.000
1733122779.980,-93.750,-28.809,-41.504,-79.590,0.000
1733122779.984,-83.984,-30.273,-34.668,-86.426,0.000
1733122779.988,-54.199,-29.785,-36.133,-72.754,0.000
1733122779.992,-60.547,-28.809,-34.180,-75.195,0.000
1733122779.996,-77.148,-34.180,-35.156,-80.078,0.000
1733122779.999,-80.566,-39.551,-39.551,-70.312,0.000
1733122780.003,-64.941,-33.691,-36.621,-61.035,0.000
1733122780.007,-50.781,-26.367,-32.227,-64.941,0.000
1733122780.011,-53.711,-30.762,-39.551,-73.242,0.000
1733122780.015,-57.129,-31.738,-40.039,-68.848,0.000
1733122780.019,-76.660,-39.062,-35.645,-62.988,0.000
1733122780.023,-84.473,-36.621,-32.227,-71.777,0.000
1733122780.027,-70.312,-27.832,-31.738,-80.566,0.000
1733122780.031,-59.570,-35.156,-30.273,-66.895,0.000
1733122780.034,-60.547,-38.086,-27.344,-57.617,0.000
1733122780.038,-83.496,-34.668,-35.645,-66.406,0.000
1733122780.042,-95.215,-33.203,-32.715,-80.566,0.000
1733122780.046,-78.125,-36.133,-26.855,-83.008,0.000
1733122780.050,-78.613,-35.645,-26.855,-77.148,0.000
1733122780.054,-84.473,-35.645,-24.902,-80.078,0.000
1733122780.058,-87.402,-42.480,-25.879,-71.289,0.000
1733122780.062,-87.891,-42.969,-28.809,-62.500,0.000
1733122780.066,-67.383,-33.691,-27.832,-60.059,0.000
1733122780.070,-49.805,-25.391,-28.809,-58.105,0.000
1733122780.073,-44.434,-25.391,-31.738,-50.293,0.000
1733122780.077,-52.734,-32.227,-32.715,-41.504,0.000
1733122780.081,-52.734,-30.762,-36.133,-42.480,0.000
1733122780.085,-33.203,-21.973,-32.715,-50.781,0.000
1733122780.089,-27.832,-20.996,-27.832,-50.781,0.000
1733122780.093,-39.551,-28.320,-39.062,-55.176,0.000
1733122780.097,-57.129,-38.086,-53.223,-59.570,0.000
1733122780.101,-73.242,-45.898,-52.734,-62.500,0.000
1733122780.105,-67.383,-44.434,-46.387,-72.754,0.000
1733122780.109,-57.617,-46.387,-43.945,-68.848,0.000
1733122780.113,-54.199,-45.410,-47.363,-60.059,0.000
1733122780.116,-62.500,-36.621,-50.293,-62.012,0.000
1733122780.120,-83.496,-41.992,-49.805,-73.242,0.000
1733122780.124,-75.195,-43.945,-51.758,-74.219,0.000
1733122780.128,-54.199,-40.039,-53.711,-73.730,0.000
1733122780.132,-51.758,-38.574,-48.340,-71.289,0.000
1733122780.136,-64.453,-43.457,-46.387,-63.965,0.000
1733122780.140,-87.402,-48.828,-46.387,-75.684,0.000
1733122780.144,-81.055,-40.527,-42.480,-83.008,0.000
1733122780.148,-54.199,-37.109,-42.969,-62.988,0.000
1733122780.152,-47.852,-41.992,-42.480,-49.316,0.000
1733122780.155,-58.594,-45.898,-41.992,-45.898,0.000
1733122780.159,-74.707,-43.945,-41.992,-44.434,0.000
1733122780.163,-61.523,-32.715,-38.574,-41.016,0.000
1733122780.167,-32.715,-27.344,-41.504,-27.832,0.000
1733122780.171,-31.738,-27.832,-42.969,-21.973,0.000
1733122780.175,-44.434,-26.367,-35.156,-31.738,0.000
1733122780.179,-53.223,-28.320,-37.109,-30.762,0.000
1733122780.183,-50.781,-25.391,-42.969,-32.227,0.000
1733122780.187,-29.297,-22.461,-43.457,-32.715,0.000
1733122780.191,-16.602,-20.508,-41.992,-25.391,0.000
1733122780.195,-29.297,-20.508,-41.504,-26.855,0.000
1733122780.198,-54.688,-25.391,-38.574,-34.668,0.000
1733122780.202,-65.430,-26.855,-34.180,-47.363,0.000
1733122780.206,-45.410,-24.902,-32.227,-47.363,0.000
1733122780.210,-31.738,-25.879,-34.668,-43.945,0.000
1733122780.214,-41.992,-32.715,-39.062,-43.457,0.000
1733122780.218,-62.012,-34.668,-39.062,-47.852,0.000
1733122780.222,-61.035,-25.391,-41.992,-62.012,0.000
1733122780.226,-40.039,-24.414,-43.457,-67.383,0.000
1733122780.230,-34.180,-32.227,-38.574,-62.988,0.000
1733122780.234,-42.480,-34.668,-42.969,-59.570,0.000
1733122780.238,-57.617,-35.645,-50.293,-57.129,0.000
1733122780.241,-66.406,-38.086,-52.734,-50.781,0.000
1733122780.245,-42.480,-36.621,-52.246,-44.434,0.000
1733122780.249,-20.996,-36.621,-51.270,-35.645,0.000
1733122780.253,-22.949,-33.691,-51.758,-28.809,0.000
1733122780.257,-35.156,-35.156,-50.781,-25.391,0.000
1733122780.261,-45.898,-39.062,-46.875,-28.320,0.000
1733122780.265,-33.691,-31.738,-44.922,-37.109,0.000
1733122780.269,-8.789,-27.344,-43.945,-33.691,0.000
1733122780.273,-14.160,-34.668,-42.480,-26.367,0.000
1733122780.277,-44.434,-41.992,-41.992,-39.551,0.000
1733122780.281,-55.664,-39.062,-48.828,-45.410,0.000
1733122780.284,-38.574,-40.527,-48.340,-35.156,0.000
1733122780.288,-26.367,-41.016,-42.969,-32.227,0.000
1733122780.292,-30.762,-42.480,-44.434,-35.645,0.000
1733122780.296,-44.434,-45.898,-45.898,-39.551,0.000
1733122780.300,-53.223,-44.922,-43.457,-38.086,0.000
1733122780.304,-44.434,-42.969,-35.645,-31.250,0.000
1733122780.308,-47.363,-41.504,-38.086,-40.039,0.000
1733122780.312,-49.316,-35.645,-39.062,-46.875,0.000
1733122780.316,-58.594,-40.039,-42.969,-40.527,0.000
1733122780.320,-76.172,-46.387,-50.293,-44.922,0.000
1733122780.324,-67.871,-45.898,-46.387,-49.316,0.000
1733122780.327,-48.340,-46.387,-46.387,-52.246,0.000
1733122780.331,-33.691,-47.852,-49.316,-45.898,0.000
1733122780.335,-31.738,-48.828,-47.363,-36.133,0.000
1733122780.339,-37.598,-47.852,-50.293,-36.621,0.000
1733122780.343,-21.973,-38.086,-51.758,-34.180,0.000
1733122780.347,5.371,-35.156,-52.734,-25.879,0.000
1733122780.351,8.301,-36.621,-48.340,-16.113,0.000
1733122780.355,-0.488,-25.879,-46.387,-10.254,0.000
1733122780.359,-17.090,-23.926,-48.828,-14.648,0.000
1733122780.363,-30.762,-31.738,-47.852,-30.273,0.000
1733122780.367,-28.809,-36.133,-50.781,-35.645,0.000
1733122780.370,-27.832,-33.691,-48.340,-32.715,0.000
1733122780.374,-30.273,-32.715,-46.875,-29.785,0.000
1733122780.378,-48.340,-37.598,-50.293,-26.855,0.000
1733122780.382,-54.199,-42.480,-46.387,-27.832,0.000
1733122780.386,-26.367,-32.715,-46.875,-21.484,0.000
1733122780.390,-24.902,-25.391,-49.316,-24.414,0.000
1733122780.394,-42.480,-37.109,-51.758,-28.809,0.000
1733122780.398,-54.199,-36.133,-48.828,-25.391,0.000
1733122780.402,-62.012,-27.344,-38.086,-33.691,0.000
1733122780.405,-34.180,-26.855,-34.668,-22.461,0.000
1733122780.409,8.789,-18.066,-41.504,-3.906,0.000
1733122780.413,6.348,-15.625,-46.875,0.488,0.000
1733122780.417,-25.391,-26.367,-44.434,-4.395,0.000
1733122780.421,-23.438,-34.180,-43.945,-6.348,0.000
1733122780.425,4.395,-30.273,-51.270,2.441,0.000
1733122780.429,30.273,-24.902,-57.129,13.672,0.000
1733122780.433,35.645,-23.926,-65.918,19.531,0.000
1733122780.437,25.879,-28.320,-74.219,26.855,0.000
1733122780.441,18.555,-33.203,-75.195,36.621,0.000
1733122780.445,25.391,-24.414,-77.637,26.367,0.000
1733122780.448,55.664,-20.020,-75.684,29.785,0.000
1733122780.452,67.383,-17.090,-76.172,42.480,0.000
1733122780.456,46.875,-25.879,-84.473,41.016,0.000
1733122780.460,41.992,-37.109,-88.379,48.828,0.000
1733122780.464,63.965,-28.320,-83.984,52.734,0.000
1733122780.468,84.961,-23.926,-78.613,59.082,0.000
1733122780.472,100.586,-25.391,-86.914,78.613,0.000
1733122780.476,95.215,-22.461,-93.750,82.031,0.000
1733122780.480,89.355,-24.902,-87.402,94.238,0.000
1733122780.484,104.980,-29.297,-88.867,101.562,0.000
1733122780.487,126.465,-27.832,-85.938,97.168,0.000
1733122780.491,145.996,-20.020,-79.102,110.840,0.000
1733122780.495,139.648,-22.949,-80.078,120.605,0.000
1733122780.499,122.070,-31.250,-81.055,126.465,0.000
1733122780.503,127.930,-26.855,-83.008,125.488,0.000
1733122780.507,145.020,-24.414,-81.543,112.793,0.000
1733122780.511,166.504,-24.414,-78.613,120.117,0.000
1733122780.515,169.434,-24.414,-74.707,129.883,0.000
1733122780.519,145.996,-29.785,-76.660,126.953,0.000
1733122780.523,132.324,-29.297,-79.102,115.723,0.000
1733122780.526,141.113,-33.203,-74.707,109.375,0.000
1733122780.530,145.996,-34.668,-70.312,113.281,0.000
1733122780.534,129.395,-36.621,-71.777,107.910,0.000
1733122780.538,101.074,-41.992,-73.730,96.680,0.000
1733122780.542,82.520,-45.410,-74.219,79.102,0.000
1733122780.546,85.938,-42.480,-68.359,65.430,0.000
1733122780.550,88.379,-35.156,-65.918,61.035,0.000
1733122780.554,72.754,-36.621,-75.195,55.176,0.000
1733122780.558,49.805,-47.363,-78.125,49.316,0.000
1733122780.562,37.109,-40.039,-75.195,45.410,0.000
1733122780.566,43.457,-29.297,-72.754,40.039,0.000
1733122780.570,46.387,-35.645,-67.871,35.645,0.000
1733122780.573,43.945,-41.504,-69.824,35.156,0.000
1733122780.577,28.809,-41.504,-67.871,39.062,0.000
1733122780.581,17.090,-40.039,-56.641,39.062,0.000
1733122780.585,33.203,-28.320,-52.246,40.039,0.000
1733122780.589,50.781,-26.367,-54.688,51.758,0.000
1733122780.593,51.758,-27.832,-51.270,51.758,0.000
1733122780.597,32.227,-27.832,-48.340,40.039,0.000
1733122780.601,15.137,-34.180,-53.711,32.715,0.000
1733122780.605,24.902,-30.762,-53.711,21.973,0.000
1733122780.609,39.551,-25.391,-52.734,19.531,0.000
1733122780.613,41.016,-18.066,-53.223,20.996,0.000
1733122780.616,25.879,-25.391,-52.246,23.438,0.000
1733122780.620,4.395,-35.645,-45.898,20.508,0.000
1733122780.624,3.418,-33.203,-42.969,3.418,0.000
1733122780.628,18.066,-24.902,-45.410,-8.301,0.000
1733122780.632,20.020,-29.785,-42.480,1.465,0.000
1733122780.636,-2.441,-39.551,-48.828,5.859,0.000
1733122780.640,-23.438,-35.156,-55.664,-7.812,0.000
1733122780.644,-23.438,-32.715,-53.223,-16.602,0.000
1733122780.648,-12.695,-32.715,-51.270,-20.996,0.000
1733122780.652,-9.766,-35.156,-51.758,-20.020,0.000
1733122780.655,-20.508,-39.551,-49.316,-8.789,0.000
1733122780.659,-35.156,-42.480,-46.387,-2.441,0.000
1733122780.663,-36.133,-38.086,-50.781,-15.137,0.000
1733122780.667,-12.695,-35.156,-47.363,-11.719,0.000
1733122780.671,8.789,-39.062,-41.992,8.301,0.000
1733122780.675,-6.836,-32.227,-50.781,-1.465,0.000
1733122780.679,-33.203,-29.785,-58.105,-9.277,0.000
1733122780.683,-20.996,-32.227,-56.152,4.395,0.000
1733122780.687,3.906,-26.367,-47.852,7.812,0.000
1733122780.691,17.578,-24.902,-46.875,16.113,0.000
1733122780.695,15.625,-28.809,-52.734,19.043,0.000
1733122780.698,-0.488,-35.645,-52.246,11.230,0.000
1733122780.702,-5.859,-35.645,-51.270,7.812,0.000
1733122780.706,5.371,-32.227,-47.852,8.301,0.000
1733122780.710,18.066,-33.203,-43.457,14.160,0.000
1733122780.714,19.531,-32.227,-45.898,18.555,0.000
1733122780.718,-0.488,-28.809,-41.992,17.090,0.000
1733122780.722,-16.113,-36.133,-39.551,6.836,0.000
1733122780.726,-6.348,-38.086,-49.316,-1.953,0.000
1733122780.730,6.348,-27.344,-51.270,-7.324,0.000
1733122780.734,9.277,-26.855,-48.828,-4.395,0.000
1733122780.737,-6.348,-35.645,-50.293,0.488,0.000
1733122780.741,-20.996,-35.645,-53.223,-7.324,0.000
1733122780.745,-10.742,-26.367,-49.316,-16.113,0.000
1733122780.749,4.883,-24.414,-45.410,-15.625,0.000
1733122780.753,7.324,-28.809,-49.316,-12.695,0.000
1733122780.757,-7.324,-37.109,-51.270,-9.277,0.000
1733122780.761,-23.438,-37.598,-51.270,-8.301,0.000
1733122780.765,-20.508,-35.156,-50.293,-20.996,0.000
1733122780.769,1.465,-39.062,-53.223,-17.090,0.000
1733122780.773,4.395,-38.086,-50.781,-6.348,0.000
1733122780.776,-16.113,-36.621,-43.945,-9.277,0.000
1733122780.780,-28.320,-38.574,-45.410,-14.648,0.000
1733122780.784,-24.902,-38.086,-44.922,-27.344,0.000
1733122780.788,-4.883,-28.809,-40.527,-26.855,0.000
1733122780.792,3.418,-22.461,-38.086,-16.602,0.000
1733122780.796,-9.766,-31.738,-38.574,-5.371,0.000
1733122780.800,-26.855,-36.621,-44.434,-9.766,0.000
1733122780.804,-20.996,-28.320,-43.457,-23.926,0.000
1733122780.808,-2.441,-21.484,-44.434,-25.879,0.000
1733122780.812,-3.906,-29.297,-48.828,-16.113,0.000
1733122780.816,-12.695,-39.551,-48.828,-9.277,0.000
1733122780.819,-28.320,-28.320,-49.316,-11.230,0.000
1733122780.823,-26.855,-20.508,-48.340,-14.648,0.000
1733122780.827,-9.766,-23.438,-47.852,-20.996,0.000
1733122780.831,-3.906,-25.391,-47.363,-14.648,0.000
1733122780.835,-13.184,-28.320,-47.363,-15.625,0.000
1733122780.839,-34.668,-32.715,-48.340,-22.461,0.000
1733122780.843,-37.109,-36.621,-45.898,-24.902,0.000
1733122780.847,-24.902,-29.297,-43.945,-35.156,0.000
1733122780.851,-17.090,-24.414,-44.922,-35.645,0.000
1733122780.855,-15.625,-32.227,-44.922,-28.320,0.000
1733122780.858,-24.902,-37.109,-42.969,-20.020,0.000
1733122780.862,-22.949,-34.180,-40.039,-25.879,0.000
1733122780.866,-2.441,-24.902,-38.574,-39.551,0.000
1733122780.870,5.371,-28.320,-36.133,-31.250,0.000
1733122780.874,-0.977,-36.621,-35.156,-14.648,0.000
1733122780.878,-13.672,-32.227,-40.527,-13.184,0.000
1733122780.882,0.000,-34.180,-42.480,-35.645,0.000
1733122780.886,0.000,-41.016,-48.828,-56.152,0.000
1733122780.890,0.000,-42.480,-54.199,-48.828,0.000
1733122780.894,0.000,-44.434,-52.246,-32.227,0.000
1733122780.898,0.000,-46.875,-53.711,-35.645,0.000
1733122780.901,0.000,-49.316,-52.734,-42.480,0.000
1733122780.905,0.000,-54.688,-51.758,-41.992,0.000
1733122780.909,0.000,-49.805,-50.293,-45.898,0.000
1733122780.913,0.000,-41.992,-51.270,-43.945,0.000
1733122780.917,0.000,-43.457,-55.176,-40.527,0.000
1733122780.921,0.000,-42.969,-51.758,-40.527,0.000
1733122780.925,0.000,-37.598,-53.223,-40.527,0.000
1733122780.929,-41.016,-35.645,-50.781,-40.039,0.000
1733122780.933,-38.086,-37.598,-45.898,-29.785,0.000
1733122780.937,-48.340,-41.504,-52.246,-26.855,0.000
1733122780.941,-64.453,-42.480,-51.758,-36.133,0.000
1733122780.944,-60.547,-41.016,-46.875,-43.457,0.000
1733122780.948,-40.527,-45.898,-47.852,-41.016,0.000
1733122780.952,-36.621,-47.852,-54.199,-35.645,0.000
1733122780.956,-45.410,-45.898,-61.523,-35.645,0.000
1733122780.960,-55.664,-45.410,-59.082,-38.574,0.000
1733122780.964,-51.758,-44.434,-49.316,-35.156,0.000
1733122780.968,-32.715,-38.574,-43.945,-31.250,0.000
1733122780.972,-32.227,-32.715,-44.434,-32.715,0.000
1733122780.976,-38.574,-38.574,-53.223,-26.367,0.000
1733122780.980,-54.688,-44.922,-56.641,-23.438,0.000
1733122780.984,-62.012,-43.457,-49.805,-35.156,0.000
1733122780.987,-43.457,-39.551,-43.457,-43.457,0.000
1733122780.991,-35.645,-40.527,-41.016,-43.457,0.000
1733122780.995,-45.410,-44.922,-42.480,-42.969,0.000
1733122780.999,-58.594,-45.898,-46.875,-38.574,0.000
1733122781.003,-61.523,-41.016,-45.410,-41.504,0.000
1733122781.007,-44.434,-43.945,-47.852,-41.016,0.000
1733122781.011,-33.203,-46.875,-48.340,-30.762,0.000
1733122781.015,-40.039,-41.504,-40.527,-32.715,0.000
1733122781.019,-53.223,-41.992,-42.480,-33.691,0.000
1733122781.023,-59.570,-36.133,-43.457,-39.062,0.000
1733122781.027,-42.480,-32.715,-43.945,-50.781,0.000
1733122781.030,-27.344,-34.668,-41.504,-42.480,0.000
1733122781.034,-28.809,-38.086,-43.457,-34.180,0.000
1733122781.038,-42.969,-48.340,-49.805,-33.203,0.000
1733122781.042,-56.641,-56.152,-51.758,-40.039,0.000
1733122781.046,-40.527,-52.246,-51.270,-40.527,0.000
1733122781.050,-19.043,-45.898,-45.410,-34.180,0.000
1733122781.054,-21.973,-46.387,-44.922,-24.902,0.000
1733122781.058,-39.062,-45.410,-41.504,-17.090,0.000
1733122781.062,-46.387,-36.621,-38.086,-29.785,0.000
1733122781.065,-27.344,-30.273,-41.016,-35.645,0.000
1733122781.070,-13.184,-29.785,-39.551,-32.227,0.000
1733122781.073,-16.113,-27.344,-34.668,-34.180,0.000
1733122781.077,-32.227,-29.297,-32.715,-30.762,0.000
1733122781.081,-39.062,-32.715,-32.227,-25.879,0.000
1733122781.085,-27.344,-28.809,-33.691,-27.832,0.000
1733122781.089,-21.973,-31.250,-34.668,-30.273,0.000
1733122781.093,-24.902,-32.715,-33.691,-28.320,0.000
1733122781.097,-37.598,-38.086,-37.109,-18.066,0.000
1733122781.101,-55.664,-40.527,-38.086,-18.066,0.000
1733122781.105,-47.852,-28.320,-34.668,-29.785,0.000
1733122781.108,-29.785,-25.879,-36.133,-33.203,0.000
1733122781.112,-28.320,-28.809,-34.668,-28.809,0.000
1733122781.116,-39.062,-31.738,-36.621,-26.367,0.000
1733122781.120,-52.734,-35.156,-39.551,-29.297,0.000
1733122781.124,-40.527,-34.180,-34.180,-26.855,0.000
1733122781.128,-22.949,-39.551,-36.133,-23.438,0.000
1733122781.132,-19.043,-34.180,-37.109,-20.508,0.000
1733122781.136,-30.762,-29.785,-38.574,-14.648,0.000
1733122781.140,-52.246,-37.109,-37.109,-22.461,0.000
1733122781.144,-48.340,-34.180,-35.645,-28.809,0.000
1733122781.148,-31.250,-29.297,-38.086,-29.785,0.000
1733122781.151,-23.926,-29.785,-30.762,-30.273,0.000
1733122781.155,-30.273,-40.527,-32.227,-24.414,0.000
1733122781.159,-50.293,-45.898,-37.109,-26.367,0.000
1733122781.163,-53.711,-45.898,-36.133,-39.551,0.000
1733122781.167,-31.738,-41.016,-36.133,-45.898,0.000
1733122781.171,-20.020,-39.062,-38.574,-38.086,0.000
1733122781.175,-27.832,-42.480,-39.551,-31.250,0.000
1733122781.179,-43.457,-42.969,-40.527,-29.785,0.000
1733122781.183,-50.781,-44.434,-43.457,-34.668,0.000
1733122781.187,-31.250,-39.062,-40.527,-30.762,0.000
1733122781.190,-22.461,-36.621,-34.668,-22.949,0.000
1733122781.194,-25.391,-31.250,-40.039,-23.926,0.000
1733122781.198,-39.062,-31.738,-41.992,-20.996,0.000
1733122781.202,-47.363,-36.133,-40.039,-22.949,0.000
1733122781.206,-28.809,-30.762,-43.457,-28.809,0.000
1733122781.210,-18.066,-32.227,-44.434,-23.438,0.000
1733122781.214,-19.531,-33.691,-44.922,-21.973,0.000
1733122781.218,-38.574,-33.203,-50.781,-27.344,0.000
1733122781.222,-46.875,-34.180,-52.734,-30.762,0.000
1733122781.226,-29.785,-34.668,-51.270,-37.109,0.000
1733122781.230,-26.367,-37.598,-48.828,-43.945,0.000
1733122781.233,-20.996,-37.598,-40.527,-30.273,0.000
1733122781.237,-31.738,-36.621,-42.480,-19.531,0.000
1733122781.241,-45.410,-33.203,-46.387,-31.250,0.000
1733122781.245,-31.250,-32.715,-43.457,-35.156,0.000
1733122781.249,-19.043,-36.133,-38.086,-30.762,0.000
1733122781.253,-20.020,-34.668,-41.016,-25.391,0.000
1733122781.257,-32.227,-34.668,-43.945,-18.555,0.000
1733122781.261,-43.945,-40.527,-42.969,-23.926,0.000
1733122781.265,-33.691,-33.203,-45.898,-33.203,0.000
1733122781.269,-21.484,-26.367,-49.805,-36.621,0.000
1733122781.272,-19.043,-32.227,-46.875,-31.738,0.000
1733122781.276,-29.785,-40.527,-45.898,-20.996,0.000
1733122781.280,-53.223,-46.387,-51.758,-22.949,0.000
1733122781.284,-45.898,-41.504,-48.340,-34.668,0.000
1733122781.288,-17.090,-30.762,-43.457,-37.109,0.000
1733122781.292,-12.207,-37.598,-41.992,-28.809,0.000
1733122781.296,-21.484,-43.945,-40.527,-20.508,0.000
1733122781.300,-39.551,-39.551,-37.598,-26.855,0.000
1733122781.304,-40.039,-35.156,-34.668,-35.156,0.000
1733122781.308,-24.902,-32.227,-36.133,-37.598,0.000
1733122781.312,-21.484,-34.180,-36.621,-34.180,0.000
1733122781.315,-24.902,-36.133,-36.621,-29.297,0.000
1733122781.319,-38.574,-36.133,-42.969,-28.809,0.000
1733122781.323,-41.504,-32.227,-43.945,-31.738,0.000
1733122781.327,-27.344,-32.715,-42.969,-38.574,0.000
1733122781.331,-20.508,-34.668,-42.480,-38.086,0.000
1733122781.335,-25.391,-33.203,-42.480,-32.715,0.000
1733122781.339,-38.574,-41.016,-49.316,-27.344,0.000
1733122781.343,-42.480,-38.086,-55.176,-31.738,0.000
1733122781.347,-23.926,-23.926,-53.711,-35.645,0.000
1733122781.351,-15.625,-29.297,-55.176,-32.227,0.000
1733122781.355,-19.531,-39.062,-55.664,-29.785,0.000
1733122781.358,-37.598,-35.156,-50.781,-31.250,0.000
1733122781.362,-47.363,-30.273,-47.852,-33.203,0.000
1733122781.366,-24.902,-30.762,-45.410,-35.645,0.000
1733122781.370,-17.090,-32.227,-40.039,-35.645,0.000
1733122781.374,-21.973,-34.180,-41.504,-28.320,0.000
1733122781.378,-30.762,-36.133,-41.504,-20.020,0.000
1733122781.382,-37.109,-44.434,-38.574,-26.367,0.000
1733122781.386,-16.113,-39.551,-40.527,-35.156,0.000
1733122781.390,5.371,-22.461,-39.551,-38.574,0.000
1733122781.393,5.371,-22.461,-41.016,-38.086,0.000
1733122781.398,-13.184,-29.785,-46.387,-26.367,0.000
1733122781.401,-28.809,-30.273,-46.387,-26.367,0.000
1733122781.405,-28.809,-27.832,-40.527,-36.133,0.000
1733122781.409,-29.785,-32.227,-40.039,-35.156,0.000
1733122781.413,-28.320,-33.203,-44.434,-26.855,0.000
1733122781.417,-38.086,-40.039,-46.387,-20.020,0.000
1733122781.421,-52.246,-41.016,-43.945,-19.531,0.000
1733122781.425,-40.527,-25.879,-42.969,-29.297,0.000
1733122781.429,-28.809,-25.879,-41.504,-23.438,0.000
1733122781.433,-33.203,-24.414,-36.621,-16.113,0.000
1733122781.436,-40.039,-22.949,-37.109,-20.508,0.000
1733122781.440,-52.734,-32.715,-41.992,-20.996,0.000
1733122781.444,-42.480,-25.879,-38.574,-27.832,0.000
1733122781.448,-24.414,-20.996,-36.621,-32.227,0.000
1733122781.452,-18.555,-26.367,-40.527,-32.227,0.000
1733122781.456,-25.879,-30.762,-43.457,-23.926,0.000
1733122781.460,-39.062,-28.809,-42.480,-18.555,0.000
1733122781.464,-29.297,-25.391,-38.086,-20.020,0.000
1733122781.468,-10.742,-19.043,-39.551,-22.461,0.000
1733122781.472,-2.930,-19.531,-46.387,-19.531,0.000
1733122781.476,-11.230,-25.391,-46.875,-12.207,0.000
1733122781.479,-31.738,-20.020,-42.480,-15.625,0.000
1733122781.483,-35.156,-21.484,-44.922,-27.344,0.000
1733122781.487,-23.438,-27.832,-46.387,-34.668,0.000
1733122781.491,-15.625,-28.809,-44.922,-33.203,0.000
1733122781.495,-21.484,-31.738,-44.434,-28.809,0.000
1733122781.499,-34.668,-36.133,-45.898,-18.066,0.000
1733122781.503,-36.621,-38.574,-43.945,-19.531,0.000
1733122781.507,-22.949,-34.180,-44.434,-29.785,0.000
1733122781.511,-18.066,-33.691,-44.434,-32.227,0.000
1733122781.515,-28.320,-37.109,-40.039,-30.273,0.000
1733122781.519,-38.574,-41.016,-41.992,-25.391,0.000
1733122781.522,-40.527,-39.551,-44.434,-27.344,0.000
1733122781.526,-23.926,-22.949,-39.062,-39.062,0.000
1733122781.530,-12.207,-21.484,-45.898,-43.457,0.000
1733122781.534,-17.578,-27.832,-51.270,-34.668,0.000
1733122781.538,-31.738,-28.809,-51.758,-31.250,0.000
1733122781.542,-40.527,-29.297,-52.734,-35.156,0.000
1733122781.546,-24.902,-27.832,-49.805,-41.016,0.000
1733122781.550,-14.160,-20.996,-48.828,-37.598,0.000
1733122781.554,-15.625,-20.508,-47.852,-22.461,0.000
1733122781.558,-24.902,-31.250,-50.293,-12.695,0.000
1733122781.561,-33.203,-38.086,-52.734,-10.742,0.000
1733122781.565,-26.367,-25.879,-51.270,-21.484,0.000
1733122781.569,-24.902,-13.672,-47.852,-35.645,0.000
1733122781.573,-30.762,-24.414,-51.758,-36.133,0.000
1733122781.577,-34.180,-27.832,-51.758,-29.297,0.000
1733122781.581,-46.875,-23.438,-51.270,-29.297,0.000
1733122781.585,-47.363,-24.902,-54.199,-40.527,0.000
1733122781.589,-34.180,-29.297,-51.270,-46.875,0.000
1733122781.593,-32.715,-34.668,-52.246,-38.574,0.000
1733122781.597,-35.645,-31.250,-54.688,-24.902,0.000
1733122781.601,-44.922,-29.297,-45.410,-20.020,0.000
1733122781.604,-41.504,-28.320,-37.109,-29.297,0.000
1733122781.608,-25.879,-29.785,-41.016,-33.691,0.000
1733122781.612,-19.043,-26.367,-44.922,-24.902,0.000
1733122781.616,-29.297,-23.926,-48.340,-29.785,0.000
1733122781.620,-41.016,-36.621,-49.805,-34.180,0.000
1733122781.624,-34.668,-41.992,-47.852,-29.785,0.000
1733122781.628,-22.461,-35.156,-40.039,-33.691,0.000
1733122781.632,-20.508,-35.156,-41.016,-32.715,0.000
1733122781.636,-25.879,-43.945,-50.293,-23.438,0.000
1733122781.640,-38.086,-45.898,-46.387,-26.367,0.000
1733122781.643,-41.992,-40.039,-39.062,-38.086,0.000
1733122781.647,-32.715,-36.133,-41.504,-47.852,0.000
1733122781.651,-30.762,-41.992,-46.387,-42.480,0.000
1733122781.655,-36.133,-41.504,-41.992,-27.832,0.000
1733122781.659,-45.410,-41.992,-40.527,-25.879,0.000
1733122781.663,-45.410,-42.480,-36.621,-30.273,0.000
1733122781.667,-33.203,-39.551,-34.180,-36.621,0.000
1733122781.671,-19.531,-34.180,-38.086,-32.715,0.000
1733122781.675,-16.113,-26.855,-43.945,-24.902,0.000
1733122781.679,-31.738,-28.809,-42.969,-20.996,0.000
1733122781.683,-40.039,-30.762,-34.668,-19.531,0.000
1733122781.686,-29.297,-25.879,-29.785,-28.809,0.000
1733122781.690,-16.602,-26.855,-27.344,-37.109,0.000
1733122781.694,-12.695,-37.109,-28.809,-28.809,0.000
1733122781.698,-23.438,-38.086,-34.668,-25.879,0.000
1733122781.702,-28.809,-34.668,-35.156,-32.715,0.000
1733122781.706,-20.508,-27.344,-39.062,-40.527,0.000
1733122781.710,-15.137,-20.020,-38.574,-38.574,0.000
1733122781.714,-13.184,-25.879,-38.574,-34.668,0.000
1733122781.718,-22.949,-27.344,-42.969,-28.809,0.000
1733122781.722,-40.527,-24.414,-45.410,-31.738,0.000
1733122781.726,-34.180,-24.902,-50.293,-40.527,0.000
1733122781.729,-18.066,-24.414,-49.805,-34.668,0.000
1733122781.733,-16.602,-24.902,-47.363,-26.855,0.000
1733122781.737,-28.809,-27.832,-51.758,-31.250,0.000
1733122781.741,-38.574,-33.203,-51.270,-31.250,0.000
1733122781.745,-29.785,-30.273,-44.922,-28.809,0.000
1733122781.749,-18.066,-26.367,-34.180,-30.273,0.000
1733122781.753,-13.672,-28.809,-31.738,-24.414,0.000
1733122781.757,-20.508,-35.645,-38.574,-15.137,0.000
1733122781.761,-34.668,-39.062,-40.039,-12.207,0.000
1733122781.765,-38.574,-34.180,-36.133,-28.809,0.000
1733122781.768,-33.691,-34.668,-34.180,-35.156,0.000
1733122781.772,-27.344,-36.621,-39.551,-24.414,0.000
1733122781.776,-16.602,-32.715,-44.434,-10.742,0.000
1733122781.780,-29.785,-35.645,-41.504,-14.648,0.000
1733122781.784,-48.828,-42.969,-38.086,-38.086,0.000
1733122781.788,-46.387,-37.598,-40.039,-51.758,0.000
1733122781.792,-41.016,-35.156,-43.945,-46.387,0.000
1733122781.796,-42.480,-39.551,-46.387,-38.574,0.000
1733122781.800,-54.199,-39.062,-48.340,-43.457,0.000
1733122781.804,-48.828,-36.621,-51.270,-41.504,0.000
1733122781.808,-38.574,-33.691,-48.340,-40.527,0.000
1733122781.811,-37.598,-29.297,-51.270,-42.969,0.000
1733122781.815,-33.203,-31.738,-54.688,-32.227,0.000
1733122781.819,0.000,-37.109,-48.340,-27.832,0.000
1733122781.823,0.000,-37.598,-46.875,-35.645,0.000
1733122781.827,0.000,-34.180,-45.410,-37.598,0.000
1733122781.831,0.000,-38.574,-45.410,-35.156,0.000
1733122781.835,0.000,-44.922,-44.922,-34.668,0.000
1733122781.839,0.000,-44.434,-40.527,-27.832,0.000
1733122781.843,0.000,-37.598,-34.180,-26.367,0.000
1733122781.847,0.000,-36.133,-39.062,-27.832,0.000
1733122781.851,0.000,-38.574,-42.969,-21.973,0.000
1733122781.854,0.000,-28.809,-34.668,-22.949,0.000
1733122781.858,0.000,-29.785,-38.574,-24.902,0.000
1733122781.862,0.000,-33.203,-43.945,-28.809,0.000
1733122781.866,-40.039,-24.414,-40.039,-31.738,0.000
1733122781.870,-29.785,-18.066,-41.504,-29.297,0.000
1733122781.874,-26.367,-24.414,-45.898,-21.973,0.000
1733122781.878,-35.156,-32.227,-45.898,-21.484,0.000
1733122781.882,-46.875,-32.715,-44.922,-26.367,0.000
1733122781.886,-37.598,-26.367,-39.551,-23.926,0.000
1733122781.890,-27.832,-21.973,-44.434,-25.391,0.000
1733122781.893,-25.879,-27.344,-47.852,-17.090,0.000
1733122781.897,-26.367,-27.344,-48.828,-14.648,0.000
1733122781.901,-30.762,-18.066,-50.781,-30.273,0.000
1733122781.905,-20.508,-21.973,-46.875,-38.086,0.000
1733122781.909,-4.883,-28.320,-41.016,-31.738,0.000
1733122781.913,0.000,-23.926,-40.527,-17.090,0.000
1733122781.917,-9.766,-24.902,-38.574,-15.625,0.000
1733122781.921,-31.738,-34.180,-33.691,-24.902,0.000
1733122781.925,-41.016,-32.227,-32.715,-26.855,0.000
1733122781.929,-43.457,-28.809,-41.504,-26.855,0.000
1733122781.933,-45.410,-27.832,-43.945,-24.902,0.000
1733122781.936,-52.246,-30.762,-41.992,-20.996,0.000
1733122781.940,-62.500,-33.691,-49.316,-21.484,0.000
1733122781.944,-55.664,-22.949,-49.805,-25.879,0.000
1733122781.948,-43.945,-19.043,-49.316,-31.738,0.000
1733122781.952,-40.039,-19.043,-48.828,-35.645,0.000
1733122781.956,-43.457,-24.414,-46.387,-35.645,0.000
1733122781.960,-58.105,-34.668,-50.781,-37.598,0.000
1733122781.964,-59.082,-27.832,-47.852,-42.969,0.000
1733122781.968,-46.387,-24.902,-42.969,-41.016,0.000
1733122781.972,-39.062,-22.461,-43.945,-34.668,0.000
1733122781.975,-39.551,-21.484,-43.945,-30.762,0.000
1733122781.979,-53.711,-27.832,-46.875,-24.902,0.000
1733122781.983,-65.918,-29.297,-48.340,-24.902,0.000
1733122781.987,-59.570,-27.344,-51.270,-29.297,0.000
1733122781.991,-54.688,-20.508,-48.828,-38.086,0.000
1733122781.995,-52.246,-20.508,-43.945,-28.320,0.000
1733122781.999,-60.547,-24.414,-46.875,-16.602,0.000
1733122782.003,-70.312,-21.973,-42.969,-27.344,0.000
1733122782.007,-65.918,-20.020,-39.551,-37.109,0.000
1733122782.011,-52.734,-23.438,-42.480,-34.180,0.000
1733122782.015,-46.387,-28.320,-45.898,-32.227,0.000
1733122782.019,-41.992,-25.879,-50.293,-28.320,0.000
1733122782.022,-44.434,-28.809,-45.898,-24.414,0.000
1733122782.026,-57.129,-41.992,-31.738,-34.668,0.000
1733122782.030,-43.457,-38.574,-30.273,-29.297,0.000
1733122782.034,-28.320,-27.344,-40.039,-23.926,0.000
1733122782.038,-30.762,-27.832,-40.527,-25.879,0.000
1733122782.042,-39.062,-32.227,-36.133,-29.297,0.000
1733122782.046,-41.016,-28.809,-37.109,-39.062,0.000
1733122782.050,-30.762,-27.832,-36.133,-34.668,0.000
1733122782.054,-25.879,-35.645,-40.039,-31.250,0.000
1733122782.058,-24.414,-41.016,-46.387,-27.344,0.000
1733122782.062,-32.227,-41.504,-46.387,-32.227,0.000
1733122782.065,-38.086,-36.133,-40.527,-41.016,0.000
1733122782.069,-32.715,-33.691,-36.133,-41.016,0.000
1733122782.073,-28.809,-40.039,-40.527,-34.180,0.000
1733122782.077,-27.832,-45.410,-46.387,-20.996,0.000
1733122782.081,-32.715,-46.875,-48.828,-23.438,0.000
1733122782.085,-36.621,-44.434,-50.293,-36.621,0.000
1733122782.089,-20.508,-42.969,-53.223,-27.832,0.000
1733122782.093,-10.254,-43.945,-53.223,-19.043,0.000
1733122782.097,-13.184,-44.434,-51.270,-25.391,0.000
1733122782.101,-17.090,-47.852,-48.828,-25.391,0.000
1733122782.105,-22.461,-49.805,-44.434,-31.738,0.000
1733122782.108,-20.020,-45.410,-42.969,-31.250,0.000
1733122782.112,-14.160,-41.016,-42.969,-27.832,0.000
1733122782.116,-13.184,-45.898,-46.387,-30.762,0.000
1733122782.120,-22.461,-56.152,-52.734,-29.785,0.000
1733122782.124,-35.645,-51.758,-52.734,-36.621,0.000
1733122782.128,-29.297,-44.434,-48.828,-43.457,0.000
1733122782.132,-19.043,-49.316,-48.828,-37.598,0.000
1733122782.136,-12.695,-47.852,-42.480,-27.344,0.000
1733122782.140,-17.578,-44.922,-35.156,-28.320,0.000
1733122782.143,-29.297,-46.387,-43.457,-33.691,0.000
1733122782.148,-23.926,-49.805,-44.434,-25.391,0.000
1733122782.151,-17.090,-46.875,-42.480,-19.043,0.000
1733122782.155,-13.672,-35.156,-41.504,-17.090,0.000
1733122782.159,-18.066,-41.016,-44.922,-12.207,0.000
1733122782.163,-27.344,-43.945,-45.410,-19.531,0.000
1733122782.167,-31.250,-36.621,-39.551,-31.738,0.000
1733122782.171,-29.785,-34.668,-37.598,-37.109,0.000
1733122782.175,-25.879,-32.715,-40.527,-30.762,0.000
1733122782.179,-32.715,-41.504,-43.457,-27.344,0.000
1733122782.183,-40.039,-45.898,-41.016,-28.809,0.000
1733122782.186,-35.645,-30.762,-39.551,-37.109,0.000
1733122782.190,-29.297,-29.297,-43.945,-38.574,0.000
1733122782.194,-23.926,-36.621,-43.945,-29.785,0.000
1733122782.198,-23.438,-35.645,-39.551,-25.391,0.000
1733122782.202,-34.180,-33.691,-42.480,-29.297,0.000
1733122782.206,-35.156,-33.691,-43.945,-35.156,0.000
1733122782.210,-24.902,-36.133,-41.992,-33.203,0.000
1733122782.214,-16.113,-30.762,-39.551,-27.344,0.000
1733122782.218,-16.113,-31.738,-35.645,-27.832,0.000
1733122782.222,-26.855,-41.504,-34.668,-24.414,0.000
1733122782.226,-32.227,-39.551,-33.691,-20.996,0.000
1733122782.229,-28.320,-29.297,-32.227,-24.414,0.000
1733122782.233,-18.555,-28.809,-36.621,-17.578,0.000
1733122782.237,-12.695,-35.156,-37.598,-10.742,0.000
1733122782.241,-27.344,-41.504,-37.109,-20.508,0.000
1733122782.245,-36.621,-39.551,-42.480,-32.715,0.000
1733122782.249,-28.320,-34.180,-43.945,-32.227,0.000
1733122782.253,-19.043,-34.180,-42.480,-30.762,0.000
1733122782.257,-19.531,-30.762,-39.551,-30.273,0.000
1733122782.261,-26.855,-28.320,-40.527,-27.832,0.000
1733122782.265,-34.180,-27.344,-43.457,-36.621,0.000
1733122782.269,-32.715,-29.297,-44.922,-38.086,0.000
1733122782.272,-27.344,-29.297,-43.945,-29.785,0.000
1733122782.276,-28.320,-23.926,-40.039,-37.109,0.000
1733122782.280,-31.250,-28.809,-43.945,-41.504,0.000
1733122782.284,-34.180,-31.738,-45.410,-40.527,0.000
1733122782.288,-27.344,-29.785,-42.480,-38.574,0.000
1733122782.292,-19.531,-35.156,-43.457,-36.621,0.000
1733122782.296,-18.555,-41.992,-46.387,-31.738,0.000
1733122782.300,-22.461,-44.922,-49.316,-33.203,0.000
1733122782.304,-17.578,-32.227,-44.922,-28.320,0.000
1733122782.308,-7.324,-21.973,-34.668,-25.879,0.000
1733122782.311,-7.812,-27.344,-33.691,-23.438,0.000
1733122782.315,-9.766,-27.344,-39.551,-17.090,0.000
1733122782.319,-15.137,-20.020,-40.527,-21.484,0.000
1733122782.323,-25.879,-24.414,-41.016,-28.320,0.000
1733122782.327,-25.391,-27.832,-40.039,-26.367,0.000
1733122782.331,-21.973,-24.902,-34.668,-24.414,0.000
1733122782.335,-13.672,-21.973,-34.668,-23.438,0.000
1733122782.339,-8.789,-26.855,-40.527,-11.230,0.000
1733122782.343,-30.762,-35.156,-38.086,-20.996,0.000
1733122782.347,-40.527,-34.180,-38.574,-37.109,0.000
1733122782.351,-29.297,-29.297,-39.551,-33.691,0.000
1733122782.354,-25.879,-31.738,-39.551,-30.762,0.000
1733122782.358,-28.320,-38.574,-40.039,-23.926,0.000
1733122782.362,-40.039,-40.039,-38.574,-23.926,0.000
1733122782.366,-41.016,-28.320,-38.086,-37.109,0.000
1733122782.370,-30.273,-25.879,-44.434,-35.156,0.000
1733122782.374,-25.391,-35.645,-52.246,-19.043,0.000
1733122782.378,-26.367,-31.738,-50.293,-17.090,0.000
1733122782.382,-36.133,-31.738,-53.711,-26.367,0.000
1733122782.386,-43.457,-37.109,-54.688,-33.203,0.000
1733122782.390,-38.086,-31.250,-47.852,-33.691,0.000
1733122782.393,-27.832,-23.438,-45.898,-26.367,0.000
1733122782.397,-30.762,-24.902,-44.922,-24.414,0.000
1733122782.401,-35.645,-31.738,-49.316,-27.832,0.000
1733122782.405,-33.203,-23.438,-51.758,-32.227,0.000
1733122782.409,-21.484,-11.719,-49.805,-32.715,0.000
1733122782.413,-3.418,-11.719,-49.316,-31.738,0.000
1733122782.417,1.465,-18.066,-52.734,-25.879,0.000
1733122782.421,-9.277,-19.531,-54.688,-24.414,0.000
1733122782.425,-18.555,-16.602,-52.246,-37.109,0.000
1733122782.429,-14.160,-20.508,-49.805,-38.574,0.000
1733122782.433,-11.230,-21.973,-49.316,-31.250,0.000
1733122782.436,-19.531,-21.973,-48.340,-21.484,0.000
1733122782.440,-32.227,-27.832,-46.387,-22.949,0.000
1733122782.444,-37.109,-30.273,-44.922,-26.855,0.000
1733122782.448,-38.574,-30.273,-44.434,-25.879,0.000
1733122782.452,-31.738,-30.762,-43.945,-20.996,0.000
1733122782.456,-26.855,-29.785,-45.410,-17.578,0.000
1733122782.460,-33.203,-31.738,-40.527,-19.531,0.000
1733122782.464,-38.086,-36.133,-41.992,-19.531,0.000
1733122782.468,-38.086,-26.367,-47.363,-20.508,0.000
1733122782.472,-31.250,-15.625,-48.340,-24.414,0.000
1733122782.476,-26.367,-19.043,-46.387,-19.531,0.000
1733122782.479,-34.668,-23.926,-41.016,-18.066,0.000
1733122782.483,-48.340,-24.414,-42.480,-25.879,0.000
1733122782.487,-43.945,-19.043,-46.875,-28.320,0.000
1733122782.491,-32.227,-18.066,-50.781,-24.414,0.000
1733122782.495,-27.344,-20.020,-51.270,-24.902,0.000
1733122782.499,-32.715,-18.066,-47.363,-20.996,0.000
1733122782.503,-42.480,-17.578,-45.898,-20.508,0.000
1733122782.507,-39.551,-20.508,-50.293,-26.367,0.000
1733122782.511,-33.691,-23.438,-52.246,-28.809,0.000
1733122782.515,-26.855,-15.137,-45.898,-29.297,0.000
1733122782.518,-22.949,-14.160,-50.781,-27.832,0.000
1733122782.522,-34.180,-21.484,-54.199,-35.156,0.000
1733122782.526,-30.762,-20.508,-46.387,-35.156,0.000
1733122782.530,-17.090,-16.113,-44.434,-23.438,0.000
1733122782.534,-7.324,-14.648,-43.945,-17.578,0.000
1733122782.538,-0.488,-14.648,-39.551,-13.184,0.000
1733122782.542,-11.719,-18.066,-38.574,-17.090,0.000
1733122782.546,-19.531,-15.625,-39.551,-23.438,0.000
1733122782.550,-18.066,-11.719,-42.969,-23.438,0.000
1733122782.554,-11.719,-14.648,-41.016,-14.648,0.000
1733122782.557,-10.742,-15.137,-34.180,-8.301,0.000
1733122782.561,-22.949,-11.230,-36.621,-20.996,0.000
1733122782.565,-25.879,-9.277,-41.016,-30.273,0.000
1733122782.569,-23.438,-8.301,-41.992,-28.809,0.000
1733122782.573,-19.531,-13.672,-41.992,-22.461,0.000
1733122782.577,-21.973,-21.973,-43.457,-20.508,0.000
1733122782.581,-28.809,-31.738,-45.410,-27.344,0.000
1733122782.585,-26.367,-31.738,-41.016,-23.926,0.000
1733122782.589,-23.438,-24.414,-38.574,-22.949,0.000
1733122782.593,-16.602,-22.949,-42.480,-27.344,0.000
1733122782.597,-11.230,-29.785,-43.457,-16.602,0.000
1733122782.600,-9.766,-29.785,-39.062,-7.324,0.000
1733122782.604,-15.137,-20.996,-37.598,-18.555,0.000
1733122782.608,-15.137,-26.367,-33.691,-17.578,0.000
1733122782.612,4.883,-30.762,-27.344,2.441,0.000
1733122782.616,10.254,-23.926,-30.762,4.883,0.000
1733122782.620,-6.348,-18.066,-38.574,-4.395,0.000
1733122782.624,-21.973,-23.438,-43.945,-20.020,0.000
1733122782.628,-16.602,-23.926,-38.086,-22.461,0.000
1733122782.632,-12.207,-19.531,-36.621,-19.043,0.000
1733122782.636,-13.184,-25.391,-37.598,-16.602,0.000
1733122782.640,-18.066,-26.367,-39.062,-15.625,0.000
1733122782.643,-27.832,-25.879,-43.945,-17.578,0.000
1733122782.647,-29.785,-25.391,-41.016,-17.578,0.000
1733122782.651,-26.855,-20.996,-36.133,-20.020,0.000
1733122782.655,-18.555,-20.020,-33.691,-13.672,0.000
1733122782.659,-27.344,-31.738,-40.039,-17.090,0.000
1733122782.663,-39.551,-34.180,-41.992,-23.926,0.000
1733122782.667,-41.504,-25.879,-40.039,-23.926,0.000
1733122782.671,-38.574,-30.273,-43.457,-25.879,0.000
1733122782.675,-33.691,-33.203,-42.969,-22.949,0.000
1733122782.679,-33.691,-28.809,-42.480,-16.113,0.000
1733122782.683,-36.133,-31.738,-44.922,-19.531,0.000
1733122782.686,-46.387,-33.691,-47.852,-22.461,0.000
1733122782.690,-48.828,-32.227,-48.828,-25.879,0.000
1733122782.694,-36.133,-26.855,-41.504,-29.297,0.000
1733122782.698,-28.320,-28.320,-37.598,-18.066,0.000
1733122782.702,-32.227,-34.668,-44.434,-12.207,0.000
1733122782.706,-36.133,-29.297,-47.363,-20.508,0.000
1733122782.710,-35.156,-20.996,-40.527,-21.973,0.000
1733122782.714,-27.344,-24.414,-43.457,-25.879,0.000
1733122782.718,-30.273,-33.203,-47.852,-21.484,0.000
1733122782.722,-40.039,-32.715,-42.969,-18.066,0.000
1733122782.726,-34.180,-21.484,-41.992,-20.508,0.000
1733122782.729,-29.785,-16.602,-36.621,-18.555,0.000
1733122782.733,-27.832,-22.949,-48.340,-17.578,0.000
1733122782.737,-21.973,-21.973,-50.781,-12.207,0.000
1733122782.741,-29.785,-20.508,-44.434,-13.184,0.000
1733122782.745,-40.039,-30.273,-47.363,-24.902,0.000
1733122782.749,-32.227,-35.156,-41.504,-24.414,0.000
1733122782.753,-26.855,-30.762,-34.668,-16.113,0.000
1733122782.757,-36.621,-30.273,-32.715,-17.090,0.000
1733122782.761,-41.504,-40.039,-33.691,-24.902,0.000
1733122782.765,-38.086,-35.645,-34.180,-36.133,0.000
1733122782.768,-33.203,-24.414,-38.086,-38.574,0.000
1733122782.772,-35.156,-23.438,-42.480,-28.320,0.000
1733122782.776,-17.578,-22.461,-43.457,-10.254,0.000
1733122782.780,-10.254,-19.043,-43.457,-6.836,0.000
1733122782.784,-18.066,-36.621,-43.945,-29.785,0.000
1733122782.788,6.348,-25.391,-56.641,-23.926,0.000
1733122782.792,10.254,-5.859,-50.293,2.441,0.000
1733122782.796,-34.668,-23.438,-27.344,-20.508,0.000
1733122782.800,-55.664,-29.785,-29.297,-58.594,0.000
1733122782.804,-47.363,-27.344,-32.227,-64.941,0.000
1733122782.808,-56.641,-32.227,-25.391,-54.688,0.000
1733122782.811,-78.125,-33.203,-13.184,-41.504,0.000
1733122782.815,-74.219,-27.832,-8.789,-55.176,0.000
1733122782.819,-88.379,-37.598,-11.230,-83.008,0.000
1733122782.823,-98.633,-32.227,-13.184,-89.355,0.000
1733122782.827,-89.355,-23.926,-11.230,-95.703,0.000
1733122782.831,-107.910,-34.668,-6.348,-98.633,0.000
1733122782.835,-114.258,-34.180,-5.859,-94.727,0.000
1733122782.839,-112.305,-41.016,-7.812,-102.539,0.000
1733122782.843,-130.859,-47.852,-12.207,-94.238,0.000
1733122782.847,-131.348,-31.738,-12.695,-111.816,0.000
1733122782.851,-109.863,-28.809,-6.348,-125.488,0.000
1733122782.854,-110.352,-35.156,-5.371,-112.305,0.000
1733122782.858,-120.605,-38.574,-20.508,-133.789,0.000
1733122782.862,-117.188,-40.527,-14.160,-146.484,0.000
1733122782.866,-112.305,-34.668,2.441,-121.582,0.000
1733122782.870,-120.117,-29.297,0.977,-126.465,0.000
1733122782.874,-107.910,-33.691,-1.953,-118.652,0.000
1733122782.878,-85.938,-27.344,0.000,-92.285,0.000
1733122782.882,-120.117,-30.273,5.859,-114.258,0.000
1733122782.886,-115.234,-25.879,11.230,-110.352,0.000
1733122782.890,-101.562,-10.254,26.855,-100.098,0.000
1733122782.893,-111.816,-21.484,23.926,-114.258,0.000
1733122782.897,-108.398,-27.344,18.555,-109.375,0.000
1733122782.901,-128.906,-23.926,26.855,-106.934,0.000
1733122782.905,-115.234,-21.484,25.879,-112.793,0.000
1733122782.909,-90.332,-17.578,29.297,-134.766,0.000
1733122782.913,-97.656,-20.020,29.297,-151.367,0.000
1733122782.917,-104.004,-20.020,24.414,-141.602,0.000
1733122782.921,-110.840,-24.902,27.832,-137.207,0.000
1733122782.925,-114.258,-25.391,28.320,-144.531,0.000
1733122782.929,-115.723,-27.832,22.461,-149.902,0.000
1733122782.933,-116.211,-33.203,14.160,-146.973,0.000
1733122782.936,-125.488,-34.180,5.371,-147.949,0.000
1733122782.940,-150.879,-41.016,10.254,-148.926,0.000
1733122782.944,-149.414,-42.480,11.719,-143.066,0.000
1733122782.948,-131.348,-33.691,3.418,-144.043,0.000
1733122782.952,-121.094,-33.203,7.812,-139.160,0.000
1733122782.956,-129.883,-37.598,19.043,-134.766,0.000
1733122782.960,-144.043,-39.062,14.160,-127.441,0.000
1733122782.964,-141.602,-41.992,10.254,-122.559,0.000
1733122782.968,-125.000,-37.109,13.672,-128.906,0.000
1733122782.972,-105.957,-39.062,10.254,-113.770,0.000
1733122782.976,-107.910,-46.387,11.230,-95.703,0.000
1733122782.979,-123.535,-39.062,13.184,-94.727,0.000
1733122782.983,-116.211,-35.645,8.789,-94.727,0.000
1733122782.987,-100.098,-33.203,4.395,-104.980,0.000
1733122782.991,-81.055,-24.902,2.930,-94.727,0.000
1733122782.995,-81.055,-18.555,0.488,-84.473,0.000
1733122782.999,-87.891,-23.438,-2.930,-83.984,0.000
1733122783.003,-82.031,-29.785,-3.906,-80.078,0.000
1733122783.007,-73.242,-27.832,-8.301,-87.891,0.000
1733122783.011,-56.152,-31.250,-6.836,-69.824,0.000
1733122783.015,-50.293,-39.062,-12.695,-46.387,0.000
1733122783.018,-63.965,-47.852,-23.926,-29.785,0.000
1733122783.022,-54.199,-46.387,-22.949,-18.555,0.000
1733122783.026,-29.297,-38.574,-21.484,-30.273,0.000
1733122783.030,-16.602,-43.457,-24.414,-32.715,0.000
1733122783.034,-21.973,-47.852,-25.879,-25.391,0.000
1733122783.038,-30.762,-43.457,-25.879,-15.625,0.000
1733122783.042,-26.367,-36.133,-29.785,-1.465,0.000
1733122783.046,-3.418,-29.785,-37.109,-4.395,0.000
1733122783.050,10.254,-25.879,-43.457,-6.348,0.000
1733122783.054,14.648,-18.555,-46.875,9.277,0.000
1733122783.058,4.883,-20.020,-50.293,12.695,0.000
1733122783.061,-13.672,-30.273,-52.734,6.348,0.000
1733122783.065,0.977,-28.809,-47.852,13.184,0.000
1733122783.069,19.531,-23.438,-42.480,21.484,0.000
1733122783.073,20.508,-30.762,-47.852,19.531,0.000
1733122783.077,11.719,-30.273,-50.781,16.602,0.000
1733122783.081,-6.348,-23.926,-48.828,21.973,0.000
1733122783.085,-8.301,-28.320,-55.664,13.672,0.000
1733122783.089,14.160,-24.414,-59.082,8.789,0.000
1733122783.093,29.297,-15.137,-48.340,20.996,0.000
1733122783.097,22.461,-18.066,-45.898,25.391,0.000
1733122783.100,3.906,-23.926,-51.758,24.414,0.000
1733122783.104,10.742,-20.020,-49.316,20.020,0.000
1733122783.108,23.926,-23.438,-50.293,22.949,0.000
1733122783.112,23.438,-24.414,-50.781,30.273,0.000
1733122783.116,16.602,-18.066,-43.457,29.785,0.000
1733122783.120,2.930,-24.414,-45.898,27.344,0.000
1733122783.124,-0.488,-27.344,-52.734,24.902,0.000
1733122783.128,12.207,-20.508,-52.246,24.902,0.000
1733122783.132,22.949,-19.531,-54.199,20.996,0.000
1733122783.136,22.461,-19.531,-53.711,28.320,0.000
1733122783.140,11.719,-22.461,-42.480,41.016,0.000
1733122783.143,6.836,-22.461,-37.598,39.551,0.000
1733122783.147,21.973,-13.672,-41.016,31.738,0.000
1733122783.151,35.645,-17.090,-44.922,43.945,0.000
1733122783.155,26.855,-24.902,-47.852,55.176,0.000
1733122783.159,4.395,-22.461,-47.852,43.457,0.000
1733122783.163,-9.277,-19.043,-47.363,28.320,0.000
1733122783.167,10.742,-12.207,-49.316,20.996,0.000
1733122783.171,26.367,-6.836,-47.363,15.625,0.000
1733122783.175,18.555,-9.277,-39.551,18.555,0.000
1733122783.179,4.395,-17.578,-44.434,26.855,0.000
1733122783.183,-13.184,-25.391,-46.875,24.414,0.000
1733122783.186,-5.859,-22.949,-36.621,14.160,0.000
1733122783.190,7.324,-24.902,-38.574,6.836,0.000
1733122783.194,0.977,-26.367,-38.574,9.766,0.000
1733122783.198,-7.324,-25.391,-33.203,17.090,0.000
1733122783.202,-22.461,-24.414,-32.715,10.742,0.000
1733122783.206,-17.578,-24.902,-32.227,0.488,0.000
1733122783.210,0.000,-25.879,-29.785,1.465,0.000
1733122783.214,-2.930,-34.668,-32.715,2.930,0.000
1733122783.218,-15.625,-35.156,-34.668,7.812,0.000
1733122783.221,-29.785,-28.809,-33.691,-0.488,0.000
1733122783.226,-19.043,-29.297,-37.598,-7.324,0.000
1733122783.229,-3.418,-28.809,-39.062,-2.441,0.000
1733122783.233,-4.883,-29.785,-34.668,-1.953,0.000
1733122783.237,-14.160,-30.273,-36.621,-4.395,0.000
1733122783.241,-25.879,-33.691,-41.992,-11.719,0.000
1733122783.245,-23.926,-29.297,-36.621,-14.648,0.000
1733122783.249,-12.207,-21.484,-32.715,-2.441,0.000
1733122783.253,-8.301,-26.855,-35.645,0.000,0.000
1733122783.257,-12.695,-34.668,-39.551,0.000,0.000
1733122783.261,-24.902,-30.762,-39.551,2.930,0.000
1733122783.264,-24.902,-20.020,-38.086,-9.766,0.000
1733122783.268,-4.395,-15.137,-36.133,-12.695,0.000
1733122783.272,2.441,-16.113,-29.785,-7.324,0.000
1733122783.276,-4.395,-16.602,-27.832,-4.883,0.000
1733122783.280,-16.602,-18.066,-31.250,1.953,0.000
1733122783.284,-22.949,-19.043,-33.203,-4.883,0.000
1733122783.288,-7.812,-14.648,-30.762,-3.906,0.000
1733122783.292,7.812,-13.184,-33.203,1.465,0.000
1733122783.296,0.000,-11.230,-39.062,-3.418,0.000
1733122783.300,-17.090,-13.672,-34.668,1.953,0.000
1733122783.304,-19.043,-17.090,-26.367,11.230,0.000
1733122783.307,-9.766,-16.113,-26.855,-1.953,0.000
1733122783.311,-3.906,-13.672,-32.227,-22.461,0.000
1733122783.315,-8.301,-15.137,-32.227,-14.648,0.000
1733122783.319,-21.973,-13.672,-31.738,-7.812,0.000
1733122783.323,-31.738,-14.648,-35.156,-19.043,0.000
1733122783.327,-23.438,-14.648,-32.227,-27.832,0.000
1733122783.331,-7.812,-13.672,-26.855,-15.137,0.000
1733122783.335,-7.812,-17.090,-27.832,2.930,0.000
1733122783.339,-20.996,-16.113,-28.320,-1.465,0.000
1733122783.343,-30.762,-13.184,-23.926,-11.719,0.000
1733122783.347,-19.043,-14.160,-22.461,-19.531,0.000
1733122783.350,0.000,-13.184,-21.973,-19.043,0.000
1733122783.354,9.277,-8.301,-22.461,-14.160,0.000
1733122783.358,-2.930,-11.230,-21.484,-3.418,0.000
1733122783.362,-21.484,-17.090,-21.484,-7.324,0.000
1733122783.366,-13.184,-15.625,-23.926,-25.879,0.000
1733122783.370,8.301,-14.160,-20.508,-12.695,0.000
1733122783.374,15.625,-10.254,-13.184,0.488,0.000
1733122783.378,4.395,-15.137,-9.766,4.395,0.000
1733122783.382,-15.625,-21.484,-8.301,12.207,0.000
1733122783.386,-12.695,-16.113,-11.230,-2.930,0.000
1733122783.390,10.254,-11.719,-17.578,-8.301,0.000
1733122783.393,18.066,-16.602,-14.648,-8.789,0.000
1733122783.397,-0.488,-16.113,-13.184,-0.977,0.000
1733122783.401,-19.043,-8.789,-15.625,15.137,0.000
1733122783.405,-15.625,-10.254,-20.996,-2.930,0.000
1733122783.409,3.418,-12.207,-24.902,-16.113,0.000
1733122783.413,14.648,-15.137,-30.273,-24.902,0.000
1733122783.417,12.207,-17.578,-33.203,-21.973,0.000
1733122783.421,2.930,-21.484,-30.273,-1.465,0.000
1733122783.425,1.465,-16.113,-18.555,-1.465,0.000
1733122783.429,5.859,-14.648,-19.043,-12.695,0.000
1733122783.432,4.883,-24.902,-17.578,0.488,0.000
1733122783.436,25.879,-36.133,-5.859,39.551,0.000
1733122783.440,23.438,-28.809,-16.602,51.758,0.000
1733122783.444,-20.996,-9.277,-32.715,-5.371,0.000
1733122783.448,-15.625,-5.371,-40.527,-35.156,0.000
1733122783.452,-1.465,-8.301,-46.387,-39.551,0.000
1733122783.456,-19.043,-7.812,-50.293,-54.688,0.000
1733122783.460,-40.527,-4.883,-54.688,-53.223,0.000
1733122783.464,-51.758,-7.324,-57.129,-62.500,0.000
1733122783.468,-40.039,-3.906,-64.453,-78.125,0.000
1733122783.472,-28.809,2.441,-62.500,-83.496,0.000
1733122783.476,-26.367,-0.977,-58.594,-68.359,0.000
1733122783.479,-45.410,3.418,-57.129,-62.988,0.000
1733122783.483,-56.152,1.465,-56.152,-58.105,0.000
1733122783.487,-34.180,-0.488,-62.988,-65.430,0.000
1733122783.491,-32.227,8.301,-69.336,-90.820,0.000
1733122783.495,-30.762,4.395,-70.312,-79.590,0.000
1733122783.499,-40.039,-6.348,-69.824,-64.941,0.000
1733122783.503,-52.246,-5.371,-68.848,-64.941,0.000
1733122783.507,-38.086,2.930,-70.801,-69.824,0.000
1733122783.511,-23.438,7.812,-74.219,-76.172,0.000
1733122783.515,-17.578,0.977,-72.754,-71.777,0.000
1733122783.518,-21.484,-3.418,-68.848,-51.270,0.000
1733122783.522,-32.715,-2.930,-62.012,-35.156,0.000
1733122783.526,-20.996,-3.418,-60.547,-37.598,0.000
1733122783.530,-2.441,0.977,-60.059,-44.434,0.000
1733122783.534,-1.465,-0.977,-55.176,-42.969,0.000
1733122783.538,-12.695,-8.301,-53.711,-36.621,0.000
1733122783.542,-30.762,-16.602,-56.152,-38.086,0.000
1733122783.546,-21.484,-17.090,-47.363,-28.320,0.000
1733122783.550,-2.441,-5.371,-41.504,-25.879,0.000
1733122783.554,-5.859,-7.324,-47.852,-41.992,0.000
1733122783.558,-14.160,-16.602,-44.922,-36.133,0.000
1733122783.561,-28.809,-20.508,-45.410,-27.832,0.000
1733122783.565,-25.391,-17.578,-46.387,-35.645,0.000
1733122783.569,-3.418,-14.160,-42.969,-31.250,0.000
1733122783.573,-2.441,-17.090,-41.992,-24.902,0.000
1733122783.577,-6.836,-18.066,-37.109,-17.090,0.000
1733122783.581,-20.508,-22.461,-35.156,-9.766,0.000
1733122783.585,-22.949,-21.484,-35.156,-16.602,0.000
1733122783.589,-1.465,-17.090,-34.180,-30.273,0.000
1733122783.593,9.277,-10.254,-38.086,-24.414,0.000
1733122783.597,-6.348,-5.371,-37.598,-20.508,0.000
1733122783.601,-23.926,-11.719,-31.738,-16.113,0.000
1733122783.604,-18.555,-19.043,-31.738,-20.508,0.000
1733122783.608,-9.766,-19.043,-30.273,-33.691,0.000
1733122783.612,-4.883,-18.555,-30.273,-31.738,0.000
1733122783.616,-13.184,-26.367,-34.180,-26.367,0.000
1733122783.620,-39.062,-35.156,-29.297,-22.949,0.000
1733122783.624,-47.852,-27.344,-29.785,-30.762,0.000
1733122783.628,-34.668,-22.461,-37.598,-44.922,0.000
1733122783.632,-10.742,-27.832,-37.598,-21.973,0.000
1733122783.636,-11.230,-25.879,-39.062,-4.883,0.000
1733122783.640,-50.781,-20.508,-47.852,-41.504,0.000
1733122783.643,-67.383,-17.578,-46.875,-57.617,0.000
1733122783.647,-46.387,-14.160,-37.598,-54.688,0.000
1733122783.651,-29.785,-15.137,-36.621,-48.828,0.000
1733122783.655,-29.297,-16.602,-35.156,-36.621,0.000
1733122783.659,-43.457,-20.996,-34.180,-37.109,0.000
1733122783.663,-62.012,-28.809,-39.551,-41.016,0.000
1733122783.667,-46.387,-30.273,-40.039,-38.574,0.000
1733122783.671,-23.926,-26.855,-42.969,-35.645,0.000
1733122783.675,-31.738,-26.367,-44.434,-35.645,0.000
1733122783.679,-40.527,-39.062,-46.875,-27.832,0.000
1733122783.682,-46.387,-38.574,-47.852,-20.508,0.000
1733122783.686,-39.062,-22.949,-39.062,-24.414,0.000
1733122783.690,-17.090,-22.461,-35.156,-21.484,0.000
1733122783.694,-9.766,-20.996,-33.691,-3.906,0.000
1733122783.698,-13.184,-19.531,-37.109,13.672,0.000
1733122783.702,-26.367,-20.996,-41.504,0.000,0.000
1733122783.706,-19.043,-25.879,-38.574,-7.324,0.000
1733122783.710,-2.930,-24.902,-42.480,-6.836,0.000
1733122783.714,-2.930,-17.090,-46.875,-5.859,0.000
1733122783.718,-12.695,-16.113,-52.246,-11.719,0.000
1733122783.722,-31.250,-23.926,-54.199,-18.555,0.000
1733122783.725,-36.133,-27.832,-39.551,-15.625,0.000
1733122783.729,-13.184,-11.719,-34.180,-17.578,0.000
1733122783.733,0.488,-5.371,-32.715,-3.418,0.000
1733122783.737,-15.625,-14.160,-26.855,2.930,0.000
1733122783.741,-24.414,-8.301,-27.832,1.953,0.000
1733122783.745,-10.254,-4.883,-27.832,-11.230,0.000
1733122783.749,-0.977,-11.719,-30.273,-23.926,0.000
1733122783.753,-8.789,-14.160,-27.344,-9.766,0.000
1733122783.757,-3.906,-13.672,-26.367,-0.977,0.000
1733122783.761,-6.348,-10.254,-35.156,-11.719,0.000
1733122783.765,-5.859,-7.812,-37.109,-14.648,0.000
1733122783.768,15.137,-7.812,-26.367,-9.766,0.000
1733122783.772,9.766,-15.137,-22.461,0.977,0.000
1733122783.776,-10.742,-17.578,-32.715,-12.695,0.000
1733122783.780,-19.043,-16.602,-41.992,-21.973,0.000
1733122783.784,-20.508,-13.672,-45.410,-17.090,0.000
1733122783.788,-12.207,-12.207,-39.062,-27.344,0.000
1733122783.792,-11.719,-13.184,-37.598,-35.156,0.000
1733122783.796,-16.113,-13.672,-42.969,-27.344,0.000
1733122783.800,-29.297,-17.578,-45.898,-23.926,0.000
1733122783.804,-40.039,-17.578,-45.410,-26.855,0.000
1733122783.808,-25.879,-10.742,-39.062,-35.645,0.000
1733122783.811,-15.625,-10.742,-39.062,-44.434,0.000
1733122783.815,-19.043,-20.996,-41.992,-33.203,0.000
1733122783.819,-30.273,-20.020,-48.340,-27.832,0.000
1733122783.823,-40.527,-20.508,-50.293,-45.898,0.000
1733122783.827,-29.297,-22.949,-41.992,-41.504,0.000
1733122783.831,-19.043,-20.020,-43.457,-36.133,0.000
1733122783.835,-20.508,-15.137,-44.922,-31.738,0.000
1733122783.839,-32.227,-21.973,-45.410,-33.203,0.000
1733122783.843,-40.039,-36.133,-40.039,-20.996,0.000
1733122783.847,-26.367,-25.879,-33.691,-29.785,0.000
1733122783.850,-6.348,-9.766,-37.598,-31.738,0.000
1733122783.854,-5.371,-7.324,-41.992,-10.742,0.000
1733122783.858,-32.715,-13.672,-46.387,-18.066,0.000
1733122783.862,-45.898,-8.789,-49.316,-40.527,0.000
1733122783.866,-20.508,6.348,-50.293,-58.105,0.000
1733122783.870,-3.418,3.418,-50.781,-50.293,0.000
1733122783.874,-17.090,-2.930,-59.082,-38.574,0.000
1733122783.878,-26.855,-4.883,-62.012,-15.137,0.000
1733122783.882,-20.020,-5.859,-65.430,-18.555,0.000
1733122783.886,-32.715,-7.324,-66.895,-47.852,0.000
1733122783.889,-25.391,-0.977,-64.453,-58.105,0.000
1733122783.893,-4.883,7.324,-69.336,-52.246,0.000
1733122783.897,-9.766,0.977,-72.266,-33.203,0.000
1733122783.901,-28.809,-10.254,-72.266,-30.762,0.000
1733122783.905,-24.902,-8.301,-72.754,-42.480,0.000
1733122783.909,5.859,6.348,-75.684,-42.969,0.000
1733122783.913,26.855,8.301,-73.242,-20.020,0.000
1733122783.917,37.109,7.812,-65.918,1.465,0.000
1733122783.921,34.668,7.812,-61.035,10.254,0.000
1733122783.925,23.926,7.324,-61.523,11.719,0.000
1733122783.929,38.574,10.742,-63.477,18.066,0.000
1733122783.932,56.152,7.812,-55.664,29.785,0.000
1733122783.936,40.527,0.488,-51.270,32.715,0.000
1733122783.940,19.043,-2.930,-49.316,41.504,0.000
1733122783.944,15.137,-4.395,-41.992,48.340,0.000
1733122783.948,40.527,-5.371,-39.551,32.715,0.000
1733122783.952,43.457,-7.324,-43.945,20.508,0.000
1733122783.956,29.297,-8.789,-43.457,29.297,0.000
1733122783.960,16.113,-10.742,-41.504,23.438,0.000
1733122783.964,3.906,-19.531,-41.992,20.020,0.000
1733122783.967,10.254,-12.695,-35.645,20.996,0.000
1733122783.971,16.113,-3.418,-35.645,11.719,0.000
1733122783.975,20.508,-6.348,-39.062,14.648,0.000
1733122783.979,8.301,-8.789,-36.133,22.949,0.000
1733122783.983,-7.324,-11.719,-34.668,14.160,0.000
1733122783.987,0.000,-10.742,-33.203,0.977,0.000
1733122783.991,0.000,-14.160,-36.621,-4.395,0.000
1733122783.995,-4.883,-17.578,-31.738,2.930,0.000
1733122783.999,-14.648,-15.625,-34.180,-1.465,0.000
1733122784.003,-27.344,-15.625,-37.109,-17.578,0.000
1733122784.007,-26.367,-17.578,-39.551,-20.020,0.000
1733122784.010,-16.602,-21.484,-37.109,-16.602,0.000
1733122784.014,-10.254,-20.020,-34.668,-20.020,0.000
1733122784.018,-28.809,-20.996,-39.551,-21.973,0.000
1733122784.022,-42.480,-21.484,-33.691,-16.113,0.000
1733122784.026,-28.320,-13.184,-23.926,-14.648,0.000
1733122784.030,-22.461,-4.883,-19.531,-17.090,0.000
1733122784.034,-21.973,-7.324,-20.508,-14.160,0.000
1733122784.038,-32.227,-17.578,-20.020,-17.578,0.000
1733122784.042,-39.551,-20.020,-18.066,-17.090,0.000
1733122784.046,-34.180,-15.137,-16.113,-21.484,0.000
1733122784.050,-24.414,-7.812,-20.996,-29.297,0.000
1733122784.053,-20.508,-11.230,-28.809,-20.020,0.000
1733122784.057,-29.297,-19.531,-26.367,-14.160,0.000
1733122784.061,-40.527,-11.230,-27.832,-23.926,0.000
1733122784.065,-40.527,-6.836,-27.832,-29.297,0.000
1733122784.069,-29.297,-2.930,-20.508,-28.320,0.000
1733122784.073,-18.066,-0.488,-22.461,-28.320,0.000
1733122784.077,-26.367,-3.418,-26.855,-24.902,0.000
1733122784.081,-39.062,-9.277,-22.949,-23.438,0.000
1733122784.085,-38.574,-13.672,-19.043,-32.715,0.000
1733122784.089,-29.785,-12.695,-21.973,-41.016,0.000
1733122784.093,-25.391,-4.395,-18.066,-37.598,0.000
1733122784.096,-27.344,-10.742,-18.555,-35.645,0.000
1733122784.100,-39.551,-16.602,-21.484,-29.785,0.000
1733122784.104,-47.852,-7.812,-19.043,-39.062,0.000
1733122784.108,-27.832,-5.371,-20.020,-41.504,0.000
1733122784.112,-17.090,-7.812,-20.996,-27.832,0.000
1733122784.116,-22.461,-12.207,-16.602,-16.113,0.000
1733122784.120,-33.691,-14.648,-11.719,-7.324,0.000
1733122784.124,-28.809,-12.207,-24.414,-26.367,0.000
1733122784.128,-0.488,-5.859,-32.227,-13.672,0.000
1733122784.132,-3.906,-19.043,-13.184,8.301,0.000
1733122784.136,-33.203,-31.738,3.906,-12.207,0.000
1733122784.139,-52.246,-30.762,3.418,-16.602,0.000
1733122784.143,-59.570,-35.156,-2.441,-14.160,0.000
1733122784.147,-53.223,-35.156,4.395,-19.043,0.000
1733122784.151,-58.105,-24.902,16.113,-30.273,0.000
1733122784.155,-52.734,-28.809,17.578,-34.180,0.000
1733122784.159,-60.547,-34.180,22.949,-21.973,0.000
1733122784.163,-73.730,-33.203,27.344,-16.113,0.000
1733122784.167,-75.684,-31.738,24.902,-29.785,0.000
1733122784.171,-81.055,-31.250,20.508,-41.016,0.000
1733122784.175,-73.242,-28.320,20.996,-19.043,0.000
1733122784.178,-70.801,-22.949,19.043,-13.672,0.000
1733122784.182,-83.008,-24.902,18.066,-33.691,0.000
1733122784.186,-78.125,-27.344,20.020,-26.367,0.000
1733122784.190,-62.012,-24.902,11.719,-17.090,0.000
1733122784.194,-60.059,-26.855,5.859,-26.367,0.000
1733122784.198,-69.824,-36.133,6.836,-28.809,0.000
1733122784.202,-80.566,-36.133,5.859,-24.902,0.000
1733122784.206,-77.637,-26.855,7.324,-33.691,0.000
1733122784.210,-61.523,-15.137,9.277,-37.109,0.000
1733122784.214,-53.223,-18.555,6.836,-30.762,0.000
1733122784.218,-53.223,-28.320,6.836,-16.113,0.000
1733122784.222,-59.570,-28.320,8.301,-4.395,0.000
1733122784.225,-51.270,-26.855,7.812,-12.207,0.000
1733122784.229,-32.227,-21.484,7.324,-14.160,0.000
1733122784.233,-21.484,-17.578,7.324,-5.371,0.000
1733122784.237,-21.973,-15.137,5.859,-3.906,0.000
1733122784.241,-35.645,-14.648,2.930,-9.766,0.000
1733122784.245,-41.504,-19.043,1.953,-16.602,0.000
1733122784.249,-32.227,-15.137,4.395,-19.043,0.000
1733122784.253,-21.973,-7.812,4.883,-13.184,0.000
1733122784.257,-21.484,-12.695,0.488,-10.742,0.000
1733122784.261,-35.156,-20.508,-4.395,-19.531,0.000
1733122784.265,-44.434,-14.648,-10.254,-30.762,0.000
1733122784.269,-30.273,-8.301,-13.184,-28.320,0.000
1733122784.273,-22.461,-7.324,-10.254,-22.461,0.000
1733122784.276,-39.551,-14.648,-10.742,-21.484,0.000
1733122784.280,-53.223,-20.020,-15.137,-21.484,0.000
1733122784.284,-56.152,-11.719,-12.207,-26.855,0.000
1733122784.288,-46.387,-4.395,1.465,-39.551,0.000
1733122784.292,-40.527,-14.160,0.977,-33.203,0.000
1733122784.296,-51.758,-22.949,-7.812,-35.645,0.000
1733122784.300,-68.359,-14.648,-11.230,-50.293,0.000
1733122784.304,-69.336,-15.625,-16.113,-44.434,0.000
1733122784.308,-60.059,-26.855,-15.137,-51.758,0.000
1733122784.312,-63.477,-23.438,-16.602,-67.383,0.000
1733122784.316,-67.871,-15.137,-16.602,-69.824,0.000
1733122784.319,-82.520,-25.879,-15.625,-73.242,0.000
1733122784.323,-97.656,-34.668,-18.555,-69.824,0.000
1733122784.327,-93.750,-34.180,-17.090,-73.730,0.000
1733122784.331,-74.219,-26.855,-14.648,-83.008,0.000
1733122784.335,-83.496,-26.367,-12.207,-88.867,0.000
1733122784.339,-111.816,-27.344,-9.766,-89.844,0.000
1733122784.343,-114.746,-27.344,-15.137,-89.844,0.000
1733122784.347,-103.516,-31.738,-14.160,-96.191,0.000
1733122784.351,-87.891,-25.391,-10.254,-94.727,0.000
1733122784.355,-89.355,-27.344,-13.184,-93.262,0.000
1733122784.359,-97.168,-35.645,-11.719,-84.473,0.000
1733122784.363,-112.305,-28.809,-12.207,-89.844,0.000
1733122784.367,-101.562,-23.438,-16.602,-98.633,0.000
1733122784.370,-93.750,-28.809,-13.184,-108.887,0.000
1733122784.374,-107.422,-40.039,-6.348,-108.398,0.000
1733122784.378,-102.051,-41.504,-6.836,-89.355,0.000
1733122784.382,-102.051,-41.504,-11.230,-82.520,0.000
1733122784.386,-106.445,-45.410,-10.742,-86.914,0.000
1733122784.390,-94.727,-40.527,-4.883,-90.332,0.000
1733122784.394,-93.262,-40.527,-2.441,-83.008,0.000
1733122784.398,0.000,-34.180,-9.766,-70.312,0.000
1733122784.402,0.000,-30.762,-13.672,-75.684,0.000
1733122784.406,0.000,-41.016,-14.648,-89.844,0.000
1733122784.409,0.000,-40.527,-14.160,-88.867,0.000
1733122784.413,0.000,-37.109,-17.578,-75.684,0.000
1733122784.417,0.000,-32.715,-18.066,-75.195,0.000
1733122784.421,0.000,-33.203,-12.207,-77.148,0.000
1733122784.425,0.000,-37.109,-18.066,-84.961,0.000
1733122784.429,0.000,-34.180,-20.996,-81.543,0.000
1733122784.433,0.000,-28.809,-15.625,-77.637,0.000
1733122784.437,0.000,-26.855,-14.160,-73.242,0.000
1733122784.441,0.000,-29.785,-12.207,-62.500,0.000
1733122784.445,-90.820,-28.809,-19.531,-66.406,0.000
1733122784.449,-83.496,-22.461,-22.461,-71.777,0.000
1733122784.452,-80.566,-24.902,-20.508,-73.242,0.000
1733122784.456,-95.215,-31.738,-18.066,-66.406,0.000
1733122784.460,-91.797,-40.039,-15.137,-49.805,0.000
1733122784.464,-83.496,-37.598,-18.555,-45.410,0.000
1733122784.468,-79.102,-23.438,-16.113,-59.570,0.000
1733122784.472,-77.637,-23.926,-5.859,-68.848,0.000
1733122784.476,-69.824,-21.484,-9.766,-63.965,0.000
1733122784.480,-72.266,-17.578,-13.672,-53.711,0.000
1733122784.484,-81.543,-26.855,-12.207,-44.922,0.000
1733122784.487,-68.848,-21.484,-9.766,-40.527,0.000
1733122784.492,-52.734,-4.395,-17.578,-45.410,0.000
1733122784.495,-54.199,-3.906,-20.508,-58.105,0.000
1733122784.499,-60.547,-10.742,-14.160,-56.641,0.000
1733122784.503,-54.688,-16.602,-12.695,-47.363,0.000
1733122784.507,-60.059,-16.113,-9.277,-51.758,0.000
1733122784.511,-62.012,-12.207,-8.301,-54.199,0.000
1733122784.515,-45.410,-12.695,-11.719,-41.992,0.000
1733122784.519,-31.738,-10.254,-20.508,-14.648,0.000
1733122784.523,-40.527,-14.160,-20.508,-18.066,0.000
1733122784.527,-67.871,-12.207,-14.648,-49.316,0.000
1733122784.531,-63.965,-11.719,-17.578,-45.410,0.000
1733122784.534,-41.992,-7.812,-30.273,-32.715,0.000
1733122784.538,-37.109,-0.488,-35.645,-39.551,0.000
1733122784.542,-55.664,-4.395,-29.785,-51.270,0.000
1733122784.546,-58.594,-8.301,-26.367,-48.828,0.000
1733122784.550,-39.062,-8.789,-27.832,-40.527,0.000
1733122784.554,-26.855,-8.301,-31.738,-25.879,0.000
1733122784.558,-26.367,-7.812,-23.926,-22.461,0.000
1733122784.562,-16.602,-4.395,-21.484,-20.020,0.000
1733122784.566,-21.973,-9.766,-31.250,-21.484,0.000
1733122784.570,-19.531,-5.371,-31.738,-26.367,0.000
1733122784.573,-13.672,-2.441,-27.344,-27.344,0.000
1733122784.577,-25.391,-12.695,-30.273,-28.809,0.000
1733122784.581,-30.273,-22.461,-39.062,-32.227,0.000
1733122784.585,-27.344,-22.461,-43.945,-40.039,0.000
1733122784.589,-29.785,-11.230,-45.898,-50.293,0.000
1733122784.593,-30.762,-11.719,-47.363,-46.387,0.000
1733122784.597,-21.973,-21.973,-43.457,-31.738,0.000
1733122784.601,-27.832,-21.973,-42.969,-21.973,0.000
1733122784.605,-31.738,-18.555,-46.387,-20.996,0.000
1733122784.609,-30.273,-20.996,-40.039,-32.227,0.000
1733122784.613,-27.832,-20.020,-38.574,-33.203,0.000
1733122784.616,-25.391,-13.672,-40.039,-21.484,0.000
1733122784.620,-40.039,-18.066,-36.133,-25.879,0.000
1733122784.624,-45.898,-25.879,-34.668,-36.133,0.000
1733122784.628,-35.645,-19.043,-30.762,-19.043,0.000
1733122784.632,-22.461,-8.301,-38.086,-6.836,0.000
1733122784.636,-18.066,-8.789,-44.922,-20.020,0.000
1733122784.640,-21.484,-13.672,-42.480,-28.320,0.000
1733122784.644,-17.578,-16.602,-39.062,-27.344,0.000
1733122784.648,-20.996,-17.090,-40.527,-34.180,0.000
1733122784.652,-29.297,-18.555,-38.574,-27.832,0.000
1733122784.656,-16.113,-14.160,-37.109,-9.766,0.000
1733122784.659,-17.090,-7.812,-37.598,-13.672,0.000
1733122784.663,-23.926,-14.160,-40.527,-20.508,0.000
1733122784.667,-15.625,-18.066,-42.480,-15.137,0.000
1733122784.671,-26.855,-15.625,-34.180,-12.207,0.000
1733122784.675,-31.738,-12.207,-35.156,-16.113,0.000
1733122784.679,-19.043,-8.789,-35.645,-9.277,0.000
1733122784.683,-17.578,-8.301,-29.785,-10.742,0.000
1733122784.687,-30.762,-10.254,-30.762,-31.250,0.000
1733122784.691,-34.668,-10.742,-26.855,-26.855,0.000
1733122784.695,-30.762,-17.578,-23.438,-16.602,0.000
1733122784.699,-28.320,-20.508,-26.367,-12.207,0.000
1733122784.702,-39.551,-22.461,-19.043,-0.977,0.000
1733122784.706,-36.621,-22.949,-21.973,-8.301,0.000
1733122784.710,-27.344,-18.066,-28.320,-25.391,0.000
1733122784.714,-35.156,-26.855,-28.320,-7.812,0.000
1733122784.718,-24.414,-26.855,-29.297,5.371,0.000
1733122784.722,-24.414,-16.602,-29.297,-11.230,0.000
1733122784.726,-24.902,-14.648,-29.297,-14.160,0.000
1733122784.730,-32.715,-15.137,-27.832,-14.160,0.000
1733122784.734,-35.156,-14.648,-29.297,-20.508,0.000
1733122784.738,-12.207,-16.113,-37.109,-22.949,0.000
1733122784.742,-17.578,-17.090,-37.598,-21.484,0.000
1733122784.745,-31.738,-18.555,-27.832,-27.344,0.000
1733122784.749,-20.508,-13.672,-28.809,-36.621,0.000
1733122784.753,-19.043,-6.836,-36.133,-27.344,0.000
1733122784.757,-20.508,-16.602,-41.016,-21.484,0.000
1733122784.761,-24.414,-19.531,-36.133,-19.043,0.000
1733122784.765,-34.180,-5.371,-29.297,-14.160,0.000
1733122784.769,-38.574,-1.465,-35.156,-26.367,0.000
1733122784.773,-30.762,-10.742,-33.691,-23.438,0.000
1733122784.777,1.953,-9.277,-28.809,3.418,0.000
1733122784.781,-0.977,0.977,-27.344,-7.812,0.000
1733122784.785,-31.738,-0.977,-27.344,-31.738,0.000
1733122784.788,-25.391,-9.766,-24.902,-23.438,0.000
1733122784.792,-11.719,-9.277,-23.438,-15.137,0.000
1733122784.796,1.465,0.977,-34.668,-12.695,0.000
1733122784.800,13.672,0.488,-38.086,1.465,0.000
1733122784.804,-7.324,-8.789,-28.809,-2.441,0.000
1733122784.808,-21.484,-6.836,-24.414,-17.090,0.000
1733122784.812,-3.906,1.953,-23.438,-13.184,0.000
1733122784.816,4.395,0.000,-28.809,-6.836,0.000
1733122784.820,1.953,-8.301,-36.133,0.488,0.000
1733122784.824,-11.719,-4.883,-36.621,-4.883,0.000
1733122784.828,-27.832,6.836,-33.691,-19.043,0.000
1733122784.831,-21.973,4.395,-34.180,-21.973,0.000
1733122784.835,-23.438,-1.953,-36.621,-24.902,0.000
1733122784.839,-27.832,-3.418,-33.691,-27.832,0.000
1733122784.843,-25.391,-2.930,-33.691,-16.602,0.000
1733122784.847,-29.297,-0.488,-32.227,-24.902,0.000
1733122784.851,-32.715,0.000,-26.855,-31.738,0.000
1733122784.855,-31.738,8.789,-23.926,-27.832,0.000
1733122784.859,-31.738,10.254,-22.949,-24.902,0.000
1733122784.863,-40.039,-3.418,-22.949,-21.973,0.000
1733122784.867,-43.457,-1.465,-29.297,-32.227,0.000
1733122784.870,-40.527,10.742,-30.273,-38.086,0.000
1733122784.874,-23.926,13.184,-27.832,-34.668,0.000
1733122784.878,-12.207,12.207,-26.855,-24.414,0.000
1733122784.882,-20.508,6.836,-24.414,-25.391,0.000
1733122784.886,-28.809,1.953,-27.344,-34.180,0.000
1733122784.890,-9.766,13.184,-27.344,-32.715,0.000
1733122784.894,10.254,15.625,-25.879,-22.461,0.000
1733122784.898,-1.465,3.906,-28.809,-11.230,0.000
1733122784.902,-11.230,4.883,-17.578,-11.719,0.000
1733122784.906,-9.766,6.348,-13.184,-17.090,0.000
1733122784.909,-1.465,7.812,-14.160,-13.672,0.000
1733122784.913,-1.953,8.789,-8.301,-21.973,0.000
1733122784.917,6.348,9.277,-10.254,-30.762,0.000
1733122784.921,13.184,5.859,-19.531,-26.855,0.000
1733122784.925,3.418,1.465,-22.461,-25.879,0.000
1733122784.929,-9.277,4.395,-16.113,-28.320,0.000
1733122784.933,-17.578,0.488,-15.137,-27.344,0.000
1733122784.937,-22.461,-8.301,-18.555,-19.043,0.000
1733122784.941,-35.156,-7.324,-17.090,-7.324,0.000
1733122784.945,-54.199,3.418,-22.949,-21.973,0.000
1733122784.948,-61.523,0.000,-25.879,-56.641,0.000
1733122784.952,-59.082,-1.465,-24.902,-62.500,0.000
1733122784.956,-51.758,1.465,-30.762,-49.805,0.000
1733122784.960,-41.992,-0.977,-26.855,-45.898,0.000
1733122784.964,-46.875,3.906,-22.461,-48.828,0.000
1733122784.968,-59.570,13.184,-22.949,-46.387,0.000
1733122784.972,-44.434,18.066,-23.926,-37.109,0.000
1733122784.976,-16.113,21.484,-35.156,-40.527,0.000
1733122784.980,-3.906,19.043,-37.109,-50.293,0.000
1733122784.984,-13.184,7.812,-29.785,-39.062,0.000
1733122784.988,-26.855,1.953,-27.344,-21.973,0.000
1733122784.991,-12.207,11.230,-28.809,-25.391,0.000
1733122784.995,1.465,11.230,-29.785,-10.742,0.000
1733122784.999,-4.883,9.766,-34.668,5.859,0.000
1733122785.003,4.883,8.301,-38.086,-11.719,0.000
1733122785.007,11.719,12.695,-33.691,-12.695,0.000
1733122785.011,-6.836,13.184,-31.738,-0.977,0.000
1733122785.015,-4.395,5.371,-24.902,-2.930,0.000
1733122785.019,2.930,9.766,-23.438,-0.488,0.000
1733122785.023,-17.578,15.625,-32.227,21.484,0.000
1733122785.027,-4.883,19.043,-33.691,9.766,0.000
1733122785.030,13.184,23.438,-26.367,-14.160,0.000
1733122785.034,10.254,28.320,-22.461,-22.461,0.000
1733122785.038,16.113,27.344,-22.949,11.719,0.000
1733122785.042,21.484,19.531,-20.020,46.387,0.000
1733122785.046,7.324,18.555,-15.137,45.898,0.000
1733122785.050,-9.766,22.461,-19.531,2.441,0.000
1733122785.054,7.324,22.949,-28.809,-14.160,0.000
1733122785.058,43.945,20.508,-27.832,0.977,0.000
1733122785.062,42.969,19.531,-32.227,-13.184,0.000
1733122785.066,-6.348,15.137,-30.762,15.137,0.000
1733122785.070,4.883,1.953,-33.203,49.316,0.000
1733122785.073,40.039,-6.348,-39.062,36.133,0.000
1733122785.077,47.852,-7.324,-37.598,24.902,0.000
1733122785.081,48.828,-8.301,-42.480,40.039,0.000
1733122785.085,40.527,-13.672,-36.621,41.992,0.000
1733122785.089,54.199,-15.137,-27.344,54.688,0.000
1733122785.093,53.223,-11.719,-30.273,54.199,0.000
1733122785.097,27.832,-13.184,-30.762,51.758,0.000
1733122785.101,33.203,-28.320,-28.320,33.691,0.000
1733122785.105,52.246,-39.551,-31.738,24.902,0.000
1733122785.109,56.641,-33.203,-31.250,55.176,0.000
1733122785.113,68.359,-31.250,-23.926,54.199,0.000
1733122785.116,56.641,-41.504,-20.508,58.594,0.000
1733122785.120,40.039,-48.828,-25.879,51.270,0.000
1733122785.124,51.758,-41.016,-31.738,33.203,0.000
1733122785.128,47.852,-40.039,-27.832,38.574,0.000
1733122785.132,27.832,-48.340,-24.414,43.457,0.000
1733122785.136,24.414,-48.828,-27.344,47.363,0.000
1733122785.140,32.715,-42.969,-34.180,55.176,0.000
1733122785.144,43.457,-43.457,-39.551,37.598,0.000
1733122785.148,41.992,-46.875,-40.039,20.508,0.000
1733122785.152,45.410,-41.504,-41.504,14.648,0.000
1733122785.156,61.523,-41.016,-40.527,36.621,0.000
1733122785.159,47.852,-49.805,-31.738,55.176,0.000
1733122785.163,30.273,-55.664,-28.320,40.527,0.000
1733122785.167,46.387,-54.688,-30.762,37.109,0.000
1733122785.171,36.621,-48.340,-23.438,27.832,0.000
1733122785.175,31.250,-51.270,-24.414,27.832,0.000
1733122785.179,36.133,-57.617,-24.902,41.504,0.000
1733122785.183,13.672,-58.594,-23.438,40.527,0.000
1733122785.187,16.113,-47.363,-27.832,21.484,0.000
1733122785.191,4.395,-44.434,-29.785,0.977,0.000
1733122785.195,-8.789,-46.875,-30.762,-9.277,0.000
1733122785.198,12.207,-39.551,-30.273,-7.324,0.000
1733122785.202,0.977,-47.852,-25.879,-7.324,0.000
1733122785.206,0.977,-53.223,-22.461,2.930,0.000
1733122785.210,-2.441,-45.410,-28.320,-2.930,0.000
1733122785.214,-1.465,-43.945,-39.062,-25.391,0.000
1733122785.218,6.348,-43.945,-38.574,-10.742,0.000
1733122785.222,5.371,-45.898,-35.645,-0.977,0.000
1733122785.226,1.465,-47.852,-32.715,-6.836,0.000
1733122785.230,13.672,-34.668,-41.504,-9.277,0.000
1733122785.234,33.203,-25.879,-54.199,-16.602,0.000
1733122785.237,2.441,-34.180,-48.828,-33.203,0.000
1733122785.241,6.348,-43.457,-40.039,-19.531,0.000
1733122785.245,21.973,-42.969,-32.227,-3.418,0.000
1733122785.249,21.973,-33.691,-34.668,-5.371,0.000
1733122785.253,12.207,-28.809,-39.551,-18.066,0.000
1733122785.257,-1.953,-31.738,-33.691,-38.574,0.000
1733122785.261,16.113,-35.156,-29.297,-7.324,0.000
1733122785.265,-10.742,-29.785,-29.785,-6.348,0.000
1733122785.269,-13.184,-34.668,-29.297,-16.113,0.000
1733122785.273,22.461,-31.250,-31.250,10.742,0.000
1733122785.276,-19.531,-26.855,-35.645,-4.395,0.000
1733122785.280,-26.855,-44.434,-37.109,-28.809,0.000
1733122785.284,-28.809,-46.387,-38.574,-32.715,0.000
1733122785.288,-20.508,-58.105,-33.203,-13.184,0.000
1733122785.292,-54.688,-45.898,-35.156,-0.977,0.000
1733122785.296,-57.617,-39.062,-46.387,-20.020,0.000
1733122785.300,81.055,-59.082,-41.504,-20.996,0.000
1733122785.304,88.379,-58.105,-37.109,-4.395,0.000
1733122785.308,19.043,-62.500,-43.457,-29.785,0.000
1733122785.312,22.949,-70.801,-42.969,-36.621,0.000
1733122785.316,77.637,-71.289,-36.621,-26.855,0.000
1733122785.319,146.484,-57.129,-32.715,-7.812,0.000
1733122785.323,142.578,-64.453,-24.902,1.953,0.000
1733122785.327,110.352,-73.242,-22.949,-47.852,0.000
1733122785.331,95.703,-76.172,-13.184,-24.902,0.000
1733122785.335,151.367,-77.637,-12.695,0.000,0.000
1733122785.339,185.547,-82.031,-20.508,-5.859,0.000
1733122785.343,155.273,-93.262,-20.020,-11.230,0.000
1733122785.347,116.699,-102.051,-20.508,-23.926,0.000
1733122785.351,110.840,-109.863,-11.230,-23.438,0.000
1733122785.355,156.738,-106.445,-3.418,-32.227,0.000
1733122785.359,168.457,-109.375,-2.441,-24.414,0.000
1733122785.362,151.855,-117.676,-3.418,-14.648,0.000
1733122785.366,135.742,-109.863,-3.418,-33.691,0.000
1733122785.370,89.844,-120.605,1.953,-33.203,0.000
1733122785.374,124.023,-124.023,0.000,-50.293,0.000
1733122785.378,205.078,-114.746,1.953,-41.016,0.000
1733122785.382,201.660,-113.281,-1.465,-11.230,0.000
1733122785.386,156.738,-112.793,-16.602,-29.297,0.000
1733122785.390,112.305,-113.770,-11.230,-44.922,0.000
1733122785.394,130.859,-107.910,-0.488,-43.457,0.000
1733122785.398,148.438,-113.281,-4.883,-44.434,0.000
1733122785.401,148.438,-123.047,-2.930,-20.020,0.000
1733122785.405,166.504,-117.676,-11.230,-18.555,0.000
1733122785.409,162.598,-104.980,-12.695,-29.297,0.000
1733122785.413,127.930,-104.004,-5.371,-26.855,0.000
1733122785.417,114.746,-114.746,-7.324,-8.301,0.000
1733122785.421,105.469,-117.188,-15.137,-12.695,0.000
1733122785.425,71.777,-113.281,-23.438,-31.250,0.000
1733122785.429,57.129,-104.980,-27.832,-58.594,0.000
1733122785.433,62.012,-103.516,-20.996,-78.613,0.000
1733122785.437,45.410,-104.492,-9.766,-60.059,0.000
1733122785.441,56.152,-98.633,-14.160,-46.875,0.000
1733122785.444,61.523,-93.750,-12.695,-49.805,0.000
1733122785.448,20.020,-98.145,-3.906,-50.781,0.000
1733122785.452,-0.977,-95.215,-1.953,-52.734,0.000
1733122785.456,16.602,-85.938,-3.418,-68.848,0.000
1733122785.460,41.992,-74.707,-15.137,-61.035,0.000
1733122785.464,31.250,-74.219,-16.602,-46.387,0.000
1733122785.468,6.348,-75.684,-5.371,-50.781,0.000
1733122785.472,13.184,-62.012,-6.348,-57.129,0.000
1733122785.476,36.621,-55.664,-20.996,-58.105,0.000
1733122785.480,38.574,-51.270,-23.926,-41.992,0.000
1733122785.484,21.484,-48.340,-20.020,-34.668,0.000
1733122785.487,3.418,-51.270,-13.184,-47.363,0.000
1733122785.491,-10.254,-55.664,-20.020,-46.387,0.000
1733122785.495,-7.324,-57.129,-24.414,-15.625,0.000
1733122785.499,5.371,-54.688,-21.973,-15.625,0.000
1733122785.503,12.207,-46.387,-31.738,-30.762,0.000
1733122785.507,4.883,-47.363,-33.203,-31.738,0.000
1733122785.511,-17.090,-52.734,-36.133,-26.367,0.000
1733122785.515,-16.602,-40.039,-37.109,-15.137,0.000
1733122785.519,-2.441,-29.785,-38.086,-26.855,0.000
1733122785.523,-4.395,-27.832,-43.945,-50.781,0.000
1733122785.527,-11.230,-28.809,-45.898,-52.734,0.000
1733122785.530,-14.648,-25.879,-41.992,-46.875,0.000
1733122785.534,-15.625,-17.090,-41.992,-55.176,0.000
1733122785.538,-23.438,-14.648,-45.898,-53.711,0.000
1733122785.542,-26.855,-20.996,-48.828,-61.523,0.000
1733122785.546,-21.973,-16.602,-48.828,-57.129,0.000
1733122785.550,-28.320,-8.789,-45.410,-49.316,0.000
1733122785.554,-28.809,-10.254,-41.504,-50.781,0.000
1733122785.558,-22.949,-7.812,-40.527,-41.992,0.000
1733122785.562,-25.879,-7.324,-33.203,-38.574,0.000
1733122785.565,-41.504,-14.160,-36.621,-46.875,0.000
1733122785.570,-42.480,-11.230,-40.527,-45.410,0.000
1733122785.573,-33.691,0.977,-39.551,-52.734,0.000
1733122785.577,-42.969,0.000,-44.922,-67.383,0.000
1733122785.581,-40.039,-0.488,-41.504,-43.457,0.000
1733122785.585,-39.062,-0.488,-34.180,-30.273,0.000
1733122785.589,-42.969,2.441,-35.645,-31.738,0.000
1733122785.593,-38.574,5.371,-37.598,-32.227,0.000
1733122785.597,-29.785,-3.418,-36.133,-37.598,0.000
1733122785.601,-19.531,-3.906,-36.621,-19.531,0.000
1733122785.605,-34.180,8.301,-37.109,-18.555,0.000
1733122785.608,-50.293,5.371,-36.621,-23.926,0.000
1733122785.612,-41.504,0.488,-33.203,-20.020,0.000
1733122785.616,-38.086,11.230,-35.156,-23.438,0.000
1733122785.620,-53.711,11.719,-32.227,-15.625,0.000
1733122785.624,-63.477,4.395,-29.785,-13.672,0.000
1733122785.628,-58.105,11.719,-35.645,-19.531,0.000
1733122785.632,-64.453,17.090,-33.691,-37.109,0.000
1733122785.636,-61.035,12.695,-31.250,-42.969,0.000
1733122785.640,-60.059,9.766,-26.855,-22.461,0.000
1733122785.644,-71.289,1.953,-27.832,-9.766,0.000
1733122785.648,-64.453,7.324,-34.180,-16.113,0.000
1733122785.651,-64.941,17.578,-36.621,-37.598,0.000
1733122785.655,-69.336,2.930,-42.969,-38.086,0.000
1733122785.659,-65.918,-5.371,-38.086,-35.645,0.000
1733122785.663,-59.570,3.418,-34.668,-41.016,0.000
1733122785.667,-54.199,9.277,-42.969,-24.902,0.000
1733122785.671,-55.176,0.488,-26.855,-0.488,0.000
1733122785.675,-58.594,-5.371,-23.926,-14.160,0.000
1733122785.679,-59.082,-5.859,-30.762,-13.184,0.000
1733122785.683,-50.781,-2.930,-27.344,-2.441,0.000
1733122785.687,-60.059,3.418,-32.715,-11.230,0.000
1733122785.691,-87.891,-2.930,-28.320,-19.043,0.000
1733122785.694,-82.031,2.930,-23.438,-12.695,0.000
1733122785.698,-64.453,10.742,-33.691,-14.160,0.000
1733122785.702,-55.176,8.789,-40.527,-11.230,0.000
1733122785.706,-67.871,12.695,-38.086,-19.531,0.000
1733122785.710,-89.355,14.160,-35.156,-33.691,0.000
1733122785.714,-87.402,17.090,-26.855,-22.949,0.000
1733122785.718,-62.988,27.344,-27.832,-12.207,0.000
1733122785.722,-58.105,35.645,-32.227,-15.137,0.000
1733122785.726,-64.453,45.898,-32.227,-17.090,0.000
1733122785.730,-65.918,52.734,-37.109,-34.180,0.000
1733122785.733,-55.664,59.082,-43.457,-36.133,0.000
1733122785.737,-47.852,58.594,-42.480,-23.438,0.000
1733122785.741,-44.922,62.500,-35.156,-24.414,0.000
1733122785.745,-34.668,75.684,-39.062,-21.973,0.000
1733122785.749,-34.180,82.031,-48.828,-28.809,0.000
1733122785.753,-38.574,94.238,-50.293,-33.203,0.000
1733122785.757,-36.133,99.609,-39.551,-22.461,0.000
1733122785.761,-29.297,95.703,-32.715,-8.301,0.000
1733122785.765,-30.762,104.004,-35.156,-10.742,0.000
1733122785.769,-36.621,112.793,-37.109,-27.344,0.000
1733122785.772,-41.016,109.375,-37.598,-29.785,0.000
1733122785.776,-49.316,95.703,-39.062,-25.391,0.000
1733122785.780,-39.062,89.844,-39.551,-20.020,0.000
1733122785.784,-41.992,98.633,-36.133,-12.695,0.000
1733122785.788,-70.312,96.191,-34.180,-21.484,0.000
1733122785.792,-74.219,80.566,-35.156,-24.902,0.000
1733122785.796,-61.523,69.336,-36.133,-25.879,0.000
1733122785.800,-50.781,69.824,-33.691,-22.949,0.000
1733122785.804,-56.152,67.871,-41.016,-26.855,0.000
1733122785.808,-71.289,63.965,-41.504,-31.738,0.000
1733122785.812,-66.406,59.082,-37.109,-28.320,0.000
1733122785.815,-49.805,58.105,-40.039,-27.344,0.000
1733122785.819,-39.062,54.199,-36.621,-17.090,0.000
1733122785.823,-36.133,37.598,-35.645,-8.301,0.000
1733122785.827,-36.133,38.574,-34.668,-14.160,0.000
1733122785.831,-35.645,39.551,-31.738,-27.344,0.000
1733122785.835,-38.574,21.484,-30.273,-29.297,0.000
1733122785.839,-34.180,1.465,-35.156,-9.766,0.000
1733122785.843,-25.391,-3.418,-37.598,6.348,0.000
1733122785.847,-38.574,0.977,-33.203,-17.090,0.000
1733122785.851,-47.363,-5.859,-35.645,-35.156,0.000
1733122785.855,-40.039,-17.578,-33.203,-21.484,0.000
1733122785.858,-30.762,-27.344,-28.320,-10.254,0.000
1733122785.862,-26.367,-34.180,-32.715,-13.672,0.000
1733122785.866,-43.945,-43.945,-32.715,-20.996,0.000
1733122785.870,-63.965,-59.570,-26.855,-34.668,0.000
1733122785.874,-57.129,-64.941,-32.227,-47.852,0.000
1733122785.878,-34.180,-60.547,-35.156,-35.645,0.000
1733122785.882,-11.719,-62.988,-34.668,-20.508,0.000
1733122785.886,-22.461,-60.547,-40.039,-33.691,0.000
1733122785.890,-32.715,-52.246,-39.062,-41.016,0.000
1733122785.894,-32.227,-58.105,-38.574,-31.738,0.000
1733122785.898,-38.574,-61.523,-34.180,-23.926,0.000
1733122785.901,-31.250,-55.664,-38.574,-17.090,0.000
1733122785.905,-41.504,-61.035,-46.875,-26.855,0.000
1733122785.909,-52.246,-57.129,-40.039,-31.738,0.000
1733122785.913,-41.016,-51.758,-36.621,-26.367,0.000
1733122785.917,-31.250,-58.594,-42.480,-28.320,0.000
1733122785.921,-30.762,-65.918,-38.574,-27.344,0.000
1733122785.925,-38.086,-64.941,-38.086,-34.668,0.000
1733122785.929,-42.969,-62.988,-40.039,-29.785,0.000
1733122785.933,-47.852,-64.453,-36.621,-19.531,0.000
1733122785.937,-43.457,-63.477,-35.156,-17.578,0.000
1733122785.940,-32.227,-66.895,-35.645,-19.043,0.000
1733122785.944,-35.645,-71.289,-41.992,-27.344,0.000
1733122785.948,-39.062,-61.523,-42.480,-26.367,0.000
1733122785.952,-32.715,-55.176,-35.156,-13.672,0.000
1733122785.956,-37.598,-63.477,-39.551,-20.020,0.000
1733122785.960,-39.062,-67.383,-48.340,-24.902,0.000
1733122785.964,-37.598,-67.383,-41.504,-13.672,0.000
1733122785.968,-41.016,-68.848,-36.133,-23.926,0.000
1733122785.972,-39.551,-66.406,-34.180,-26.367,0.000
1733122785.976,-43.457,-65.430,-28.809,-7.324,0.000
1733122785.980,-45.898,-58.105,-30.273,-10.742,0.000
1733122785.983,-43.945,-56.641,-35.156,-24.414,0.000
1733122785.987,-47.852,-60.547,-34.180,-22.949,0.000
1733122785.991,-51.758,-53.223,-41.016,-33.691,0.000
1733122785.995,-58.105,-52.246,-46.875,-39.551,0.000
1733122785.999,-43.457,-51.270,-42.969,-18.555,0.000
1733122786.003,-24.414,-47.852,-51.758,-14.648,0.000
1733122786.007,-43.457,-48.340,-54.688,-34.668,0.000
1733122786.011,-39.551,-44.434,-49.316,-31.738,0.000
1733122786.015,-5.371,-40.527,-43.457,-6.836,0.000
1733122786.019,-5.371,-52.246,-33.691,4.883,0.000
1733122786.022,-23.438,-60.547,-36.133,1.465,0.000
1733122786.026,-15.137,-47.363,-36.133,-5.371,0.000
1733122786.030,-16.602,-46.875,-31.738,-7.324,0.000
1733122786.034,-28.809,-55.664,-29.785,-11.230,0.000
1733122786.038,-13.672,-52.734,-36.621,-19.531,0.000
1733122786.042,-11.719,-49.316,-46.875,-20.020,0.000
1733122786.046,-24.414,-46.875,-49.316,-24.414,0.000
1733122786.050,-33.691,-49.316,-38.574,-29.785,0.000
1733122786.054,-33.691,-52.246,-38.574,-27.832,0.000
1733122786.058,-21.973,-54.199,-46.387,-28.320,0.000
1733122786.062,-23.926,-62.500,-42.969,-17.578,0.000
1733122786.065,-35.156,-59.082,-40.039,-12.207,0.000
1733122786.069,-46.875,-49.316,-42.480,-27.344,0.000
1733122786.073,-40.039,-50.781,-45.410,-32.715,0.000
1733122786.077,-33.691,-55.664,-47.363,-29.785,0.000
1733122786.081,-26.367,-62.012,-51.758,-20.996,0.000
1733122786.085,-20.996,-63.477,-49.805,-15.625,0.000
1733122786.089,-18.555,-58.105,-50.293,-19.043,0.000
1733122786.093,-19.043,-61.035,-49.805,-15.625,0.000
1733122786.097,-20.020,-68.359,-42.969,-4.883,0.000
1733122786.101,-1.953,-67.383,-41.992,3.906,0.000
1733122786.105,-1.953,-65.430,-42.969,5.371,0.000
1733122786.108,-11.230,-67.871,-44.434,-4.395,0.000
1733122786.112,-8.789,-62.988,-44.922,-9.277,0.000
1733122786.116,-4.395,-57.129,-41.016,-9.277,0.000
1733122786.120,-6.348,-66.895,-41.992,-1.953,0.000
1733122786.124,-12.207,-69.336,-43.457,5.859,0.000
1733122786.128,-16.602,-61.523,-44.434,0.977,0.000
1733122786.132,-23.926,-57.617,-41.992,1.953,0.000
1733122786.136,-17.090,-62.988,-39.062,3.418,0.000
1733122786.140,-12.695,-67.871,-38.086,3.418,0.000
1733122786.144,-28.809,-68.848,-39.551,5.859,0.000
1733122786.148,-34.668,-65.918,-41.016,-3.906,0.000
1733122786.151,-14.648,-60.547,-45.410,-8.301,0.000
1733122786.155,-15.137,-56.152,-43.457,2.441,0.000
1733122786.159,-30.762,-57.129,-39.062,3.906,0.000
1733122786.163,-19.531,-63.477,-50.293,-7.324,0.000
1733122786.167,-27.832,-61.035,-63.477,-26.855,0.000
1733122786.171,-36.621,-56.641,-68.359,-37.109,0.000
1733122786.175,-35.156,-58.105,-62.988,-36.621,0.000
1733122786.179,-34.668,-60.059,-58.594,-33.691,0.000
1733122786.183,-20.508,-60.547,-60.547,-29.785,0.000
1733122786.187,-28.809,-61.035,-60.547,-36.133,0.000
1733122786.191,-40.527,-60.547,-63.477,-44.434,0.000
1733122786.194,-29.785,-66.895,-57.129,-29.785,0.000
1733122786.198,-25.391,-75.684,-53.223,-12.695,0.000
1733122786.202,-30.762,-66.895,-58.594,-16.602,0.000
1733122786.206,-37.109,-52.734,-62.988,-30.762,0.000
1733122786.210,-44.922,-55.176,-67.383,-44.922,0.000
1733122786.214,-42.480,-55.664,-62.500,-34.668,0.000
1733122786.218,-31.738,-51.270,-61.523,-28.809,0.000
1733122786.222,-27.344,-47.852,-60.059,-35.156,0.000
1733122786.226,-35.645,-53.711,-58.594,-24.902,0.000
1733122786.230,-34.668,-60.547,-58.594,-17.578,0.000
1733122786.234,-29.297,-54.688,-51.270,-22.949,0.000
1733122786.237,-30.762,-48.828,-54.688,-27.344,0.000
1733122786.241,-22.461,-48.828,-61.035,-29.297,0.000
1733122786.245,-18.066,-56.152,-63.965,-25.391,0.000
1733122786.249,-29.297,-56.152,-62.500,-28.320,0.000
1733122786.253,-34.668,-52.734,-59.570,-29.297,0.000
1733122786.257,-26.855,-55.664,-58.105,-24.902,0.000
1733122786.261,-22.461,-56.641,-59.570,-27.344,0.000
1733122786.265,-27.344,-51.270,-62.988,-24.414,0.000
1733122786.269,-23.438,-50.293,-65.918,-32.227,0.000
1733122786.273,-26.855,-61.035,-63.477,-34.180,0.000
1733122786.277,-31.738,-64.941,-63.965,-21.484,0.000
1733122786.280,-33.691,-66.895,-67.871,-19.531,0.000
1733122786.284,-36.621,-66.406,-69.824,-22.461,0.000
1733122786.288,-45.898,-61.035,-69.336,-31.738,0.000
1733122786.292,-43.457,-56.641,-65.430,-35.156,0.000
1733122786.296,-28.809,-56.641,-62.988,-27.344,0.000
1733122786.300,-22.461,-60.059,-62.012,-29.297,0.000
1733122786.304,-35.156,-63.477,-62.500,-30.762,0.000
1733122786.308,-52.246,-59.570,-61.523,-28.809,0.000
1733122786.312,-54.688,-55.664,-49.316,-27.344,0.000
1733122786.315,-41.504,-59.082,-42.969,-23.438,0.000
1733122786.319,-31.738,-59.570,-43.945,-24.902,0.000
1733122786.323,-38.574,-63.477,-48.828,-32.227,0.000
1733122786.327,-58.594,-62.500,-53.223,-39.551,0.000
1733122786.331,-62.012,-58.105,-50.781,-33.203,0.000
1733122786.335,-54.199,-61.035,-48.828,-27.344,0.000
1733122786.339,-43.457,-59.570,-48.828,-29.785,0.000
1733122786.343,-30.273,-53.711,-52.246,-38.574,0.000
1733122786.347,-38.574,-56.641,-52.734,-44.434,0.000
1733122786.351,-38.086,-57.617,-44.922,-42.969,0.000
1733122786.355,-19.531,-48.828,-44.922,-37.109,0.000
1733122786.358,-19.531,-55.664,-53.711,-40.039,0.000
1733122786.362,-27.832,-63.477,-53.223,-38.086,0.000
1733122786.366,-32.227,-59.570,-48.340,-36.133,0.000
1733122786.370,-38.086,-58.594,-52.246,-39.062,0.000
1733122786.374,-35.645,-64.941,-49.316,-36.621,0.000
1733122786.378,-31.738,-64.453,-38.086,-23.926,0.000
1733122786.382,-21.973,-60.059,-37.109,-1.465,0.000
1733122786.386,-28.809,-66.895,-41.504,-10.254,0.000
1733122786.390,-49.316,-61.523,-41.016,-39.062,0.000
1733122786.394,-35.156,-54.688,-43.457,-28.320,0.000
1733122786.398,-20.508,-55.176,-45.898,-5.371,0.000
1733122786.401,-31.250,-50.781,-41.992,-18.066,0.000
1733122786.405,-46.387,-54.199,-38.574,-28.320,0.000
1733122786.409,-45.898,-51.758,-38.574,-24.414,0.000
1733122786.413,-30.762,-46.875,-37.598,-17.578,0.000
1733122786.417,-28.320,-45.410,-38.574,-12.207,0.000
1733122786.421,-24.414,-47.852,-34.668,-9.766,0.000
1733122786.425,-35.645,-49.805,-31.250,-3.418,0.000
1733122786.429,-54.688,-43.945,-36.133,-6.836,0.000
1733122786.433,-51.270,-38.574,-44.434,-20.508,0.000
1733122786.437,-39.062,-40.527,-51.270,-22.461,0.000
1733122786.440,-37.109,-46.875,-51.758,-22.949,0.000
1733122786.444,-55.664,-55.176,-50.293,-29.785,0.000
1733122786.448,-57.129,-52.734,-51.758,-32.715,0.000
1733122786.452,-52.734,-45.410,-51.270,-36.621,0.000
1733122786.456,-51.758,-41.504,-46.875,-38.574,0.000
1733122786.460,-42.480,-42.480,-45.410,-33.203,0.000
1733122786.464,-32.227,-42.969,-49.316,-35.156,0.000
1733122786.468,-38.086,-39.551,-49.805,-40.527,0.000
1733122786.472,-43.457,-40.527,-48.828,-37.109,0.000
1733122786.476,-27.832,-45.410,-48.340,-19.531,0.000
1733122786.480,-21.484,-47.363,-41.992,-20.508,0.000
1733122786.483,-39.062,-57.129,-44.922,-37.598,0.000
1733122786.487,-49.316,-60.547,-50.293,-32.715,0.000
1733122786.491,-46.387,-47.852,-50.781,-41.016,0.000
1733122786.495,-38.574,-47.363,-55.664,-47.852,0.000
1733122786.499,-30.273,-54.199,-55.664,-39.551,0.000
1733122786.503,-34.180,-57.617,-52.734,-35.156,0.000
1733122786.507,-48.828,-54.688,-46.875,-36.133,0.000
1733122786.511,-50.293,-56.641,-47.363,-34.668,0.000
1733122786.515,-39.551,-60.547,-48.340,-27.832,0.000
1733122786.519,-31.738,-59.082,-43.945,-24.414,0.000
1733122786.522,-27.344,-59.570,-48.828,-23.438,0.000
1733122786.526,-36.133,-64.453,-48.828,-33.203,0.000
1733122786.530,-37.598,-69.336,-48.828,-31.738,0.000
1733122786.534,-26.367,-66.406,-48.828,-23.926,0.000
1733122786.538,-22.461,-66.406,-47.363,-25.879,0.000
1733122786.542,-35.645,-76.660,-48.828,-38.086,0.000
1733122786.546,-39.062,-82.520,-48.828,-46.875,0.000
1733122786.550,-33.691,-86.426,-48.828,-40.039,0.000
1733122786.554,-32.715,-88.379,-45.898,-30.762,0.000
1733122786.558,-36.133,-89.844,-44.922,-38.086,0.000
1733122786.561,-35.645,-97.656,-52.734,-47.363,0.000
1733122786.565,-35.156,-103.027,-58.594,-44.922,0.000
1733122786.569,-39.551,-95.703,-55.176,-41.016,0.000
1733122786.573,-45.410,-90.820,-54.688,-47.363,0.000
1733122786.577,-42.969,-92.285,-58.105,-42.480,0.000
1733122786.581,-33.691,-90.332,-63.477,-27.832,0.000
1733122786.585,-41.992,-89.355,-61.035,-36.133,0.000
1733122786.589,-55.176,-90.332,-62.500,-49.805,0.000
1733122786.593,-58.105,-85.449,-62.012,-41.504,0.000
1733122786.597,-45.898,-77.637,-55.664,-33.203,0.000
1733122786.601,-27.344,-78.613,-55.664,-23.926,0.000
1733122786.604,-43.945,-75.684,-59.082,-38.574,0.000
1733122786.608,-51.270,-66.895,-56.152,-47.363,0.000
1733122786.612,-35.645,-67.871,-59.082,-37.109,0.000
1733122786.616,-34.668,-68.848,-63.477,-39.062,0.000
1733122786.620,-30.273,-65.430,-57.129,-30.273,0.000
1733122786.624,-23.926,-64.453,-51.270,-22.949,0.000
1733122786.628,-29.785,-63.965,-44.922,-26.855,0.000
1733122786.632,-38.574,-65.430,-43.457,-30.273,0.000
1733122786.636,-34.180,-63.477,-50.293,-28.809,0.000
1733122786.640,-23.438,-62.012,-48.828,-22.461,0.000
1733122786.643,-26.855,-65.918,-45.898,-27.832,0.000
1733122786.647,-41.016,-68.848,-46.875,-36.133,0.000
1733122786.651,-37.598,-62.988,-44.434,-25.879,0.000
1733122786.655,-38.086,-61.523,-41.504,-28.320,0.000
1733122786.659,-41.016,-69.336,-41.016,-30.273,0.000
1733122786.663,-30.762,-70.312,-49.316,-35.156,0.000
1733122786.667,-40.039,-66.895,-57.129,-46.875,0.000
1733122786.671,-62.500,-68.359,-51.270,-48.828,0.000
1733122786.675,-55.664,-70.312,-48.828,-43.945,0.000
1733122786.679,-38.086,-72.266,-52.246,-29.785,0.000
1733122786.683,-36.133,-70.312,-51.270,-22.949,0.000
1733122786.686,-51.758,-68.848,-48.828,-29.785,0.000
1733122786.690,-58.105,-67.871,-52.734,-31.738,0.000
1733122786.694,-41.504,-57.129,-50.293,-20.508,0.000
1733122786.698,-29.297,-56.641,-44.922,-8.301,0.000
1733122786.702,-26.855,-61.523,-55.176,-10.742,0.000
1733122786.706,-25.391,-60.059,-56.641,-15.625,0.000
1733122786.710,-32.227,-60.547,-56.152,-17.090,0.000
1733122786.714,-46.387,-61.523,-57.129,-21.484,0.000
1733122786.718,-38.574,-58.105,-58.105,-31.738,0.000
1733122786.722,-20.996,-59.570,-64.941,-32.227,0.000
1733122786.726,-39.551,-62.988,-62.988,-31.738,0.000
1733122786.729,-62.988,-56.152,-56.641,-42.480,0.000
1733122786.733,-44.434,-56.152,-54.688,-32.715,0.000
1733122786.737,-31.250,-64.453,-53.223,-25.391,0.000
1733122786.741,-40.527,-63.477,-60.547,-35.645,0.000
1733122786.745,-47.363,-58.594,-63.965,-37.109,0.000
1733122786.749,-56.641,-57.617,-63.965,-54.688,0.000
1733122786.753,-51.758,-61.035,-65.430,-65.918,0.000
1733122786.757,-39.551,-62.012,-58.594,-49.316,0.000
1733122786.761,-41.504,-64.453,-58.105,-43.945,0.000
1733122786.765,-46.387,-67.383,-55.664,-48.340,0.000
1733122786.768,-55.664,-67.383,-54.199,-45.898,0.000
1733122786.772,-52.246,-63.965,-51.758,-35.156,0.000
1733122786.776,-51.758,-62.012,-49.805,-37.598,0.000
1733122786.780,-47.363,-65.918,-49.805,-40.039,0.000
1733122786.784,-42.969,-63.477,-51.758,-31.250,0.000
1733122786.788,-43.945,-59.570,-55.176,-30.762,0.000
1733122786.792,-43.945,-56.641,-47.363,-33.691,0.000
1733122786.796,-42.480,-57.129,-49.316,-26.855,0.000
1733122786.800,-36.621,-60.547,-48.828,-25.879,0.000
1733122786.804,-33.691,-58.594,-41.016,-36.133,0.000
1733122786.808,-36.621,-55.664,-41.992,-41.992,0.000
1733122786.811,-34.180,-56.641,-43.945,-40.527,0.000
1733122786.815,-23.438,-52.734,-43.457,-32.227,0.000
1733122786.819,-17.090,-46.875,-48.340,-40.527,0.000
1733122786.823,-12.695,-49.316,-57.129,-46.875,0.000
1733122786.827,-20.508,-52.734,-56.152,-42.969,0.000
1733122786.831,-30.762,-55.664,-49.805,-41.504,0.000
1733122786.835,-30.273,-50.293,-48.340,-36.133,0.000
1733122786.839,-30.762,-46.387,-53.223,-26.855,0.000
1733122786.843,-30.273,-57.617,-48.340,-20.996,0.000
1733122786.847,-47.852,-60.547,-39.062,-31.738,0.000
1733122786.851,-57.129,-49.316,-42.480,-42.969,0.000
1733122786.854,-45.410,-44.434,-50.781,-37.109,0.000
1733122786.858,-41.992,-51.270,-53.711,-27.344,0.000
1733122786.862,-49.805,-53.223,-46.387,-31.738,0.000
1733122786.866,-59.082,-42.480,-44.434,-50.293,0.000
1733122786.870,-59.082,-36.621,-47.363,-50.781,0.000
1733122786.874,-53.711,-45.410,-50.293,-38.086,0.000
1733122786.878,-42.969,-51.758,-51.758,-35.156,0.000
1733122786.882,-39.062,-50.293,-48.828,-35.156,0.000
1733122786.886,-50.781,-53.711,-48.340,-41.992,0.000
1733122786.890,-62.988,-54.688,-48.340,-44.434,0.000
1733122786.893,-56.152,-47.852,-43.945,-28.320,0.000
1733122786.897,-44.434,-47.852,-43.945,-33.203,0.000
1733122786.901,-35.645,-53.223,-48.340,-41.504,0.000
1733122786.905,-41.504,-49.805,-50.781,-35.156,0.000
1733122786.909,-51.270,-43.945,-41.016,-30.273,0.000
1733122786.913,-47.363,-46.387,-38.086,-29.297,0.000
1733122786.917,-45.410,-54.199,-44.922,-38.574,0.000
1733122786.921,-32.715,-53.711,-45.410,-32.715,0.000
1733122786.925,-35.156,-52.246,-43.945,-34.668,0.000
1733122786.929,-58.594,-56.641,-40.527,-46.875,0.000
1733122786.932,-49.316,-55.664,-41.504,-35.645,0.000
1733122786.936,-37.109,-51.758,-45.410,-35.156,0.000
1733122786.940,-42.480,-50.293,-45.898,-42.480,0.000
1733122786.944,-38.086,-47.852,-44.922,-38.574,0.000
1733122786.948,-42.480,-44.922,-40.039,-36.621,0.000
1733122786.952,-48.828,-43.945,-35.645,-29.297,0.000
1733122786.956,-43.457,-45.898,-33.203,-27.344,0.000
1733122786.960,-38.086,-47.852,-41.504,-35.156,0.000
1733122786.964,-38.574,-51.270,-47.852,-33.691,0.000
1733122786.968,-43.945,-48.340,-44.922,-33.203,0.000
1733122786.971,-50.781,-44.922,-44.434,-38.574,0.000
1733122786.975,-54.688,-51.758,-41.504,-36.621,0.000
1733122786.979,-47.363,-59.082,-34.668,-37.109,0.000
1733122786.983,-42.480,-59.082,-37.598,-43.945,0.000
1733122786.987,-47.363,-55.664,-41.504,-51.270,0.000
1733122786.991,-44.434,-60.059,-41.016,-41.992,0.000
1733122786.995,-36.621,-62.500,-35.645,-24.414,0.000
1733122786.999,-21.973,-61.035,-32.227,-22.461,0.000
1733122787.003,-27.344,-64.453,-31.250,-29.297,0.000
1733122787.007,-45.898,-70.801,-29.785,-28.320,0.000
1733122787.011,-43.457,-77.148,-29.297,-23.926,0.000
1733122787.014,-30.273,-69.824,-24.414,-21.973,0.000
1733122787.018,-23.926,-62.988,-28.809,-26.367,0.000
1733122787.022,-31.250,-65.918,-36.133,-39.551,0.000
1733122787.026,-44.922,-63.965,-30.273,-48.828,0.000
1733122787.030,-49.805,-60.059,-28.809,-41.016,0.000
1733122787.034,-49.316,-55.176,-30.762,-40.527,0.000
1733122787.038,-49.805,-58.594,-33.203,-45.898,0.000
1733122787.042,-51.758,-64.453,-33.691,-48.828,0.000
1733122787.046,-53.223,-57.617,-38.086,-52.246,0.000
1733122787.050,-57.129,-53.711,-38.086,-47.852,0.000
1733122787.054,-52.246,-57.617,-34.180,-32.715,0.000
1733122787.057,-43.457,-56.152,-35.156,-25.879,0.000
1733122787.061,-52.246,-55.176,-38.086,-48.828,0.000
1733122787.065,-50.781,-60.059,-40.039,-49.805,0.000
1733122787.069,-41.992,-51.758,-41.504,-33.691,0.000
1733122787.073,-40.039,-47.852,-43.457,-36.621,0.000
1733122787.077,-37.109,-53.711,-42.969,-46.387,0.000
1733122787.081,-33.203,-58.105,-43.945,-49.316,0.000
1733122787.085,-32.227,-50.293,-47.852,-43.945,0.000
1733122787.089,-32.715,-41.992,-48.340,-38.574,0.000
1733122787.093,-32.715,-42.480,-45.410,-36.133,0.000
1733122787.097,-29.297,-43.945,-41.992,-32.715,0.000
1733122787.100,-23.438,-49.805,-41.016,-25.391,0.000
1733122787.104,-26.855,-49.316,-41.992,-26.855,0.000
1733122787.108,-32.227,-42.969,-37.109,-26.367,0.000
1733122787.112,-32.227,-38.086,-42.480,-23.926,0.000
1733122787.116,-28.320,-36.621,-49.805,-24.414,0.000
1733122787.120,-18.555,-37.598,-50.293,-20.996,0.000
1733122787.124,-23.438,-41.504,-42.480,-27.344,0.000
1733122787.128,-45.410,-44.434,-38.574,-42.969,0.000
1733122787.132,-50.293,-41.992,-45.898,-45.898,0.000
1733122787.136,-39.551,-46.387,-49.805,-36.133,0.000
1733122787.139,-26.367,-48.828,-47.363,-35.645,0.000
1733122787.143,-31.250,-54.199,-47.363,-49.805,0.000
1733122787.147,-53.223,-55.176,-48.828,-48.828,0.000
1733122787.151,-59.082,-44.434,-44.434,-44.434,0.000
1733122787.155,-47.363,-42.480,-43.457,-44.434,0.000
1733122787.159,-35.156,-44.922,-40.527,-41.016,0.000
1733122787.163,-36.621,-43.457,-34.668,-42.480,0.000
1733122787.167,-54.199,-43.457,-38.086,-52.246,0.000
1733122787.171,-60.547,-43.457,-44.922,-50.293,0.000
1733122787.175,-49.805,-42.480,-44.922,-36.621,0.000
1733122787.179,-42.969,-42.480,-45.410,-34.180,0.000
1733122787.182,-41.992,-46.387,-44.922,-43.457,0.000
1733122787.186,-39.062,-47.852,-42.480,-35.156,0.000
1733122787.190,-40.527,-42.480,-37.109,-21.484,0.000
1733122787.194,-32.227,-41.504,-30.762,-22.949,0.000
1733122787.198,-15.137,-46.387,-28.809,-17.090,0.000
1733122787.202,-10.742,-48.828,-29.297,-17.578,0.000
1733122787.206,-29.297,-51.758,-38.086,-33.691,0.000
1733122787.210,-45.898,-44.434,-43.945,-35.645,0.000
1733122787.214,-39.551,-38.086,-40.527,-29.297,0.000
1733122787.218,-27.344,-41.992,-38.086,-29.785,0.000
1733122787.221,-30.273,-47.363,-39.062,-39.062,0.000
1733122787.225,-43.945,-44.922,-41.504,-46.387,0.000
1733122787.229,-52.246,-39.062,-40.527,-54.199,0.000
1733122787.233,-44.434,-42.969,-41.016,-45.410,0.000
1733122787.237,-42.969,-41.016,-39.551,-36.133,0.000
1733122787.241,-48.340,-36.621,-39.062,-50.781,0.000
1733122787.245,-53.223,-38.086,-40.039,-61.523,0.000
1733122787.249,-61.523,-37.598,-38.086,-58.105,0.000
1733122787.253,-58.105,-38.086,-41.992,-47.852,0.000
1733122787.257,-58.105,-39.551,-43.457,-44.922,0.000
1733122787.261,-48.828,-39.062,-43.945,-45.898,0.000
1733122787.264,-41.504,-37.109,-45.410,-46.387,0.000
1733122787.268,-47.363,-33.203,-44.434,-45.898,0.000
1733122787.272,-40.039,-28.320,-42.969,-38.086,0.000
1733122787.276,-26.855,-32.227,-47.363,-29.297,0.000
1733122787.280,-17.578,-41.016,-50.781,-33.691,0.000
1733122787.284,-20.020,-41.016,-47.852,-40.527,0.000
1733122787.288,-33.203,-38.574,-44.434,-37.598,0.000
1733122787.292,-33.203,-42.480,-43.457,-20.020,0.000
1733122787.296,-24.902,-48.340,-44.434,-4.395,0.000
1733122787.299,-28.320,-49.316,-47.852,-14.160,0.000
1733122787.304,-34.180,-47.852,-51.270,-31.250,0.000
1733122787.307,-42.969,-47.363,-52.734,-26.855,0.000
1733122787.311,-43.945,-42.969,-46.387,-20.020,0.000
1733122787.315,-38.574,-41.504,-39.551,-25.391,0.000
1733122787.319,-46.875,-45.410,-45.898,-40.039,0.000
1733122787.323,-48.828,-53.711,-57.129,-43.945,0.000
1733122787.327,-56.152,-53.711,-59.570,-44.922,0.000
1733122787.331,-61.035,-43.945,-49.805,-50.293,0.000
1733122787.335,-53.711,-40.039,-51.270,-47.363,0.000
1733122787.339,-49.316,-44.922,-60.059,-41.992,0.000
1733122787.342,-52.734,-43.945,-56.641,-47.363,0.000
1733122787.346,-62.012,-39.062,-47.363,-55.176,0.000
1733122787.350,-65.918,-39.551,-49.316,-48.340,0.000
1733122787.354,-51.270,-45.410,-54.688,-40.527,0.000
1733122787.358,-57.129,-44.922,-53.223,-49.805,0.000
1733122787.362,-63.965,-37.598,-52.734,-60.547,0.000
1733122787.366,-58.105,-38.086,-51.270,-49.805,0.000
1733122787.370,-53.223,-34.668,-52.734,-38.086,0.000
1733122787.374,-53.223,-35.645,-51.270,-38.574,0.000
1733122787.378,-54.199,-35.156,-48.828,-40.527,0.000
1733122787.382,-41.992,-37.109,-57.129,-39.551,0.000
1733122787.385,-44.922,-46.387,-67.871,-41.992,0.000
1733122787.389,-52.246,-37.109,-57.129,-43.945,0.000
1733122787.393,-43.457,-30.273,-43.457,-38.574,0.000
1733122787.397,-35.645,-30.762,-47.363,-34.668,0.000
1733122787.401,-30.762,-33.203,-47.363,-39.062,0.000
1733122787.405,-41.016,-32.227,-49.316,-48.340,0.000
1733122787.409,-56.641,-26.367,-56.641,-57.617,0.000
1733122787.413,-49.805,-33.691,-56.152,-49.316,0.000
1733122787.417,-41.016,-40.527,-52.246,-41.992,0.000
1733122787.421,-35.645,-37.109,-53.223,-43.457,0.000
1733122787.425,-38.086,-32.227,-53.711,-55.176,0.000
1733122787.428,-55.664,-32.227,-53.223,-57.617,0.000
1733122787.432,-53.711,-33.691,-54.199,-35.156,0.000
1733122787.436,-45.410,-29.297,-52.246,-34.180,0.000
1733122787.440,-41.992,-33.691,-49.316,-43.457,0.000
1733122787.444,-41.016,-39.062,-47.363,-43.945,0.000
1733122787.448,-51.270,-35.645,-45.410,-40.039,0.000
1733122787.452,-55.176,-39.551,-43.457,-35.645,0.000
1733122787.456,-44.922,-45.410,-44.434,-32.227,0.000
1733122787.460,-31.250,-43.457,-43.945,-30.273,0.000
1733122787.464,-32.715,-45.410,-44.434,-28.809,0.000
1733122787.468,-45.898,-41.504,-37.598,-31.738,0.000
1733122787.471,-41.016,-36.621,-39.551,-28.809,0.000
1733122787.475,-28.320,-38.086,-43.457,-20.020,0.000
1733122787.479,-22.949,-30.762,-34.668,-16.602,0.000
1733122787.483,-24.414,-32.227,-36.133,-26.855,0.000
1733122787.487,-36.133,-38.086,-41.992,-34.180,0.000
1733122787.491,-32.227,-31.250,-37.598,-26.855,0.000
1733122787.495,-21.973,-26.855,-36.621,-23.926,0.000
1733122787.499,-21.484,-33.691,-33.203,-22.949,0.000
1733122787.503,-30.273,-40.039,-37.598,-28.320,0.000
1733122787.507,-39.551,-41.992,-41.016,-37.109,0.000
1733122787.511,-39.062,-38.574,-33.691,-28.320,0.000
1733122787.514,-37.598,-38.574,-34.668,-25.879,0.000
1733122787.518,-31.250,-51.758,-30.762,-23.438,0.000
1733122787.522,-31.738,-51.270,-28.809,-22.461,0.000
1733122787.526,-47.852,-38.086,-37.109,-39.062,0.000
1733122787.530,-49.805,-36.133,-44.922,-39.551,0.000
1733122787.534,-40.527,-37.109,-47.852,-32.227,0.000
1733122787.538,-32.715,-40.039,-45.898,-31.738,0.000
1733122787.542,-26.855,-40.527,-41.504,-32.715,0.000
1733122787.546,-32.227,-39.062,-45.410,-32.715,0.000
1733122787.550,-32.227,-35.156,-47.363,-23.438,0.000
1733122787.553,-24.902,-31.738,-38.086,-17.090,0.000
1733122787.557,-20.508,-34.668,-35.645,-24.414,0.000
1733122787.561,-23.926,-38.574,-43.457,-28.809,0.000
1733122787.565,-31.250,-39.551,-44.434,-23.926,0.000
1733122787.569,-34.180,-32.715,-36.133,-23.438,0.000
1733122787.573,-40.039,-33.203,-35.156,-31.250,0.000
1733122787.577,-26.855,-33.691,-36.133,-26.367,0.000
1733122787.581,-17.578,-32.227,-36.621,-29.297,0.000
1733122787.585,-29.297,-36.133,-37.598,-37.109,0.000
1733122787.589,-41.016,-35.156,-35.156,-32.715,0.000
1733122787.593,-48.340,-39.062,-36.133,-36.621,0.000
1733122787.596,-48.828,-43.457,-40.039,-36.133,0.000
1733122787.600,-40.527,-37.109,-39.551,-32.715,0.000
1733122787.604,-38.574,-33.691,-40.527,-33.691,0.000
1733122787.608,-52.246,-36.621,-42.480,-32.227,0.000
1733122787.612,-64.941,-32.227,-44.434,-35.156,0.000
1733122787.616,-67.871,-23.926,-46.875,-42.480,0.000
1733122787.620,-62.500,-33.691,-47.852,-42.969,0.000
1733122787.624,-56.152,-40.039,-46.387,-41.016,0.000
1733122787.628,-56.152,-32.715,-42.969,-41.016,0.000
1733122787.632,-54.199,-25.391,-43.457,-41.504,0.000
1733122787.635,-44.922,-30.273,-42.969,-39.551,0.000
1733122787.639,-35.156,-28.809,-42.480,-31.738,0.000
1733122787.643,-29.785,-23.926,-39.551,-21.484,0.000
1733122787.647,-32.715,-28.320,-35.156,-14.648,0.000
1733122787.651,-40.039,-37.598,-34.180,-17.578,0.000
1733122787.655,-36.621,-39.551,-30.273,-18.555,0.000
1733122787.659,-18.066,-29.297,-25.879,-18.066,0.000
1733122787.663,-12.207,-29.785,-29.297,-20.508,0.000
1733122787.667,-27.344,-35.645,-26.367,-23.438,0.000
1733122787.671,-41.504,-31.738,-20.508,-25.879,0.000
1733122787.674,-40.039,-26.367,-26.855,-27.344,0.000
1733122787.678,-33.691,-27.344,-29.785,-34.180,0.000
1733122787.682,-32.715,-32.715,-29.297,-33.691,0.000
1733122787.686,-42.480,-37.109,-30.273,-34.180,0.000
1733122787.690,-55.176,-34.180,-31.250,-42.969,0.000
1733122787.694,-54.199,-34.180,-34.668,-49.805,0.000
1733122787.698,-37.598,-34.668,-29.785,-37.598,0.000
1733122787.702,-32.227,-31.250,-26.367,-27.832,0.000
1733122787.706,-41.504,-33.691,-26.367,-34.180,0.000
1733122787.710,-50.293,-32.227,-22.461,-41.504,0.000
1733122787.713,-55.176,-33.203,-20.020,-39.551,0.000
1733122787.717,-52.734,-31.250,-20.996,-29.785,0.000
1733122787.721,-45.410,-23.438,-22.949,-35.156,0.000
1733122787.725,-42.969,-32.227,-20.508,-37.598,0.000
1733122787.729,-41.992,-30.273,-15.625,-31.738,0.000
1733122787.733,-28.320,-28.809,-19.531,-29.785,0.000
1733122787.737,-24.414,-41.504,-29.785,-28.809,0.000
1733122787.741,-16.602,-48.340,-35.156,-25.879,0.000
1733122787.745,-15.625,-46.875,-33.203,-22.461,0.000
1733122787.749,-31.250,-39.062,-37.109,-20.996,0.000
1733122787.753,-30.762,-34.668,-32.227,-14.648,0.000
1733122787.756,-20.996,-36.133,-23.438,-8.301,0.000
1733122787.760,-21.484,-41.016,-25.879,-9.766,0.000
1733122787.764,-30.273,-38.086,-32.227,-21.484,0.000
1733122787.768,-38.574,-29.297,-33.203,-33.691,0.000
1733122787.772,-40.039,-28.809,-25.391,-30.762,0.000
1733122787.776,-37.109,-39.551,-21.484,-26.367,0.000
1733122787.780,-33.691,-40.527,-23.438,-28.320,0.000
1733122787.784,-38.086,-36.133,-24.902,-37.109,0.000
1733122787.788,-46.387,-32.715,-31.738,-47.363,0.000
1733122787.792,-49.316,-27.344,-31.250,-49.316,0.000
1733122787.796,-51.270,-34.668,-33.203,-45.410,0.000
1733122787.799,-42.969,-40.039,-38.086,-41.504,0.000
1733122787.803,-39.062,-45.898,-37.598,-28.809,0.000
1733122787.807,-50.293,-43.945,-35.645,-30.762,0.000
1733122787.811,-56.152,-32.227,-33.691,-42.969,0.000
1733122787.815,-56.152,-37.598,-34.668,-41.992,0.000
1733122787.819,-53.711,-37.598,-31.738,-47.852,0.000
1733122787.823,-55.664,-33.691,-30.273,-42.969,0.000
1733122787.827,-57.129,-33.203,-26.855,-31.738,0.000
1733122787.831,-49.805,-37.109,-31.250,-37.109,0.000
1733122787.835,-35.645,-35.156,-35.645,-38.086,0.000
1733122787.839,-18.555,-25.391,-22.461,-26.855,0.000
1733122787.842,-14.160,-23.926,-19.531,-25.391,0.000
1733122787.846,-19.043,-24.902,-20.508,-20.020,0.000
1733122787.850,-20.996,-20.020,-11.719,-16.602,0.000
1733122787.854,-18.066,-15.625,-12.695,-23.926,0.000
1733122787.858,-12.207,-19.531,-15.625,-26.367,0.000
1733122787.862,-13.672,-24.902,-15.625,-28.809,0.000
1733122787.866,-24.902,-28.809,-20.020,-40.039,0.000
1733122787.870,-30.273,-26.367,-20.996,-43.945,0.000
1733122787.874,-30.273,-25.879,-19.043,-39.062,0.000
1733122787.878,-27.344,-35.645,-21.484,-36.621,0.000
1733122787.882,-24.414,-37.109,-27.344,-34.180,0.000
1733122787.885,-32.227,-33.691,-29.297,-36.133,0.000
1733122787.889,-36.133,-30.762,-24.902,-34.180,0.000
1733122787.893,-37.598,-38.574,-25.391,-30.762,0.000
1733122787.897,-37.109,-41.992,-26.367,-32.715,0.000
1733122787.901,-28.809,-30.762,-29.297,-37.598,0.000
1733122787.905,-41.992,-33.203,-32.227,-42.969,0.000
1733122787.909,-62.988,-38.086,-28.320,-44.434,0.000
1733122787.913,-61.523,-34.668,-25.879,-45.898,0.000
1733122787.917,-50.293,-33.203,-26.855,-42.969,0.000
1733122787.921,-37.109,-33.203,-35.156,-35.156,0.000
1733122787.924,-40.039,-38.086,-39.551,-41.992,0.000
1733122787.928,-52.734,-38.574,-31.738,-49.805,0.000
1733122787.932,-42.969,-35.645,-28.809,-42.969,0.000
1733122787.936,-27.344,-39.551,-31.738,-35.156,0.000
1733122787.940,-24.414,-43.457,-29.297,-27.832,0.000
1733122787.944,-29.785,-37.109,-24.902,-31.250,0.000
1733122787.948,-31.738,-28.320,-28.809,-32.715,0.000
1733122787.952,-25.391,-25.879,-28.320,-23.926,0.000
1733122787.956,-21.973,-21.484,-21.973,-20.996,0.000
1733122787.960,-9.766,-21.484,-23.438,-19.531,0.000
1733122787.964,-11.230,-27.832,-33.691,-24.902,0.000
1733122787.967,-33.691,-30.762,-31.250,-26.855,0.000
1733122787.971,-40.039,-22.949,-21.973,-19.043,0.000
1733122787.975,-29.785,-23.438,-26.367,-25.391,0.000
1733122787.979,-25.879,-33.691,-33.691,-31.738,0.000
1733122787.983,-30.762,-35.156,-35.645,-28.320,0.000
1733122787.987,-44.922,-33.203,-31.738,-29.785,0.000
1733122787.991,-51.270,-23.438,-26.367,-36.621,0.000
1733122787.995,-42.480,-22.461,-25.391,-35.645,0.000
1733122787.999,-39.062,-33.203,-33.203,-30.273,0.000
1733122788.002,-36.133,-32.227,-32.227,-36.621,0.000
1733122788.006,-47.852,-28.809,-25.391,-44.922,0.000
1733122788.010,-59.082,-30.273,-25.879,-40.527,0.000
1733122788.014,-57.129,-33.691,-27.344,-37.598,0.000
1733122788.018,-55.664,-34.668,-29.297,-38.086,0.000
1733122788.022,-45.898,-32.715,-33.203,-38.086,0.000
1733122788.026,-46.875,-29.785,-32.227,-38.574,0.000
1733122788.030,-49.316,-25.391,-23.926,-31.738,0.000
1733122788.034,-44.434,-19.531,-21.484,-29.297,0.000
1733122788.038,-35.645,-19.531,-24.414,-28.320,0.000
1733122788.042,-29.785,-26.367,-22.949,-26.855,0.000
1733122788.045,-35.156,-27.344,-19.531,-30.273,0.000
1733122788.049,-35.645,-20.508,-17.090,-32.715,0.000
1733122788.053,-29.297,-19.043,-20.508,-28.320,0.000
1733122788.057,-20.996,-26.855,-26.855,-20.996,0.000
1733122788.061,-20.508,-27.832,-33.203,-22.949,0.000
1733122788.065,-25.391,-21.484,-37.598,-34.668,0.000
1733122788.069,-23.438,-20.508,-37.109,-36.621,0.000
1733122788.073,-20.020,-20.508,-35.156,-24.902,0.000
1733122788.077,-22.461,-21.484,-34.180,-26.367,0.000
1733122788.081,-26.855,-20.508,-31.738,-36.133,0.000
1733122788.085,-33.691,-20.020,-33.691,-41.504,0.000
1733122788.088,-40.527,-29.785,-38.086,-37.598,0.000
1733122788.092,-51.270,-28.320,-37.598,-32.715,0.000
1733122788.096,-50.781,-20.020,-37.598,-41.016,0.000
1733122788.100,-43.457,-27.344,-39.551,-41.992,0.000
1733122788.104,-47.363,-32.227,-39.062,-43.945,0.000
1733122788.108,-52.246,-26.855,-35.645,-46.387,0.000
1733122788.112,-57.129,-26.367,-33.691,-35.645,0.000
1733122788.116,-46.387,-27.344,-40.039,-26.367,0.000
1733122788.120,-27.832,-32.227,-38.574,-17.090,0.000
1733122788.124,-27.344,-39.062,-32.227,-18.555,0.000
1733122788.128,-38.086,-33.691,-31.250,-28.809,0.000
1733122788.131,-38.086,-29.785,-26.855,-20.020,0.000
1733122788.135,-27.832,-29.785,-29.785,-10.742,0.000
1733122788.139,-19.043,-26.855,-37.109,-17.578,0.000
1733122788.143,-20.508,-26.367,-40.527,-24.414,0.000
1733122788.147,-27.832,-24.414,-41.992,-23.926,0.000
1733122788.151,-34.668,-27.344,-41.504,-22.461,0.000
1733122788.155,-28.320,-24.902,-39.551,-20.508,0.000
1733122788.159,-18.066,-25.879,-44.434,-20.020,0.000
1733122788.163,-21.484,-32.715,-49.805,-25.879,0.000
1733122788.167,-27.832,-30.273,-47.363,-31.738,0.000
1733122788.171,-33.691,-27.832,-43.945,-37.598,0.000
1733122788.174,-32.715,-23.438,-43.457,-37.109,0.000
1733122788.178,-23.926,-23.438,-46.875,-39.551,0.000
1733122788.182,-18.066,-24.414,-45.410,-40.039,0.000
1733122788.186,-31.738,-15.625,-38.086,-40.527,0.000
1733122788.190,-46.387,-19.531,-37.598,-40.527,0.000
1733122788.194,-41.992,-22.949,-36.621,-32.715,0.000
1733122788.198,-31.250,-15.625,-34.180,-30.762,0.000
1733122788.202,-33.691,-20.508,-40.527,-39.551,0.000
1733122788.206,-53.223,-29.297,-39.551,-48.340,0.000
1733122788.210,-71.289,-29.297,-32.227,-48.340,0.000
1733122788.213,-62.988,-29.785,-34.668,-31.738,0.000
1733122788.217,-49.805,-25.391,-33.691,-22.949,0.000
1733122788.221,-36.133,-23.438,-32.715,-24.902,0.000
1733122788.225,-26.855,-27.832,-38.574,-19.531,0.000
1733122788.229,-43.457,-21.973,-37.109,-22.949,0.000
1733122788.233,-41.992,-16.602,-36.133,-24.414,0.000
1733122788.237,-38.086,-24.902,-43.945,-23.926,0.000
1733122788.241,-36.133,-25.391,-44.434,-33.203,0.000
1733122788.245,-35.156,-22.949,-47.852,-44.434,0.000
1733122788.249,-46.387,-18.066,-44.922,-39.551,0.000
1733122788.253,-44.922,-17.090,-37.598,-26.855,0.000
1733122788.256,-45.898,-15.137,-40.039,-26.855,0.000
1733122788.260,-44.922,-16.113,-44.434,-37.598,0.000
1733122788.264,-42.480,-23.926,-43.945,-37.109,0.000
1733122788.268,-53.223,-26.855,-41.016,-27.832,0.000
1733122788.272,-54.688,-26.855,-40.527,-27.344,0.000
1733122788.276,-53.711,-20.508,-37.109,-34.668,0.000
1733122788.280,-54.199,-20.020,-38.086,-41.504,0.000
1733122788.284,-51.270,-18.555,-43.457,-48.828,0.000
1733122788.288,0.000,-13.184,-47.852,-54.199,0.000
1733122788.292,0.000,-9.277,-43.945,-56.641,0.000
1733122788.296,0.000,-10.742,-39.551,-63.477,0.000
1733122788.299,0.000,-10.742,-41.504,-58.594,0.000
1733122788.303,0.000,-10.742,-39.062,-56.152,0.000
1733122788.307,0.000,-11.230,-36.133,-49.805,0.000
1733122788.311,0.000,-10.254,-38.574,-46.875,0.000
1733122788.315,0.000,-7.324,-40.527,-46.875,0.000
1733122788.319,0.000,-4.395,-36.133,-37.109,0.000
1733122788.323,0.000,-12.695,-33.691,-33.691,0.000
1733122788.327,0.000,-14.648,-28.320,-33.203,0.000
1733122788.331,0.000,-9.277,-31.738,-38.086,0.000
1733122788.335,-32.715,-6.348,-31.250,-38.574,0.000
1733122788.338,-13.184,-7.324,-26.367,-28.809,0.000
1733122788.342,-11.719,-13.184,-32.715,-24.414,0.000
1733122788.346,-22.949,-12.695,-35.645,-31.250,0.000
1733122788.350,-33.691,-9.766,-34.180,-35.645,0.000
1733122788.354,-33.691,-8.301,-33.691,-32.715,0.000
1733122788.358,-29.297,-17.090,-36.133,-27.344,0.000
1733122788.362,-18.066,-21.973,-34.180,-20.508,0.000
1733122788.366,-24.902,-11.230,-26.367,-30.762,0.000
1733122788.370,-42.969,-8.789,-25.391,-37.598,0.000
1733122788.374,-41.504,-9.277,-27.344,-28.320,0.000
1733122788.377,-34.668,-13.672,-25.391,-28.809,0.000
1733122788.381,-24.902,-17.578,-28.809,-30.762,0.000
1733122788.385,-30.273,-16.602,-33.203,-33.203,0.000
1733122788.389,-54.688,-17.090,-31.250,-41.016,0.000
1733122788.393,-62.012,-18.555,-27.832,-43.457,0.000
1733122788.397,-55.664,-20.020,-29.785,-39.062,0.000
1733122788.401,-38.574,-22.949,-30.762,-22.461,0.000
1733122788.405,-35.156,-26.367,-27.832,-22.949,0.000
1733122788.409,-54.199,-19.531,-30.273,-32.227,0.000
1733122788.413,-60.059,-8.789,-29.297,-30.273,0.000
1733122788.416,-49.316,-13.672,-30.273,-28.320,0.000
1733122788.420,-28.320,-19.043,-33.691,-21.484,0.000
1733122788.424,-27.344,-17.578,-36.621,-26.367,0.000
1733122788.428,-38.574,-17.090,-36.621,-37.109,0.000
1733122788.432,-32.715,-16.602,-31.250,-29.785,0.000
1733122788.436,-20.508,-14.160,-25.391,-14.160,0.000
1733122788.440,-13.672,-20.020,-28.809,-14.160,0.000
1733122788.444,-12.695,-22.461,-30.762,-23.926,0.000
1733122788.448,-23.926,-22.949,-27.344,-27.344,0.000
1733122788.452,-40.527,-25.391,-33.203,-34.668,0.000
1733122788.456,-35.156,-20.996,-35.156,-32.227,0.000
1733122788.459,-24.414,-23.926,-36.621,-31.738,0.000
1733122788.463,-21.973,-30.273,-37.598,-31.250,0.000
1733122788.467,-27.344,-21.484,-34.180,-31.250,0.000
1733122788.471,-39.062,-17.090,-36.621,-41.992,0.000
1733122788.475,-40.527,-19.531,-35.645,-41.992,0.000
1733122788.479,-30.273,-21.484,-33.203,-34.180,0.000
1733122788.483,-20.996,-21.973,-34.668,-35.156,0.000
1733122788.487,-26.367,-16.113,-33.203,-40.527,0.000
1733122788.491,-44.434,-18.066,-29.297,-47.363,0.000
1733122788.495,-56.641,-25.879,-35.156,-49.805,0.000
1733122788.499,-45.410,-24.414,-32.227,-37.598,0.000
1733122788.502,-29.785,-23.926,-29.297,-27.832,0.000
1733122788.506,-35.645,-27.344,-35.156,-28.320,0.000
1733122788.510,-46.387,-25.391,-27.832,-24.902,0.000
1733122788.514,-45.898,-19.531,-21.484,-30.273,0.000
1733122788.518,-37.598,-22.461,-21.973,-30.273,0.000
1733122788.522,-21.973,-25.879,-22.949,-19.531,0.000
1733122788.526,-25.391,-22.949,-24.414,-25.391,0.000
1733122788.530,-41.016,-15.625,-29.297,-29.785,0.000
1733122788.534,-41.016,-13.672,-34.668,-20.996,0.000
1733122788.538,-31.738,-17.578,-34.668,-15.625,0.000
1733122788.542,-12.207,-22.949,-35.156,-12.207,0.000
1733122788.545,-12.207,-26.367,-33.691,-19.531,0.000
1733122788.549,-29.785,-22.949,-31.738,-32.227,0.000
1733122788.553,-32.227,-21.973,-33.203,-29.785,0.000
1733122788.557,-31.250,-20.020,-29.785,-27.832,0.000
1733122788.561,-23.438,-10.742,-27.832,-30.273,0.000
1733122788.565,-26.367,-13.184,-36.133,-39.551,0.000
1733122788.569,-47.363,-18.555,-33.691,-54.199,0.000
1733122788.573,-56.641,-15.137,-33.203,-61.035,0.000
1733122788.577,-47.852,-14.648,-39.062,-58.105,0.000
1733122788.581,-27.832,-16.113,-31.738,-40.527,0.000
1733122788.584,-26.855,-21.973,-28.320,-36.133,0.000
1733122788.588,-49.805,-30.273,-34.668,-46.875,0.000
1733122788.592,-55.176,-29.785,-34.668,-42.969,0.000
1733122788.596,-46.387,-28.809,-35.156,-31.738,0.000
1733122788.600,-30.762,-29.785,-37.109,-22.949,0.000
1733122788.604,-33.203,-25.391,-31.250,-27.344,0.000
1733122788.608,-44.922,-26.855,-33.203,-32.227,0.000
1733122788.612,-44.434,-26.855,-32.715,-21.484,0.000
1733122788.616,-36.133,-23.438,-25.879,-14.160,0.000
1733122788.620,-19.043,-20.996,-27.344,-13.672,0.000
1733122788.624,-16.113,-24.902,-27.832,-7.812,0.000
1733122788.627,-37.598,-31.738,-24.414,-22.949,0.000
1733122788.631,-43.457,-31.250,-27.832,-31.250,0.000
1733122788.635,-31.738,-28.809,-31.738,-29.297,0.000
1733122788.639,-30.273,-31.250,-34.668,-41.504,0.000
1733122788.643,-20.508,-28.809,-38.574,-45.410,0.000
1733122788.647,-20.508,-17.578,-37.109,-41.504,0.000
1733122788.651,-36.621,-5.859,-38.086,-45.410,0.000
1733122788.655,-35.156,-5.371,-40.527,-49.316,0.000
1733122788.659,-33.691,-11.230,-41.504,-48.340,0.000
1733122788.663,-38.086,-13.184,-41.016,-43.457,0.000
1733122788.667,-52.246,-13.672,-38.086,-49.316,0.000
1733122788.670,-64.941,-18.066,-41.992,-55.664,0.000
1733122788.674,-54.688,-17.090,-39.551,-51.758,0.000
1733122788.678,-40.039,-10.254,-35.645,-46.875,0.000
1733122788.682,-34.180,-13.184,-36.621,-44.434,0.000
1733122788.686,-45.410,-25.879,-35.645,-46.875,0.000
1733122788.690,-54.199,-25.879,-33.203,-41.016,0.000
1733122788.694,-52.246,-15.137,-28.809,-36.133,0.000
1733122788.698,-43.945,-20.508,-30.273,-34.668,0.000
1733122788.702,-29.297,-29.297,-33.691,-30.273,0.000
1733122788.705,-31.250,-28.320,-28.809,-28.809,0.000
1733122788.709,-51.270,-21.973,-25.879,-35.645,0.000
1733122788.713,-45.898,-18.555,-20.020,-27.832,0.000
1733122788.717,-31.738,-24.902,-17.090,-12.207,0.000
1733122788.721,-25.879,-23.438,-20.508,-16.113,0.000
1733122788.725,-30.762,-19.531,-30.273,-24.414,0.000
1733122788.729,-47.363,-22.461,-39.062,-25.879,0.000
1733122788.733,-49.805,-23.438,-39.551,-22.461,0.000
1733122788.737,-42.480,-27.344,-37.598,-15.137,0.000
1733122788.741,-33.691,-17.578,-29.297,-22.949,0.000
1733122788.745,-31.738,-14.160,-27.344,-37.598,0.000
1733122788.748,-46.387,-22.461,-31.738,-42.480,0.000
1733122788.752,-52.734,-22.461,-30.273,-39.062,0.000
1733122788.756,0.000,-23.926,-34.668,-49.805,0.000
1733122788.760,0.000,-24.414,-44.434,-50.293,0.000
1733122788.764,0.000,-22.461,-41.992,-41.992,0.000
1733122788.768,0.000,-18.066,-36.133,-49.805,0.000
1733122788.772,0.000,-17.090,-37.598,-49.316,0.000
1733122788.776,0.000,-20.996,-41.504,-38.086,0.000
1733122788.780,0.000,-25.879,-42.969,-33.203,0.000
1733122788.784,0.000,-26.855,-44.922,-41.504,0.000
1733122788.787,0.000,-25.391,-44.922,-42.480,0.000
1733122788.791,0.000,-30.762,-41.016,-26.367,0.000
1733122788.795,0.000,-33.203,-36.133,-18.555,0.000
1733122788.799,0.000,-32.227,-32.227,-24.414,0.000
1733122788.803,-35.156,-42.480,-39.551,-30.762,0.000
1733122788.807,-41.504,-46.875,-48.828,-37.109,0.000
1733122788.811,-42.480,-36.621,-48.828,-36.621,0.000
1733122788.815,-37.109,-32.715,-48.340,-25.391,0.000
1733122788.819,-30.273,-40.527,-49.805,-27.344,0.000
1733122788.823,-28.809,-43.945,-39.551,-31.250,0.000
1733122788.827,-28.320,-39.062,-33.203,-27.832,0.000
1733122788.830,-39.062,-36.621,-30.273,-29.785,0.000
1733122788.834,-45.410,-36.133,-29.297,-26.367,0.000
1733122788.838,-29.785,-43.457,-29.297,-13.672,0.000
1733122788.842,-23.438,-45.410,-27.344,-12.207,0.000
1733122788.846,-33.691,-34.180,-24.414,-27.344,0.000
1733122788.850,-41.504,-29.785,-24.414,-32.227,0.000
1733122788.854,-38.086,-24.902,-27.832,-24.902,0.000
1733122788.858,-27.832,-21.973,-28.320,-20.508,0.000
1733122788.862,-25.879,-31.250,-30.273,-30.273,0.000
1733122788.866,-29.297,-38.086,-35.156,-44.922,0.000
1733122788.870,-40.527,-36.133,-32.715,-49.316,0.000
1733122788.873,-44.922,-29.297,-32.227,-45.410,0.000
1733122788.877,-35.156,-24.414,-34.668,-38.574,0.000
1733122788.881,-29.785,-33.203,-34.180,-36.621,0.000
1733122788.885,-37.598,-38.086,-37.598,-37.598,0.000
1733122788.889,-49.805,-31.738,-38.086,-31.738,0.000
1733122788.893,-50.781,-32.227,-33.203,-26.367,0.000
1733122788.897,-46.875,-35.645,-31.738,-20.996,0.000
1733122788.901,-38.086,-39.062,-36.133,-21.484,0.000
1733122788.905,-33.691,-33.691,-34.180,-29.785,0.000
1733122788.909,-42.969,-28.809,-33.691,-33.203,0.000
1733122788.912,-54.199,-26.367,-38.574,-31.250,0.000
1733122788.916,-47.363,-25.391,-36.621,-29.297,0.000
1733122788.920,-33.203,-27.832,-34.180,-34.668,0.000
1733122788.924,-31.250,-30.762,-34.668,-43.945,0.000
1733122788.928,-40.039,-34.668,-38.574,-39.551,0.000
1733122788.932,-47.363,-37.109,-38.574,-32.227,0.000
1733122788.936,-37.109,-29.297,-35.645,-33.203,0.000
1733122788.940,-26.367,-27.832,-35.156,-36.621,0.000
1733122788.944,-32.227,-36.133,-31.250,-44.434,0.000
1733122788.948,-41.016,-38.574,-29.297,-42.480,0.000
1733122788.952,-50.293,-36.133,-29.297,-37.109,0.000
1733122788.955,-50.293,-40.527,-31.250,-34.180,0.000
1733122788.959,-42.480,-41.016,-36.621,-39.062,0.000
1733122788.963,-38.574,-33.691,-35.156,-41.504,0.000
1733122788.967,-44.434,-30.273,-32.715,-39.062,0.000
1733122788.971,-54.199,-30.273,-33.203,-36.133,0.000
1733122788.975,-57.617,-34.668,-38.574,-29.785,0.000
1733122788.979,-46.875,-32.227,-39.062,-25.879,0.000
1733122788.983,-34.668,-34.180,-41.016,-25.391,0.000
1733122788.987,-39.551,-37.109,-42.969,-34.180,0.000
1733122788.991,-45.898,-32.715,-37.109,-26.855,0.000
1733122788.995,-43.457,-29.785,-38.086,-11.230,0.000
1733122788.998,-37.109,-29.785,-42.480,-15.625,0.000
1733122789.002,-24.414,-29.297,-46.387,-19.531,0.000
1733122789.006,-25.391,-20.020,-44.434,-14.648,0.000
1733122789.010,-37.598,-12.695,-40.039,-20.996,0.000
1733122789.014,-36.133,-17.578,-37.109,-25.879,0.000
1733122789.018,-32.715,-28.809,-33.691,-21.973,0.000
1733122789.022,-27.832,-32.227,-35.156,-22.461,0.000
1733122789.026,-30.273,-22.461,-33.203,-35.645,0.000
1733122789.030,-46.387,-18.555,-29.785,-32.227,0.000
1733122789.034,-43.457,-23.438,-34.180,-18.066,0.000
1733122789.038,-31.250,-21.973,-37.109,-22.461,0.000
1733122789.041,-27.344,-20.508,-33.203,-34.180,0.000
1733122789.045,-28.809,-22.949,-33.203,-42.969,0.000
1733122789.049,-45.410,-18.066,-35.156,-45.898,0.000
1733122789.053,-48.340,-16.602,-33.203,-40.039,0.000
1733122789.057,-39.551,-25.879,-31.250,-32.715,0.000
1733122789.061,-34.180,-32.227,-34.668,-36.621,0.000
1733122789.065,-28.320,-33.203,-36.133,-31.738,0.000
1733122789.069,-36.621,-26.855,-28.809,-24.414,0.000
1733122789.073,-41.016,-22.461,-25.391,-23.438,0.000
1733122789.076,-33.203,-20.996,-29.785,-19.531,0.000
1733122789.080,-23.926,-29.297,-31.738,-21.973,0.000
1733122789.084,-23.438,-32.715,-29.785,-27.344,0.000
1733122789.088,-35.645,-26.855,-31.738,-28.320,0.000
1733122789.092,-42.480,-27.344,-34.668,-35.156,0.000
1733122789.096,-39.551,-24.414,-34.668,-37.598,0.000
1733122789.100,-34.180,-24.902,-34.668,-29.785,0.000
1733122789.104,-26.367,-34.180,-31.738,-35.156,0.000
1733122789.108,-26.367,-38.086,-32.715,-35.156,0.000
1733122789.112,-32.227,-27.344,-29.297,-22.461,0.000
1733122789.116,-32.227,-17.578,-24.902,-22.461,0.000
1733122789.119,-26.855,-19.531,-30.273,-32.227,0.000
1733122789.123,-20.020,-28.320,-31.738,-29.785,0.000
1733122789.127,-32.715,-26.855,-28.809,-36.621,0.000
1733122789.131,-46.875,-19.043,-26.367,-46.387,0.000
1733122789.135,-39.551,-20.996,-28.809,-39.062,0.000
1733122789.139,-32.227,-20.508,-30.762,-36.621,0.000
1733122789.143,-30.273,-20.996,-35.645,-41.992,0.000
1733122789.147,-31.250,-20.508,-36.621,-43.457,0.000
1733122789.151,-35.645,-17.090,-29.785,-37.598,0.000
1733122789.155,-32.715,-20.508,-24.902,-25.879,0.000
1733122789.158,-23.926,-19.531,-26.855,-32.715,0.000
1733122789.162,-14.648,-19.043,-41.504,-53.223,0.000
1733122789.166,-13.184,-20.996,-45.410,-53.223,0.000
1733122789.170,-26.855,-16.113,-37.109,-41.992,0.000
1733122789.174,-36.133,-20.508,-41.016,-41.016,0.000
1733122789.178,-27.832,-27.832,-47.363,-39.551,0.000
1733122789.182,-17.578,-31.250,-49.805,-36.621,0.000
1733122789.186,-23.926,-25.879,-48.340,-35.645,0.000
1733122789.190,-37.109,-17.090,-44.434,-33.203,0.000
1733122789.194,-33.203,-21.484,-43.945,-29.297,0.000
1733122789.198,-33.691,-28.320,-44.434,-25.879,0.000
1733122789.201,-34.668,-29.297,-42.969,-26.855,0.000
1733122789.205,-36.133,-27.344,-43.945,-37.109,0.000
1733122789.209,-47.363,-24.902,-42.969,-43.457,0.000
1733122789.213,-48.828,-30.762,-39.062,-35.156,0.000
1733122789.217,-43.457,-32.715,-39.062,-35.156,0.000
1733122789.221,-34.180,-26.367,-39.062,-47.852,0.000
1733122789.225,-26.855,-30.762,-38.574,-41.992,0.000
1733122789.229,-39.062,-29.785,-41.016,-44.922,0.000
1733122789.233,-53.223,-23.926,-50.293,-53.711,0.000
1733122789.237,-48.340,-24.414,-55.664,-41.504,0.000
1733122789.241,-44.434,-31.250,-57.617,-36.621,0.000
1733122789.244,-53.223,-37.598,-57.129,-49.805,0.000
1733122789.248,-60.059,-28.809,-49.316,-51.270,0.000
1733122789.252,-56.641,-24.414,-48.828,-45.898,0.000
1733122789.256,-43.457,-30.273,-53.223,-41.504,0.000
1733122789.260,-30.273,-32.227,-47.852,-37.598,0.000
1733122789.264,-26.367,-27.344,-44.434,-42.480,0.000
1733122789.268,-28.320,-21.484,-45.410,-40.527,0.000
1733122789.272,-31.250,-21.484,-41.992,-31.738,0.000
1733122789.276,-30.273,-22.461,-41.992,-26.367,0.000
1733122789.280,-26.367,-24.414,-45.410,-19.531,0.000
1733122789.283,-21.973,-24.902,-40.527,-20.996,0.000
1733122789.287,-22.949,-22.949,-35.645,-20.996,0.000
1733122789.291,-33.203,-21.484,-41.016,-21.973,0.000
1733122789.295,-29.785,-16.602,-45.410,-28.809,0.000
1733122789.299,-17.090,-13.184,-43.945,-29.297,0.000
1733122789.303,-11.719,-20.020,-39.551,-28.320,0.000
1733122789.307,-15.137,-18.066,-34.668,-19.531,0.000
1733122789.311,-32.227,-10.742,-34.668,-25.391,0.000
1733122789.315,-38.574,-17.090,-33.691,-34.668,0.000
1733122789.319,-31.250,-22.461,-35.156,-31.738,0.000
1733122789.323,-22.949,-22.949,-43.457,-37.598,0.000
1733122789.326,-40.039,-22.461,-41.992,-49.805,0.000
1733122789.330,-59.082,-20.508,-33.691,-45.898,0.000
1733122789.334,-40.527,-24.902,-33.691,-36.133,0.000
1733122789.338,-35.645,-24.414,-34.180,-38.574,0.000
1733122789.342,-40.039,-19.531,-35.156,-44.434,0.000
1733122789.346,-38.086,-21.973,-37.598,-40.527,0.000
1733122789.350,-40.039,-22.949,-35.156,-20.020,0.000
1733122789.354,-34.180,-20.020,-38.574,-15.625,0.000
1733122789.358,-27.832,-20.020,-43.945,-29.297,0.000
1733122789.362,-25.391,-24.414,-40.527,-32.715,0.000
1733122789.366,-29.297,-28.320,-39.551,-33.691,0.000
1733122789.369,-34.668,-33.691,-43.945,-27.832,0.000
1733122789.373,-27.344,-27.832,-48.340,-20.508,0.000
1733122789.377,-19.043,-21.973,-44.922,-23.438,0.000
1733122789.381,-26.367,-33.203,-43.945,-22.461,0.000
1733122789.385,-35.156,-36.621,-46.875,-21.484,0.000
1733122789.389,-41.992,-30.273,-43.945,-33.691,0.000
1733122789.393,-40.039,-28.320,-38.574,-30.273,0.000
1733122789.397,-33.203,-26.367,-37.109,-19.531,0.000
1733122789.401,-20.996,-21.484,-37.109,-27.344,0.000
1733122789.405,-13.672,-19.531,-37.598,-30.762,0.000
1733122789.408,-22.461,-19.531,-36.133,-21.973,0.000
1733122789.412,-22.949,-16.113,-36.621,-22.461,0.000
1733122789.416,-19.531,-18.066,-35.156,-31.250,0.000
1733122789.420,-27.832,-24.414,-43.945,-44.434,0.000
1733122789.424,-47.363,-22.949,-51.758,-57.617,0.000
1733122789.428,-53.223,-19.043,-44.922,-46.875,0.000
1733122789.432,-50.293,-23.438,-38.086,-28.320,0.000
1733122789.436,-41.504,-22.949,-40.039,-26.855,0.000
1733122789.440,-33.203,-14.648,-44.922,-30.762,0.000
1733122789.444,-41.016,-7.812,-43.945,-42.480,0.000
1733122789.447,-50.293,-10.742,-44.434,-49.316,0.000
1733122789.451,-44.434,-18.555,-43.945,-34.668,0.000
1733122789.455,-28.320,-21.484,-39.551,-22.949,0.000
1733122789.459,-18.066,-19.531,-40.527,-22.461,0.000
1733122789.463,-22.949,-20.508,-45.410,-29.785,0.000
1733122789.467,-28.320,-29.297,-45.898,-27.344,0.000
1733122789.471,-26.367,-27.832,-40.527,-15.625,0.000
1733122789.475,-16.113,-29.297,-37.598,-5.859,0.000
1733122789.479,-12.695,-27.832,-42.480,-19.531,0.000
1733122789.483,-26.367,-21.973,-46.875,-32.227,0.000
1733122789.487,-29.785,-22.949,-38.086,-21.484,0.000
1733122789.490,-19.043,-21.484,-32.227,-8.301,0.000
1733122789.494,-16.113,-17.090,-43.457,-9.277,0.000
1733122789.498,-23.438,-13.672,-50.293,-27.344,0.000
1733122789.502,-32.715,-14.160,-50.781,-33.203,0.000
1733122789.506,-37.109,-17.578,-43.457,-29.785,0.000
1733122789.510,-36.621,-24.414,-39.551,-25.879,0.000
1733122789.514,-30.762,-25.391,-48.828,-26.855,0.000
1733122789.518,-24.902,-20.020,-46.875,-25.879,0.000
1733122789.522,-26.367,-22.461,-41.016,-28.809,0.000
1733122789.526,-31.738,-27.832,-42.480,-33.691,0.000
1733122789.529,-40.039,-22.461,-38.574,-32.227,0.000
1733122789.533,-38.574,-15.625,-35.645,-33.691,0.000
1733122789.537,-20.508,-11.719,-35.645,-27.832,0.000
1733122789.541,-16.602,-18.066,-35.645,-26.855,0.000
1733122789.545,-20.020,-26.367,-36.621,-26.855,0.000
1733122789.549,-22.949,-23.926,-39.551,-28.809,0.000
1733122789.553,-24.902,-24.414,-42.480,-31.738,0.000
1733122789.557,-22.461,-31.250,-42.480,-26.367,0.000
1733122789.561,-18.066,-32.715,-37.598,-17.578,0.000
1733122789.565,-16.602,-31.250,-38.574,-24.414,0.000
1733122789.569,-24.414,-33.691,-39.062,-39.062,0.000
1733122789.572,-7.324,-34.180,-31.738,-19.043,0.000
1733122789.576,3.418,-36.133,-36.621,0.488,0.000
1733122789.580,-9.277,-30.762,-40.039,-17.090,0.000
1733122789.584,-16.602,-27.832,-37.109,-29.297,0.000
1733122789.588,-21.484,-30.762,-33.203,-17.578,0.000
1733122789.592,-20.020,-29.297,-30.273,-20.020,0.000
1733122789.596,-16.602,-27.832,-35.156,-24.414,0.000
1733122789.600,-16.602,-27.832,-40.527,-19.043,0.000
1733122789.604,-18.555,-32.715,-40.527,-18.555,0.000
1733122789.608,-7.812,-37.109,-28.809,-2.930,0.000
1733122789.612,-2.441,-29.785,-25.391,-2.930,0.000
1733122789.615,-6.836,-30.762,-38.086,-19.043,0.000
1733122789.619,0.000,-38.574,-45.410,-9.766,0.000
1733122789.623,10.742,-42.480,-39.062,18.066,0.000
1733122789.627,12.695,-42.480,-32.227,24.902,0.000
1733122789.631,7.324,-31.250,-39.551,8.789,0.000
1733122789.635,11.719,-31.250,-48.828,16.113,0.000
1733122789.639,21.484,-37.598,-49.805,33.203,0.000
1733122789.643,22.949,-45.898,-47.363,34.668,0.000
1733122789.647,13.184,-50.293,-49.316,22.949,0.000
1733122789.651,21.484,-41.992,-50.293,20.508,0.000
1733122789.655,43.945,-33.203,-49.805,34.668,0.000
1733122789.658,46.387,-40.039,-42.969,44.922,0.000
1733122789.662,40.039,-47.852,-43.945,46.875,0.000
1733122789.666,35.645,-45.410,-49.316,42.480,0.000
1733122789.670,41.504,-40.527,-44.922,52.246,0.000
1733122789.674,55.176,-44.922,-41.016,65.430,0.000
1733122789.678,68.848,-48.828,-39.062,77.148,0.000
1733122789.682,71.777,-48.340,-37.109,90.820,0.000
1733122789.686,67.871,-48.340,-34.180,86.426,0.000
1733122789.690,74.219,-45.898,-41.992,83.984,0.000
1733122789.694,84.961,-37.109,-49.805,93.262,0.000
1733122789.697,85.449,-41.016,-43.945,95.703,0.000
1733122789.701,80.078,-51.270,-41.992,85.938,0.000
1733122789.705,79.102,-44.922,-46.387,85.938,0.000
1733122789.709,87.891,-38.574,-46.387,92.285,0.000
1733122789.713,93.262,-44.922,-40.039,90.820,0.000
1733122789.717,94.238,-46.387,-36.133,93.262,0.000
1733122789.721,96.680,-42.969,-40.527,106.445,0.000
1733122789.725,90.820,-48.828,-39.551,105.469,0.000
1733122789.729,80.078,-44.434,-41.992,86.914,0.000
1733122789.733,90.332,-35.156,-47.363,100.098,0.000
1733122789.736,90.332,-42.480,-44.434,121.582,0.000
1733122789.740,78.125,-50.293,-41.504,115.234,0.000
1733122789.744,81.055,-45.410,-37.598,107.422,0.000
1733122789.748,82.031,-43.457,-48.828,97.168,0.000
1733122789.752,82.520,-41.016,-56.152,94.238,0.000
1733122789.756,83.496,-36.133,-42.969,96.680,0.000
1733122789.760,89.355,-37.109,-44.434,94.238,0.000
1733122789.764,90.332,-39.062,-48.828,86.914,0.000
1733122789.768,83.984,-45.898,-47.363,85.938,0.000
1733122789.772,84.961,-45.410,-48.828,96.191,0.000
1733122789.776,84.961,-35.156,-43.457,93.262,0.000
1733122789.779,82.031,-40.527,-40.527,84.961,0.000
1733122789.783,72.754,-45.410,-39.062,77.148,0.000
1733122789.787,62.012,-40.527,-33.691,70.801,0.000
1733122789.791,60.547,-39.062,-40.039,66.406,0.000
1733122789.795,56.641,-42.969,-45.898,62.500,0.000
1733122789.799,49.316,-40.527,-42.969,57.617,0.000
1733122789.803,42.480,-34.668,-38.574,50.781,0.000
1733122789.807,36.621,-35.156,-40.527,46.875,0.000
1733122789.811,38.086,-34.180,-45.898,48.340,0.000
1733122789.815,46.875,-33.203,-41.016,63.965,0.000
1733122789.818,44.434,-33.691,-41.504,63.965,0.000
1733122789.822,34.668,-32.715,-48.340,48.340,0.000
1733122789.826,21.973,-37.109,-44.922,39.551,0.000
1733122789.830,18.066,-36.133,-41.504,32.715,0.000
1733122789.834,23.438,-32.227,-41.504,35.156,0.000
1733122789.838,24.414,-33.203,-37.598,33.203,0.000
1733122789.842,20.020,-37.598,-34.668,25.879,0.000
1733122789.846,13.184,-34.180,-32.715,26.855,0.000
1733122789.850,16.602,-27.832,-29.785,28.320,0.000
1733122789.854,15.625,-29.297,-29.785,23.926,0.000
1733122789.858,17.578,-35.645,-36.621,21.484,0.000
1733122789.861,18.555,-41.016,-41.992,28.809,0.000
1733122789.865,6.348,-31.250,-40.039,13.184,0.000
1733122789.869,2.441,-22.461,-39.062,0.488,0.000
1733122789.873,5.859,-21.973,-41.992,3.418,0.000
1733122789.877,5.859,-22.949,-47.363,-3.418,0.000
1733122789.881,0.977,-28.320,-51.270,-4.883,0.000
1733122789.885,-3.906,-31.250,-49.805,-2.930,0.000
1733122789.889,-8.789,-28.809,-42.969,-5.371,0.000
1733122789.893,-5.859,-20.508,-39.062,-1.953,0.000
1733122789.897,-1.465,-22.461,-35.156,1.953,0.000
1733122789.900,0.000,-24.902,-32.227,-2.441,0.000
1733122789.904,-4.395,-31.738,-38.574,3.418,0.000
1733122789.908,-4.395,-28.809,-38.574,7.812,0.000
1733122789.912,-12.207,-13.184,-43.457,-12.207,0.000
1733122789.916,-23.926,-18.555,-49.805,-21.484,0.000
1733122789.920,-16.113,-23.438,-43.945,-10.254,0.000
1733122789.924,-18.066,-18.555,-39.062,-13.672,0.000
1733122789.928,-27.344,-14.160,-36.621,-21.973,0.000
1733122789.932,-26.855,-19.043,-31.738,-19.531,0.000
1733122789.936,-15.625,-24.902,-34.180,-15.137,0.000
1733122789.940,-5.859,-20.508,-33.203,-12.207,0.000
1733122789.943,-11.230,-22.461,-34.668,-19.043,0.000
1733122789.947,-21.973,-27.344,-42.480,-22.949,0.000
1733122789.951,-18.555,-21.484,-35.645,-12.207,0.000
1733122789.955,-13.184,-18.555,-32.227,-8.789,0.000
1733122789.959,-10.742,-24.414,-35.645,-11.230,0.000
1733122789.963,-12.207,-32.715,-32.227,-8.301,0.000
1733122789.967,-24.414,-36.133,-36.133,-15.625,0.000
1733122789.971,-19.043,-27.832,-33.203,-24.414,0.000
1733122789.975,-6.836,-27.832,-27.832,-20.996,0.000
1733122789.979,-9.277,-31.250,-34.180,-18.066,0.000
1733122789.983,-17.090,-31.250,-44.434,-21.484,0.000
1733122789.986,-20.508,-30.273,-42.480,-21.973,0.000
1733122789.990,-12.695,-28.320,-39.062,-17.578,0.000
1733122789.994,-6.836,-30.762,-41.504,-20.508,0.000
1733122789.998,-3.418,-27.344,-40.039,-17.090,0.000
1733122790.002,-4.395,-20.508,-35.645,-18.066,0.000
1733122790.006,-15.625,-26.855,-38.574,-26.367,0.000
1733122790.010,-17.578,-25.879,-37.598,-20.508,0.000
1733122790.014,-9.766,-16.113,-30.762,-12.695,0.000
1733122790.018,-7.812,-17.090,-27.832,-12.695,0.000
1733122790.022,-9.277,-21.973,-28.809,-16.602,0.000
1733122790.026,-13.184,-23.926,-31.250,-15.625,0.000
1733122790.029,-12.695,-15.137,-24.902,-14.160,0.000
1733122790.033,-13.672,-22.461,-22.461,-13.672,0.000
1733122790.037,-20.508,-33.203,-29.785,-17.090,0.000
1733122790.041,-22.949,-34.668,-34.180,-19.043,0.000
1733122790.045,-31.250,-31.738,-35.645,-29.297,0.000
1733122790.049,-33.203,-21.973,-32.715,-30.273,0.000
1733122790.053,-22.461,-19.531,-26.855,-13.184,0.000
1733122790.057,-18.555,-23.438,-28.320,-11.230,0.000
1733122790.061,-21.973,-21.973,-34.668,-24.414,0.000
1733122790.064,-25.879,-26.855,-38.086,-32.227,0.000
1733122790.068,-29.297,-24.902,-38.086,-38.086,0.000
1733122790.072,-27.344,-20.508,-32.227,-34.180,0.000
1733122790.076,-23.926,-22.949,-30.762,-27.832,0.000
1733122790.080,-27.832,-25.879,-32.715,-30.273,0.000
1733122790.084,-36.133,-25.879,-32.227,-36.621,0.000
1733122790.088,-34.668,-21.484,-28.809,-41.504,0.000
1733122790.092,-24.902,-22.461,-30.273,-41.016,0.000
1733122790.096,-22.949,-27.832,-32.715,-35.156,0.000
1733122790.100,-21.484,-28.320,-32.715,-33.203,0.000
1733122790.104,-14.648,-27.344,-36.621,-40.527,0.000
1733122790.107,-5.859,-25.391,-36.133,-37.109,0.000
1733122790.111,-0.488,-19.531,-37.109,-26.855,0.000
1733122790.115,-3.906,-19.531,-39.551,-25.879,0.000
1733122790.119,-9.277,-24.414,-40.527,-25.879,0.000
1733122790.123,-23.438,-26.367,-41.992,-20.508,0.000
1733122790.127,-37.598,-24.414,-41.504,-24.414,0.000
1733122790.131,-36.621,-23.926,-39.062,-21.484,0.000
1733122790.135,-32.227,-24.902,-38.086,-12.207,0.000
1733122790.139,-34.180,-28.320,-37.109,-16.602,0.000
1733122790.143,-38.574,-34.180,-36.621,-21.484,0.000
1733122790.147,-37.598,-34.180,-37.598,-14.648,0.000
1733122790.150,-38.574,-30.762,-34.668,-15.137,0.000
1733122790.154,-37.109,-32.715,-36.621,-21.484,0.000
1733122790.158,-25.879,-30.273,-40.039,-23.438,0.000
1733122790.162,-27.344,-30.762,-41.504,-31.250,0.000
1733122790.166,-35.156,-33.691,-39.551,-37.598,0.000
1733122790.170,-27.832,-33.691,-41.016,-29.297,0.000
1733122790.174,-19.043,-32.715,-42.969,-20.996,0.000
1733122790.178,-19.531,-33.203,-41.016,-14.648,0.000
1733122790.182,-21.973,-33.203,-41.992,-19.043,0.000
1733122790.186,-32.715,-30.273,-36.133,-25.391,0.000
1733122790.190,-33.691,-30.762,-31.250,-14.160,0.000
1733122790.193,-25.391,-31.250,-32.715,-14.648,0.000
1733122790.197,-31.250,-31.250,-39.062,-29.297,0.000
1733122790.201,-31.250,-34.180,-36.621,-31.738,0.000
1733122790.205,-37.109,-36.133,-32.227,-35.156,0.000
1733122790.209,-42.969,-31.738,-31.250,-36.621,0.000
1733122790.213,-32.227,-33.203,-29.785,-26.367,0.000
1733122790.217,-22.461,-40.039,-27.832,-18.066,0.000
1733122790.221,-28.809,-42.480,-29.297,-24.902,0.000
1733122790.225,-31.738,-36.133,-33.691,-32.227,0.000
1733122790.229,-21.973,-25.879,-38.086,-23.438,0.000
1733122790.232,-22.949,-35.645,-32.227,-11.719,0.000
1733122790.236,-37.598,-46.875,-26.855,-24.414,0.000
1733122790.240,-31.250,-36.621,-30.273,-30.762,0.000
1733122790.244,-26.855,-36.133,-32.715,-25.879,0.000
1733122790.248,-38.086,-41.016,-41.016,-25.879,0.000
1733122790.252,-33.203,-37.109,-43.457,-23.926,0.000
1733122790.256,-26.367,-41.016,-45.410,-30.273,0.000
1733122790.260,-29.785,-50.781,-47.363,-35.156,0.000
1733122790.264,-40.527,-59.082,-46.387,-40.527,0.000
1733122790.268,-47.852,-54.199,-44.922,-42.480,0.000
1733122790.272,-36.133,-47.363,-43.457,-31.738,0.000
1733122790.275,-22.949,-50.781,-46.387,-30.273,0.000
1733122790.279,-18.066,-44.434,-44.922,-29.297,0.000
1733122790.283,-23.926,-37.109,-43.457,-21.973,0.000
1733122790.287,-26.855,-33.691,-42.969,-28.320,0.000
1733122790.291,-26.367,-34.180,-44.922,-24.414,0.000
1733122790.295,-24.902,-38.574,-47.852,-17.090,0.000
1733122790.299,-20.508,-36.621,-44.922,-18.066,0.000
1733122790.303,-22.949,-35.156,-43.945,-20.508,0.000
1733122790.307,-29.785,-40.039,-42.480,-15.137,0.000
1733122790.311,-30.273,-38.574,-42.480,-11.230,0.000
1733122790.314,-20.996,-31.738,-45.410,-21.973,0.000
1733122790.318,-12.207,-35.645,-43.457,-20.996,0.000
1733122790.322,-16.113,-44.922,-41.016,-20.996,0.000
1733122790.326,-29.297,-45.898,-44.434,-30.762,0.000
1733122790.330,-32.227,-34.180,-42.480,-27.832,0.000
1733122790.334,-25.391,-34.668,-37.598,-21.484,0.000
1733122790.338,-23.926,-41.992,-41.016,-29.785,0.000
1733122790.342,-28.320,-40.039,-41.992,-35.645,0.000
1733122790.346,-38.574,-40.039,-41.016,-36.133,0.000
1733122790.350,-38.086,-37.598,-39.551,-31.738,0.000
1733122790.354,-25.879,-38.574,-35.645,-14.160,0.000
1733122790.357,-24.902,-38.086,-36.621,-9.766,0.000
1733122790.361,-33.203,-36.621,-39.062,-28.320,0.000
1733122790.365,-41.016,-42.969,-37.109,-39.062,0.000
1733122790.369,-42.969,-46.387,-41.016,-38.086,0.000
1733122790.373,-35.156,-41.992,-43.945,-35.156,0.000
1733122790.377,-25.391,-39.551,-41.504,-30.273,0.000
1733122790.381,-26.367,-43.457,-38.086,-27.832,0.000
1733122790.385,-35.156,-44.434,-33.691,-24.902,0.000
1733122790.389,-33.203,-38.574,-33.203,-22.949,0.000
1733122790.393,-27.344,-35.156,-29.297,-20.020,0.000
1733122790.397,-26.855,-35.645,-30.273,-16.113,0.000
1733122790.400,-31.738,-38.086,-34.668,-20.996,0.000
1733122790.404,-31.250,-33.203,-31.738,-23.926,0.000
1733122790.408,-32.715,-29.297,-29.297,-23.438,0.000
1733122790.412,-27.344,-34.668,-29.785,-21.484,0.000
1733122790.416,-14.648,-37.109,-29.785,-15.625,0.000
1733122790.420,-14.160,-29.297,-29.785,-15.625,0.000
1733122790.424,-24.902,-25.391,-33.691,-19.043,0.000
1733122790.428,-30.273,-27.344,-37.598,-20.996,0.000
1733122790.432,-20.020,-27.344,-41.504,-14.648,0.000
1733122790.436,-17.090,-24.902,-40.527,-18.066,0.000
1733122790.439,-20.020,-26.367,-39.062,-25.391,0.000
1733122790.443,-23.926,-35.645,-39.551,-28.809,0.000
1733122790.447,-28.320,-38.574,-34.180,-35.645,0.000
1733122790.451,-28.809,-33.203,-37.109,-34.180,0.000
1733122790.455,-22.949,-34.180,-44.434,-36.133,0.000
1733122790.459,-18.066,-37.598,-47.363,-38.574,0.000
1733122790.463,-21.484,-38.574,-46.387,-31.738,0.000
1733122790.467,-34.180,-41.016,-42.480,-34.180,0.000
1733122790.471,-37.109,-37.598,-40.039,-40.039,0.000
1733122790.475,-32.227,-34.180,-34.668,-25.879,0.000
1733122790.478,-38.574,-33.691,-39.062,-27.832,0.000
1733122790.482,-44.922,-31.738,-45.898,-40.527,0.000
1733122790.486,-44.922,-31.250,-46.875,-39.062,0.000
1733122790.490,-41.016,-29.785,-46.875,-38.574,0.000
1733122790.494,-36.621,-26.855,-44.922,-35.156,0.000
1733122790.498,-28.320,-24.902,-44.434,-25.879,0.000
1733122790.502,-28.320,-28.320,-38.086,-18.555,0.000
1733122790.506,-37.598,-32.227,-38.574,-28.809,0.000
1733122790.510,-39.551,-32.715,-47.852,-41.504,0.000
1733122790.514,-33.203,-28.809,-50.781,-37.109,0.000
1733122790.518,-34.668,-34.180,-55.176,-30.762,0.000
1733122790.521,-34.668,-36.133,-52.246,-29.297,0.000
1733122790.525,-41.504,-29.785,-44.922,-42.480,0.000
1733122790.529,-51.270,-34.668,-47.363,-54.199,0.000
1733122790.533,-43.945,-35.645,-48.828,-47.363,0.000
1733122790.537,-37.598,-27.832,-44.434,-37.109,0.000
1733122790.541,-38.086,-31.250,-42.480,-38.574,0.000
1733122790.545,-43.945,-40.527,-41.504,-41.016,0.000
1733122790.549,-47.363,-35.645,-41.504,-48.828,0.000
1733122790.553,-37.109,-26.855,-41.504,-47.852,0.000
1733122790.557,-29.785,-31.250,-40.527,-31.738,0.000
1733122790.561,-31.738,-41.992,-41.016,-29.297,0.000
1733122790.564,-38.086,-47.363,-44.922,-35.156,0.000
1733122790.568,-41.504,-35.156,-43.945,-36.133,0.000
1733122790.572,-30.762,-33.203,-47.363,-33.691,0.000
1733122790.576,-22.949,-37.109,-47.852,-30.273,0.000
1733122790.580,-23.438,-36.621,-41.992,-30.273,0.000
1733122790.584,-31.738,-38.574,-41.504,-33.691,0.000
1733122790.588,-32.715,-35.645,-44.434,-30.273,0.000
1733122790.592,-18.066,-33.691,-52.246,-20.508,0.000
1733122790.596,-18.066,-36.133,-51.270,-19.043,0.000
1733122790.600,-26.855,-40.039,-45.410,-23.438,0.000
1733122790.603,-29.785,-44.434,-46.387,-23.926,0.000
1733122790.607,-34.668,-46.387,-43.945,-25.391,0.000
1733122790.611,-31.250,-40.039,-41.016,-20.508,0.000
1733122790.615,-20.020,-29.785,-44.434,-19.531,0.000
1733122790.619,-17.090,-32.715,-49.805,-18.555,0.000
1733122790.623,-27.832,-42.480,-48.340,-21.484,0.000
1733122790.627,-35.645,-39.551,-48.828,-29.297,0.000
1733122790.631,-27.344,-29.297,-48.828,-24.414,0.000
1733122790.635,-18.555,-32.715,-47.363,-23.438,0.000
1733122790.639,-24.414,-39.062,-49.316,-25.391,0.000
1733122790.643,-29.785,-37.109,-45.898,-22.461,0.000
1733122790.646,-36.621,-41.992,-41.992,-28.809,0.000
1733122790.650,-35.645,-48.340,-40.527,-25.879,0.000
1733122790.654,-25.879,-45.410,-41.504,-12.695,0.000
1733122790.658,-26.367,-34.668,-38.574,-15.625,0.000
1733122790.662,-30.273,-32.227,-37.598,-23.926,0.000
1733122790.666,-35.645,-37.109,-39.551,-23.438,0.000
1733122790.670,-33.203,-32.715,-32.227,-14.648,0.000
1733122790.674,-29.785,-28.809,-34.180,-16.602,0.000
1733122790.678,-33.691,-32.715,-41.992,-21.484,0.000
1733122790.682,-37.598,-34.180,-40.527,-18.066,0.000
1733122790.685,-38.086,-31.250,-36.133,-22.461,0.000
1733122790.689,-35.156,-27.344,-36.133,-22.461,0.000
1733122790.693,-29.785,-25.879,-36.133,-16.113,0.000
1733122790.697,-25.391,-24.414,-35.645,-9.277,0.000
1733122790.701,-23.926,-25.879,-32.715,-9.766,0.000
1733122790.705,-33.691,-20.996,-32.227,-25.391,0.000
1733122790.709,-35.156,-16.113,-31.738,-32.227,0.000
1733122790.713,-24.414,-20.508,-31.250,-20.508,0.000
1733122790.717,-20.020,-18.555,-30.762,-14.648,0.000
1733122790.721,-22.949,-14.160,-26.855,-22.461,0.000
1733122790.725,-34.668,-19.043,-25.391,-32.227,0.000
1733122790.728,-37.598,-20.508,-22.949,-37.109,0.000
1733122790.732,-18.066,-14.648,-27.344,-27.344,0.000
1733122790.736,-1.953,-15.625,-32.227,-24.902,0.000
1733122790.740,-5.859,-26.367,-37.109,-31.738,0.000
1733122790.744,-10.254,-33.203,-41.016,-30.273,0.000
1733122790.748,-12.695,-29.297,-35.645,-29.785,0.000
1733122790.752,-15.625,-22.949,-30.762,-23.926,0.000
1733122790.756,-21.973,-27.344,-32.715,-22.461,0.000
1733122790.760,-33.203,-37.598,-35.645,-21.973,0.000
1733122790.764,-42.969,-37.109,-39.062,-24.414,0.000
1733122790.767,-44.922,-33.691,-34.180,-21.484,0.000
1733122790.771,-40.527,-34.180,-33.203,-11.719,0.000
1733122790.775,-27.832,-26.855,-34.180,-8.301,0.000
1733122790.779,-26.855,-23.438,-34.668,-16.602,0.000
1733122790.783,-34.180,-29.297,-38.086,-26.855,0.000
1733122790.787,-39.551,-32.715,-37.109,-32.227,0.000
1733122790.791,-41.504,-31.250,-37.598,-34.180,0.000
1733122790.795,-36.621,-30.273,-36.133,-22.949,0.000
1733122790.799,-32.715,-30.273,-31.250,-19.531,0.000
1733122790.803,-35.156,-32.227,-35.156,-23.926,0.000
1733122790.807,-41.016,-37.598,-40.527,-18.555,0.000
1733122790.810,-42.480,-23.438,-37.109,-23.438,0.000
1733122790.814,-33.203,-17.578,-35.156,-24.902,0.000
1733122790.818,-29.785,-28.320,-41.016,-24.414,0.000
1733122790.822,-27.832,-27.832,-37.598,-28.809,0.000
1733122790.826,-29.297,-27.832,-31.738,-30.273,0.000
1733122790.830,-35.645,-32.227,-36.621,-31.738,0.000
1733122790.834,-29.297,-35.156,-41.504,-26.367,0.000
1733122790.838,-22.461,-37.109,-43.457,-22.949,0.000
1733122790.842,-24.414,-36.621,-44.434,-24.414,0.000
1733122790.846,-34.668,-34.180,-42.480,-32.227,0.000
1733122790.850,-39.062,-34.180,-43.457,-33.203,0.000
1733122790.853,-27.832,-26.367,-41.992,-25.879,0.000
1733122790.857,-16.602,-23.438,-34.668,-25.391,0.000
1733122790.861,-15.625,-24.414,-32.227,-24.902,0.000
1733122790.865,-21.973,-24.902,-28.320,-26.367,0.000
1733122790.869,-25.879,-20.508,-26.855,-32.715,0.000
1733122790.873,-21.484,-18.555,-29.785,-25.879,0.000
1733122790.877,-27.832,-21.484,-31.250,-24.902,0.000
1733122790.881,-31.250,-24.902,-25.391,-22.949,0.000
1733122790.885,-23.438,-19.531,-28.320,-15.625,0.000
1733122790.889,-37.598,-8.789,-35.645,-38.574,0.000
1733122790.892,-58.594,-12.695,-25.879,-58.594,0.000
1733122790.896,-57.617,-11.719,-20.020,-50.781,0.000
1733122790.900,-60.547,3.418,-26.367,-61.035,0.000
1733122790.904,-81.055,3.906,-32.227,-85.449,0.000
1733122790.908,-97.656,0.977,-40.527,-106.445,0.000
1733122790.912,-90.332,9.766,-41.016,-108.398,0.000
1733122790.916,-77.637,6.836,-36.621,-99.121,0.000
1733122790.920,-84.961,2.441,-36.133,-104.004,0.000
1733122790.924,-106.934,5.371,-36.133,-125.488,0.000
1733122790.928,-122.070,6.836,-37.598,-145.020,0.000
1733122790.932,-103.516,7.812,-44.922,-129.883,0.000
1733122790.935,-102.539,3.906,-47.363,-130.371,0.000
1733122790.939,-109.375,0.488,-41.504,-131.348,0.000
1733122790.943,-120.117,2.441,-40.527,-137.207,0.000
1733122790.947,-127.930,1.953,-41.992,-148.438,0.000
1733122790.951,-117.676,-0.977,-43.945,-136.719,0.000
1733122790.955,-106.445,2.930,-41.504,-120.605,0.000
1733122790.959,-106.445,4.883,-40.527,-122.070,0.000
1733122790.963,-112.793,-4.883,-46.875,-121.582,0.000
1733122790.967,-106.445,-5.859,-44.434,-113.281,0.000
1733122790.971,-94.238,1.465,-30.762,-102.539,0.000
1733122790.975,-84.473,-4.395,-31.738,-81.543,0.000
1733122790.978,-81.543,-13.184,-39.062,-82.520,0.000
1733122790.982,-81.543,-18.066,-40.039,-83.496,0.000
1733122790.986,-75.195,-24.414,-36.133,-63.965,0.000
1733122790.990,-73.242,-20.508,-31.738,-61.523,0.000
1733122790.994,-65.918,-21.973,-35.645,-64.453,0.000
1733122790.998,-57.129,-29.785,-37.109,-51.758,0.000
1733122791.002,-51.270,-29.297,-40.527,-44.922,0.000
1733122791.006,-48.828,-30.273,-42.480,-47.852,0.000
1733122791.010,-47.363,-30.762,-37.109,-46.875,0.000
1733122791.014,-40.039,-26.367,-37.109,-42.480,0.000
1733122791.017,-29.297,-23.926,-37.109,-32.227,0.000
1733122791.021,-23.926,-32.227,-38.574,-25.879,0.000
1733122791.025,-30.273,-38.574,-45.410,-31.250,0.000
1733122791.029,-28.320,-34.668,-46.875,-20.996,0.000
1733122791.033,-13.184,-27.344,-40.039,-2.441,0.000
1733122791.037,-12.207,-26.855,-37.109,-2.930,0.000
1733122791.041,-12.695,-35.156,-37.598,-0.977,0.000
1733122791.045,-16.113,-40.039,-38.086,0.488,0.000
1733122791.049,-15.137,-36.133,-37.598,0.977,0.000
1733122791.053,-1.953,-36.621,-41.504,10.254,0.000
1733122791.056,4.883,-37.598,-47.363,18.555,0.000
1733122791.060,3.906,-33.691,-44.922,14.160,0.000
1733122791.064,-1.953,-39.062,-43.945,4.395,0.000
1733122791.068,0.488,-36.621,-39.551,6.836,0.000
1733122791.072,5.859,-34.180,-31.738,18.555,0.000
1733122791.076,9.766,-36.621,-29.297,20.508,0.000
1733122791.080,12.207,-37.109,-33.203,15.137,0.000
1733122791.084,4.883,-38.574,-34.180,9.766,0.000
1733122791.088,5.859,-41.992,-30.762,10.254,0.000
1733122791.092,10.742,-41.016,-30.762,16.602,0.000
1733122791.095,12.207,-32.715,-36.133,15.137,0.000
1733122791.099,17.578,-32.715,-35.645,19.043,0.000
1733122791.103,13.672,-32.227,-37.109,17.578,0.000
1733122791.107,4.395,-34.180,-42.969,8.789,0.000
1733122791.111,9.766,-37.109,-48.340,12.207,0.000
1733122791.115,17.090,-33.691,-50.293,22.461,0.000
1733122791.119,21.973,-29.785,-47.852,22.461,0.000
1733122791.123,20.508,-23.438,-51.758,16.602,0.000
1733122791.127,10.254,-21.484,-48.828,7.812,0.000
1733122791.131,13.672,-26.367,-46.387,10.742,0.000
1733122791.135,20.020,-31.250,-52.734,15.137,0.000
1733122791.138,15.137,-24.902,-51.270,14.648,0.000
1733122791.142,12.695,-22.461,-49.805,11.719,0.000
1733122791.146,9.766,-25.391,-49.316,10.254,0.000
1733122791.150,9.766,-18.066,-42.480,17.090,0.000
1733122791.154,12.207,-11.719,-40.527,15.137,0.000
1733122791.158,12.695,-17.090,-44.922,11.230,0.000
1733122791.162,5.371,-24.902,-46.387,7.812,0.000
1733122791.166,-2.930,-21.973,-42.969,4.883,0.000
1733122791.170,-1.953,-20.020,-39.551,9.277,0.000
1733122791.174,1.465,-20.020,-40.527,10.742,0.000
1733122791.178,3.418,-23.438,-41.504,14.648,0.000
1733122791.181,3.906,-23.438,-40.527,20.996,0.000
1733122791.185,-7.812,-19.531,-37.109,6.348,0.000
1733122791.189,-14.160,-23.438,-34.668,0.977,0.000
1733122791.193,-5.859,-22.461,-30.762,5.859,0.000
1733122791.197,2.930,-20.996,-27.344,7.324,0.000
1733122791.201,4.395,-23.926,-34.668,10.742,0.000
1733122791.205,-0.488,-24.414,-41.504,7.324,0.000
1733122791.209,0.977,-24.902,-40.039,3.906,0.000
1733122791.213,4.883,-19.043,-34.668,12.207,0.000
1733122791.217,4.395,-17.578,-38.086,12.695,0.000
1733122791.221,6.348,-21.973,-39.062,7.324,0.000
1733122791.224,3.418,-21.973,-34.668,3.906,0.000
1733122791.228,-4.883,-15.137,-37.598,-5.371,0.000
1733122791.232,-2.441,-13.672,-37.598,-5.371,0.000
1733122791.236,9.277,-18.066,-31.738,2.930,0.000
1733122791.240,8.789,-17.578,-32.715,-3.418,0.000
1733122791.244,-5.859,-22.949,-39.551,-15.625,0.000
1733122791.248,-11.719,-26.367,-36.133,-15.137,0.000
1733122791.252,-4.883,-17.578,-27.832,-5.859,0.000
1733122791.256,2.441,-13.672,-26.855,-1.953,0.000
1733122791.260,0.977,-14.648,-25.879,-1.465,0.000
1733122791.264,-6.348,-17.578,-31.250,-8.789,0.000
1733122791.267,-13.184,-22.461,-36.133,-15.625,0.000
1733122791.271,-7.812,-23.438,-39.551,-0.488,0.000
1733122791.275,-2.930,-17.090,-40.039,1.953,0.000
1733122791.279,1.465,-15.137,-34.668,-0.488,0.000
1733122791.283,-5.859,-18.555,-36.621,-5.371,0.000
1733122791.287,-17.090,-18.066,-43.457,-15.137,0.000
1733122791.291,-12.207,-17.578,-45.410,-7.324,0.000
1733122791.295,-3.906,-22.461,-43.457,-2.441,0.000
1733122791.299,-4.395,-22.949,-41.992,-3.906,0.000
1733122791.303,-9.766,-18.555,-36.133,-1.465,0.000
1733122791.306,-17.578,-21.484,-33.691,-3.906,0.000
1733122791.310,-18.066,-23.438,-35.645,-2.441,0.000
1733122791.314,-10.254,-25.391,-37.109,7.812,0.000
1733122791.318,-10.742,-23.926,-40.527,3.418,0.000
1733122791.322,-19.531,-23.926,-47.852,-13.672,0.000
1733122791.326,-25.879,-28.320,-56.152,-18.066,0.000
1733122791.330,-23.438,-24.902,-50.293,-20.996,0.000
1733122791.334,-18.066,-23.438,-39.551,-18.555,0.000
1733122791.338,-17.090,-26.367,-40.527,-13.672,0.000
1733122791.342,-17.578,-28.809,-43.945,-19.043,0.000
1733122791.346,-24.902,-33.203,-46.387,-23.926,0.000
1733122791.349,-30.273,-34.180,-47.363,-17.578,0.000
1733122791.353,-28.809,-29.785,-45.898,-9.766,0.000
1733122791.357,-22.949,-29.297,-45.410,-10.254,0.000
1733122791.361,-18.555,-31.738,-47.363,-14.160,0.000
1733122791.365,-20.508,-24.902,-43.457,-24.414,0.000
1733122791.369,-15.625,-20.996,-37.598,-25.879,0.000
1733122791.373,-4.883,-24.414,-39.551,-19.531,0.000
1733122791.377,11.230,-23.926,-41.504,-17.578,0.000
1733122791.381,15.625,-25.391,-44.434,-21.484,0.000
1733122791.385,2.930,-30.762,-49.316,-25.391,0.000
1733122791.388,-2.441,-24.902,-41.992,-21.973,0.000
1733122791.392,1.465,-18.555,-36.133,-13.672,0.000
1733122791.396,0.488,-22.949,-39.062,-3.906,0.000
1733122791.400,-4.883,-30.273,-36.133,0.977,0.000
1733122791.404,-15.625,-33.203,-33.691,0.000,0.000
1733122791.408,-23.926,-25.879,-38.574,-7.812,0.000
1733122791.412,-21.484,-23.926,-42.969,-17.578,0.000
1733122791.416,-17.090,-30.762,-42.480,-15.137,0.000
1733122791.420,-14.160,-29.785,-40.527,-6.836,0.000
1733122791.424,-20.996,-27.344,-37.598,-13.184,0.000
1733122791.428,-29.785,-27.344,-41.504,-20.508,0.000
1733122791.431,-21.484,-22.461,-42.480,-6.836,0.000
1733122791.435,-12.695,-19.531,-31.738,2.441,0.000
1733122791.439,-13.672,-22.949,-26.855,-1.953,0.000
1733122791.443,-21.973,-27.344,-33.203,-0.977,0.000
1733122791.447,-25.879,-28.320,-36.621,0.000,0.000
1733122791.451,-19.531,-16.602,-30.762,2.441,0.000
1733122791.455,-16.602,-5.371,-25.879,2.441,0.000
1733122791.459,-13.184,-8.301,-33.203,-7.812,0.000
1733122791.463,-17.578,-13.184,-36.621,-2.930,0.000
1733122791.466,-30.762,-12.207,-29.785,-1.953,0.000
1733122791.470,-32.227,-13.672,-31.250,-17.090,0.000
1733122791.474,-18.066,-16.602,-30.762,-12.695,0.000
1733122791.478,-10.742,-12.695,-27.832,-8.301,0.000
1733122791.482,-14.160,-16.602,-34.668,-13.672,0.000
1733122791.486,-19.531,-16.113,-38.574,-20.508,0.000
1733122791.490,-19.531,-12.695,-38.086,-24.902,0.000
1733122791.494,-12.207,-18.066,-36.621,-19.043,0.000
1733122791.498,-8.789,-15.137,-34.668,-11.719,0.000
1733122791.502,-11.230,-15.625,-37.598,-10.742,0.000
1733122791.506,-13.672,-22.949,-37.598,-9.277,0.000
1733122791.509,-14.160,-20.020,-35.156,-8.301,0.000
1733122791.513,-11.719,-15.625,-33.203,-9.277,0.000
1733122791.517,-5.859,-18.555,-30.273,-4.883,0.000
1733122791.521,-5.371,-22.461,-31.738,-0.977,0.000
1733122791.525,-10.742,-23.438,-33.691,-4.883,0.000
1733122791.529,-9.766,-22.461,-32.715,-12.207,0.000
1733122791.533,-8.789,-27.832,-32.715,-8.789,0.000
1733122791.537,-4.883,-32.227,-36.133,-5.371,0.000
1733122791.541,-6.348,-31.250,-34.668,-5.371,0.000
1733122791.545,-11.230,-30.762,-31.738,-3.418,0.000
1733122791.549,-15.137,-33.691,-37.598,-10.254,0.000
1733122791.552,-16.602,-31.250,-36.621,-11.230,0.000
1733122791.556,-10.254,-31.250,-31.738,3.418,0.000
1733122791.560,-12.695,-31.250,-34.180,0.488,0.000
1733122791.564,-18.555,-30.273,-32.715,-13.672,0.000
1733122791.568,-19.531,-26.855,-30.273,-19.043,0.000
1733122791.572,-13.184,-19.531,-27.344,-14.160,0.000
1733122791.576,-4.395,-19.043,-26.855,-5.371,0.000
1733122791.580,-4.883,-23.926,-33.203,-4.883,0.000
1733122791.584,-16.113,-27.344,-33.691,-12.207,0.000
1733122791.588,-25.879,-29.785,-31.738,-21.973,0.000
1733122791.592,-23.926,-28.320,-32.715,-26.855,0.000
1733122791.595,-16.602,-25.391,-34.668,-18.066,0.000
1733122791.599,-9.277,-31.250,-35.156,-2.930,0.000
1733122791.603,-16.602,-31.250,-32.227,-7.812,0.000
1733122791.607,-29.297,-31.250,-30.273,-18.555,0.000
1733122791.611,-19.043,-29.785,-34.180,-12.695,0.000
1733122791.615,0.000,-20.996,-41.016,-9.766,0.000
1733122791.619,0.000,-25.391,-47.852,-13.672,0.000
1733122791.623,0.000,-34.668,-49.316,-17.090,0.000
1733122791.627,0.000,-38.574,-46.875,-18.555,0.000
1733122791.631,0.000,-35.645,-37.598,-14.160,0.000
1733122791.635,0.000,-32.715,-33.203,-6.836,0.000
1733122791.638,0.000,-29.785,-39.551,-11.719,0.000
1733122791.642,0.000,-32.715,-45.410,-18.066,0.000
1733122791.646,0.000,-33.691,-48.828,-21.973,0.000
1733122791.650,0.000,-26.855,-50.781,-29.297,0.000
1733122791.654,0.000,-27.344,-48.828,-31.250,0.000
1733122791.658,0.000,-29.297,-46.875,-28.320,0.000
1733122791.662,-31.738,-34.180,-49.316,-30.273,0.000
1733122791.666,-38.574,-34.180,-54.199,-38.086,0.000
1733122791.670,-40.039,-32.715,-54.688,-38.574,0.000
1733122791.674,-35.645,-34.180,-52.734,-30.762,0.000
1733122791.678,-36.133,-38.574,-49.805,-27.832,0.000
1733122791.681,-38.086,-42.480,-48.340,-29.785,0.000
1733122791.685,-42.969,-46.875,-45.898,-33.203,0.000
1733122791.689,-49.805,-47.852,-41.504,-33.203,0.000
1733122791.693,-36.133,-33.203,-47.852,-30.273,0.000
1733122791.697,-12.695,-35.156,-47.852,-14.160,0.000
1733122791.701,-42.969,-52.246,-35.645,-26.855,0.000
1733122791.705,-78.125,-49.805,-34.668,-55.176,0.000
1733122791.709,-81.543,-43.945,-40.039,-59.570,0.000
1733122791.713,-88.867,-41.016,-37.598,-69.336,0.000
1733122791.717,-95.215,-43.945,-32.715,-78.613,0.000
1733122791.720,-106.934,-49.316,-31.250,-86.426,0.000
1733122791.724,-120.605,-46.387,-31.250,-103.516,0.000
1733122791.728,-135.254,-45.410,-29.297,-115.234,0.000
1733122791.732,-130.859,-46.387,-27.344,-106.445,0.000
1733122791.736,-129.883,-44.922,-20.020,-99.121,0.000
1733122791.740,-145.020,-37.109,-9.766,-113.770,0.000
1733122791.744,-139.648,-39.551,-16.602,-117.676,0.000
1733122791.748,-141.113,-39.062,-25.879,-119.629,0.000
1733122791.752,-151.367,-33.691,-24.414,-134.277,0.000
1733122791.756,-145.020,-31.738,-21.973,-134.277,0.000
1733122791.760,-145.508,-34.668,-20.508,-135.254,0.000
1733122791.763,-152.344,-39.062,-25.391,-141.113,0.000
1733122791.767,-164.062,-40.039,-23.438,-145.996,0.000
1733122791.771,-171.387,-43.457,-12.695,-148.438,0.000
1733122791.775,-149.414,-43.457,-8.789,-132.812,0.000
1733122791.779,-126.953,-36.133,-15.625,-115.234,0.000
1733122791.783,-143.066,-33.203,-24.902,-131.348,0.000
1733122791.787,-171.875,-41.016,-20.996,-150.879,0.000
1733122791.791,-155.762,-44.434,-15.625,-133.789,0.000
1733122791.795,-136.719,-36.133,-21.973,-120.605,0.000
1733122791.798,-137.207,-30.273,-23.438,-120.117,0.000
1733122791.802,-140.625,-35.645,-25.391,-126.953,0.000
1733122791.806,-141.113,-39.551,-23.438,-125.488,0.000
1733122791.810,-129.395,-31.738,-20.508,-116.211,0.000
1733122791.814,-116.211,-28.320,-33.691,-110.352,0.000
1733122791.818,-116.211,-32.227,-31.738,-107.910,0.000
1733122791.822,-114.746,-38.574,-31.250,-104.004,0.000
1733122791.826,-108.398,-41.016,-30.762,-99.121,0.000
1733122791.830,-104.004,-35.156,-22.949,-97.168,0.000
1733122791.834,-88.867,-32.227,-27.832,-83.984,0.000
1733122791.838,-71.777,-37.109,-31.738,-66.895,0.000
1733122791.841,-71.777,-41.016,-31.250,-65.918,0.000
1733122791.845,-79.590,-37.598,-33.203,-76.172,0.000
1733122791.849,-79.102,-39.062,-29.785,-77.148,0.000
1733122791.853,-70.801,-44.434,-34.180,-64.453,0.000
1733122791.857,-57.617,-48.828,-39.551,-46.387,0.000
1733122791.861,-50.293,-50.781,-41.016,-46.387,0.000
1733122791.865,-43.457,-52.246,-40.039,-45.410,0.000
1733122791.869,-42.969,-50.293,-39.551,-42.969,0.000
1733122791.873,-42.480,-45.898,-39.551,-48.340,0.000
1733122791.877,-37.109,-47.363,-37.598,-42.969,0.000
1733122791.881,-37.109,-50.293,-41.016,-39.551,0.000
1733122791.884,-38.574,-51.270,-46.387,-36.133,0.000
1733122791.888,-41.016,-50.781,-51.270,-37.598,0.000
1733122791.892,-33.203,-49.316,-53.711,-36.621,0.000
1733122791.896,-22.461,-48.340,-57.129,-24.902,0.000
1733122791.900,-18.555,-47.852,-59.570,-23.926,0.000
1733122791.904,-21.484,-46.875,-52.246,-24.414,0.000
1733122791.908,-22.949,-44.922,-49.805,-19.531,0.000
1733122791.912,-12.207,-43.945,-56.152,-17.090,0.000
1733122791.916,-5.859,-42.480,-52.734,-16.113,0.000
1733122791.920,-3.418,-42.969,-48.340,-11.230,0.000
1733122791.924,-2.441,-39.551,-50.293,-7.812,0.000
1733122791.927,-8.789,-40.039,-53.711,-3.418,0.000
1733122791.931,-2.441,-40.527,-49.316,6.836,0.000
1733122791.935,12.207,-30.273,-41.016,8.789,0.000
1733122791.939,13.672,-32.227,-43.945,5.371,0.000
1733122791.943,14.648,-33.691,-42.969,4.883,0.000
1733122791.947,16.113,-27.344,-38.574,8.301,0.000
1733122791.951,19.043,-22.949,-38.574,15.137,0.000
1733122791.955,26.855,-23.926,-42.969,20.020,0.000
1733122791.959,25.391,-30.762,-47.852,20.508,0.000
1733122791.963,25.879,-27.832,-47.363,20.508,0.000
1733122791.966,14.648,-27.344,-41.016,14.648,0.000
1733122791.970,10.742,-28.320,-36.133,17.090,0.000
1733122791.974,15.137,-31.250,-42.480,25.391,0.000
1733122791.978,13.672,-30.273,-47.363,21.973,0.000
1733122791.982,13.184,-28.320,-46.875,18.555,0.000
1733122791.986,11.230,-28.809,-39.062,20.020,0.000
1733122791.990,12.695,-25.391,-35.645,23.438,0.000
1733122791.994,21.484,-20.020,-39.062,27.832,0.000
1733122791.998,27.832,-19.043,-39.551,23.926,0.000
1733122792.002,25.391,-31.738,-41.504,17.090,0.000
1733122792.006,16.113,-34.668,-38.574,22.461,0.000
1733122792.009,9.277,-30.273,-38.086,20.996,0.000
1733122792.013,20.020,-32.227,-39.551,20.508,0.000
1733122792.017,24.902,-38.574,-41.992,26.855,0.000
1733122792.021,20.508,-46.875,-43.457,31.250,0.000
1733122792.025,14.160,-41.016,-45.898,20.020,0.000
1733122792.029,11.719,-36.621,-53.711,10.254,0.000
1733122792.033,16.113,-41.504,-50.781,16.113,0.000
1733122792.037,18.555,-41.504,-43.457,20.996,0.000
1733122792.041,15.625,-36.621,-44.922,18.066,0.000
1733122792.045,3.418,-36.621,-46.387,8.789,0.000
1733122792.049,-4.395,-38.086,-44.922,4.883,0.000
1733122792.052,2.930,-31.250,-38.086,6.836,0.000
1733122792.056,15.625,-26.855,-39.062,5.371,0.000
1733122792.060,28.809,-24.902,-41.992,-1.953,0.000
1733122792.064,20.996,-31.250,-42.480,-9.277,0.000
1733122792.068,3.418,-32.715,-42.480,-20.508,0.000
1733122792.072,0.977,-28.320,-45.898,-21.973,0.000
1733122792.076,11.230,-30.273,-48.340,-1.465,0.000
1733122792.080,7.324,-30.762,-45.898,0.977,0.000
1733122792.084,-11.230,-34.180,-41.016,-3.418,0.000
1733122792.088,-10.742,-35.156,-36.621,4.395,0.000
1733122792.091,-6.348,-33.203,-37.598,4.883,0.000
1733122792.095,-7.324,-33.203,-41.504,6.348,0.000
1733122792.099,-4.395,-33.691,-43.945,5.371,0.000
1733122792.103,-8.789,-36.621,-40.039,0.488,0.000
1733122792.107,-13.672,-33.691,-37.109,-1.953,0.000
1733122792.111,-13.672,-31.738,-36.133,5.371,0.000
1733122792.115,-11.230,-24.902,-37.109,8.301,0.000
1733122792.119,-4.883,-24.902,-40.527,4.883,0.000
1733122792.123,-7.812,-35.645,-42.480,0.000,0.000
1733122792.127,-20.508,-42.480,-46.387,-12.695,0.000
1733122792.131,-20.508,-38.086,-45.898,-16.113,0.000
1733122792.134,-16.602,-31.738,-45.898,-12.695,0.000
1733122792.138,-15.625,-38.086,-49.316,-15.625,0.000
1733122792.142,-19.043,-37.598,-48.828,-20.020,0.000
1733122792.146,-26.855,-34.180,-48.340,-20.996,0.000
1733122792.150,-28.320,-38.086,-54.688,-21.973,0.000
1733122792.154,-21.484,-38.574,-56.641,-11.719,0.000
1733122792.158,-18.555,-36.133,-53.223,-12.207,0.000
1733122792.162,-25.879,-36.133,-51.270,-22.949,0.000
1733122792.166,-30.762,-43.457,-51.758,-20.508,0.000
1733122792.170,-28.809,-42.969,-51.270,-15.625,0.000
1733122792.173,-26.855,-36.621,-50.781,-19.043,0.000
1733122792.177,-22.461,-40.527,-46.875,-22.949,0.000
1733122792.181,-23.438,-43.457,-44.434,-25.879,0.000
1733122792.185,-36.621,-45.898,-50.781,-36.621,0.000
1733122792.189,-44.922,-48.828,-53.711,-47.363,0.000
1733122792.193,-35.645,-48.828,-50.781,-40.527,0.000
1733122792.197,-21.484,-47.852,-51.758,-25.879,0.000
1733122792.201,-18.555,-42.480,-53.223,-25.391,0.000
1733122792.205,-33.203,-40.039,-50.781,-34.180,0.000
1733122792.209,-36.133,-38.574,-46.875,-32.227,0.000
1733122792.212,-28.320,-42.480,-44.922,-21.973,0.000
1733122792.216,-29.785,-47.852,-49.316,-18.066,0.000
1733122792.220,-30.273,-40.527,-49.805,-29.297,0.000
1733122792.224,-27.832,-44.922,-44.922,-25.391,0.000
1733122792.228,-25.391,-50.781,-42.969,-17.090,0.000
1733122792.232,-37.598,-32.227,-41.016,-40.527,0.000
1733122792.236,-50.293,-20.508,-41.016,-67.383,0.000
1733122792.240,-56.641,-25.879,-44.434,-74.707,0.000
1733122792.244,-75.195,-35.645,-47.363,-81.543,0.000
1733122792.248,-97.168,-36.133,-48.340,-94.727,0.000
1733122792.252,-91.797,-29.297,-51.758,-97.656,0.000
1733122792.255,-79.102,-32.227,-57.129,-91.797,0.000
1733122792.259,-68.848,-35.156,-54.199,-82.031,0.000
1733122792.263,-64.941,-37.598,-52.246,-71.777,0.000
1733122792.267,-71.289,-41.016,-57.617,-68.359,0.000
1733122792.271,-62.988,-41.992,-60.059,-62.012,0.000
1733122792.275,-50.293,-41.504,-57.617,-58.594,0.000
1733122792.279,-51.758,-41.504,-57.617,-58.594,0.000
1733122792.283,-53.711,-42.480,-58.594,-51.270,0.000
1733122792.287,-58.105,-43.457,-59.082,-49.805,0.000
1733122792.291,-53.223,-39.062,-56.641,-52.734,0.000
1733122792.295,-39.551,-34.180,-56.641,-46.875,0.000
1733122792.298,-38.086,-33.691,-59.570,-38.086,0.000
1733122792.302,-41.016,-39.062,-63.477,-33.203,0.000
1733122792.306,-45.410,-41.504,-57.129,-34.180,0.000
1733122792.310,-48.828,-38.086,-52.246,-41.992,0.000
1733122792.314,-38.574,-37.598,-51.270,-35.156,0.000
1733122792.318,-28.809,-35.645,-51.758,-27.344,0.000
1733122792.322,-40.039,-42.480,-54.688,-33.203,0.000
1733122792.326,-43.457,-42.480,-50.293,-32.715,0.000
1733122792.330,-37.109,-37.109,-50.293,-29.297,0.000
1733122792.334,-28.320,-33.203,-53.711,-27.344,0.000
1733122792.338,-16.113,-26.367,-52.734,-20.996,0.000
1733122792.341,-17.578,-26.367,-52.246,-18.066,0.000
1733122792.345,-24.902,-29.297,-52.734,-18.066,0.000
1733122792.349,-26.367,-28.809,-51.758,-13.184,0.000
1733122792.353,-19.531,-20.508,-48.828,-10.254,0.000
1733122792.357,-15.625,-20.996,-45.898,-11.230,0.000
1733122792.361,-17.578,-29.297,-51.758,-13.672,0.000
1733122792.365,-22.461,-33.691,-57.129,-19.531,0.000
1733122792.369,-24.902,-27.832,-47.363,-18.555,0.000
1733122792.373,-11.230,-20.020,-43.945,-7.812,0.000
1733122792.377,0.488,-17.090,-44.434,-2.441,0.000
1733122792.380,-6.348,-18.066,-43.457,-2.930,0.000
1733122792.384,-21.484,-28.320,-54.199,-6.348,0.000
1733122792.388,-24.414,-30.273,-53.711,-11.230,0.000
1733122792.392,-15.137,-22.461,-43.457,-3.418,0.000
1733122792.396,-9.277,-27.344,-48.340,1.465,0.000
1733122792.400,-16.602,-25.879,-55.664,-9.277,0.000
1733122792.404,-23.926,-24.414,-58.105,-18.555,0.000
1733122792.408,-24.414,-29.297,-60.059,-26.367,0.000
1733122792.412,-20.020,-25.391,-58.105,-24.414,0.000
1733122792.416,-18.066,-26.367,-53.223,-22.461,0.000
1733122792.420,-20.020,-31.250,-50.781,-25.391,0.000
1733122792.423,-23.438,-35.156,-48.340,-24.414,0.000
1733122792.427,-29.297,-33.203,-43.945,-21.484,0.000
1733122792.431,-24.414,-29.785,-44.922,-15.625,0.000
1733122792.435,-15.625,-30.762,-49.805,-10.254,0.000
1733122792.439,-14.648,-34.180,-48.340,-9.277,0.000
1733122792.443,-21.973,-31.738,-48.828,-17.090,0.000
1733122792.447,-26.855,-27.344,-49.316,-29.297,0.000
1733122792.451,-13.184,-30.273,-45.898,-23.438,0.000
1733122792.455,-1.953,-27.832,-44.922,-11.230,0.000
1733122792.459,-3.906,-27.832,-44.922,-12.695,0.000
1733122792.463,-7.324,-33.203,-45.898,-16.602,0.000
1733122792.466,-18.066,-30.762,-47.852,-20.508,0.000
1733122792.470,-21.484,-26.855,-46.387,-20.508,0.000
1733122792.474,-10.254,-25.391,-47.852,-14.648,0.000
1733122792.478,-7.812,-27.832,-47.363,-15.137,0.000
1733122792.482,-14.160,-35.645,-44.434,-15.625,0.000
1733122792.486,-18.066,-32.715,-43.945,-12.695,0.000
1733122792.490,-20.020,-22.461,-41.504,-17.578,0.000
1733122792.494,-12.207,-19.531,-37.598,-18.066,0.000
1733122792.498,-7.812,-22.461,-36.133,-13.672,0.000
1733122792.501,-16.602,-25.391,-38.086,-17.578,0.000
1733122792.505,-24.902,-32.227,-39.062,-29.297,0.000
1733122792.509,-20.996,-29.785,-41.016,-28.809,0.000
1733122792.513,-18.066,-23.926,-43.945,-27.344,0.000
1733122792.517,-16.602,-27.344,-49.316,-24.902,0.000
1733122792.521,-11.230,-23.438,-47.852,-25.391,0.000
1733122792.525,-21.484,-29.297,-45.410,-32.715,0.000
1733122792.529,-25.879,-37.598,-43.457,-32.227,0.000
1733122792.533,-16.113,-31.738,-43.457,-30.273,0.000
1733122792.537,-18.555,-30.762,-43.457,-28.320,0.000
1733122792.541,-18.066,-34.668,-42.480,-25.879,0.000
1733122792.544,-20.996,-36.621,-44.922,-35.645,0.000
1733122792.548,-24.414,-33.691,-41.016,-36.133,0.000
1733122792.552,-20.996,-32.227,-33.691,-23.438,0.000
1733122792.556,-15.137,-30.273,-39.551,-17.578,0.000
1733122792.560,-12.695,-23.926,-42.480,-19.531,0.000
1733122792.564,-15.625,-19.043,-42.969,-27.344,0.000
1733122792.568,-19.531,-21.484,-44.434,-20.996,0.000
1733122792.572,-21.973,-29.297,-44.434,-15.137,0.000
1733122792.576,-15.625,-29.297,-48.340,-15.625,0.000
1733122792.580,-14.160,-25.879,-50.781,-18.066,0.000
1733122792.584,-25.391,-31.738,-51.758,-27.344,0.000
1733122792.587,-22.461,-33.203,-46.875,-28.320,0.000
1733122792.591,-17.578,-26.855,-39.551,-19.043,0.000
1733122792.595,-20.020,-20.996,-41.992,-20.996,0.000
1733122792.599,-15.625,-22.949,-41.504,-24.414,0.000
1733122792.603,-23.926,-30.762,-44.434,-25.879,0.000
1733122792.607,-36.133,-36.133,-47.363,-32.227,0.000
1733122792.611,-28.809,-31.738,-43.457,-28.320,0.000
1733122792.615,-18.066,-28.320,-43.457,-19.531,0.000
1733122792.619,-15.137,-33.203,-40.527,-10.742,0.000
1733122792.623,-21.973,-28.809,-44.922,-17.578,0.000
1733122792.627,-31.250,-24.902,-47.852,-30.273,0.000
1733122792.630,-28.320,-31.738,-42.969,-29.297,0.000
1733122792.634,-14.648,-34.180,-44.922,-24.414,0.000
1733122792.638,-4.395,-25.879,-48.828,-24.414,0.000
1733122792.642,-2.930,-18.066,-58.105,-31.738,0.000
1733122792.646,4.395,-21.484,-56.152,-22.461,0.000
1733122792.650,-5.371,-32.715,-33.691,-17.578,0.000
1733122792.654,-25.879,-38.574,-26.855,-26.855,0.000
1733122792.658,-21.973,-38.086,-34.180,-27.832,0.000
1733122792.662,-21.484,-44.922,-31.250,-24.902,0.000
1733122792.666,-38.086,-53.223,-27.832,-23.438,0.000
1733122792.670,-39.062,-47.363,-31.738,-23.926,0.000
1733122792.673,-23.926,-48.340,-33.203,-19.043,0.000
1733122792.677,-20.020,-55.176,-29.297,-8.789,0.000
1733122792.681,-30.273,-59.082,-24.902,-1.465,0.000
1733122792.685,-42.480,-54.199,-18.066,-8.789,0.000
1733122792.689,-43.457,-51.758,-11.230,-10.742,0.000
1733122792.693,-29.785,-53.223,-12.207,-1.465,0.000
1733122792.697,-15.137,-47.852,-15.625,3.418,0.000
1733122792.701,-20.020,-50.293,-13.672,-1.465,0.000
1733122792.705,-28.809,-54.199,-8.301,0.977,0.000
1733122792.709,-28.809,-57.617,-6.836,9.277,0.000
1733122792.713,-20.020,-56.152,-7.324,14.160,0.000
1733122792.716,-12.207,-51.758,-10.254,16.113,0.000
1733122792.720,-16.113,-56.152,-19.531,10.742,0.000
1733122792.724,-26.855,-67.871,-19.043,6.836,0.000
1733122792.728,-30.762,-62.012,-16.113,2.930,0.000
1733122792.732,-18.066,-45.410,-17.578,-1.465,0.000
1733122792.736,-1.465,-52.246,-22.461,-6.348,0.000
1733122792.740,3.418,-51.758,-20.996,-12.207,0.000
1733122792.744,-9.766,-49.805,-20.020,-16.113,0.000
1733122792.748,-25.391,-56.641,-22.461,-23.438,0.000
1733122792.752,-27.344,-52.246,-21.484,-20.020,0.000
1733122792.755,-25.879,-49.805,-22.949,-13.672,0.000
1733122792.759,-26.855,-47.363,-23.926,-3.418,0.000
1733122792.763,-39.551,-46.387,-26.855,-4.395,0.000
1733122792.767,-49.805,-47.363,-35.645,-18.066,0.000
1733122792.771,-42.480,-39.062,-41.504,-16.602,0.000
1733122792.775,-32.715,-30.273,-40.039,-15.137,0.000
1733122792.779,-28.320,-37.598,-35.156,-12.207,0.000
1733122792.783,-36.621,-45.898,-39.551,-16.602,0.000
1733122792.787,-49.805,-43.457,-40.039,-24.902,0.000
1733122792.791,-42.969,-42.480,-31.738,-18.555,0.000
1733122792.795,-30.762,-47.852,-33.203,-19.043,0.000
1733122792.798,-28.320,-53.711,-40.527,-22.461,0.000
1733122792.802,-34.180,-56.152,-40.527,-22.949,0.000
1733122792.806,-42.480,-57.617,-40.527,-31.738,0.000
1733122792.810,-43.945,-56.152,-42.480,-34.180,0.000
1733122792.814,-35.156,-54.688,-43.945,-24.414,0.000
1733122792.818,-28.809,-47.852,-46.387,-19.531,0.000
1733122792.822,-25.879,-39.551,-42.480,-17.578,0.000
1733122792.826,-33.691,-41.504,-38.574,-19.043,0.000
1733122792.830,-37.598,-41.504,-39.062,-23.926,0.000
1733122792.834,-30.762,-39.551,-38.574,-23.438,0.000
1733122792.838,-18.066,-45.410,-35.156,-5.859,0.000
1733122792.841,-2.441,-46.387,-36.621,11.719,0.000
1733122792.845,-15.625,-40.039,-54.688,-22.461,0.000
1733122792.849,-33.691,-34.180,-57.617,-36.621,0.000
1733122792.853,-13.184,-37.598,-47.852,-4.395,0.000
1733122792.857,4.883,-41.992,-50.293,-6.348,0.000
1733122792.861,-3.418,-42.480,-59.082,-19.043,0.000
1733122792.865,-16.113,-40.527,-63.965,-31.250,0.000
1733122792.869,-17.090,-41.016,-60.059,-34.180,0.000
1733122792.873,-4.395,-33.203,-62.012,-24.414,0.000
1733122792.876,-5.859,-32.227,-63.477,-23.438,0.000
1733122792.880,0.488,-42.480,-56.641,-14.648,0.000
1733122792.884,-16.602,-46.387,-67.383,-33.203,0.000
1733122792.888,-24.414,-44.434,-70.312,-41.992,0.000
1733122792.892,-7.812,-39.062,-64.941,-37.109,0.000
1733122792.896,1.465,-33.691,-69.336,-36.133,0.000
1733122792.900,-0.488,-37.598,-67.871,-27.344,0.000
1733122792.904,-13.672,-51.758,-64.941,-27.832,0.000
1733122792.908,-20.996,-48.828,-59.570,-30.762,0.000
1733122792.912,-13.672,-37.109,-50.293,-30.762,0.000
1733122792.916,-5.371,-34.668,-48.340,-26.855,0.000
1733122792.919,-1.953,-33.203,-51.758,-29.785,0.000
1733122792.923,-14.648,-38.086,-48.828,-33.203,0.000
1733122792.927,-29.785,-42.480,-49.805,-38.086,0.000
1733122792.931,-10.742,-37.109,-46.387,-30.273,0.000
1733122792.935,-0.977,-38.086,-44.434,-16.602,0.000
1733122792.939,-8.301,-41.992,-55.176,-25.391,0.000
1733122792.943,-17.090,-54.199,-53.711,-38.574,0.000
1733122792.947,-25.879,-56.152,-52.734,-42.480,0.000
1733122792.951,-18.555,-53.223,-47.852,-38.086,0.000
1733122792.955,-13.672,-56.641,-48.340,-30.762,0.000
1733122792.958,-17.090,-55.176,-52.246,-34.180,0.000
1733122792.962,-20.020,-55.176,-50.293,-27.344,0.000
1733122792.966,-30.273,-58.105,-52.734,-19.043,0.000
1733122792.970,-33.203,-51.270,-50.293,-27.344,0.000
1733122792.974,-18.555,-45.898,-45.410,-21.973,0.000
1733122792.978,-8.301,-45.898,-43.945,-19.043,0.000
1733122792.982,-16.113,-44.434,-47.852,-21.484,0.000
1733122792.986,-32.715,-44.922,-49.805,-28.809,0.000
1733122792.990,-30.273,-44.434,-44.922,-28.809,0.000
1733122792.994,-20.508,-41.504,-50.293,-21.484,0.000
1733122792.998,-18.555,-39.551,-55.176,-20.996,0.000
1733122793.001,-21.973,-45.898,-56.641,-20.020,0.000
1733122793.005,-28.809,-42.969,-45.898,-16.602,0.000
1733122793.009,-33.203,-37.109,-38.086,-15.137,0.000
1733122793.013,-34.668,-32.715,-40.039,-17.090,0.000
1733122793.017,-29.297,-31.738,-40.527,-17.090,0.000
1733122793.021,-26.855,-41.992,-43.945,-22.461,0.000
1733122793.025,-31.250,-45.898,-43.457,-30.273,0.000
1733122793.029,-32.715,-38.086,-39.551,-25.879,0.000
1733122793.033,-26.367,-33.691,-41.016,-24.902,0.000
1733122793.037,-20.020,-34.180,-40.039,-29.785,0.000
1733122793.041,-20.020,-37.598,-36.133,-23.438,0.000
1733122793.044,-26.855,-36.621,-38.574,-22.461,0.000
1733122793.048,-31.738,-31.250,-39.062,-29.297,0.000
1733122793.052,-31.250,-35.156,-41.992,-28.320,0.000
1733122793.056,-28.320,-32.715,-42.969,-24.902,0.000
1733122793.060,-27.832,-27.344,-33.691,-30.762,0.000
1733122793.064,-35.645,-27.832,-34.180,-37.109,0.000
1733122793.068,-44.922,-35.156,-41.504,-32.227,0.000
1733122793.072,-44.434,-36.621,-43.457,-27.344,0.000
1733122793.076,-37.109,-33.691,-47.852,-33.691,0.000
1733122793.080,-35.645,-38.574,-54.688,-36.621,0.000
1733122793.084,-37.109,-41.016,-55.176,-33.203,0.000
1733122793.087,-39.551,-40.039,-52.246,-34.668,0.000
1733122793.091,-31.250,-38.086,-44.434,-29.297,0.000
1733122793.095,-24.414,-37.109,-44.434,-21.973,0.000
1733122793.099,-21.973,-33.203,-46.387,-14.648,0.000
1733122793.103,-23.438,-24.414,-42.969,-16.113,0.000
1733122793.107,-30.762,-24.902,-44.922,-24.902,0.000
1733122793.111,-24.414,-28.809,-44.922,-21.484,0.000
1733122793.115,-16.113,-28.320,-39.062,-12.207,0.000
1733122793.119,-13.672,-29.297,-38.574,-12.207,0.000
1733122793.123,-18.555,-31.738,-43.945,-16.113,0.000
1733122793.127,-25.879,-34.180,-45.898,-16.602,0.000
1733122793.130,-26.855,-35.645,-43.457,-20.508,0.000
1733122793.134,-20.996,-35.156,-40.527,-20.508,0.000
1733122793.138,-25.391,-38.574,-40.527,-18.555,0.000
1733122793.142,-41.504,-53.711,-43.457,-16.602,0.000
1733122793.146,-35.156,-61.035,-43.457,2.441,0.000
1733122793.150,-25.391,-35.156,-42.480,-3.418,0.000
1733122793.154,-31.738,-21.973,-44.434,-28.809,0.000
1733122793.158,-27.832,-28.320,-47.363,-29.297,0.000
1733122793.162,-17.578,-28.320,-47.363,-20.020,0.000
1733122793.166,-20.020,-29.297,-48.340,-23.926,0.000
1733122793.169,-23.926,-24.414,-50.781,-40.527,0.000
1733122793.173,-23.438,-20.020,-53.711,-48.340,0.000
1733122793.177,-23.926,-24.414,-56.152,-41.992,0.000
1733122793.181,-30.762,-29.297,-62.500,-33.691,0.000
1733122793.185,-39.062,-33.691,-60.547,-30.273,0.000
1733122793.189,-47.363,-33.691,-61.035,-34.668,0.000
1733122793.193,-38.086,-20.996,-57.129,-32.715,0.000
1733122793.197,-23.438,-15.137,-45.898,-29.297,0.000
1733122793.201,-17.578,-21.973,-45.898,-20.508,0.000
1733122793.205,-22.461,-27.832,-44.922,-18.066,0.000
1733122793.209,-32.715,-28.809,-41.016,-25.391,0.000
1733122793.212,-25.879,-26.367,-37.598,-25.879,0.000
1733122793.216,-13.184,-23.438,-40.527,-22.461,0.000
1733122793.220,-17.578,-24.414,-41.992,-26.367,0.000
1733122793.224,-33.203,-32.227,-42.480,-32.715,0.000
1733122793.228,-41.992,-37.109,-46.875,-38.086,0.000
1733122793.232,-38.086,-31.250,-44.434,-36.133,0.000
1733122793.236,-33.691,-31.250,-45.898,-23.926,0.000
1733122793.240,-32.715,-31.250,-43.945,-30.762,0.000
1733122793.244,-34.668,-31.250,-42.480,-39.551,0.000
1733122793.248,-40.039,-33.691,-43.457,-36.133,0.000
1733122793.251,-35.156,-25.391,-40.527,-32.227,0.000
1733122793.255,-25.879,-20.508,-43.945,-32.715,0.000
1733122793.259,-22.461,-21.484,-47.363,-32.715,0.000
1733122793.263,-27.344,-26.855,-44.922,-20.996,0.000
1733122793.267,-33.691,-30.762,-43.457,-20.020,0.000
1733122793.271,-29.785,-28.320,-41.504,-22.461,0.000
1733122793.275,-17.578,-33.691,-39.062,-20.996,0.000
1733122793.279,-14.160,-37.598,-39.062,-16.113,0.000
1733122793.283,-25.391,-33.203,-41.016,-17.090,0.000
1733122793.287,-34.668,-30.762,-47.852,-27.344,0.000
1733122793.290,-35.156,-32.715,-52.246,-32.715,0.000
1733122793.294,-31.250,-35.156,-46.875,-35.156,0.000
1733122793.298,-24.902,-25.879,-41.504,-34.668,0.000
1733122793.302,-31.738,-32.715,-47.363,-40.527,0.000
1733122793.306,-42.480,-41.016,-51.758,-43.457,0.000
1733122793.310,-38.574,-35.156,-49.805,-41.504,0.000
1733122793.314,-25.879,-32.715,-41.504,-38.086,0.000
1733122793.318,-22.461,-34.668,-37.598,-36.133,0.000
1733122793.322,-30.273,-39.062,-42.480,-30.762,0.000
1733122793.326,-45.898,-42.969,-48.828,-34.180,0.000
1733122793.330,-49.805,-41.992,-45.410,-42.969,0.000
1733122793.333,-35.156,-36.133,-39.551,-37.109,0.000
1733122793.337,-30.273,-28.320,-41.016,-37.598,0.000
1733122793.341,-37.598,-27.832,-44.922,-45.410,0.000
1733122793.345,-43.945,-27.344,-45.410,-39.551,0.000
1733122793.349,-45.898,-28.809,-43.945,-36.133,0.000
1733122793.353,-36.133,-33.691,-39.062,-29.785,0.000
1733122793.357,-28.809,-29.785,-33.203,-25.391,0.000
1733122793.361,-26.367,-23.926,-34.180,-35.156,0.000
1733122793.365,-31.250,-30.762,-41.504,-31.738,0.000
1733122793.369,-39.551,-31.738,-40.039,-27.344,0.000
1733122793.373,-33.203,-27.344,-37.598,-31.250,0.000
1733122793.376,-26.855,-27.344,-38.086,-31.250,0.000
1733122793.380,-27.832,-30.273,-41.504,-20.508,0.000
1733122793.384,-34.668,-29.785,-43.945,-20.020,0.000
1733122793.388,-37.109,-22.949,-38.086,-29.785,0.000
1733122793.392,-29.785,-27.344,-34.180,-23.926,0.000
1733122793.396,-24.414,-30.273,-38.086,-20.508,0.000
1733122793.400,-17.090,-28.809,-42.480,-29.297,0.000
1733122793.404,-20.996,-29.785,-39.062,-32.715,0.000
1733122793.408,-30.273,-28.320,-35.645,-33.691,0.000
1733122793.412,-18.066,-29.785,-37.109,-36.133,0.000
1733122793.416,-4.395,-25.391,-44.922,-37.598,0.000
1733122793.419,-4.395,-21.973,-50.781,-43.457,0.000
1733122793.423,-15.625,-29.785,-45.898,-46.875,0.000
1733122793.427,-24.414,-37.598,-46.387,-41.992,0.000
1733122793.431,-26.367,-42.480,-45.898,-35.645,0.000
1733122793.435,-30.762,-37.598,-42.969,-37.109,0.000
1733122793.439,-35.156,-36.133,-46.875,-33.691,0.000
1733122793.443,-39.062,-37.109,-45.410,-29.785,0.000
1733122793.447,-41.016,-27.832,-38.086,-30.762,0.000
1733122793.451,-47.363,-26.367,-34.668,-25.879,0.000
1733122793.455,-41.504,-36.133,-39.062,-21.484,0.000
1733122793.458,-28.320,-31.738,-41.992,-20.996,0.000
1733122793.462,-32.715,-29.785,-35.156,-23.926,0.000
1733122793.466,-39.062,-35.645,-29.785,-29.297,0.000
1733122793.470,-37.109,-33.691,-32.227,-33.691,0.000
1733122793.474,-35.156,-29.297,-32.227,-30.273,0.000
1733122793.478,-23.926,-25.879,-31.250,-19.531,0.000
1733122793.482,-18.555,-34.180,-38.086,-15.625,0.000
1733122793.486,-29.297,-37.109,-47.852,-28.809,0.000
1733122793.490,-49.316,-27.344,-43.945,-55.176,0.000
1733122793.494,-47.852,-24.414,-44.434,-58.105,0.000
1733122793.498,-39.551,-27.832,-45.410,-49.805,0.000
1733122793.501,-47.852,-32.715,-44.922,-55.664,0.000
1733122793.505,-51.758,-31.250,-46.875,-59.570,0.000
1733122793.509,-55.176,-31.738,-46.387,-60.059,0.000
1733122793.513,-46.875,-32.227,-43.945,-46.387,0.000
1733122793.517,-38.574,-32.227,-44.922,-40.527,0.000
1733122793.521,-37.109,-31.738,-49.805,-41.992,0.000
1733122793.525,-42.480,-27.832,-47.363,-44.434,0.000
1733122793.529,-45.410,-24.414,-45.410,-52.246,0.000
1733122793.533,-35.645,-22.949,-43.457,-44.434,0.000
1733122793.537,-29.297,-27.832,-44.922,-31.738,0.000
1733122793.541,-21.484,-26.855,-42.969,-26.855,0.000
1733122793.544,-28.320,-34.180,-43.457,-34.668,0.000
1733122793.548,-39.551,-40.527,-48.828,-45.410,0.000
1733122793.552,-26.855,-28.320,-45.410,-40.527,0.000
1733122793.556,-12.207,-24.902,-41.504,-28.320,0.000
1733122793.560,-12.695,-28.809,-37.109,-27.832,0.000
1733122793.564,-20.508,-32.715,-41.016,-25.879,0.000
1733122793.568,-29.297,-30.762,-41.992,-28.809,0.000
1733122793.572,-19.043,-23.926,-38.574,-28.320,0.000
1733122793.576,-5.371,-24.414,-41.016,-20.508,0.000
1733122793.580,-14.648,-24.414,-41.016,-18.066,0.000
1733122793.583,-22.461,-27.832,-40.039,-21.973,0.000
1733122793.587,-26.367,-34.668,-40.039,-31.250,0.000
1733122793.591,-17.090,-35.156,-39.551,-32.227,0.000
1733122793.595,-10.742,-31.738,-35.156,-18.066,0.000
1733122793.599,-14.648,-26.367,-28.809,-17.578,0.000
1733122793.603,-20.020,-27.832,-29.297,-29.785,0.000
1733122793.607,-33.203,-40.039,-39.062,-32.227,0.000
1733122793.611,-28.809,-41.504,-38.086,-24.414,0.000
1733122793.615,-21.484,-34.180,-33.203,-23.438,0.000
1733122793.619,-20.020,-35.645,-33.691,-24.902,0.000
1733122793.622,-20.508,-38.086,-37.598,-29.297,0.000
1733122793.626,-27.344,-36.621,-35.156,-30.762,0.000
1733122793.630,-29.785,-34.668,-30.762,-36.621,0.000
1733122793.634,-26.855,-37.109,-36.133,-39.551,0.000
1733122793.638,-18.066,-31.250,-35.156,-26.367,0.000
1733122793.642,-14.160,-29.297,-29.297,-16.113,0.000
1733122793.646,-24.414,-34.668,-30.273,-22.461,0.000
1733122793.650,-31.250,-32.227,-29.297,-27.344,0.000
1733122793.654,-23.438,-29.785,-26.367,-18.066,0.000
1733122793.658,-19.531,-23.438,-24.902,-20.996,0.000
1733122793.662,-24.902,-24.414,-26.367,-26.367,0.000
1733122793.665,-34.668,-31.738,-33.691,-27.832,0.000
1733122793.669,-40.039,-35.645,-37.598,-32.715,0.000
1733122793.673,-30.273,-33.203,-36.133,-33.203,0.000
1733122793.677,-21.484,-30.273,-31.738,-29.297,0.000
1733122793.681,-24.414,-37.109,-34.180,-28.320,0.000
1733122793.685,-38.574,-35.156,-36.621,-27.832,0.000
1733122793.689,-44.922,-25.879,-32.715,-30.762,0.000
1733122793.693,-28.809,-30.273,-34.668,-25.879,0.000
1733122793.697,-28.809,-37.109,-39.062,-22.461,0.000
1733122793.701,-31.250,-34.668,-42.480,-21.973,0.000
1733122793.704,-30.762,-35.156,-45.898,-25.391,0.000
1733122793.708,-39.062,-35.156,-45.410,-39.551,0.000
1733122793.712,-33.203,-34.668,-48.828,-27.344,0.000
1733122793.716,-21.484,-35.156,-44.434,-9.766,0.000
1733122793.720,-18.066,-27.344,-40.039,-18.555,0.000
1733122793.724,-25.391,-31.250,-43.457,-22.461,0.000
1733122793.728,-34.668,-33.203,-39.062,-23.926,0.000
1733122793.732,-28.320,-25.879,-34.180,-25.391,0.000
1733122793.736,-20.996,-26.855,-40.039,-24.414,0.000
1733122793.740,-20.996,-27.832,-40.527,-23.926,0.000
1733122793.744,-21.484,-32.227,-36.621,-18.066,0.000
1733122793.747,-29.785,-24.902,-33.203,-22.949,0.000
1733122793.751,-33.203,-15.137,-28.320,-32.227,0.000
1733122793.755,-21.484,-17.090,-30.762,-26.367,0.000
1733122793.759,-20.020,-20.996,-39.062,-21.973,0.000
1733122793.763,-33.691,-25.879,-41.016,-26.855,0.000
1733122793.767,-40.039,-32.227,-43.457,-36.621,0.000
1733122793.771,-36.133,-35.645,-45.410,-34.668,0.000
1733122793.775,-30.273,-32.227,-43.457,-25.391,0.000
1733122793.779,-30.762,-35.156,-42.969,-28.320,0.000
1733122793.783,-32.715,-35.156,-36.133,-27.344,0.000
1733122793.787,-40.039,-37.109,-38.574,-33.691,0.000
1733122793.790,-44.434,-40.527,-41.992,-42.480,0.000
1733122793.794,-35.645,-34.668,-38.574,-35.645,0.000
1733122793.798,-31.738,-31.250,-37.109,-33.691,0.000
1733122793.802,-31.250,-34.668,-42.969,-30.762,0.000
1733122793.806,-36.133,-43.945,-45.898,-32.227,0.000
1733122793.810,-47.852,-38.086,-37.109,-40.039,0.000
1733122793.814,-40.039,-29.297,-34.180,-35.645,0.000
1733122793.818,-29.785,-30.273,-36.133,-23.438,0.000
1733122793.822,-30.273,-29.785,-34.180,-23.438,0.000
1733122793.826,-35.156,-35.156,-34.668,-33.691,0.000
1733122793.830,-45.410,-38.574,-36.133,-37.598,0.000
1733122793.833,-36.133,-33.203,-35.156,-27.344,0.000
1733122793.837,-25.879,-29.297,-38.574,-22.949,0.000
1733122793.841,-28.320,-25.879,-39.551,-23.926,0.000
1733122793.845,-31.738,-27.832,-38.574,-29.297,0.000
1733122793.849,-33.691,-34.180,-39.062,-29.785,0.000
1733122793.853,-35.156,-29.297,-34.180,-29.297,0.000
1733122793.857,-28.320,-29.785,-30.273,-29.785,0.000
1733122793.861,-23.438,-32.227,-35.156,-29.297,0.000
1733122793.865,-33.203,-26.855,-38.574,-38.086,0.000
1733122793.869,-46.387,-21.973,-39.551,-46.387,0.000
1733122793.873,-40.527,-22.949,-38.086,-42.969,0.000
1733122793.876,-26.367,-29.297,-35.156,-32.227,0.000
1733122793.880,-34.180,-35.156,-38.574,-34.668,0.000
1733122793.884,-40.527,-35.645,-40.039,-34.668,0.000
1733122793.888,-44.434,-32.227,-41.992,-33.691,0.000
1733122793.892,-39.062,-33.203,-46.875,-31.738,0.000
1733122793.896,-22.461,-31.250,-41.992,-20.020,0.000
1733122793.900,-23.926,-28.320,-39.551,-20.508,0.000
1733122793.904,-33.691,-31.738,-43.457,-31.738,0.000
1733122793.908,-40.039,-35.156,-41.016,-35.156,0.000
1733122793.912,-35.645,-32.227,-37.109,-34.180,0.000
1733122793.915,-23.926,-28.809,-38.574,-28.320,0.000
1733122793.919,-20.020,-26.855,-35.645,-25.879,0.000
1733122793.923,-25.879,-31.738,-36.621,-30.273,0.000
1733122793.927,-34.180,-35.645,-41.016,-32.227,0.000
1733122793.931,-25.391,-33.203,-35.645,-31.250,0.000
1733122793.935,-14.160,-32.227,-29.785,-24.902,0.000
1733122793.939,-13.184,-34.180,-31.738,-16.602,0.000
1733122793.943,-12.695,-26.855,-34.668,-13.672,0.000
1733122793.947,-20.020,-26.855,-34.180,-20.996,0.000
1733122793.951,-24.902,-33.691,-34.668,-23.438,0.000
1733122793.954,-18.066,-25.879,-33.691,-19.043,0.000
1733122793.958,-24.414,-24.902,-32.227,-20.020,0.000
1733122793.962,-34.180,-29.785,-35.156,-27.832,0.000
1733122793.966,-41.016,-31.250,-38.574,-30.273,0.000
1733122793.970,-42.480,-29.297,-34.180,-31.738,0.000
1733122793.974,-34.668,-25.879,-24.902,-31.250,0.000
1733122793.978,-31.250,-31.250,-30.273,-27.832,0.000
1733122793.982,-41.504,-34.180,-39.551,-23.926,0.000
1733122793.986,-52.246,-38.574,-41.992,-22.949,0.000
1733122793.990,-55.176,-36.621,-40.527,-34.668,0.000
1733122793.994,-45.410,-39.062,-39.062,-35.156,0.000
1733122793.997,-33.203,-41.016,-38.574,-26.367,0.000
1733122794.001,-27.832,-32.227,-36.621,-22.949,0.000
1733122794.005,-28.809,-35.156,-37.598,-24.902,0.000
1733122794.009,-34.180,-41.016,-43.945,-32.227,0.000
1733122794.013,-32.227,-38.574,-43.945,-37.109,0.000
1733122794.017,-23.926,-36.133,-39.062,-28.320,0.000
1733122794.021,-21.484,-35.156,-37.598,-25.391,0.000
1733122794.025,-31.250,-34.180,-38.574,-33.691,0.000
1733122794.029,-40.039,-39.062,-38.574,-35.645,0.000
1733122794.033,-30.273,-26.367,-34.180,-27.832,0.000
1733122794.036,-20.020,-17.090,-36.133,-29.785,0.000
1733122794.040,-20.508,-24.902,-39.551,-29.297,0.000
1733122794.044,-33.691,-33.691,-41.504,-25.879,0.000
1733122794.048,-43.945,-35.156,-42.969,-35.156,0.000
1733122794.052,-38.574,-35.156,-40.527,-38.086,0.000
1733122794.056,-30.762,-31.738,-36.133,-29.785,0.000
1733122794.060,-22.949,-22.461,-33.203,-23.438,0.000
1733122794.064,-23.438,-22.949,-32.227,-28.320,0.000
1733122794.068,-29.785,-28.809,-31.738,-39.551,0.000
1733122794.072,-21.973,-30.762,-32.227,-41.016,0.000
1733122794.075,-17.578,-24.902,-31.250,-35.645,0.000
1733122794.079,-23.926,-22.949,-32.227,-27.344,0.000
1733122794.083,-28.809,-28.809,-39.062,-30.273,0.000
1733122794.087,-41.992,-36.621,-46.387,-38.574,0.000
1733122794.091,-45.410,-40.039,-47.363,-35.156,0.000
1733122794.095,-35.156,-31.250,-41.016,-40.527,0.000
1733122794.099,-33.691,-36.621,-46.387,-44.434,0.000
1733122794.103,-36.133,-49.316,-50.781,-44.434,0.000
1733122794.107,-33.691,-46.875,-49.805,-52.734,0.000
1733122794.111,-22.949,-37.109,-44.922,-57.617,0.000
1733122794.115,-10.254,-37.109,-37.109,-38.574,0.000
1733122794.118,-9.766,-43.945,-37.109,-23.438,0.000
1733122794.122,-20.996,-46.387,-40.039,-23.438,0.000
1733122794.126,-29.785,-47.363,-43.945,-21.973,0.000
1733122794.130,-28.809,-45.898,-49.316,-24.414,0.000
1733122794.134,-24.414,-43.945,-45.410,-13.184,0.000
1733122794.138,-16.602,-31.738,-36.621,-7.324,0.000
1733122794.142,-19.043,-24.414,-42.480,-19.531,0.000
1733122794.146,-28.320,-30.762,-52.246,-25.391,0.000
1733122794.150,-35.156,-32.227,-54.199,-29.785,0.000
1733122794.154,-25.879,-22.949,-57.617,-27.832,0.000
1733122794.158,-14.160,-19.043,-52.734,-21.973,0.000
1733122794.161,-23.926,-25.879,-48.340,-27.832,0.000
1733122794.165,-41.992,-33.203,-46.387,-38.086,0.000
1733122794.169,-43.945,-34.180,-46.387,-39.062,0.000
1733122794.173,-38.574,-28.320,-47.363,-38.574,0.000
1733122794.177,-39.062,-34.180,-51.270,-34.180,0.000
1733122794.181,-40.527,-38.086,-52.734,-25.391,0.000
1733122794.185,-43.945,-27.832,-42.969,-26.855,0.000
1733122794.189,-46.875,-26.367,-39.551,-32.227,0.000
1733122794.193,-44.922,-26.855,-44.434,-36.133,0.000
1733122794.197,-40.039,-25.879,-45.898,-33.203,0.000
1733122794.201,-33.691,-27.832,-45.898,-27.832,0.000
1733122794.204,-35.645,-30.762,-50.781,-30.273,0.000
1733122794.208,-41.504,-36.621,-55.176,-36.133,0.000
1733122794.212,-34.668,-36.133,-53.223,-38.086,0.000
1733122794.216,-23.926,-26.855,-46.875,-31.250,0.000
1733122794.220,-18.555,-26.855,-41.504,-24.902,0.000
1733122794.224,-23.438,-29.785,-36.133,-20.996,0.000
1733122794.228,-36.133,-22.949,-31.250,-22.949,0.000
1733122794.232,-33.691,-27.832,-29.297,-26.855,0.000
1733122794.236,-20.020,-30.762,-29.785,-19.043,0.000
1733122794.240,-20.996,-29.297,-34.180,-15.625,0.000
1733122794.244,-26.367,-29.297,-37.109,-15.137,0.000
1733122794.247,-30.273,-24.414,-33.203,-13.672,0.000
1733122794.251,-28.809,-24.414,-31.250,-14.648,0.000
1733122794.255,-22.949,-25.391,-32.715,-18.066,0.000
1733122794.259,-21.973,-28.320,-34.668,-23.438,0.000
1733122794.263,-23.926,-32.227,-35.645,-22.461,0.000
1733122794.267,-35.156,-34.180,-40.039,-18.555,0.000
1733122794.271,-37.598,-35.156,-48.340,-19.531,0.000
1733122794.275,-26.367,-26.367,-42.480,-22.461,0.000
1733122794.279,-19.043,-23.438,-37.109,-15.625,0.000
1733122794.283,-21.484,-29.297,-46.875,-17.578,0.000
1733122794.287,-28.320,-28.809,-44.434,-24.414,0.000
1733122794.290,-35.645,-24.902,-37.109,-29.785,0.000
1733122794.294,-32.227,-26.367,-36.621,-28.320,0.000
1733122794.298,-28.809,-34.668,-36.133,-19.531,0.000
1733122794.302,-34.180,-39.062,-36.621,-19.043,0.000
1733122794.306,-37.109,-36.133,-32.715,-19.531,0.000
1733122794.310,-45.898,-38.086,-32.227,-33.203,0.000
1733122794.314,-38.574,-43.457,-32.715,-35.156,0.000
1733122794.318,-27.344,-38.086,-32.227,-27.832,0.000
1733122794.322,-34.180,-35.156,-35.645,-37.598,0.000
1733122794.326,-41.504,-37.109,-39.062,-43.457,0.000
1733122794.329,-42.480,-29.297,-33.691,-44.922,0.000
1733122794.333,-34.668,-24.414,-26.367,-41.504,0.000
1733122794.337,-24.414,-27.832,-29.297,-34.668,0.000
1733122794.341,-19.531,-31.738,-37.109,-32.715,0.000
1733122794.345,-28.809,-31.738,-46.875,-37.109,0.000
1733122794.349,-37.598,-30.762,-55.176,-47.363,0.000
1733122794.353,-36.133,-32.227,-55.664,-53.223,0.000
1733122794.357,-33.203,-39.062,-49.805,-44.922,0.000
1733122794.361,-37.598,-35.645,-45.898,-33.203,0.000
1733122794.365,-42.969,-34.180,-50.781,-41.992,0.000
1733122794.368,-42.969,-43.945,-50.781,-49.316,0.000
1733122794.372,-38.086,-35.645,-45.898,-39.551,0.000
1733122794.376,-25.879,-25.879,-46.387,-33.691,0.000
1733122794.380,-31.250,-26.855,-44.434,-34.180,0.000
1733122794.384,-45.410,-34.668,-37.598,-40.527,0.000
1733122794.388,-49.805,-38.086,-37.598,-43.945,0.000
1733122794.392,-52.246,-37.598,-40.527,-49.316,0.000
1733122794.396,-48.340,-35.156,-30.273,-49.316,0.000
1733122794.400,-43.457,-37.109,-23.926,-43.457,0.000
1733122794.404,-52.734,-46.875,-30.762,-46.875,0.000
1733122794.408,-62.012,-50.293,-35.156,-55.664,0.000
1733122794.411,-51.270,-37.109,-28.809,-46.387,0.000
1733122794.415,-38.086,-29.297,-25.879,-27.832,0.000
1733122794.419,-31.738,-32.715,-28.320,-22.949,0.000
1733122794.423,-31.738,-34.180,-30.273,-22.949,0.000
1733122794.427,-37.598,-36.133,-29.785,-30.762,0.000
1733122794.431,-30.273,-35.645,-29.297,-32.227,0.000
1733122794.435,-16.602,-28.809,-27.344,-18.066,0.000
1733122794.439,-16.113,-26.855,-26.855,-13.184,0.000
1733122794.443,-18.555,-33.691,-27.832,-12.207,0.000
1733122794.447,-22.949,-40.039,-26.367,-13.184,0.000
1733122794.450,-29.297,-36.621,-25.879,-20.020,0.000
1733122794.454,-19.531,-24.414,-22.949,-18.555,0.000
1733122794.458,-7.324,-21.484,-24.902,-11.719,0.000
1733122794.462,-11.719,-31.738,-33.691,-7.324,0.000
1733122794.466,-28.809,-37.109,-37.109,-12.695,0.000
1733122794.470,-42.480,-33.203,-38.086,-20.508,0.000
1733122794.474,-40.039,-32.227,-41.016,-20.508,0.000
1733122794.478,-37.598,-32.715,-40.527,-14.160,0.000
1733122794.482,-46.387,-32.715,-35.156,-16.113,0.000
1733122794.486,-61.523,-32.715,-41.016,-37.598,0.000
1733122794.490,-62.500,-31.250,-41.992,-44.922,0.000
1733122794.493,-52.246,-33.691,-39.551,-37.109,0.000
1733122794.497,-53.223,-34.180,-37.598,-34.668,0.000
1733122794.501,-49.316,-29.785,-31.250,-30.762,0.000
1733122794.505,-45.898,-28.320,-33.691,-32.227,0.000
1733122794.509,-43.945,-32.715,-39.062,-35.645,0.000
1733122794.513,-40.039,-30.273,-42.969,-31.250,0.000
1733122794.517,-21.973,-27.344,-43.945,-19.531,0.000
1733122794.521,-7.812,-30.273,-39.551,-10.742,0.000
1733122794.525,-20.508,-34.668,-41.016,-16.113,0.000
1733122794.529,-28.809,-34.180,-43.945,-23.926,0.000
1733122794.533,-22.949,-23.438,-46.387,-25.391,0.000
1733122794.536,-15.625,-27.344,-44.434,-18.555,0.000
1733122794.540,-10.254,-35.156,-45.898,-9.277,0.000
1733122794.544,-17.090,-31.250,-52.734,-17.578,0.000
1733122794.548,-28.320,-31.250,-53.711,-26.855,0.000
1733122794.552,-29.785,-32.715,-47.852,-24.902,0.000
1733122794.556,-25.879,-35.156,-41.992,-14.160,0.000
1733122794.560,-27.832,-30.762,-38.086,-16.113,0.000
1733122794.564,-34.668,-31.250,-36.133,-27.344,0.000
1733122794.568,-49.805,-31.250,-38.086,-34.180,0.000
1733122794.572,-52.734,-28.809,-37.109,-32.715,0.000
1733122794.576,-46.875,-31.738,-34.180,-30.273,0.000
1733122794.579,-48.340,-36.621,-36.133,-29.785,0.000
1733122794.583,-54.199,-43.945,-42.480,-30.273,0.000
1733122794.587,-70.312,-52.246,-50.781,-39.551,0.000
1733122794.591,-73.242,-47.363,-53.223,-47.363,0.000
1733122794.595,-60.547,-43.945,-48.828,-40.039,0.000
1733122794.599,-57.129,-53.223,-49.316,-37.598,0.000
1733122794.603,-56.641,-57.617,-47.363,-45.898,0.000
1733122794.607,-52.734,-49.316,-40.527,-44.434,0.000
1733122794.611,-44.434,-39.551,-39.062,-34.180,0.000
1733122794.615,-34.668,-38.086,-38.574,-30.273,0.000
1733122794.618,-27.832,-32.227,-39.062,-30.273,0.000
1733122794.622,-24.902,-30.273,-35.156,-29.785,0.000
1733122794.626,-26.367,-31.738,-31.738,-33.691,0.000
1733122794.630,-30.273,-31.738,-40.039,-42.480,0.000
1733122794.634,-24.902,-29.785,-44.922,-37.598,0.000
1733122794.638,-14.160,-25.391,-38.574,-26.855,0.000
1733122794.642,-16.602,-28.809,-36.133,-24.414,0.000
1733122794.646,-28.809,-41.016,-40.527,-27.344,0.000
1733122794.650,-33.203,-34.180,-37.109,-34.668,0.000
1733122794.654,-21.484,-20.996,-34.668,-36.133,0.000
1733122794.657,-17.578,-22.461,-39.551,-30.762,0.000
1733122794.661,-25.391,-26.367,-35.156,-23.438,0.000
1733122794.665,-39.551,-33.203,-38.574,-24.902,0.000
1733122794.669,-54.688,-34.668,-42.969,-31.250,0.000
1733122794.673,-47.363,-28.809,-37.109,-33.203,0.000
1733122794.677,-36.621,-25.879,-39.062,-30.273,0.000
1733122794.681,-40.527,-31.738,-41.992,-32.227,0.000
1733122794.685,-49.316,-41.016,-40.039,-37.598,0.000
1733122794.689,-53.223,-38.086,-43.457,-35.645,0.000
1733122794.693,-44.434,-26.855,-47.363,-28.809,0.000
1733122794.697,-27.344,-26.855,-41.016,-20.508,0.000
1733122794.700,-23.926,-31.738,-37.598,-12.695,0.000
1733122794.704,-23.926,-34.180,-38.086,-16.602,0.000
1733122794.708,-17.578,-32.227,-35.156,-20.508,0.000
1733122794.712,-18.555,-30.273,-33.203,-17.090,0.000
1733122794.716,-10.742,-28.809,-27.832,-14.160,0.000
1733122794.720,-9.277,-30.273,-32.227,-15.625,0.000
1733122794.724,-17.090,-36.133,-43.945,-22.461,0.000
1733122794.728,-23.438,-38.574,-42.480,-28.320,0.000
1733122794.732,-27.832,-33.691,-43.457,-32.227,0.000
1733122794.736,-24.414,-38.086,-48.828,-25.391,0.000
1733122794.739,-21.484,-34.668,-46.387,-26.855,0.000
1733122794.743,-18.555,-31.250,-47.852,-32.227,0.000
1733122794.747,-29.785,-35.645,-46.387,-40.527,0.000
1733122794.751,-29.297,-32.715,-46.875,-47.852,0.000
1733122794.755,-17.578,-23.926,-48.828,-35.645,0.000
1733122794.759,-12.695,-25.879,-49.316,-21.484,0.000
1733122794.763,-24.902,-38.086,-52.734,-17.578,0.000
1733122794.767,-40.527,-35.156,-51.270,-25.879,0.000
1733122794.771,-38.086,-29.297,-48.828,-31.738,0.000
1733122794.775,-26.367,-28.809,-46.387,-28.809,0.000
1733122794.779,-24.414,-26.855,-47.852,-22.461,0.000
1733122794.782,-31.738,-23.438,-51.270,-25.879,0.000
1733122794.786,-34.180,-22.949,-47.363,-31.738,0.000
1733122794.790,-42.480,-33.691,-48.828,-32.715,0.000
1733122794.794,-40.527,-39.551,-51.270,-38.574,0.000
1733122794.798,-27.832,-37.109,-51.270,-31.738,0.000
1733122794.802,-24.414,-37.598,-45.410,-23.926,0.000
1733122794.806,-31.738,-42.480,-43.945,-29.297,0.000
1733122794.810,-20.508,-30.273,-53.711,-27.832,0.000
1733122794.814,0.977,-21.484,-54.199,-15.137,0.000
1733122794.818,-14.648,-37.598,-42.480,-21.484,0.000
1733122794.821,-30.273,-52.246,-37.598,-25.391,0.000
1733122794.825,-29.297,-56.152,-41.992,-20.996,0.000
1733122794.829,-23.438,-46.875,-39.062,-24.414,0.000
1733122794.833,-22.461,-45.410,-31.250,-23.438,0.000
1733122794.837,-13.672,-53.223,-38.574,-12.695,0.000
1733122794.841,-7.812,-51.758,-35.645,-9.766,0.000
1733122794.845,-11.230,-46.387,-26.367,-14.160,0.000
1733122794.849,-14.648,-52.246,-27.832,-15.625,0.000
1733122794.853,-9.277,-58.594,-28.809,-12.695,0.000
1733122794.857,-1.465,-54.688,-23.926,-4.883,0.000
1733122794.861,-7.812,-52.246,-19.531,-9.766,0.000
1733122794.864,-15.137,-59.082,-22.949,-9.277,0.000
1733122794.868,-29.785,-60.059,-22.949,-2.441,0.000
1733122794.872,-36.133,-57.617,-9.766,-0.977,0.000
1733122794.876,-42.480,-59.570,-0.977,-6.836,0.000
1733122794.880,-38.574,-63.477,-7.812,-1.465,0.000
1733122794.884,-40.039,-67.383,-8.789,1.953,0.000
1733122794.888,-53.711,-64.453,-8.789,-4.395,0.000
1733122794.892,-51.270,-62.500,-10.254,-7.812,0.000
1733122794.896,-39.062,-63.477,-11.230,-2.930,0.000
1733122794.900,-31.738,-59.570,-16.113,-1.953,0.000
1733122794.904,-37.109,-57.617,-15.625,-6.836,0.000
1733122794.907,-44.922,-55.176,-13.184,-11.230,0.000
1733122794.911,-47.852,-57.129,-11.719,-9.277,0.000
1733122794.915,-41.504,-60.547,-16.113,-5.859,0.000
1733122794.919,-38.086,-59.082,-19.043,-9.766,0.000
1733122794.923,-35.645,-54.199,-14.160,-0.977,0.000
1733122794.927,-32.715,-54.688,-12.695,0.000,0.000
1733122794.931,-29.785,-60.059,-16.602,1.953,0.000
1733122794.935,-22.949,-53.223,-19.531,3.418,0.000
1733122794.939,-17.578,-48.340,-22.461,-2.930,0.000
1733122794.943,-19.531,-50.293,-28.320,-7.812,0.000
1733122794.947,-28.809,-47.363,-26.367,-12.207,0.000
1733122794.950,-29.785,-42.969,-21.973,-15.625,0.000
1733122794.954,-23.438,-39.062,-21.484,-18.066,0.000
1733122794.958,-16.113,-38.574,-22.949,-15.137,0.000
1733122794.962,-16.602,-42.480,-22.949,-14.648,0.000
1733122794.966,-26.367,-40.527,-27.832,-21.973,0.000
1733122794.970,-35.156,-37.598,-30.762,-26.367,0.000
1733122794.974,-30.273,-36.133,-27.344,-15.625,0.000
1733122794.978,-27.832,-31.250,-23.438,-12.695,0.000
1733122794.982,-29.297,-34.180,-27.344,-18.066,0.000
1733122794.986,-33.203,-44.922,-36.133,-23.926,0.000
1733122794.990,-41.992,-45.410,-41.016,-30.762,0.000
1733122794.993,-34.180,-37.109,-36.621,-29.785,0.000
1733122794.997,-22.461,-31.250,-28.320,-18.555,0.000
1733122795.001,-18.066,-35.156,-30.762,-15.625,0.000
1733122795.005,-20.996,-40.527,-35.645,-19.531,0.000
1733122795.009,-27.344,-43.945,-37.598,-21.484,0.000
1733122795.013,-20.508,-42.969,-39.062,-23.926,0.000
1733122795.017,-11.719,-40.039,-37.598,-14.160,0.000
1733122795.021,-9.277,-40.039,-37.109,-3.418,0.000
1733122795.025,-15.137,-31.738,-38.574,-10.254,0.000
1733122795.029,-22.949,-31.250,-39.062,-20.508,0.000
1733122795.032,-18.555,-31.250,-33.203,-20.020,0.000
1733122795.036,-10.254,-31.250,-35.645,-17.578,0.000
1733122795.040,-10.742,-34.668,-40.527,-21.484,0.000
1733122795.044,-14.648,-33.203,-39.062,-18.555,0.000
1733122795.048,-21.484,-33.691,-36.133,-23.438,0.000
1733122795.052,-22.949,-35.156,-38.574,-35.645,0.000
1733122795.056,-14.160,-34.180,-44.922,-32.715,0.000
1733122795.060,-17.578,-35.645,-46.875,-30.273,0.000
1733122795.064,-22.461,-43.945,-43.945,-21.484,0.000
1733122795.068,-27.344,-44.434,-36.133,-23.438,0.000
1733122795.071,-26.367,-41.992,-33.203,-29.297,0.000
1733122795.075,-16.113,-44.922,-33.203,-24.414,0.000
1733122795.079,-12.207,-44.922,-34.668,-25.879,0.000
1733122795.083,-18.066,-44.434,-39.062,-32.227,0.000
1733122795.087,-23.926,-43.457,-43.457,-43.945,0.000
1733122795.091,-25.879,-46.875,-45.898,-41.504,0.000
1733122795.095,-27.832,-44.922,-27.832,-23.926,0.000
1733122795.099,-38.574,-37.109,-21.484,-28.809,0.000
1733122795.103,-56.641,-44.434,-36.133,-38.086,0.000
1733122795.107,-64.453,-53.223,-36.621,-40.527,0.000
1733122795.111,-65.430,-50.781,-34.668,-45.898,0.000
1733122795.114,-64.453,-37.598,-31.250,-55.664,0.000
1733122795.118,-56.641,-36.133,-33.203,-55.664,0.000
1733122795.122,-57.617,-46.875,-41.016,-51.758,0.000
1733122795.126,-67.383,-53.223,-41.504,-50.781,0.000
1733122795.130,-69.336,-54.688,-37.598,-51.270,0.000
1733122795.134,-55.176,-51.270,-37.109,-41.504,0.000
1733122795.138,-41.016,-46.387,-34.668,-35.156,0.000
1733122795.142,-39.551,-43.457,-29.297,-34.180,0.000
1733122795.146,-47.363,-48.340,-30.273,-36.133,0.000
1733122795.150,-51.758,-48.340,-34.180,-43.457,0.000
1733122795.154,-43.945,-49.316,-37.109,-31.738,0.000
1733122795.157,-35.156,-46.387,-40.527,-24.902,0.000
1733122795.161,-38.086,-48.828,-40.039,-27.832,0.000
1733122795.165,-47.852,-62.500,-40.527,-27.344,0.000
1733122795.169,-48.828,-50.293,-37.598,-30.273,0.000
1733122795.173,-35.156,-38.574,-32.227,-29.297,0.000
1733122795.177,0.000,-41.992,-32.227,-20.996,0.000
1733122795.181,0.000,-43.457,-35.645,-15.625,0.000
1733122795.185,0.000,-43.457,-46.387,-21.973,0.000
1733122795.189,0.000,-37.109,-44.434,-27.344,0.000
1733122795.193,0.000,-36.133,-37.109,-21.973,0.000
1733122795.196,0.000,-48.340,-41.992,-14.160,0.000
1733122795.200,0.000,-49.805,-44.434,-18.066,0.000
1733122795.204,0.000,-42.969,-39.551,-27.832,0.000
1733122795.208,0.000,-35.156,-34.668,-29.785,0.000
1733122795.212,0.000,-38.086,-39.062,-27.832,0.000
1733122795.216,0.000,-41.016,-40.039,-17.090,0.000
1733122795.220,0.000,-33.691,-36.133,-16.113,0.000
1733122795.224,-37.598,-38.574,-36.133,-18.066,0.000
1733122795.228,-44.922,-45.410,-36.621,-17.578,0.000
1733122795.232,-40.039,-42.480,-37.109,-15.137,0.000
1733122795.236,-29.785,-40.039,-40.527,-16.602,0.000
1733122795.239,-30.273,-44.434,-42.969,-19.531,0.000
1733122795.243,-35.645,-52.246,-41.016,-16.113,0.000
1733122795.247,-43.457,-49.316,-41.992,-16.602,0.000
1733122795.251,-42.480,-41.016,-42.969,-22.949,0.000
1733122795.255,-27.344,-33.691,-41.504,-20.996,0.000
1733122795.259,-20.508,-38.086,-43.945,-17.090,0.000
1733122795.263,-25.879,-43.945,-41.504,-22.461,0.000
1733122795.267,-31.738,-38.574,-36.621,-26.855,0.000
1733122795.271,-30.273,-34.668,-41.016,-29.297,0.000
1733122795.275,-26.367,-32.715,-48.828,-28.320,0.000
1733122795.279,-19.531,-31.738,-50.781,-23.438,0.000
1733122795.282,-22.949,-36.621,-48.828,-19.043,0.000
1733122795.286,-30.273,-44.922,-51.270,-14.648,0.000
1733122795.290,-12.207,-46.875,-48.828,4.395,0.000
1733122795.294,-9.766,-43.457,-41.992,-6.836,0.000
1733122795.298,-34.668,-34.180,-46.875,-42.969,0.000
1733122795.302,-41.992,-35.156,-54.199,-47.852,0.000
1733122795.306,-59.082,-38.086,-55.664,-49.316,0.000
1733122795.310,-78.125,-27.832,-50.781,-68.848,0.000
1733122795.314,-68.848,-25.879,-44.922,-67.383,0.000
1733122795.318,-64.453,-31.738,-50.293,-64.453,0.000
1733122795.322,-64.941,-33.691,-48.828,-65.430,0.000
1733122795.325,-69.336,-34.668,-50.293,-62.988,0.000
1733122795.329,-72.754,-38.574,-56.641,-61.035,0.000
1733122795.333,-58.105,-38.086,-56.152,-52.734,0.000
1733122795.337,-44.434,-42.480,-52.734,-44.434,0.000
1733122795.341,-37.598,-38.574,-47.363,-34.668,0.000
1733122795.345,-39.062,-33.691,-50.781,-33.691,0.000
1733122795.349,-49.316,-40.527,-52.246,-40.527,0.000
1733122795.353,-46.387,-36.133,-44.922,-41.992,0.000
1733122795.357,-35.156,-30.273,-40.527,-35.645,0.000
1733122795.361,-33.203,-37.598,-44.922,-30.762,0.000
1733122795.364,-39.551,-42.969,-44.434,-37.109,0.000
1733122795.368,-50.781,-39.062,-39.062,-38.574,0.000
1733122795.372,-49.805,-38.086,-34.180,-33.203,0.000
1733122795.376,-31.250,-40.527,-33.203,-23.438,0.000
1733122795.380,-28.320,-43.945,-35.645,-23.926,0.000
1733122795.384,-35.156,-45.410,-40.527,-29.297,0.000
1733122795.388,-43.457,-50.293,-49.316,-38.086,0.000
1733122795.392,-41.992,-51.758,-47.852,-31.738,0.000
1733122795.396,-31.738,-47.852,-37.598,-15.137,0.000
1733122795.400,-33.691,-41.992,-40.039,-24.414,0.000
1733122795.403,-29.785,-42.969,-42.969,-32.715,0.000
1733122795.407,-31.250,-40.527,-43.457,-29.297,0.000
1733122795.411,-33.691,-33.203,-43.457,-27.344,0.000
1733122795.415,-30.273,-32.715,-38.086,-26.855,0.000
1733122795.419,-13.672,-31.250,-39.551,-16.602,0.000
1733122795.423,3.418,-29.785,-41.016,-3.906,0.000
1733122795.427,-20.996,-35.156,-33.203,-14.648,0.000
1733122795.431,-39.551,-35.645,-22.949,-24.902,0.000
1733122795.435,-22.461,-34.668,-20.508,-15.137,0.000
1733122795.439,-7.324,-46.875,-22.461,2.930,0.000
1733122795.443,-10.254,-48.340,-17.578,11.719,0.000
1733122795.446,-16.602,-40.039,-16.113,4.883,0.000
1733122795.450,-14.160,-41.504,-20.020,7.812,0.000
1733122795.454,-9.277,-37.598,-17.090,12.207,0.000
1733122795.458,-4.395,-30.273,-12.207,14.160,0.000
1733122795.462,-7.812,-34.668,-15.137,6.836,0.000
1733122795.466,-9.766,-44.434,-18.555,3.906,0.000
1733122795.470,-11.719,-41.504,-16.602,5.859,0.000
1733122795.474,-6.348,-33.691,-17.578,8.301,0.000
1733122795.478,0.000,-35.645,-17.578,12.207,0.000
1733122795.482,-3.418,-40.527,-20.508,7.812,0.000
1733122795.486,-9.766,-40.527,-20.996,5.859,0.000
1733122795.489,-21.973,-32.227,-23.438,-1.465,0.000
1733122795.493,-24.414,-30.273,-30.762,-7.812,0.000
1733122795.497,-14.160,-36.621,-32.227,2.441,0.000
1733122795.501,-10.742,-33.203,-30.762,0.000,0.000
1733122795.505,-20.020,-31.738,-31.250,-10.742,0.000
1733122795.509,-29.297,-35.645,-35.156,-12.207,0.000
1733122795.513,-27.832,-34.180,-40.527,-17.090,0.000
1733122795.517,-20.020,-34.668,-41.504,-17.090,0.000
1733122795.521,-23.926,-40.527,-50.293,-19.531,0.000
1733122795.525,-25.391,-41.992,-53.711,-20.508,0.000
1733122795.528,-26.855,-40.039,-43.945,-22.461,0.000
1733122795.532,-28.809,-32.715,-38.086,-22.949,0.000
1733122795.536,-14.648,-27.832,-33.203,-12.695,0.000
1733122795.540,-4.883,-34.668,-31.738,-7.324,0.000
1733122795.544,-11.719,-37.109,-33.203,-14.648,0.000
1733122795.548,-20.020,-30.273,-31.738,-21.484,0.000
1733122795.552,-14.648,-25.879,-29.785,-18.555,0.000
1733122795.556,-10.742,-24.902,-28.320,-9.277,0.000
1733122795.560,-10.254,-23.438,-24.902,-5.371,0.000
1733122795.564,-10.742,-20.020,-25.391,-6.836,0.000
1733122795.568,-23.438,-23.438,-31.250,-14.648,0.000
1733122795.571,-25.391,-32.715,-34.668,-20.020,0.000
1733122795.575,-16.113,-29.785,-34.668,-16.113,0.000
1733122795.579,-16.602,-21.484,-33.691,-19.043,0.000
1733122795.583,-28.320,-29.785,-37.109,-25.879,0.000
1733122795.587,-39.551,-44.922,-41.016,-28.320,0.000
1733122795.591,-37.598,-39.551,-40.527,-30.762,0.000
1733122795.595,-35.156,-32.227,-38.086,-32.227,0.000
1733122795.599,-25.879,-31.250,-38.574,-23.438,0.000
1733122795.603,-22.949,-28.809,-40.039,-22.461,0.000
1733122795.607,-41.016,-30.273,-34.668,-31.738,0.000
1733122795.610,-46.387,-32.227,-30.762,-37.598,0.000
1733122795.614,-31.250,-28.809,-34.180,-33.203,0.000
1733122795.618,-23.438,-26.367,-32.715,-30.273,0.000
1733122795.622,-30.273,-33.203,-36.133,-38.086,0.000
1733122795.626,-41.504,-38.086,-41.016,-47.852,0.000
1733122795.630,-42.969,-43.457,-40.039,-48.340,0.000
1733122795.634,-34.180,-45.410,-41.504,-41.504,0.000
1733122795.638,-33.691,-39.062,-41.992,-41.016,0.000
1733122795.642,-31.738,-36.133,-41.504,-42.480,0.000
1733122795.646,-29.785,-39.551,-44.434,-35.156,0.000
1733122795.650,-38.574,-41.016,-40.039,-35.645,0.000
1733122795.653,-47.363,-41.504,-37.109,-44.922,0.000
1733122795.657,-42.969,-45.410,-37.109,-35.645,0.000
1733122795.661,-31.738,-45.410,-33.691,-25.391,0.000
1733122795.665,-27.832,-43.457,-33.691,-25.879,0.000
1733122795.669,-32.227,-41.992,-33.203,-28.320,0.000
1733122795.673,-30.273,-33.691,-28.809,-22.949,0.000
1733122795.677,-22.461,-31.738,-24.902,-6.836,0.000
1733122795.681,-21.973,-37.598,-31.738,-2.930,0.000
1733122795.685,-32.227,-40.039,-35.156,-14.160,0.000
1733122795.689,-39.551,-39.062,-36.133,-26.367,0.000
1733122795.693,-33.203,-34.668,-35.156,-26.367,0.000
1733122795.696,-30.762,-36.133,-33.691,-21.484,0.000
1733122795.700,-29.297,-31.738,-34.180,-23.438,0.000
1733122795.704,-29.297,-30.273,-35.156,-25.391,0.000
1733122795.708,-32.227,-32.227,-37.598,-29.785,0.000
1733122795.712,-34.180,-31.250,-39.062,-35.645,0.000
1733122795.716,-39.062,-36.621,-37.109,-29.785,0.000
1733122795.720,-11.230,-50.293,-33.691,0.000,0.000
1733122795.724,7.324,-46.387,-38.086,11.230,0.000
1733122795.728,-32.715,-24.902,-50.293,-38.574,0.000
1733122795.732,-49.316,-20.996,-56.152,-75.195,0.000
1733122795.735,-32.715,-19.531,-55.664,-74.219,0.000
1733122795.739,-36.621,-21.484,-53.223,-74.219,0.000
1733122795.743,-57.617,-22.949,-49.805,-80.566,0.000
1733122795.747,-60.547,-12.207,-56.641,-87.402,0.000
1733122795.751,-62.988,-9.766,-62.500,-93.262,0.000
1733122795.755,-72.754,-13.672,-55.176,-87.891,0.000
1733122795.759,-70.801,-15.625,-55.664,-78.613,0.000
1733122795.763,-71.289,-21.973,-60.547,-79.590,0.000
1733122795.767,-69.336,-30.762,-62.988,-70.312,0.000
1733122795.771,-63.477,-29.785,-66.895,-57.129,0.000
1733122795.775,-54.199,-18.555,-60.059,-58.594,0.000
1733122795.778,-44.922,-19.531,-60.547,-55.664,0.000
1733122795.782,-45.898,-22.949,-66.895,-49.805,0.000
1733122795.786,-56.152,-22.949,-66.406,-51.270,0.000
1733122795.790,-62.012,-26.855,-65.430,-51.758,0.000
1733122795.794,-53.711,-24.414,-63.477,-51.270,0.000
1733122795.798,-44.434,-25.879,-56.152,-50.293,0.000
1733122795.802,-43.457,-30.273,-52.246,-50.781,0.000
1733122795.806,-45.898,-32.715,-51.758,-47.852,0.000
1733122795.810,-50.781,-31.738,-50.293,-49.805,0.000
1733122795.814,-45.898,-29.785,-53.223,-45.410,0.000
1733122795.818,-42.480,-23.438,-54.688,-39.551,0.000
1733122795.821,-44.922,-26.855,-54.688,-48.340,0.000
1733122795.825,-44.922,-31.250,-51.758,-49.316,0.000
1733122795.829,-50.781,-30.762,-53.223,-55.176,0.000
1733122795.833,-44.922,-26.367,-49.316,-60.059,0.000
1733122795.837,-35.156,-22.949,-41.016,-50.781,0.000
1733122795.841,-31.738,-30.273,-48.340,-48.340,0.000
1733122795.845,-36.133,-30.762,-53.711,-49.316,0.000
1733122795.849,-45.410,-27.832,-48.828,-48.340,0.000
1733122795.853,-37.109,-27.832,-39.062,-46.387,0.000
1733122795.857,-31.738,-29.785,-38.574,-41.504,0.000
1733122795.861,-37.598,-32.227,-42.480,-35.156,0.000
1733122795.864,-41.016,-26.367,-37.598,-39.062,0.000
1733122795.868,-47.363,-33.203,-41.504,-40.527,0.000
1733122795.872,-43.457,-34.668,-45.898,-30.762,0.000
1733122795.876,-33.203,-30.273,-41.504,-22.461,0.000
1733122795.880,-26.855,-30.762,-42.480,-18.066,0.000
1733122795.884,-24.902,-24.414,-42.969,-11.719,0.000
1733122795.888,-28.809,-28.809,-36.133,-12.207,0.000
1733122795.892,-35.156,-32.715,-35.156,-25.879,0.000
1733122795.896,-33.203,-29.297,-39.062,-30.762,0.000
1733122795.900,-29.297,-38.086,-43.457,-24.902,0.000
1733122795.903,-32.227,-44.922,-46.875,-27.344,0.000
1733122795.907,-35.645,-43.457,-43.945,-27.344,0.000
1733122795.911,-31.738,-43.457,-40.039,-25.391,0.000
1733122795.915,-26.367,-43.945,-42.969,-27.832,0.000
1733122795.919,-24.902,-47.852,-41.992,-20.996,0.000
1733122795.923,-31.738,-44.922,-39.062,-22.949,0.000
1733122795.927,-39.062,-45.410,-42.480,-39.062,0.000
1733122795.931,-40.039,-46.875,-37.109,-40.527,0.000
1733122795.935,-28.809,-41.016,-36.133,-33.691,0.000
1733122795.939,-16.602,-37.109,-39.062,-27.344,0.000
1733122795.943,-18.555,-44.434,-35.645,-26.367,0.000
1733122795.946,-26.855,-55.664,-40.039,-27.344,0.000
1733122795.950,-24.902,-54.688,-41.504,-21.484,0.000
1733122795.954,-17.090,-41.504,-36.621,-20.996,0.000
1733122795.958,-3.906,-35.156,-39.062,-16.113,0.000
1733122795.962,2.441,-49.316,-39.551,-1.465,0.000
1733122795.966,-13.184,-55.664,-35.645,0.488,0.000
1733122795.970,-39.062,-55.664,-31.250,-21.973,0.000
1733122795.974,-51.270,-58.594,-24.902,-40.039,0.000
1733122795.978,-51.270,-55.176,-18.066,-42.480,0.000
1733122795.982,-52.246,-54.199,-12.207,-35.156,0.000
1733122795.986,-61.523,-56.152,-4.883,-36.621,0.000
1733122795.989,-78.125,-58.594,-10.254,-51.270,0.000
1733122795.993,-85.449,-56.641,-7.324,-53.223,0.000
1733122795.997,-73.242,-58.105,-1.465,-44.922,0.000
1733122796.001,-82.520,-62.500,-3.418,-52.734,0.000
1733122796.005,-91.797,-62.012,0.000,-52.734,0.000
1733122796.009,-95.703,-63.477,3.418,-43.945,0.000
1733122796.013,-98.145,-57.617,-0.488,-52.734,0.000
1733122796.017,-86.426,-54.688,0.488,-56.641,0.000
1733122796.021,-76.172,-57.617,2.441,-44.922,0.000
1733122796.025,-74.707,-66.406,-1.465,-42.480,0.000
1733122796.029,-94.727,-66.895,-0.977,-57.617,0.000
1733122796.032,-86.914,-58.105,-0.977,-56.152,0.000
1733122796.036,-68.848,-58.594,0.488,-44.922,0.000
1733122796.040,-71.777,-62.012,-6.836,-47.363,0.000
1733122796.044,-67.383,-58.594,-7.324,-36.621,0.000
1733122796.048,-64.941,-54.199,-2.930,-35.645,0.000
1733122796.052,-62.012,-50.781,-7.812,-39.062,0.000
1733122796.056,-52.246,-54.688,-8.789,-26.855,0.000
1733122796.060,-44.434,-53.223,-5.371,-26.855,0.000
1733122796.064,-37.109,-49.316,-9.277,-21.484,0.000
1733122796.068,-40.039,-54.199,-15.625,-19.043,0.000
1733122796.072,-42.969,-49.805,-18.555,-28.320,0.000
1733122796.075,-32.715,-37.598,-17.578,-21.973,0.000
1733122796.079,-24.414,-37.109,-18.555,-14.648,0.000
1733122796.083,-26.367,-44.922,-29.785,-10.742,0.000
1733122796.087,-35.156,-47.363,-54.199,-12.695,0.000
1733122796.091,-42.969,-45.410,-79.102,-26.367,0.000
1733122796.095,-32.715,-39.551,-92.773,-28.320,0.000
1733122796.099,-22.949,-40.527,-100.586,-14.648,0.000
1733122796.103,-26.855,-38.086,-101.074,-8.789,0.000
1733122796.107,-32.227,-32.715,-96.680,-16.113,0.000
1733122796.111,-41.504,-39.062,-96.680,-25.879,0.000
1733122796.115,-36.621,-38.086,-93.262,-24.902,0.000
1733122796.118,-17.578,-29.785,-87.891,-19.531,0.000
1733122796.122,-12.207,-29.785,-86.914,-18.066,0.000
1733122796.126,-23.438,-34.180,-92.773,-20.020,0.000
1733122796.130,-36.133,-35.645,-91.309,-22.461,0.000
1733122796.134,-29.785,-31.250,-82.031,-19.531,0.000
1733122796.138,-18.555,-27.832,-79.102,-8.789,0.000
1733122796.142,-11.719,-29.297,-80.566,2.930,0.000
1733122796.146,-16.602,-27.344,-77.637,2.930,0.000
1733122796.150,-26.855,-22.949,-76.172,-10.254,0.000
1733122796.154,-20.996,-21.484,-80.078,-18.066,0.000
1733122796.157,-11.719,-22.949,-81.055,-6.348,0.000
1733122796.161,-12.207,-21.973,-80.078,6.348,0.000
1733122796.165,-20.020,-21.484,-75.684,3.906,0.000
1733122796.169,-31.738,-28.320,-75.684,-6.348,0.000
1733122796.173,-30.762,-27.344,-71.777,-19.531,0.000
1733122796.177,-26.367,-27.344,-68.359,-25.879,0.000
1733122796.181,-25.391,-30.762,-69.824,-21.973,0.000
1733122796.185,-21.484,-29.785,-65.918,-9.277,0.000
1733122796.189,-25.879,-32.227,-69.336,-6.348,0.000
1733122796.193,-27.832,-28.809,-75.684,-15.137,0.000
1733122796.196,-16.602,-20.996,-75.684,-22.949,0.000
1733122796.200,-11.719,-27.344,-74.219,-24.414,0.000
1733122796.204,-19.043,-37.598,-77.637,-19.531,0.000
1733122796.208,-23.438,-37.109,-78.613,-23.926,0.000
1733122796.212,-27.344,-33.203,-76.660,-30.273,0.000
1733122796.216,-22.949,-34.180,-74.707,-23.438,0.000
1733122796.220,-13.184,-30.762,-70.801,-20.508,0.000
1733122796.224,-14.160,-26.367,-71.289,-15.137,0.000
1733122796.228,-21.484,-31.250,-68.359,-9.766,0.000
1733122796.232,-25.391,-32.715,-68.359,-10.742,0.000
1733122796.236,-20.020,-29.297,-64.453,-10.254,0.000
1733122796.240,-15.625,-18.066,-60.547,-18.555,0.000
1733122796.243,-19.043,-19.531,-59.570,-12.695,0.000
1733122796.247,-28.320,-29.297,-55.176,-8.301,0.000
1733122796.251,-32.715,-27.832,-54.199,-20.996,0.000
1733122796.255,-25.391,-22.949,-51.270,-25.879,0.000
1733122796.259,-17.578,-22.461,-53.711,-23.438,0.000
1733122796.263,-17.090,-24.414,-55.176,-9.277,0.000
1733122796.267,-20.996,-24.902,-50.781,0.000,0.000
1733122796.271,-28.320,-22.949,-45.410,-13.672,0.000
1733122796.275,-29.785,-23.438,-46.387,-21.973,0.000
1733122796.279,-20.020,-22.461,-49.316,-22.461,0.000
1733122796.282,-20.508,-22.461,-50.781,-23.438,0.000
1733122796.286,-22.461,-23.438,-51.758,-13.672,0.000
1733122796.290,-20.508,-23.926,-46.875,-17.090,0.000
1733122796.294,-19.043,-26.367,-43.457,-24.414,0.000
1733122796.298,-15.137,-23.926,-44.434,-15.625,0.000
1733122796.302,-14.160,-20.508,-45.410,-17.578,0.000
1733122796.306,-12.695,-26.855,-43.945,-11.230,0.000
1733122796.310,-20.508,-22.461,-41.504,-12.695,0.000
1733122796.314,-24.414,-17.578,-41.504,-21.973,0.000
1733122796.318,-15.137,-19.043,-43.457,-18.555,0.000
1733122796.322,-14.160,-24.902,-45.898,-2.441,0.000
1733122796.325,-16.602,-27.832,-45.898,4.395,0.000
1733122796.329,-23.438,-22.461,-45.898,-13.672,0.000
1733122796.333,-26.855,-23.926,-49.805,-26.855,0.000
1733122796.337,-23.926,-27.344,-49.316,-16.113,0.000
1733122796.341,-23.926,-30.762,-48.340,-11.719,0.000
1733122796.345,-28.809,-34.668,-53.223,-14.648,0.000
1733122796.349,-36.621,-36.133,-61.035,-20.996,0.000
1733122796.353,-35.156,-32.715,-57.617,-22.461,0.000
1733122796.357,-30.273,-28.320,-49.805,-21.484,0.000
1733122796.361,-25.879,-27.832,-54.199,-22.949,0.000
1733122796.365,-26.367,-33.203,-56.152,-19.531,0.000
1733122796.368,-35.156,-32.227,-54.688,-16.113,0.000
1733122796.372,-41.016,-28.809,-54.688,-23.926,0.000
1733122796.376,-36.133,-26.855,-46.875,-31.738,0.000
1733122796.380,-26.855,-26.855,-43.945,-26.367,0.000
1733122796.384,-26.855,-27.344,-46.387,-15.625,0.000
1733122796.388,-41.016,-28.320,-46.387,-20.508,0.000
1733122796.392,-49.805,-31.250,-49.805,-47.363,0.000
1733122796.396,-40.039,-32.227,-50.293,-52.246,0.000
1733122796.400,-34.180,-29.785,-50.293,-45.410,0.000
1733122796.404,-39.062,-28.320,-47.363,-38.574,0.000
1733122796.408,-47.363,-32.715,-42.480,-33.203,0.000
1733122796.411,-58.105,-35.645,-41.504,-41.016,0.000
1733122796.415,-43.457,-38.086,-47.363,-30.273,0.000
1733122796.419,-27.344,-44.434,-45.898,-17.578,0.000
1733122796.423,-29.785,-37.598,-49.316,-22.461,0.000
1733122796.427,-38.574,-30.762,-50.781,-26.367,0.000
1733122796.431,-47.852,-31.738,-45.898,-30.762,0.000
1733122796.435,-34.180,-20.996,-48.340,-33.691,0.000
1733122796.439,-23.926,-13.672,-40.039,-36.621,0.000
1733122796.443,-20.996,-11.719,-39.062,-34.180,0.000
1733122796.447,-38.086,-23.438,-46.875,-34.668,0.000
1733122796.451,-53.223,-17.090,-52.734,-50.293,0.000
1733122796.454,-52.734,-3.418,-50.781,-69.824,0.000
1733122796.458,-65.918,-13.184,-42.969,-79.102,0.000
1733122796.462,-72.754,-21.973,-45.410,-77.148,0.000
1733122796.466,-69.824,-18.555,-55.176,-76.172,0.000
1733122796.470,-68.359,-7.324,-54.688,-84.473,0.000
1733122796.474,-75.684,-6.836,-51.270,-85.938,0.000
1733122796.478,-79.102,-11.719,-57.129,-95.215,0.000
1733122796.482,-82.520,-7.324,-58.105,-108.887,0.000
1733122796.486,-88.379,-5.371,-55.176,-106.445,0.000
1733122796.490,-99.121,-3.418,-61.035,-121.582,0.000
1733122796.494,-111.328,-2.441,-68.359,-146.973,0.000
1733122796.497,-105.469,-6.348,-69.336,-150.879,0.000
1733122796.501,-96.680,-3.418,-69.336,-139.160,0.000
1733122796.505,-102.539,0.488,-63.477,-126.465,0.000
1733122796.509,-112.305,-1.953,-66.406,-131.348,0.000
1733122796.513,-109.863,3.418,-66.895,-141.602,0.000
1733122796.517,-100.098,3.906,-67.871,-140.625,0.000
1733122796.521,-105.469,0.000,-73.730,-135.742,0.000
1733122796.525,-109.375,6.348,-71.777,-133.789,0.000
1733122796.529,-102.051,12.695,-74.219,-133.301,0.000
1733122796.532,-103.027,13.184,-75.195,-139.648,0.000
1733122796.536,-98.633,14.160,-74.707,-136.719,0.000
1733122796.540,-90.332,16.113,-73.242,-123.047,0.000
1733122796.544,-84.473,9.766,-73.730,-111.816,0.000
1733122796.548,-86.426,3.906,-78.613,-111.328,0.000
1733122796.552,-93.262,1.953,-79.590,-124.512,0.000
1733122796.556,-86.426,3.418,-81.055,-121.582,0.000
1733122796.560,-80.566,4.395,-86.914,-116.211,0.000
1733122796.564,-69.336,-3.906,-85.449,-105.469,0.000
1733122796.568,-57.129,3.418,-82.520,-90.332,0.000
1733122796.572,-70.801,9.766,-85.449,-108.398,0.000
1733122796.575,-64.941,4.883,-94.727,-106.445,0.000
1733122796.579,-48.828,9.277,-95.703,-95.703,0.000
1733122796.583,-47.852,4.395,-94.727,-88.379,0.000
1733122796.587,-39.062,-2.441,-100.586,-73.730,0.000
1733122796.591,-43.945,-2.930,-100.586,-71.777,0.000
1733122796.595,-37.109,-7.812,-98.145,-66.406,0.000
1733122796.599,-22.461,-14.648,-100.098,-57.129,0.000
1733122796.603,-25.879,-21.973,-97.656,-54.199,0.000
1733122796.607,-11.230,-23.926,-90.332,-29.785,0.000
1733122796.611,-11.719,-20.508,-90.332,-15.137,0.000
1733122796.615,-7.324,-11.719,-91.309,-23.438,0.000
1733122796.618,12.695,-7.324,-93.262,-18.555,0.000
1733122796.622,-1.465,-20.508,-98.633,-19.531,0.000
1733122796.626,6.348,-27.832,-93.750,-2.930,0.000
1733122796.630,16.602,-20.508,-89.355,2.441,0.000
1733122796.634,6.348,-26.855,-93.262,-18.555,0.000
1733122796.638,17.090,-35.645,-90.820,-7.812,0.000
1733122796.642,25.391,-36.133,-85.938,2.930,0.000
1733122796.646,34.668,-43.457,-81.055,14.648,0.000
1733122796.650,44.434,-45.898,-82.520,20.508,0.000
1733122796.654,45.410,-45.410,-85.938,12.695,0.000
1733122796.657,45.410,-44.922,-83.984,13.672,0.000
1733122796.661,52.246,-43.945,-76.660,24.414,0.000
1733122796.665,52.246,-50.781,-75.684,34.668,0.000
1733122796.669,33.691,-57.129,-75.195,27.344,0.000
1733122796.673,26.367,-53.711,-71.777,20.020,0.000
1733122796.677,24.902,-50.781,-71.777,17.578,0.000
1733122796.681,30.273,-56.152,-71.777,21.973,0.000
1733122796.685,34.180,-51.758,-71.289,31.250,0.000
1733122796.689,24.414,-38.574,-69.824,27.832,0.000
1733122796.693,20.508,-38.086,-66.406,17.090,0.000
1733122796.697,20.020,-43.945,-65.430,12.695,0.000
1733122796.700,23.438,-41.992,-60.547,20.508,0.000
1733122796.704,28.320,-36.133,-49.316,29.785,0.000
1733122796.708,19.043,-36.133,-50.781,28.320,0.000
1733122796.712,17.578,-37.109,-56.152,23.926,0.000
1733122796.716,31.250,-35.156,-53.223,21.973,0.000
1733122796.720,36.133,-35.156,-50.781,24.902,0.000
1733122796.724,33.691,-39.062,-52.734,29.785,0.000
1733122796.728,18.555,-37.109,-55.664,27.832,0.000
1733122796.732,8.789,-27.344,-55.664,13.184,0.000
1733122796.736,6.348,-23.438,-49.805,5.859,0.000
1733122796.739,6.836,-31.738,-48.828,6.836,0.000
1733122796.743,5.859,-33.691,-51.758,5.371,0.000
1733122796.747,-7.324,-36.621,-52.734,0.488,0.000
1733122796.751,-8.789,-37.598,-49.316,-8.301,0.000
1733122796.755,-0.488,-33.203,-48.340,-14.160,0.000
1733122796.759,-1.953,-38.086,-59.082,-16.602,0.000
1733122796.763,-6.348,-36.133,-60.547,-14.648,0.000
1733122796.767,-10.742,-34.180,-55.664,-9.277,0.000
1733122796.771,-13.672,-35.156,-55.664,-7.812,0.000
1733122796.775,-9.277,-31.738,-57.617,-5.859,0.000
1733122796.779,-0.488,-26.855,-58.105,0.000,0.000
1733122796.782,-2.441,-28.809,-57.617,-2.441,0.000
1733122796.786,-7.812,-34.180,-55.664,-1.465,0.000
1733122796.790,-7.324,-35.156,-56.641,-2.441,0.000
1733122796.794,-6.836,-32.715,-55.664,-7.324,0.000
1733122796.798,-2.930,-36.133,-56.152,-6.836,0.000
1733122796.802,8.301,-41.504,-53.223,0.977,0.000
1733122796.806,8.789,-37.598,-45.898,11.719,0.000
1733122796.810,-3.906,-31.738,-48.828,5.859,0.000
1733122796.814,-4.883,-31.250,-54.199,-6.348,0.000
1733122796.818,1.465,-27.344,-54.199,-9.766,0.000
1733122796.822,2.441,-27.344,-55.176,-6.348,0.000
1733122796.825,-2.930,-32.715,-54.199,-3.906,0.000
1733122796.829,-14.160,-36.621,-51.270,-14.160,0.000
1733122796.833,-15.625,-34.180,-51.270,-27.832,0.000
1733122796.837,-5.371,-26.367,-46.387,-30.762,0.000
1733122796.841,-1.953,-26.367,-43.457,-27.344,0.000
1733122796.845,-10.742,-33.691,-47.363,-20.020,0.000
1733122796.849,-19.531,-40.039,-51.270,-13.184,0.000
1733122796.853,-24.902,-34.668,-49.805,-29.785,0.000
1733122796.857,-15.625,-20.020,-47.363,-36.621,0.000
1733122796.861,-8.789,-22.949,-49.805,-26.367,0.000
1733122796.865,-11.230,-33.203,-47.363,-25.391,0.000
1733122796.868,-23.926,-34.180,-43.945,-27.832,0.000
1733122796.872,-32.227,-32.715,-43.457,-31.250,0.000
1733122796.876,-27.832,-32.715,-43.945,-29.785,0.000
1733122796.880,-23.438,-37.598,-44.434,-23.438,0.000
1733122796.884,-21.973,-37.109,-43.945,-18.555,0.000
1733122796.888,-30.273,-39.551,-43.945,-17.578,0.000
1733122796.892,-27.344,-36.133,-35.645,-16.602,0.000
1733122796.896,-14.160,-29.297,-27.344,-10.254,0.000
1733122796.900,-14.648,-27.832,-29.785,-13.184,0.000
1733122796.903,-18.555,-27.832,-34.180,-17.090,0.000
1733122796.907,-24.902,-28.320,-39.062,-12.207,0.000
1733122796.911,-31.250,-32.227,-41.992,-16.113,0.000
1733122796.915,-23.438,-30.273,-39.551,-22.949,0.000
1733122796.919,-15.625,-25.879,-39.551,-16.602,0.000
1733122796.923,-10.254,-30.762,-36.621,-8.789,0.000
1733122796.927,-16.113,-33.203,-38.086,-5.859,0.000
1733122796.931,-31.250,-37.109,-40.039,-12.207,0.000
1733122796.935,-27.344,-40.039,-40.527,-20.508,0.000
1733122796.939,-19.043,-40.527,-40.527,-8.789,0.000
1733122796.943,-21.484,-40.039,-32.715,-2.441,0.000
1733122796.946,-27.832,-45.898,-40.039,-11.719,0.000
1733122796.950,-33.203,-46.875,-42.480,-17.578,0.000
1733122796.954,-32.715,-39.062,-35.645,-24.414,0.000
1733122796.958,-27.832,-36.133,-40.039,-23.926,0.000
1733122796.962,-22.949,-43.945,-41.504,-18.555,0.000
1733122796.966,-23.926,-52.734,-34.180,-14.648,0.000
1733122796.970,-31.738,-54.688,-32.227,-22.949,0.000
1733122796.974,-36.621,-53.711,-32.715,-29.297,0.000
1733122796.978,-30.762,-54.688,-35.645,-19.531,0.000
1733122796.982,-27.344,-57.129,-40.527,-15.625,0.000
1733122796.986,-29.785,-65.918,-39.551,-8.789,0.000
1733122796.989,-35.645,-55.664,-34.668,-13.184,0.000
1733122796.993,-38.086,-43.945,-31.738,-23.926,0.000
1733122796.997,-30.273,-44.922,-34.180,-30.762,0.000
1733122797.001,-23.438,-39.062,-32.227,-26.367,0.000
1733122797.005,-27.344,-40.039,-29.297,-19.531,0.000
1733122797.009,-31.250,-37.598,-32.715,-23.438,0.000
1733122797.013,-27.344,-29.785,-30.273,-22.949,0.000
1733122797.017,-24.414,-27.832,-30.762,-20.996,0.000
1733122797.021,-25.391,-34.668,-32.715,-16.602,0.000
1733122797.025,-20.020,-43.945,-35.645,-1.465,0.000
1733122797.028,-26.855,-37.109,-42.969,-5.371,0.000
1733122797.032,-48.340,-24.414,-41.016,-37.109,0.000
1733122797.036,-48.340,-24.414,-39.062,-45.898,0.000
1733122797.040,-43.945,-26.855,-42.480,-39.062,0.000
1733122797.044,-43.457,-23.926,-41.504,-38.086,0.000
1733122797.048,-41.992,-26.855,-41.016,-31.738,0.000
1733122797.052,-47.852,-30.273,-41.504,-38.574,0.000
1733122797.056,-35.156,-22.461,-40.527,-38.574,0.000
1733122797.060,-23.926,-19.531,-38.574,-35.645,0.000
1733122797.064,-29.785,-22.461,-37.598,-37.109,0.000
1733122797.068,-33.691,-24.414,-36.133,-34.180,0.000
1733122797.071,-38.086,-29.297,-35.645,-39.551,0.000
1733122797.075,-29.297,-33.203,-35.645,-34.180,0.000
1733122797.079,-21.484,-26.367,-32.227,-27.344,0.000
1733122797.083,-24.902,-25.391,-33.691,-26.855,0.000
1733122797.087,-32.227,-34.180,-37.109,-24.902,0.000
1733122797.091,-32.715,-38.086,-36.621,-33.203,0.000
1733122797.095,-24.902,-35.156,-37.598,-32.227,0.000
1733122797.099,-20.020,-37.598,-39.551,-24.902,0.000
1733122797.103,-14.648,-45.410,-41.504,-24.414,0.000
1733122797.107,-18.555,-36.133,-39.062,-20.508,0.000
1733122797.111,-24.414,-26.367,-35.645,-20.020,0.000
1733122797.114,-21.973,-26.367,-34.668,-17.578,0.000
1733122797.118,-18.066,-31.250,-35.645,-14.648,0.000
1733122797.122,-17.090,-30.762,-34.180,-10.742,0.000
1733122797.126,-26.367,-27.832,-34.180,-13.672,0.000
1733122797.130,-33.691,-29.297,-40.039,-22.461,0.000
1733122797.134,-29.297,-30.273,-43.945,-21.484,0.000
1733122797.138,-23.926,-23.438,-41.016,-21.973,0.000
1733122797.142,-20.020,-20.508,-42.480,-20.996,0.000
1733122797.146,-26.367,-26.855,-45.898,-19.043,0.000
1733122797.150,-34.180,-26.855,-41.992,-27.832,0.000
1733122797.154,-23.926,-22.461,-38.574,-29.297,0.000
1733122797.157,-8.301,-15.137,-40.039,-25.391,0.000
1733122797.161,-8.789,-16.113,-39.062,-23.438,0.000
1733122797.165,-15.137,-18.066,-34.668,-14.648,0.000
1733122797.169,-23.926,-17.578,-39.062,-18.066,0.000
1733122797.173,-17.578,-13.672,-38.574,-20.996,0.000
1733122797.177,-6.836,-9.766,-36.133,-16.113,0.000
1733122797.181,-8.789,-21.484,-40.527,-12.207,0.000
1733122797.185,-22.461,-21.973,-42.969,-20.020,0.000
1733122797.189,-40.527,-18.555,-44.434,-33.203,0.000
1733122797.193,-38.086,-16.602,-42.969,-33.203,0.000
1733122797.197,-23.926,-9.766,-42.969,-25.391,0.000
1733122797.200,-16.113,-7.812,-34.180,-13.672,0.000
1733122797.204,-15.625,-12.695,-29.297,-9.766,0.000
1733122797.208,-21.484,-20.508,-35.156,-18.066,0.000
1733122797.212,-25.391,-25.391,-33.203,-23.438,0.000
1733122797.216,-21.973,-19.043,-31.250,-20.508,0.000
1733122797.220,-17.090,-16.113,-32.227,-18.555,0.000
1733122797.224,-22.949,-27.344,-36.133,-17.578,0.000
1733122797.228,-36.133,-27.344,-36.621,-17.578,0.000
1733122797.232,-44.922,-23.438,-34.668,-25.391,0.000
1733122797.236,-34.668,-23.438,-34.668,-25.879,0.000
1733122797.240,-27.344,-27.832,-39.551,-22.949,0.000
1733122797.243,-28.809,-27.344,-37.109,-21.973,0.000
1733122797.247,-33.203,-21.484,-39.062,-21.484,0.000
1733122797.251,-39.551,-19.043,-44.434,-29.297,0.000
1733122797.255,-31.738,-15.625,-41.504,-33.203,0.000
1733122797.259,-20.508,-11.719,-36.133,-27.344,0.000
1733122797.263,-20.020,-12.207,-31.250,-24.414,0.000
1733122797.267,-20.996,-11.230,-35.645,-25.879,0.000
1733122797.271,-25.879,-12.207,-40.039,-19.531,0.000
1733122797.275,-32.715,-5.859,-31.738,-20.020,0.000
1733122797.279,-28.809,-4.883,-27.344,-21.973,0.000
1733122797.282,-25.391,-11.719,-28.320,-19.531,0.000
1733122797.286,-32.715,-16.602,-30.762,-22.949,0.000
1733122797.290,-42.480,-19.043,-38.086,-30.273,0.000
1733122797.294,-36.133,-16.113,-37.598,-31.738,0.000
1733122797.298,-21.973,-18.555,-32.715,-24.902,0.000
1733122797.302,-19.043,-14.160,-29.297,-23.438,0.000
1733122797.306,-25.391,-15.625,-33.203,-27.344,0.000
1733122797.310,-32.715,-21.484,-34.180,-34.668,0.000
1733122797.314,-28.809,-19.531,-27.344,-31.250,0.000
1733122797.318,-26.367,-16.602,-23.926,-24.414,0.000
1733122797.321,-23.926,-17.090,-36.133,-31.250,0.000
1733122797.325,-13.184,-23.438,-46.875,-20.508,0.000
1733122797.329,-26.855,-31.250,-36.133,-16.113,0.000
1733122797.333,-42.480,-29.297,-24.902,-36.133,0.000
1733122797.337,-43.945,-28.809,-24.902,-43.457,0.000
1733122797.341,-44.434,-32.227,-24.414,-36.133,0.000
1733122797.345,-47.363,-41.504,-20.996,-37.109,0.000
1733122797.349,-56.641,-42.969,-26.367,-43.457,0.000
1733122797.353,-54.199,-37.598,-33.203,-48.340,0.000
1733122797.357,-45.898,-40.039,-31.250,-43.457,0.000
1733122797.361,-42.969,-43.457,-36.133,-29.297,0.000
1733122797.364,-43.457,-37.598,-41.504,-28.809,0.000
1733122797.368,-40.039,-36.621,-40.039,-31.250,0.000
1733122797.372,-39.062,-42.969,-41.992,-36.133,0.000
1733122797.376,-31.250,-36.133,-41.992,-32.715,0.000
1733122797.380,-26.855,-31.738,-36.133,-22.949,0.000
1733122797.384,-27.832,-32.227,-33.691,-20.508,0.000
1733122797.388,-36.621,-38.574,-34.668,-16.113,0.000
1733122797.392,-43.457,-41.992,-32.715,-21.973,0.000
1733122797.396,-34.668,-35.156,-32.227,-25.879,0.000
1733122797.400,-23.438,-30.273,-34.668,-23.438,0.000
1733122797.403,-23.438,-31.738,-32.715,-15.625,0.000
1733122797.407,-34.180,-28.809,-31.738,-19.043,0.000
1733122797.411,-42.969,-21.484,-33.203,-33.691,0.000
1733122797.415,-34.180,-23.926,-33.203,-36.133,0.000
1733122797.419,-19.531,-25.879,-36.133,-30.273,0.000
1733122797.423,-20.996,-29.297,-43.457,-29.297,0.000
1733122797.427,-30.273,-33.691,-42.480,-27.344,0.000
1733122797.431,-33.203,-31.250,-38.086,-27.832,0.000
1733122797.435,-32.715,-30.762,-34.668,-35.645,0.000
1733122797.439,-22.949,-30.273,-30.762,-28.320,0.000
1733122797.443,-14.648,-27.344,-28.809,-20.508,0.000
1733122797.446,-24.902,-27.344,-29.297,-25.879,0.000
1733122797.450,-35.645,-32.227,-27.832,-31.738,0.000
1733122797.454,-29.785,-31.738,-26.367,-38.574,0.000
1733122797.458,-24.414,-36.133,-34.668,-43.457,0.000
1733122797.462,-21.484,-40.527,-32.227,-40.039,0.000
1733122797.466,-20.996,-35.645,-28.320,-39.062,0.000
1733122797.470,-28.320,-33.203,-32.227,-44.434,0.000
1733122797.474,-26.855,-29.297,-27.344,-43.945,0.000
1733122797.478,-22.949,-33.203,-25.391,-35.645,0.000
1733122797.482,-31.738,-36.133,-34.180,-31.738,0.000
1733122797.486,-38.574,-28.320,-35.156,-31.738,0.000
1733122797.489,-42.969,-32.227,-33.203,-32.227,0.000
1733122797.493,-45.898,-37.109,-33.203,-28.320,0.000
1733122797.497,-40.527,-40.039,-30.273,-18.555,0.000
1733122797.501,-32.715,-44.922,-30.273,-19.531,0.000
1733122797.505,-37.598,-50.293,-33.203,-24.902,0.000
1733122797.509,-52.246,-53.223,-32.227,-26.367,0.000
1733122797.513,-49.316,-46.875,-35.156,-32.227,0.000
1733122797.517,-32.227,-38.574,-35.645,-34.668,0.000
1733122797.521,-26.367,-41.504,-32.715,-23.438,0.000
1733122797.525,-29.297,-42.969,-32.715,-18.066,0.000
1733122797.529,-35.156,-33.691,-28.320,-22.949,0.000
1733122797.532,-35.645,-36.133,-29.297,-27.344,0.000
1733122797.536,-31.738,-37.109,-37.598,-28.809,0.000
1733122797.540,-26.367,-30.762,-37.109,-32.227,0.000
1733122797.544,-20.020,-34.668,-37.109,-26.855,0.000
1733122797.548,-27.832,-36.621,-40.039,-21.484,0.000
1733122797.552,-36.133,-38.086,-44.434,-29.297,0.000
1733122797.556,-34.180,-37.598,-42.480,-26.367,0.000
1733122797.560,-31.250,-27.832,-35.645,-20.020,0.000
1733122797.564,-31.250,-30.273,-38.086,-16.113,0.000
1733122797.568,-36.133,-39.551,-42.969,-18.066,0.000
1733122797.571,-45.410,-41.992,-40.527,-25.879,0.000
1733122797.575,-43.457,-40.527,-41.504,-27.832,0.000
1733122797.579,-25.391,-36.133,-43.457,-19.531,0.000
1733122797.583,-24.414,-34.180,-46.387,-15.137,0.000
1733122797.587,-37.598,-36.621,-54.199,-23.926,0.000
1733122797.591,-47.363,-35.156,-56.641,-25.879,0.000
1733122797.595,-43.457,-34.668,-51.758,-22.461,0.000
1733122797.599,-29.785,-38.574,-48.340,-14.160,0.000
1733122797.603,-30.762,-37.109,-51.758,-15.625,0.000
1733122797.607,-37.109,-35.645,-50.293,-21.973,0.000
1733122797.610,-39.062,-33.691,-42.480,-25.391,0.000
1733122797.614,-40.527,-36.621,-41.504,-31.250,0.000
1733122797.618,-30.273,-40.527,-42.969,-24.902,0.000
1733122797.622,-17.578,-38.086,-41.016,-20.996,0.000
1733122797.626,-22.949,-46.387,-42.480,-26.367,0.000
1733122797.630,-33.691,-51.270,-43.945,-27.832,0.000
1733122797.634,-30.762,-45.898,-43.945,-33.203,0.000
1733122797.638,-13.184,-38.574,-43.945,-31.250,0.000
1733122797.642,10.254,-36.621,-47.363,-20.508,0.000
1733122797.646,-0.488,-47.363,-42.969,-14.160,0.000
1733122797.650,-20.508,-46.875,-36.621,-25.391,0.000
1733122797.653,-3.418,-44.434,-40.039,-18.555,0.000
1733122797.657,16.113,-44.922,-45.898,4.395,0.000
1733122797.661,18.066,-42.480,-44.922,9.277,0.000
1733122797.665,10.254,-50.781,-39.062,11.719,0.000
1733122797.669,2.930,-58.594,-38.574,10.254,0.000
1733122797.673,-0.977,-55.176,-45.410,2.930,0.000
1733122797.677,3.906,-49.805,-50.781,-0.488,0.000
1733122797.681,11.230,-45.410,-44.922,5.859,0.000
1733122797.685,9.277,-46.875,-38.086,9.766,0.000
1733122797.689,-6.348,-62.500,-41.992,8.301,0.000
1733122797.693,-19.043,-60.547,-41.504,-1.953,0.000
1733122797.696,-10.742,-49.805,-37.598,-10.254,0.000
1733122797.700,-7.812,-53.711,-42.480,-8.301,0.000
1733122797.704,-14.160,-51.270,-42.480,-10.742,0.000
1733122797.708,-21.484,-46.875,-42.480,-16.113,0.000
1733122797.712,-24.902,-46.875,-43.457,-16.113,0.000
1733122797.716,-16.113,-42.969,-39.062,-7.812,0.000
1733122797.720,-8.301,-39.062,-37.598,-7.324,0.000
1733122797.724,-9.277,-36.621,-38.574,-5.371,0.000
1733122797.728,-20.020,-41.016,-36.621,-8.301,0.000
1733122797.732,-26.855,-44.434,-35.156,-17.090,0.000
1733122797.735,-16.602,-41.016,-42.480,-14.160,0.000
1733122797.739,-13.672,-39.062,-45.898,-13.184,0.000
1733122797.743,-17.090,-43.457,-38.574,-11.719,0.000
1733122797.747,-16.113,-47.363,-34.668,1.953,0.000
1733122797.751,-17.578,-42.480,-36.621,3.418,0.000
1733122797.755,-14.160,-30.762,-36.621,-9.277,0.000
1733122797.759,-2.930,-26.855,-38.574,-2.930,0.000
1733122797.763,0.000,-31.250,-43.457,-2.930,0.000
1733122797.767,-9.277,-31.738,-42.480,-7.812,0.000
1733122797.771,-22.461,-29.297,-41.992,-11.719,0.000
1733122797.775,-21.484,-31.250,-44.922,-13.672,0.000
1733122797.778,-15.137,-33.691,-40.527,-5.859,0.000
1733122797.782,-18.066,-29.785,-36.133,-7.324,0.000
1733122797.786,-27.344,-31.738,-39.551,-14.648,0.000
1733122797.790,-35.645,-36.621,-38.574,-23.438,0.000
1733122797.794,-31.738,-34.668,-33.691,-27.832,0.000
1733122797.798,-30.273,-34.180,-31.250,-26.855,0.000
1733122797.802,-31.250,-33.203,-30.762,-28.320,0.000
1733122797.806,-35.645,-30.762,-37.109,-24.414,0.000
1733122797.810,-41.016,-30.273,-43.457,-25.391,0.000
1733122797.814,-34.180,-28.809,-43.945,-37.598,0.000
1733122797.817,-20.508,-26.855,-38.086,-39.551,0.000
1733122797.821,-13.672,-31.250,-34.668,-28.320,0.000
1733122797.825,-21.973,-38.086,-36.133,-32.227,0.000
1733122797.829,-38.086,-33.691,-38.086,-46.875,0.000
1733122797.833,-37.109,-28.809,-42.480,-50.293,0.000
1733122797.837,-25.391,-32.715,-46.387,-43.945,0.000
1733122797.841,-20.996,-34.668,-44.922,-35.156,0.000
1733122797.845,-27.832,-30.273,-44.922,-34.180,0.000
1733122797.849,-36.133,-38.086,-47.363,-34.180,0.000
1733122797.853,-36.621,-37.109,-39.062,-30.762,0.000
1733122797.857,-28.809,-29.297,-33.691,-25.879,0.000
1733122797.860,-24.414,-25.391,-33.691,-25.391,0.000
1733122797.864,-23.926,-27.832,-36.133,-24.414,0.000
1733122797.868,-37.109,-31.250,-41.016,-24.414,0.000
1733122797.872,-46.387,-30.762,-43.945,-33.691,0.000
1733122797.876,-37.598,-31.250,-43.945,-35.156,0.000
1733122797.880,-32.227,-29.297,-41.016,-30.762,0.000
1733122797.884,-26.367,-32.715,-41.992,-22.949,0.000
1733122797.888,-34.668,-40.039,-39.551,-25.391,0.000
1733122797.892,-39.551,-43.457,-34.668,-25.391,0.000
1733122797.896,-22.949,-37.598,-39.062,-16.602,0.000
1733122797.900,-39.551,-31.738,-49.805,-38.574,0.000
1733122797.903,-49.316,-31.738,-51.758,-42.969,0.000
1733122797.907,-41.016,-30.762,-51.270,-31.250,0.000
1733122797.911,-40.039,-30.762,-48.340,-26.855,0.000
1733122797.915,-35.645,-29.785,-46.875,-31.250,0.000
1733122797.919,-34.668,-25.391,-48.340,-43.457,0.000
1733122797.923,-28.320,-25.879,-44.922,-38.086,0.000
1733122797.927,-27.344,-31.738,-44.922,-29.785,0.000
1733122797.931,-31.738,-41.016,-48.828,-22.949,0.000
1733122797.935,-28.809,-36.621,-45.410,-24.902,0.000
1733122797.939,-13.672,-27.832,-47.363,-22.461,0.000
1733122797.942,-10.254,-25.391,-48.828,-19.531,0.000
1733122797.946,-15.137,-28.809,-46.387,-18.555,0.000
1733122797.950,-25.879,-30.273,-45.898,-19.043,0.000
1733122797.954,-29.785,-33.691,-42.480,-17.578,0.000
1733122797.958,-20.508,-37.598,-45.410,-23.926,0.000
1733122797.962,-18.066,-34.668,-51.270,-29.297,0.000
1733122797.966,-31.738,-34.180,-49.316,-22.461,0.000
1733122797.970,-41.016,-33.203,-46.875,-27.832,0.000
1733122797.974,-36.133,-34.180,-44.434,-30.273,0.000
1733122797.978,-24.414,-36.133,-40.039,-21.484,0.000
1733122797.981,-18.555,-29.297,-36.133,-21.973,0.000
1733122797.985,-24.902,-30.762,-32.227,-23.926,0.000
1733122797.989,-31.250,-35.156,-34.180,-25.879,0.000
1733122797.993,-37.598,-35.156,-39.062,-34.180,0.000
1733122797.997,-31.250,-32.227,-38.086,-33.691,0.000
1733122798.001,-25.879,-27.832,-38.086,-30.273,0.000
1733122798.005,-28.809,-28.809,-41.016,-27.344,0.000
1733122798.009,-35.156,-32.715,-44.434,-25.879,0.000
1733122798.013,-31.738,-30.273,-44.434,-31.738,0.000
1733122798.017,-23.926,-29.785,-44.434,-27.832,0.000
1733122798.021,-20.020,-35.645,-44.434,-12.695,0.000
1733122798.024,-20.020,-31.738,-43.457,-13.672,0.000
1733122798.028,-26.367,-27.344,-41.016,-27.344,0.000
1733122798.032,-33.203,-31.250,-41.016,-32.715,0.000
1733122798.036,-25.391,-21.484,-39.551,-29.785,0.000
1733122798.040,-19.043,-15.137,-39.551,-23.438,0.000
1733122798.044,-20.996,-17.090,-33.691,-12.207,0.000
1733122798.048,-26.855,-18.066,-26.367,-11.719,0.000
1733122798.052,-36.133,-17.090,-29.297,-30.762,0.000
1733122798.056,-37.109,-16.602,-33.203,-42.480,0.000
1733122798.060,-33.691,-18.555,-36.621,-38.086,0.000
1733122798.064,-33.691,-20.996,-39.551,-30.762,0.000
1733122798.067,-43.457,-23.926,-44.434,-40.039,0.000
1733122798.071,-52.246,-20.996,-47.852,-53.223,0.000
1733122798.075,-45.410,-20.020,-43.457,-50.781,0.000
1733122798.079,-33.203,-19.531,-41.016,-36.621,0.000
1733122798.083,-31.250,-15.625,-39.551,-34.668,0.000
1733122798.087,-34.668,-11.719,-41.016,-37.109,0.000
1733122798.091,-36.133,-13.184,-41.504,-33.691,0.000
1733122798.095,-28.320,-14.160,-39.062,-34.668,0.000
1733122798.099,-24.902,-13.184,-35.156,-38.574,0.000
1733122798.103,-29.297,-16.602,-33.691,-35.156,0.000
1733122798.106,-32.227,-18.066,-37.109,-29.297,0.000
1733122798.110,-36.621,-22.949,-38.574,-24.414,0.000
1733122798.114,-30.762,-17.090,-37.109,-24.414,0.000
1733122798.118,-14.648,-10.254,-31.250,-30.273,0.000
1733122798.122,-11.230,-19.043,-35.645,-28.809,0.000
1733122798.126,-16.602,-22.949,-39.551,-16.113,0.000
1733122798.130,-20.508,-21.484,-30.762,-13.184,0.000
1733122798.134,-17.578,-22.461,-26.367,-22.461,0.000
1733122798.138,-10.742,-24.414,-29.297,-19.043,0.000
1733122798.142,-11.230,-28.320,-35.645,-16.113,0.000
1733122798.146,-14.160,-33.203,-32.227,-13.672,0.000
1733122798.149,-29.785,-36.621,-31.250,-17.090,0.000
1733122798.153,-41.504,-36.621,-29.297,-21.973,0.000
1733122798.157,-31.738,-27.344,-25.879,-26.367,0.000
1733122798.161,-28.809,-28.320,-33.691,-32.227,0.000
1733122798.165,-32.715,-39.062,-42.969,-24.902,0.000
1733122798.169,-33.203,-35.645,-39.551,-28.320,0.000
1733122798.173,-29.297,-25.879,-31.250,-38.574,0.000
1733122798.177,-18.555,-23.926,-34.180,-44.922,0.000
1733122798.181,-11.719,-33.691,-40.039,-45.410,0.000
1733122798.185,-17.578,-40.039,-43.945,-39.551,0.000
1733122798.188,-27.344,-43.457,-51.758,-41.504,0.000
1733122798.192,-28.809,-40.039,-50.293,-48.828,0.000
1733122798.196,-20.996,-31.250,-40.039,-45.410,0.000
1733122798.200,-23.438,-40.039,-41.504,-27.344,0.000
1733122798.204,-34.180,-34.668,-43.457,-23.926,0.000
1733122798.208,-43.457,-22.461,-41.016,-31.738,0.000
1733122798.212,-47.852,-30.273,-40.527,-31.738,0.000
1733122798.216,-39.551,-27.344,-37.598,-27.832,0.000
1733122798.220,-31.250,-20.020,-38.086,-21.973,0.000
1733122798.224,-29.785,-25.391,-41.992,-20.996,0.000
1733122798.228,-40.527,-28.809,-39.551,-11.230,0.000
1733122798.231,-48.340,-31.738,-37.109,-9.766,0.000
1733122798.235,-39.062,-33.691,-37.598,-21.484,0.000
1733122798.239,-28.320,-35.156,-39.062,-21.484,0.000
1733122798.243,-25.879,-36.133,-38.086,-16.602,0.000
1733122798.247,-28.320,-35.156,-39.551,-12.695,0.000
1733122798.251,-33.691,-31.738,-32.227,-18.555,0.000
1733122798.255,-30.762,-30.273,-31.738,-32.227,0.000
1733122798.259,-25.879,-36.133,-43.945,-28.809,0.000
1733122798.263,-33.203,-33.203,-41.504,-24.902,0.000
1733122798.267,-37.109,-29.785,-34.668,-29.785,0.000
1733122798.271,-35.156,-32.715,-38.086,-32.227,0.000
1733122798.274,-33.203,-28.320,-40.039,-38.086,0.000
1733122798.278,-28.809,-23.926,-38.086,-42.480,0.000
1733122798.282,-20.508,-20.508,-36.133,-39.062,0.000
1733122798.286,-22.461,-24.902,-38.086,-32.227,0.000
1733122798.290,-31.738,-29.297,-38.086,-31.738,0.000
1733122798.294,-27.344,-23.438,-31.738,-34.668,0.000
1733122798.298,-17.090,-21.973,-36.621,-34.180,0.000
1733122798.302,-15.625,-27.344,-41.992,-29.297,0.000
1733122798.306,-21.484,-35.645,-43.945,-12.695,0.000
1733122798.310,-35.156,-29.297,-39.551,-18.555,0.000
1733122798.313,-38.086,-20.996,-38.086,-25.391,0.000
1733122798.317,-33.203,-27.344,-37.598,-19.531,0.000
1733122798.321,-31.738,-30.273,-31.738,-15.137,0.000
1733122798.325,-36.133,-32.227,-33.691,-16.602,0.000
1733122798.329,-48.828,-38.574,-35.156,-25.879,0.000
1733122798.333,-44.434,-44.922,-32.227,-31.738,0.000
1733122798.337,-36.133,-47.852,-34.180,-32.715,0.000
1733122798.341,-33.203,-44.922,-33.691,-26.855,0.000
1733122798.345,-29.785,-42.480,-28.809,-20.996,0.000
1733122798.349,-35.156,-45.898,-33.203,-18.555,0.000
1733122798.353,-30.762,-35.645,-26.367,-26.855,0.000
1733122798.356,-11.230,-29.785,-25.391,-32.227,0.000
1733122798.360,-0.488,-33.203,-32.227,-20.996,0.000
1733122798.364,-2.930,-25.879,-29.297,-13.184,0.000
1733122798.368,-11.719,-21.973,-23.926,-11.230,0.000
1733122798.372,-14.160,-29.785,-23.926,-18.555,0.000
1733122798.376,-8.301,-32.715,-30.762,-20.508,0.000
1733122798.380,-3.906,-30.762,-25.879,-9.766,0.000
1733122798.384,1.465,-28.809,-20.996,2.441,0.000
1733122798.388,-14.160,-27.344,-20.996,-0.977,0.000
1733122798.392,-27.832,-29.297,-28.809,-20.020,0.000
1733122798.396,-23.926,-32.715,-35.156,-22.949,0.000
1733122798.399,-26.855,-33.203,-36.133,-25.391,0.000
1733122798.403,-29.785,-34.180,-30.762,-27.832,0.000
1733122798.407,-34.668,-34.180,-23.438,-20.996,0.000
1733122798.411,-44.434,-32.227,-25.391,-24.902,0.000
1733122798.415,-34.180,-27.832,-32.715,-29.785,0.000
1733122798.419,-24.902,-28.809,-33.203,-26.367,0.000
1733122798.423,-31.250,-36.621,-30.762,-22.461,0.000
1733122798.427,-41.992,-36.133,-31.250,-24.414,0.000
1733122798.431,-46.875,-35.156,-33.691,-28.809,0.000
1733122798.435,-37.109,-33.203,-35.156,-34.180,0.000
1733122798.438,-21.973,-29.785,-33.691,-25.879,0.000
1733122798.442,-16.602,-23.438,-32.227,-16.602,0.000
1733122798.446,-26.855,-21.973,-31.738,-19.531,0.000
1733122798.450,-34.180,-29.785,-30.273,-19.043,0.000
1733122798.454,-26.367,-27.832,-31.250,-23.438,0.000
1733122798.458,-23.438,-20.020,-34.180,-30.273,0.000
1733122798.462,-25.879,-21.973,-35.645,-27.832,0.000
1733122798.466,-32.715,-31.738,-39.062,-25.879,0.000
1733122798.470,-45.410,-36.133,-43.457,-33.691,0.000
1733122798.474,-39.551,-27.832,-39.551,-35.156,0.000
1733122798.478,-27.832,-22.461,-36.621,-29.297,0.000
1733122798.481,-28.320,-27.344,-39.062,-24.902,0.000
1733122798.485,-30.762,-31.250,-42.480,-19.043,0.000
1733122798.489,-45.898,-30.273,-39.551,-20.996,0.000
1733122798.493,-54.688,-29.785,-31.738,-31.738,0.000
1733122798.497,-41.504,-27.344,-29.785,-25.879,0.000
1733122798.501,-33.203,-28.809,-32.227,-12.207,0.000
1733122798.505,-38.086,-32.227,-34.180,-8.789,0.000
1733122798.509,-47.852,-32.227,-35.645,-13.672,0.000
1733122798.513,-45.410,-30.762,-36.133,-24.414,0.000
1733122798.517,-37.109,-28.320,-34.668,-29.297,0.000
1733122798.521,-28.320,-22.949,-32.715,-21.973,0.000
1733122798.524,-30.273,-26.367,-36.621,-23.926,0.000
1733122798.528,-46.875,-40.039,-45.410,-26.855,0.000
1733122798.532,-46.875,-29.785,-42.480,-28.320,0.000
1733122798.536,-34.180,-17.090,-41.016,-39.551,0.000
1733122798.540,-27.344,-22.949,-44.434,-38.574,0.000
1733122798.544,-26.855,-25.391,-42.480,-32.227,0.000
1733122798.548,-40.527,-26.855,-41.016,-38.086,0.000
1733122798.552,-48.828,-20.508,-39.551,-46.387,0.000
1733122798.556,-35.156,-18.066,-43.945,-48.340,0.000
1733122798.560,-24.414,-19.531,-44.434,-45.898,0.000
1733122798.564,-25.391,-16.113,-41.992,-40.039,0.000
1733122798.567,-28.320,-24.414,-45.410,-31.250,0.000
1733122798.571,-28.320,-31.738,-45.410,-23.926,0.000
1733122798.575,-19.531,-23.438,-42.969,-21.484,0.000
1733122798.579,-5.859,-19.043,-39.551,-16.113,0.000
1733122798.583,-3.418,-23.926,-32.227,-12.207,0.000
1733122798.587,-13.672,-26.855,-34.668,-11.230,0.000
1733122798.591,-24.414,-33.691,-40.527,-5.371,0.000
1733122798.595,-27.832,-27.344,-32.715,-17.090,0.000
1733122798.599,-20.508,-21.973,-29.785,-25.879,0.000
1733122798.603,-19.043,-26.367,-35.156,-19.531,0.000
1733122798.606,-29.785,-32.227,-37.598,-15.137,0.000
1733122798.610,-35.645,-34.668,-34.180,-19.043,0.000
1733122798.614,-27.832,-27.832,-35.156,-27.344,0.000
1733122798.618,-17.578,-28.809,-36.133,-25.391,0.000
1733122798.622,-18.066,-28.809,-33.691,-17.090,0.000
1733122798.626,-28.809,-27.832,-37.598,-13.672,0.000
1733122798.630,-43.457,-34.180,-44.434,-20.020,0.000
1733122798.634,-40.527,-30.762,-43.945,-25.879,0.000
1733122798.638,-31.250,-23.926,-41.504,-31.738,0.000
1733122798.642,-27.832,-23.926,-43.457,-37.598,0.000
1733122798.646,-24.902,-25.879,-44.434,-31.250,0.000
1733122798.649,-37.598,-31.250,-46.387,-27.832,0.000
1733122798.653,-41.992,-25.879,-43.457,-33.203,0.000
1733122798.657,-27.344,-22.461,-33.203,-33.691,0.000
1733122798.661,-20.996,-20.508,-32.715,-26.855,0.000
1733122798.665,-31.738,-22.949,-45.410,-30.762,0.000
1733122798.669,-39.062,-29.785,-54.688,-33.203,0.000
1733122798.673,-39.551,-27.344,-52.246,-31.738,0.000
1733122798.677,-29.297,-23.438,-47.852,-30.273,0.000
1733122798.681,-20.508,-25.879,-48.828,-15.137,0.000
1733122798.685,-32.715,-29.297,-50.781,-20.996,0.000
1733122798.688,-41.992,-30.762,-55.664,-30.762,0.000
1733122798.692,-42.480,-30.762,-57.617,-31.738,0.000
1733122798.696,-34.668,-27.344,-58.105,-35.156,0.000
1733122798.700,-29.785,-25.391,-57.129,-35.156,0.000
1733122798.704,-34.180,-29.785,-56.641,-35.645,0.000
1733122798.708,-40.039,-34.668,-57.129,-30.273,0.000
1733122798.712,-45.898,-32.715,-57.129,-33.203,0.000
1733122798.716,-36.621,-26.367,-51.758,-31.738,0.000
1733122798.720,-23.438,-28.320,-52.246,-31.250,0.000
1733122798.724,-14.160,-29.297,-54.688,-26.855,0.000
1733122798.728,-16.602,-23.438,-50.293,-18.555,0.000
1733122798.731,-28.809,-23.438,-49.805,-28.320,0.000
1733122798.735,-26.367,-22.461,-54.688,-38.574,0.000
1733122798.739,-13.184,-15.625,-57.129,-37.109,0.000
1733122798.743,-5.859,-16.602,-51.270,-31.738,0.000
1733122798.747,-12.207,-19.531,-47.852,-29.297,0.000
1733122798.751,-22.949,-25.391,-53.223,-29.297,0.000
1733122798.755,-23.926,-31.250,-55.176,-28.320,0.000
1733122798.759,-17.578,-29.297,-51.758,-29.297,0.000
1733122798.763,-19.531,-30.762,-51.270,-33.203,0.000
1733122798.767,-26.367,-35.156,-50.293,-28.320,0.000
1733122798.771,-35.156,-37.598,-51.758,-20.996,0.000
1733122798.774,-35.156,-27.344,-55.176,-34.668,0.000
1733122798.778,-24.902,-24.902,-60.059,-42.969,0.000
1733122798.782,-25.391,-25.391,-61.523,-38.086,0.000
1733122798.786,-30.273,-20.020,-51.758,-32.227,0.000
1733122798.790,-34.180,-19.531,-44.434,-32.715,0.000
1733122798.794,-32.227,-22.461,-43.457,-37.109,0.000
1733122798.798,-24.414,-31.738,-40.527,-31.250,0.000
1733122798.802,-22.949,-33.691,-39.551,-30.273,0.000
1733122798.806,-25.391,-26.367,-40.039,-31.250,0.000
1733122798.810,-27.832,-21.484,-40.527,-33.691,0.000
1733122798.814,-29.785,-31.738,-38.574,-37.109,0.000
1733122798.817,-24.414,-33.691,-31.738,-37.598,0.000
1733122798.821,-15.625,-24.902,-34.668,-43.457,0.000
1733122798.825,-19.043,-27.344,-38.574,-40.039,0.000
1733122798.829,-28.809,-35.156,-43.457,-41.992,0.000
1733122798.833,-30.273,-37.109,-46.875,-53.223,0.000
1733122798.837,-16.602,-30.762,-44.434,-55.664,0.000
1733122798.841,-2.441,-31.250,-43.945,-52.734,0.000
1733122798.845,-8.301,-35.645,-46.875,-41.016,0.000
1733122798.849,-25.391,-38.086,-51.758,-38.574,0.000
1733122798.853,-38.086,-35.645,-52.246,-42.480,0.000
1733122798.856,-35.156,-31.250,-43.945,-38.086,0.000
1733122798.860,-31.250,-37.598,-44.434,-25.391,0.000
1733122798.864,-42.480,-35.645,-52.246,-27.344,0.000
1733122798.868,-57.617,-30.273,-52.246,-35.156,0.000
1733122798.872,-51.270,-31.738,-51.758,-30.762,0.000
1733122798.876,-43.457,-28.320,-52.246,-31.250,0.000
1733122798.880,-41.504,-30.273,-48.828,-34.180,0.000
1733122798.884,-37.109,-37.598,-50.781,-28.320,0.000
1733122798.888,-45.410,-32.715,-48.828,-25.879,0.000
1733122798.892,-48.340,-24.902,-46.875,-29.785,0.000
1733122798.896,-36.133,-26.855,-45.410,-24.902,0.000
1733122798.899,-22.949,-28.320,-41.016,-21.973,0.000
1733122798.903,-25.391,-29.785,-44.434,-16.602,0.000
1733122798.907,-43.945,-34.180,-46.387,-21.484,0.000
1733122798.911,-43.457,-27.832,-44.922,-30.762,0.000
1733122798.915,-21.484,-19.043,-38.574,-24.414,0.000
1733122798.919,-11.230,-23.926,-38.086,-20.508,0.000
1733122798.923,-16.113,-28.809,-42.480,-22.461,0.000
1733122798.927,-24.414,-28.320,-44.922,-20.996,0.000
1733122798.931,-34.668,-31.738,-52.246,-26.367,0.000
1733122798.935,-29.785,-25.391,-49.316,-23.438,0.000
1733122798.938,-22.461,-17.578,-41.992,-18.066,0.000
1733122798.942,-26.367,-24.902,-42.969,-20.020,0.000
1733122798.946,-30.762,-34.180,-40.527,-17.090,0.000
1733122798.950,-38.086,-37.598,-41.016,-16.602,0.000
1733122798.954,-35.645,-28.809,-42.480,-20.020,0.000
1733122798.958,-26.367,-27.344,-43.457,-20.508,0.000
1733122798.962,-18.555,-37.598,-47.852,-10.254,0.000
1733122798.966,-12.695,-35.645,-42.480,-1.953,0.000
1733122798.970,-32.715,-27.832,-42.969,-17.090,0.000
1733122798.974,-36.621,-26.855,-49.316,-25.879,0.000
1733122798.977,-20.996,-24.414,-51.270,-20.020,0.000
1733122798.981,-20.020,-26.855,-54.688,-18.066,0.000
1733122798.985,-29.297,-31.250,-55.664,-17.578,0.000
1733122798.989,-42.969,-37.109,-54.688,-19.531,0.000
1733122798.993,-45.410,-42.480,-48.828,-26.855,0.000
1733122798.997,-41.992,-38.574,-48.340,-35.156,0.000
1733122799.001,-31.738,-35.645,-50.293,-36.133,0.000
1733122799.005,-29.297,-40.527,-47.852,-33.203,0.000
1733122799.009,-43.457,-49.316,-50.781,-31.250,0.000
1733122799.013,-42.969,-49.316,-48.828,-34.668,0.000
1733122799.016,-24.414,-43.457,-43.457,-33.203,0.000
1733122799.020,-21.973,-40.527,-45.410,-32.227,0.000
1733122799.024,-24.414,-39.062,-43.945,-31.250,0.000
1733122799.028,-27.832,-35.645,-41.504,-26.855,0.000
1733122799.032,-38.086,-34.668,-42.480,-32.715,0.000
1733122799.036,-24.414,-34.180,-41.504,-32.715,0.000
1733122799.040,-17.090,-32.715,-37.598,-24.414,0.000
1733122799.044,-24.902,-39.551,-36.621,-19.531,0.000
1733122799.048,-31.738,-49.316,-40.039,-19.043,0.000
1733122799.052,-34.180,-44.434,-39.551,-22.461,0.000
1733122799.056,-30.762,-38.574,-37.109,-21.484,0.000
1733122799.059,-28.809,-37.109,-33.203,-26.367,0.000
1733122799.063,-24.414,-36.621,-34.180,-19.531,0.000
1733122799.067,-26.855,-37.598,-30.762,-11.230,0.000
1733122799.071,-29.785,-32.715,-24.414,-17.578,0.000
1733122799.075,-23.926,-28.320,-25.391,-25.391,0.000
1733122799.079,-18.066,-28.320,-28.809,-20.996,0.000
1733122799.083,-17.090,-27.344,-38.086,-14.160,0.000
1733122799.087,-21.973,-27.832,-39.062,-10.254,0.000
1733122799.091,-31.250,-28.320,-33.691,-10.742,0.000
1733122799.095,-25.879,-23.438,-33.691,-15.137,0.000
1733122799.099,-15.625,-26.367,-36.133,-12.207,0.000
1733122799.102,-21.484,-31.250,-34.180,-12.207,0.000
1733122799.106,-25.879,-29.785,-33.691,-15.625,0.000
1733122799.110,-28.320,-26.855,-33.691,-15.137,0.000
1733122799.114,-26.367,-27.344,-31.738,-22.949,0.000
1733122799.118,-17.578,-27.832,-36.133,-26.367,0.000
1733122799.122,-20.020,-26.855,-40.039,-24.902,0.000
1733122799.126,-21.973,-30.762,-37.598,-23.438,0.000
1733122799.130,-24.902,-29.297,-32.715,-19.531,0.000
1733122799.134,-24.902,-21.973,-28.809,-20.020,0.000
1733122799.138,-15.137,-21.484,-27.344,-20.996,0.000
1733122799.142,-11.230,-29.297,-31.738,-15.137,0.000
1733122799.145,-20.020,-35.156,-39.551,-8.789,0.000
1733122799.149,-32.715,-24.902,-38.086,-14.160,0.000
1733122799.153,-32.227,-19.531,-36.133,-25.879,0.000
1733122799.157,-28.809,-27.344,-37.598,-31.250,0.000
1733122799.161,-26.855,-24.902,-43.457,-24.902,0.000
1733122799.165,-23.438,-17.090,-42.969,-17.578,0.000
1733122799.169,-34.668,-24.902,-41.016,-18.555,0.000
1733122799.173,-40.039,-30.762,-47.363,-22.461,0.000
1733122799.177,-20.020,-24.414,-40.527,-19.043,0.000
1733122799.181,-6.348,-23.926,-35.645,-18.555,0.000
1733122799.185,-19.043,-24.902,-40.527,-20.996,0.000
1733122799.188,-31.738,-30.273,-41.504,-17.090,0.000
1733122799.192,-32.715,-25.391,-41.992,-22.461,0.000
1733122799.196,-21.973,-12.695,-41.016,-33.203,0.000
1733122799.200,-13.184,-14.648,-38.086,-29.785,0.000
1733122799.204,-20.020,-17.578,-34.180,-17.578,0.000
1733122799.208,-26.367,-15.625,-36.133,-11.230,0.000
1733122799.212,-30.762,-20.508,-34.668,-25.879,0.000
1733122799.216,-25.879,-23.438,-33.203,-32.227,0.000
1733122799.220,-16.113,-20.508,-34.180,-20.020,0.000
1733122799.224,-18.066,-23.926,-33.203,-18.066,0.000
1733122799.227,-24.414,-31.250,-36.621,-17.090,0.000
1733122799.231,-25.391,-33.203,-35.156,-14.160,0.000
1733122799.235,-20.996,-36.133,-36.621,-15.625,0.000
1733122799.239,-19.043,-32.227,-37.598,-17.578,0.000
1733122799.243,-17.090,-30.273,-42.969,-18.555,0.000
1733122799.247,-21.973,-36.133,-43.457,-13.184,0.000
1733122799.251,-33.691,-31.250,-38.574,-11.230,0.000
1733122799.255,-32.715,-24.414,-36.621,-16.602,0.000
1733122799.259,-22.461,-25.391,-44.922,-16.113,0.000
1733122799.263,-13.184,-20.996,-47.852,-9.277,0.000
1733122799.267,-14.160,-15.137,-41.504,-8.301,0.000
1733122799.270,-21.973,-19.043,-38.086,-12.207,0.000
1733122799.274,-23.438,-17.578,-41.992,-29.297,0.000
1733122799.278,-0.488,-11.230,-55.664,-20.020,0.000
1733122799.282,7.324,-15.137,-46.387,-2.441,0.000
1733122799.286,-21.484,-20.508,-30.762,-10.742,0.000
1733122799.290,-41.992,-24.414,-33.691,-23.926,0.000
1733122799.294,-43.945,-20.020,-34.668,-34.180,0.000
1733122799.298,-38.086,-19.043,-37.598,-34.180,0.000
1733122799.302,-42.969,-31.250,-39.551,-39.551,0.000
1733122799.306,-55.176,-35.645,-33.691,-34.180,0.000
1733122799.310,-64.453,-36.621,-28.809,-25.879,0.000
1733122799.313,-57.617,-35.156,-25.879,-26.855,0.000
1733122799.317,-43.945,-34.180,-22.949,-28.320,0.000
1733122799.321,-35.645,-39.551,-27.344,-23.926,0.000
1733122799.325,-40.039,-41.016,-22.461,-16.113,0.000
1733122799.329,-58.105,-38.574,-17.578,-20.508,0.000
1733122799.333,-60.547,-38.574,-23.438,-27.344,0.000
1733122799.337,-41.504,-40.527,-26.367,-18.066,0.000
1733122799.341,-24.902,-44.434,-25.391,-8.301,0.000
1733122799.345,-32.715,-37.109,-27.832,-15.137,0.000
1733122799.349,-43.457,-32.715,-27.344,-22.949,0.000
1733122799.353,-43.457,-31.738,-21.973,-25.391,0.000
1733122799.356,-29.785,-22.949,-20.508,-27.344,0.000
1733122799.360,-19.531,-21.484,-21.484,-23.926,0.000
1733122799.364,-20.996,-30.273,-20.020,-17.578,0.000
1733122799.368,-22.949,-33.691,-19.531,-20.996,0.000
1733122799.372,-30.273,-37.109,-18.066,-26.855,0.000
1733122799.376,-29.785,-39.551,-23.926,-28.320,0.000
1733122799.380,-20.508,-42.480,-36.133,-29.785,0.000
1733122799.384,-27.832,-51.270,-38.574,-21.973,0.000
1733122799.388,-43.945,-44.434,-36.621,-20.996,0.000
1733122799.392,-41.016,-35.156,-37.598,-36.621,0.000
1733122799.396,-27.344,-38.574,-36.133,-39.551,0.000
1733122799.399,-21.484,-38.086,-35.156,-33.691,0.000
1733122799.403,-20.508,-34.668,-36.133,-28.809,0.000
1733122799.407,-26.367,-34.668,-38.086,-21.973,0.000
1733122799.411,-32.227,-33.691,-35.156,-23.438,0.000
1733122799.415,-30.273,-27.344,-30.273,-28.320,0.000
1733122799.419,-25.879,-27.832,-29.785,-28.809,0.000
1733122799.423,-27.832,-27.344,-32.227,-26.367,0.000
1733122799.427,-37.598,-30.273,-37.109,-23.926,0.000
1733122799.431,-41.016,-40.527,-35.156,-20.508,0.000
1733122799.435,-39.551,-34.668,-27.832,-23.926,0.000
1733122799.438,-26.855,-28.809,-22.949,-25.391,0.000
1733122799.442,-17.090,-29.785,-21.973,-22.461,0.000
1733122799.446,-27.344,-31.250,-26.855,-27.344,0.000
1733122799.450,-32.227,-34.668,-27.832,-29.785,0.000
1733122799.454,-21.484,-28.809,-29.297,-29.297,0.000
1733122799.458,-12.207,-26.367,-34.668,-29.297,0.000
1733122799.462,-6.836,-29.785,-42.969,-30.762,0.000
1733122799.466,-3.418,-29.297,-47.363,-35.156,0.000
1733122799.470,-9.277,-32.227,-47.363,-37.598,0.000
1733122799.474,-18.555,-38.086,-47.852,-36.133,0.000
1733122799.477,-19.043,-35.156,-48.340,-37.109,0.000
1733122799.481,-16.602,-31.738,-52.246,-40.039,0.000
1733122799.485,-24.414,-33.691,-53.711,-37.109,0.000
1733122799.489,-41.992,-36.133,-50.781,-34.180,0.000
1733122799.493,-55.664,-34.180,-51.758,-41.992,0.000
1733122799.497,-46.875,-31.250,-48.340,-43.457,0.000
1733122799.501,-40.039,-31.738,-41.992,-36.621,0.000
1733122799.505,-46.387,-31.250,-45.898,-39.551,0.000
1733122799.509,-59.082,-36.621,-47.852,-46.387,0.000
1733122799.513,-64.941,-38.086,-46.875,-50.781,0.000
1733122799.517,-54.688,-31.738,-44.922,-49.805,0.000
1733122799.520,-43.945,-30.762,-43.457,-37.598,0.000
1733122799.524,-42.969,-23.438,-44.922,-29.785,0.000
1733122799.528,-51.758,-24.414,-44.922,-26.367,0.000
1733122799.532,-53.223,-25.879,-44.434,-28.320,0.000
1733122799.536,-27.344,-17.578,-49.805,-28.320,0.000
1733122799.540,-10.254,-27.344,-47.852,-14.648,0.000
1733122799.544,-35.645,-34.668,-33.203,-17.090,0.000
1733122799.548,-68.848,-36.133,-29.297,-35.645,0.000
1733122799.552,-72.266,-31.738,-29.297,-41.992,0.000
1733122799.556,-57.129,-26.855,-20.020,-38.574,0.000
1733122799.560,-57.129,-28.809,-14.160,-47.852,0.000
1733122799.563,-66.895,-28.320,-17.090,-48.828,0.000
1733122799.567,-77.148,-26.367,-19.531,-44.922,0.000
1733122799.571,-97.656,-28.809,-16.113,-53.223,0.000
1733122799.575,-100.586,-33.691,-18.066,-69.824,0.000
1733122799.579,-81.543,-27.832,-13.184,-63.965,0.000
1733122799.583,-90.332,-19.531,-6.348,-60.059,0.000
1733122799.587,-91.309,-20.020,-12.207,-53.223,0.000
1733122799.591,-101.562,-27.344,-11.230,-53.711,0.000
1733122799.595,-101.074,-25.879,-12.207,-65.918,0.000
1733122799.599,-91.309,-21.484,-12.207,-68.359,0.000
1733122799.603,-93.750,-18.555,-13.672,-65.918,0.000
1733122799.606,-97.168,-21.973,-11.719,-63.965,0.000
1733122799.610,-110.840,-31.250,-13.672,-66.406,0.000
1733122799.614,-101.562,-20.508,-16.602,-62.988,0.000
1733122799.618,-92.773,-12.695,-17.090,-72.266,0.000
1733122799.622,-82.031,-15.137,-22.461,-65.918,0.000
1733122799.626,-77.637,-17.578,-25.391,-49.316,0.000
1733122799.630,-84.961,-20.020,-30.273,-50.781,0.000
1733122799.634,-76.172,-22.461,-31.738,-61.035,0.000
1733122799.638,-51.758,-22.461,-24.414,-53.711,0.000
1733122799.642,-38.086,-27.832,-16.113,-37.109,0.000
1733122799.646,-41.992,-35.645,-18.555,-29.297,0.000
1733122799.649,-51.270,-38.086,-26.855,-32.715,0.000
1733122799.653,-47.852,-45.898,-35.156,-40.039,0.000
1733122799.657,-38.574,-42.480,-36.133,-39.062,0.000
1733122799.661,-27.832,-37.598,-30.273,-35.645,0.000
1733122799.665,-24.414,-42.480,-34.668,-25.879,0.000
1733122799.669,-34.668,-38.086,-36.133,-23.926,0.000
1733122799.673,-33.203,-31.738,-30.762,-36.621,0.000
1733122799.677,-23.438,-26.855,-35.645,-41.992,0.000
1733122799.681,-16.602,-26.855,-36.621,-30.762,0.000
1733122799.685,-12.207,-21.973,-33.691,-15.137,0.000
1733122799.688,-17.578,-17.578,-30.273,-8.301,0.000
1733122799.692,-27.832,-14.160,-27.832,-6.836,0.000
1733122799.696,-15.625,-14.648,-28.320,-12.207,0.000
1733122799.700,-8.789,-20.508,-30.273,-15.625,0.000
1733122799.704,-17.090,-17.090,-30.762,-7.812,0.000
1733122799.708,-23.926,-16.602,-30.273,-7.324,0.000
1733122799.712,-32.715,-19.531,-32.227,-14.160,0.000
1733122799.716,-11.719,-14.160,-37.598,0.488,0.000
1733122799.720,1.465,-3.418,-32.227,12.695,0.000
1733122799.724,-24.414,-0.488,-25.391,-13.672,0.000
1733122799.728,-35.645,-5.371,-33.203,-24.902,0.000
1733122799.731,-39.551,-6.836,-31.738,-19.531,0.000
1733122799.735,-41.992,-3.906,-28.809,-30.273,0.000
1733122799.739,-52.734,-7.812,-33.691,-44.434,0.000
1733122799.743,-47.363,-14.160,-37.109,-37.598,0.000
1733122799.747,-41.016,-12.207,-32.715,-27.344,0.000
1733122799.751,-46.875,-13.672,-33.691,-34.668,0.000
1733122799.755,-35.156,-16.113,-34.180,-31.738,0.000
1733122799.759,-25.879,-15.137,-32.715,-24.414,0.000
1733122799.763,-27.344,-14.160,-34.668,-25.391,0.000
1733122799.767,-31.250,-17.578,-35.156,-26.367,0.000
1733122799.771,-38.086,-22.461,-42.480,-27.832,0.000
1733122799.774,-34.668,-16.113,-38.574,-30.762,0.000
1733122799.778,-23.438,-14.160,-30.762,-32.715,0.000
1733122799.782,-24.414,-17.090,-36.133,-29.785,0.000
1733122799.786,-30.762,-18.555,-42.969,-26.855,0.000
1733122799.790,-43.945,-25.879,-44.434,-34.668,0.000
1733122799.794,-46.387,-24.414,-42.969,-41.016,0.000
1733122799.798,-31.250,-18.555,-43.457,-35.645,0.000
1733122799.802,-24.414,-23.926,-43.945,-20.996,0.000
1733122799.806,-25.879,-27.832,-41.992,-19.043,0.000
1733122799.810,-35.645,-19.531,-36.621,-27.832,0.000
1733122799.813,-30.762,-14.648,-32.715,-31.250,0.000
1733122799.817,-17.578,-18.066,-30.762,-28.320,0.000
1733122799.821,-13.672,-17.090,-29.297,-14.648,0.000
1733122799.825,-14.160,-12.207,-26.855,-11.719,0.000
1733122799.829,-23.438,-14.160,-29.785,-17.090,0.000
1733122799.833,-29.297,-8.301,-34.668,-25.391,0.000
1733122799.837,-26.367,-4.883,-36.621,-29.785,0.000
1733122799.841,-18.555,-6.348,-36.133,-29.785,0.000
1733122799.845,-14.160,-7.812,-38.574,-26.855,0.000
1733122799.849,-25.391,-18.555,-47.852,-21.484,0.000
1733122799.853,-39.551,-16.113,-46.875,-27.344,0.000
1733122799.856,-34.668,-11.719,-44.922,-41.504,0.000
1733122799.860,-24.902,-20.020,-40.039,-35.645,0.000
1733122799.864,-28.809,-19.531,-35.645,-29.785,0.000
1733122799.868,-42.969,-21.484,-44.922,-30.762,0.000
1733122799.872,-49.805,-28.320,-49.805,-34.180,0.000
1733122799.876,-45.898,-31.250,-54.688,-44.434,0.000
1733122799.880,-39.062,-32.227,-54.688,-36.621,0.000
1733122799.884,-32.227,-27.344,-48.340,-26.367,0.000
1733122799.888,-36.133,-26.855,-45.410,-26.367,0.000
1733122799.892,-35.645,-35.645,-44.922,-19.043,0.000
1733122799.895,-16.113,-42.480,-40.039,1.953,0.000
1733122799.899,-19.531,-21.973,-47.363,-30.273,0.000
1733122799.903,-34.668,-6.348,-56.641,-58.105,0.000
1733122799.907,-45.410,-14.160,-53.711,-46.387,0.000
1733122799.911,-62.988,-18.066,-56.641,-62.012,0.000
1733122799.915,-62.012,-17.578,-57.129,-70.312,0.000
1733122799.919,-44.922,-10.742,-63.477,-64.941,0.000
1733122799.923,-44.922,-6.348,-66.895,-64.453,0.000
1733122799.927,-53.223,-9.277,-64.941,-54.688,0.000
1733122799.931,-48.340,-11.719,-61.035,-44.434,0.000
1733122799.935,-39.551,-10.742,-57.617,-55.176,0.000
1733122799.938,-24.414,-14.648,-57.617,-47.363,0.000
1733122799.942,-14.160,-14.160,-50.781,-31.738,0.000
1733122799.946,-24.414,-4.883,-48.340,-31.738,0.000
1733122799.950,-35.645,-9.277,-49.805,-30.273,0.000
1733122799.954,-32.227,-20.508,-50.293,-37.109,0.000
1733122799.958,-23.926,-21.484,-45.410,-33.691,0.000
1733122799.962,-21.484,-20.020,-42.480,-25.879,0.000
1733122799.966,-28.320,-25.879,-43.945,-20.508,0.000
1733122799.970,-40.527,-29.785,-42.969,-22.461,0.000
1733122799.974,-36.133,-22.949,-39.062,-31.738,0.000
1733122799.978,-29.785,-18.066,-34.668,-29.785,0.000
1733122799.981,-32.715,-29.297,-39.062,-24.902,0.000
1733122799.985,-34.668,-36.621,-46.387,-17.578,0.000
1733122799.989,-45.410,-25.391,-43.945,-22.461,0.000
1733122799.993,-47.363,-20.508,-40.527,-34.668,0.000
1733122799.997,-38.574,-22.461,-42.480,-34.180,0.000
1733122800.001,-24.902,-12.207,-37.109,-29.785,0.000
1733122800.005,-26.855,-9.766,-37.598,-29.297,0.000
1733122800.009,-40.527,-21.484,-42.969,-27.344,0.000
1733122800.013,-42.969,-26.855,-42.969,-35.645,0.000
1733122800.017,-39.062,-23.438,-41.504,-45.410,0.000
1733122800.020,-24.902,-18.066,-38.574,-37.109,0.000
1733122800.024,-19.043,-16.113,-39.551,-27.344,0.000
1733122800.028,-34.180,-25.879,-46.875,-22.949,0.000
1733122800.032,-46.387,-26.855,-49.805,-27.832,0.000
1733122800.036,-35.156,-24.902,-45.898,-35.645,0.000
1733122800.040,-17.578,-29.297,-44.922,-29.297,0.000
1733122800.044,-16.602,-29.785,-43.945,-23.926,0.000
1733122800.048,-26.855,-34.180,-45.898,-24.902,0.000
1733122800.052,-31.250,-26.855,-42.480,-26.855,0.000
1733122800.056,-16.602,-21.973,-34.668,-30.273,0.000
1733122800.060,5.859,-21.484,-37.598,-28.320,0.000
1733122800.063,8.789,-20.020,-44.434,-27.344,0.000
1733122800.067,-8.789,-21.484,-44.434,-26.855,0.000
1733122800.071,-24.414,-21.973,-42.480,-25.879,0.000
1733122800.075,-28.320,-21.484,-39.551,-38.086,0.000
1733122800.079,-30.762,-16.113,-38.086,-43.457,0.000
1733122800.083,-37.109,-17.090,-41.016,-33.691,0.000
1733122800.087,-45.410,-25.879,-40.527,-20.508,0.000
1733122800.091,-60.547,-29.785,-45.410,-20.508,0.000
1733122800.095,-65.918,-22.461,-48.340,-41.016,0.000
1733122800.099,-50.293,-17.090,-42.969,-46.387,0.000
1733122800.102,-47.363,-24.414,-41.016,-37.598,0.000
1733122800.106,-55.176,-28.320,-45.410,-35.156,0.000
1733122800.110,-58.594,-24.414,-47.852,-38.574,0.000
1733122800.114,-55.176,-27.832,-43.457,-41.504,0.000
1733122800.118,-41.992,-28.809,-40.039,-32.227,0.000
1733122800.122,-32.227,-20.508,-37.109,-27.832,0.000
1733122800.126,-34.668,-15.625,-36.133,-27.832,0.000
1733122800.130,-42.969,-20.996,-39.551,-24.902,0.000
1733122800.134,-47.363,-24.902,-45.898,-38.574,0.000
1733122800.138,-38.574,-19.043,-50.293,-46.875,0.000
1733122800.141,-30.762,-16.113,-49.805,-39.062,0.000
1733122800.145,-30.762,-24.414,-52.734,-28.809,0.000
1733122800.149,-35.645,-23.926,-55.176,-24.902,0.000
1733122800.153,-41.504,-26.855,-53.223,-31.738,0.000
1733122800.157,-29.297,-29.785,-44.922,-33.691,0.000
1733122800.161,-15.137,-22.461,-39.062,-28.809,0.000
1733122800.165,-14.648,-22.461,-38.574,-23.926,0.000
1733122800.169,-21.484,-19.531,-38.574,-21.484,0.000
1733122800.173,-25.391,-19.043,-35.156,-27.832,0.000
1733122800.177,-17.090,-20.020,-31.738,-26.855,0.000
1733122800.181,-9.277,-16.602,-37.598,-24.902,0.000
1733122800.184,-13.184,-15.137,-43.945,-29.297,0.000
1733122800.188,-17.578,-14.648,-41.016,-16.602,0.000
1733122800.192,-21.973,-18.555,-34.668,-12.207,0.000
1733122800.196,-19.043,-18.066,-37.598,-26.855,0.000
1733122800.200,-10.254,-16.113,-37.598,-21.484,0.000
1733122800.204,-14.648,-17.578,-38.574,-15.137,0.000
1733122800.208,-29.785,-19.043,-40.527,-14.648,0.000
1733122800.212,-25.391,-20.996,-34.668,-16.113,0.000
1733122800.216,-1.465,-21.973,-32.715,-21.484,0.000
1733122800.220,10.742,-22.461,-31.738,-15.625,0.000
1733122800.224,-3.906,-30.273,-26.855,-7.812,0.000
1733122800.227,-33.203,-40.527,-24.414,-11.719,0.000
1733122800.231,-43.945,-40.527,-29.785,-19.531,0.000
1733122800.235,-36.621,-41.016,-34.668,-31.250,0.000
1733122800.239,-29.785,-37.598,-32.715,-42.480,0.000
1733122800.243,-26.367,-36.133,-30.762,-30.273,0.000
1733122800.247,-34.180,-44.922,-32.715,-24.902,0.000
1733122800.251,-50.293,-48.340,-34.180,-34.668,0.000
1733122800.255,-45.410,-41.016,-32.715,-38.574,0.000
1733122800.259,-33.691,-40.039,-30.273,-36.621,0.000
1733122800.263,-28.809,-43.457,-30.762,-29.785,0.000
1733122800.267,-32.227,-45.898,-35.645,-25.391,0.000
1733122800.270,-41.016,-50.781,-43.945,-23.926,0.000
1733122800.274,-40.527,-44.434,-41.016,-36.133,0.000
1733122800.278,-23.438,-33.203,-33.691,-43.945,0.000
1733122800.282,-11.230,-40.527,-34.180,-34.668,0.000
1733122800.286,-16.113,-42.480,-32.715,-23.438,0.000
1733122800.290,-28.320,-34.180,-33.691,-22.461,0.000
1733122800.294,-33.203,-31.250,-38.574,-28.320,0.000
1733122800.298,-25.391,-27.832,-38.574,-31.250,0.000
1733122800.302,-12.207,-22.949,-31.250,-19.043,0.000
1733122800.306,-10.254,-21.484,-25.391,-3.418,0.000
1733122800.309,-27.344,-32.227,-30.762,-6.836,0.000
1733122800.313,-32.715,-39.551,-35.156,-6.348,0.000
1733122800.317,-19.043,-27.832,-31.738,-12.695,0.000
1733122800.321,-12.695,-22.461,-27.344,-19.531,0.000
1733122800.325,-17.578,-28.320,-27.832,-11.230,0.000
1733122800.329,-23.438,-29.297,-27.344,-4.395,0.000
1733122800.333,-32.227,-29.785,-23.926,-13.672,0.000
1733122800.337,-26.855,-27.832,-22.461,-19.043,0.000
1733122800.341,-16.113,-26.367,-24.902,-16.602,0.000
1733122800.345,-18.555,-26.367,-21.973,-11.719,0.000
1733122800.349,-23.438,-24.902,-18.066,-7.324,0.000
1733122800.352,-28.809,-26.855,-21.484,-15.625,0.000
1733122800.356,-22.949,-24.902,-18.555,-21.973,0.000
1733122800.360,-12.207,-29.297,-25.879,-13.672,0.000
1733122800.364,-20.508,-27.832,-33.691,-17.090,0.000
1733122800.368,-31.250,-20.508,-33.691,-16.113,0.000
1733122800.372,-31.250,-26.855,-34.180,-13.672,0.000
1733122800.376,-28.320,-26.855,-31.250,-23.438,0.000
1733122800.380,-22.461,-20.996,-29.785,-25.391,0.000
1733122800.384,-24.414,-22.461,-32.227,-20.996,0.000
1733122800.388,-33.691,-31.250,-34.668,-17.578,0.000
1733122800.392,-44.922,-30.762,-34.668,-20.020,0.000
1733122800.395,-42.969,-24.414,-31.738,-27.832,0.000
1733122800.399,-24.414,-22.461,-29.297,-24.902,0.000
1733122800.403,-19.531,-31.738,-31.738,-17.090,0.000
1733122800.407,-33.203,-32.227,-32.227,-14.160,0.000
1733122800.411,-39.551,-23.926,-30.273,-13.184,0.000
1733122800.415,-34.668,-27.344,-32.227,-20.020,0.000
1733122800.419,-30.762,-29.785,-37.109,-28.320,0.000
1733122800.423,-24.902,-31.738,-34.668,-21.484,0.000
1733122800.427,-20.508,-30.762,-27.344,-6.836,0.000
1733122800.431,-33.691,-31.250,-28.320,-10.254,0.000
1733122800.434,-36.621,-34.180,-33.691,-23.438,0.000
1733122800.438,-28.809,-30.762,-32.227,-24.902,0.000
1733122800.442,-20.996,-35.645,-29.297,-20.996,0.000
1733122800.446,-22.461,-38.574,-33.203,-19.043,0.000
1733122800.450,-35.156,-32.715,-36.133,-21.973,0.000
1733122800.454,-35.156,-31.250,-36.621,-35.156,0.000
1733122800.458,-22.949,-24.902,-32.227,-37.598,0.000
1733122800.462,-12.695,-25.879,-27.832,-27.832,0.000
1733122800.466,-17.578,-32.227,-32.715,-16.113,0.000
1733122800.470,-26.367,-28.320,-35.156,-18.555,0.000
1733122800.474,-29.785,-25.879,-33.203,-38.574,0.000
1733122800.477,-23.926,-21.484,-35.156,-48.828,0.000
1733122800.481,-8.789,-19.043,-38.086,-43.457,0.000
1733122800.485,-4.883,-19.043,-39.062,-28.809,0.000
1733122800.489,-20.020,-21.973,-37.598,-23.438,0.000
1733122800.493,-29.785,-24.902,-34.668,-23.926,0.000
1733122800.497,-21.973,-19.043,-32.227,-28.809,0.000
1733122800.501,-11.230,-13.672,-34.180,-32.715,0.000
1733122800.505,-11.230,-16.602,-32.715,-26.367,0.000
1733122800.509,-20.020,-30.762,-35.645,-11.719,0.000
1733122800.513,-26.855,-35.156,-34.668,-15.137,0.000
1733122800.516,-18.066,-25.391,-25.879,-26.855,0.000
1733122800.520,-8.789,-25.391,-26.855,-20.996,0.000
1733122800.524,-10.742,-27.344,-30.273,-17.578,0.000
1733122800.528,-11.719,-22.461,-25.391,-11.230,0.000
1733122800.532,-17.090,-21.484,-20.996,-13.184,0.000
1733122800.536,-20.020,-28.320,-18.555,-23.438,0.000
1733122800.540,-14.648,-29.297,-23.926,-22.461,0.000
1733122800.544,-13.672,-29.297,-29.297,-16.602,0.000
1733122800.548,-17.090,-29.785,-24.902,-8.301,0.000
1733122800.552,-30.273,-24.902,-22.949,-11.719,0.000
1733122800.556,-30.273,-27.344,-26.367,-9.277,0.000
1733122800.559,-21.973,-23.438,-27.832,-16.602,0.000
1733122800.563,-22.461,-23.438,-29.297,-24.414,0.000
1733122800.567,-28.809,-34.668,-38.086,-18.555,0.000
1733122800.571,-37.109,-35.156,-40.527,-21.484,0.000
1733122800.575,-33.691,-28.809,-38.086,-28.320,0.000
1733122800.579,-23.438,-20.020,-36.621,-24.902,0.000
1733122800.583,-18.066,-17.090,-35.156,-16.113,0.000
1733122800.587,-18.066,-19.043,-34.668,-9.277,0.000
1733122800.591,-25.391,-15.137,-32.715,-6.836,0.000
1733122800.595,-28.320,-15.625,-27.344,-16.602,0.000
1733122800.599,-20.020,-23.438,-30.762,-17.578,0.000
1733122800.602,-16.602,-19.043,-27.344,-13.672,0.000
1733122800.606,-21.484,-15.137,-21.973,-12.207,0.000
1733122800.610,-27.344,-22.949,-19.531,-6.348,0.000
1733122800.614,-25.879,-20.996,-14.648,-10.254,0.000
1733122800.618,-17.578,-8.301,-17.090,-22.949,0.000
1733122800.622,-13.184,-9.277,-19.531,-26.367,0.000
1733122800.626,-18.066,-13.672,-22.461,-21.973,0.000
1733122800.630,-22.949,-16.602,-25.391,-16.602,0.000
1733122800.634,-21.973,-16.602,-24.414,-25.391,0.000
1733122800.638,-12.207,-13.184,-24.414,-42.480,0.000
1733122800.642,-2.930,-13.672,-25.879,-42.480,0.000
1733122800.645,-6.836,-18.555,-24.414,-20.020,0.000
1733122800.649,-17.090,-16.602,-25.391,-15.625,0.000
1733122800.653,-25.879,-14.160,-26.367,-26.855,0.000
1733122800.657,-26.855,-19.531,-24.414,-25.391,0.000
1733122800.661,-22.949,-23.926,-23.926,-23.926,0.000
1733122800.665,-24.902,-21.484,-15.625,-19.531,0.000
1733122800.669,-31.738,-24.414,-15.137,-9.766,0.000
1733122800.673,-34.668,-26.855,-22.461,-14.648,0.000
1733122800.677,-29.785,-26.367,-16.113,-24.902,0.000
1733122800.681,-16.113,-21.484,-12.695,-22.949,0.000
1733122800.684,-5.371,-18.066,-14.648,-16.113,0.000
1733122800.688,-16.113,-19.531,-13.672,-5.371,0.000
1733122800.692,-24.902,-14.160,-14.648,-8.301,0.000
1733122800.696,-15.625,-7.324,-14.160,-22.461,0.000
1733122800.700,-10.254,-13.184,-17.578,-20.020,0.000
1733122800.704,-17.090,-18.066,-21.973,-16.602,0.000
1733122800.708,-20.996,-14.160,-24.902,-15.137,0.000
1733122800.712,-28.320,-12.695,-29.785,-18.555,0.000
1733122800.716,-23.926,-10.742,-28.809,-19.531,0.000
1733122800.720,-12.207,-8.789,-21.973,-18.555,0.000
1733122800.724,-11.230,-9.277,-20.020,-14.648,0.000
1733122800.727,-18.066,-9.766,-20.508,-4.883,0.000
1733122800.731,-27.832,-8.301,-17.090,-7.812,0.000
1733122800.735,-24.414,-12.695,-19.043,-6.348,0.000
1733122800.739,-18.555,-13.672,-26.367,-9.277,0.000
1733122800.743,-20.508,-9.277,-27.832,-16.602,0.000
1733122800.747,-20.996,-8.301,-23.438,-13.672,0.000
1733122800.751,-36.621,-15.625,-23.438,-17.578,0.000
1733122800.755,-43.457,-19.531,-28.320,-27.832,0.000
1733122800.759,-24.414,-13.672,-28.320,-23.926,0.000
1733122800.763,-16.602,-14.160,-26.367,-15.625,0.000
1733122800.767,-25.391,-16.602,-28.809,-17.090,0.000
1733122800.770,-34.668,-19.531,-30.273,-14.648,0.000
1733122800.774,-34.668,-24.902,-25.879,-22.949,0.000
1733122800.778,-27.832,-30.762,-26.855,-32.227,0.000
1733122800.782,-25.879,-28.320,-29.785,-27.832,0.000
1733122800.786,-24.414,-20.508,-30.762,-20.020,0.000
1733122800.790,-18.555,-25.879,-26.367,-10.742,0.000
1733122800.794,-21.973,-29.785,-26.367,-14.648,0.000
1733122800.798,-21.973,-28.809,-30.762,-25.391,0.000
1733122800.802,-12.695,-25.879,-29.297,-27.832,0.000
1733122800.806,-11.719,-27.344,-29.785,-18.555,0.000
1733122800.809,-21.973,-31.250,-28.320,-8.301,0.000
1733122800.813,-27.344,-28.320,-26.367,-8.789,0.000
1733122800.817,-15.625,-23.926,-28.809,-19.043,0.000
1733122800.821,-8.301,-25.879,-32.715,-20.508,0.000
1733122800.825,-14.160,-29.785,-32.715,-8.789,0.000
1733122800.829,-21.973,-18.555,-27.344,-4.395,0.000
1733122800.833,-26.855,-12.207,-32.715,-17.578,0.000
1733122800.837,-15.625,-19.043,-37.598,-24.902,0.000
1733122800.841,-7.324,-17.578,-35.645,-13.672,0.000
1733122800.845,-13.672,-11.719,-30.762,-11.230,0.000
1733122800.849,-18.555,-12.695,-28.320,-6.348,0.000
1733122800.852,-24.414,-14.160,-27.344,-10.742,0.000
1733122800.856,-24.414,-15.137,-21.484,-23.926,0.000
1733122800.860,-9.277,-15.625,-23.926,-17.090,0.000
1733122800.864,-6.348,-21.484,-29.297,-12.207,0.000
1733122800.868,-18.066,-28.809,-29.297,-5.371,0.000
1733122800.872,-29.297,-27.832,-28.320,-3.906,0.000
1733122800.876,-27.832,-20.996,-27.344,-12.695,0.000
1733122800.880,-20.996,-23.438,-27.344,-19.531,0.000
1733122800.884,-14.648,-24.414,-28.320,-15.625,0.000
1733122800.888,-19.531,-17.090,-30.273,-7.324,0.000
1733122800.891,-32.227,-16.113,-28.809,-7.324,0.000
1733122800.895,-27.832,-21.484,-29.297,-13.672,0.000
1733122800.899,-18.066,-24.902,-32.715,-17.578,0.000
1733122800.903,-15.625,-26.855,-34.180,-20.508,0.000
1733122800.907,-16.113,-30.273,-31.738,-10.742,0.000
1733122800.911,-24.902,-37.109,-35.645,-5.371,0.000
1733122800.915,-27.832,-32.227,-36.133,-13.184,0.000
1733122800.919,-21.484,-26.367,-29.785,-22.949,0.000
1733122800.923,-11.230,-22.461,-29.785,-21.484,0.000
1733122800.927,-16.113,-23.926,-29.297,-10.254,0.000
1733122800.931,-32.715,-34.180,-29.297,0.977,0.000
1733122800.934,-24.414,-30.762,-18.555,3.906,0.000
1733122800.938,-5.371,-21.973,-15.625,-10.742,0.000
1733122800.942,-10.742,-18.555,-26.855,-28.809,0.000
1733122800.946,-21.973,-23.438,-31.738,-31.250,0.000
1733122800.950,-29.785,-23.926,-35.645,-30.762,0.000
1733122800.954,-40.039,-22.949,-38.086,-41.992,0.000
1733122800.958,-29.297,-23.438,-42.480,-46.387,0.000
1733122800.962,-22.461,-23.438,-47.363,-44.434,0.000
1733122800.966,-28.809,-30.273,-53.711,-40.527,0.000
1733122800.970,-30.273,-32.227,-51.270,-29.785,0.000
1733122800.974,-33.203,-28.809,-46.875,-25.879,0.000
1733122800.977,-27.344,-19.043,-46.387,-28.320,0.000
1733122800.981,-20.020,-16.602,-41.016,-32.715,0.000
1733122800.985,-19.531,-23.438,-43.945,-32.715,0.000
1733122800.989,-25.391,-22.949,-42.969,-20.020,0.000
1733122800.993,-32.715,-20.020,-40.039,-22.949,0.000
1733122800.997,-31.250,-23.438,-45.898,-33.203,0.000
1733122801.001,-24.414,-29.297,-50.781,-32.715,0.000
1733122801.005,-19.531,-27.832,-47.363,-23.438,0.000
1733122801.009,-22.461,-27.344,-44.434,-10.254,0.000
1733122801.013,-32.715,-28.320,-42.969,-16.602,0.000
1733122801.016,-20.508,-21.484,-43.457,-24.414,0.000
1733122801.020,-10.742,-25.391,-45.410,-19.043,0.000
1733122801.024,-16.113,-23.926,-40.527,-20.508,0.000
1733122801.028,-15.137,-14.160,-40.527,-17.090,0.000
1733122801.032,-21.484,-16.602,-45.898,-15.625,0.000
1733122801.036,-20.020,-16.113,-48.828,-28.320,0.000
1733122801.040,-8.301,-20.020,-51.270,-30.762,0.000
1733122801.044,-8.789,-20.996,-48.828,-21.973,0.000
1733122801.048,-9.766,-15.625,-44.922,-8.789,0.000
1733122801.052,-16.113,-16.602,-47.852,-10.254,0.000
1733122801.056,-19.043,-17.578,-45.410,-21.973,0.000
1733122801.059,-10.742,-17.578,-41.016,-27.832,0.000
1733122801.063,-12.207,-22.949,-44.434,-17.578,0.000
1733122801.067,-20.996,-19.043,-43.457,-8.789,0.000
1733122801.071,-29.297,-8.301,-36.621,-17.090,0.000
1733122801.075,-34.180,-17.090,-39.062,-28.809,0.000
1733122801.079,-24.902,-24.414,-40.039,-37.598,0.000
1733122801.083,-20.020,-21.973,-37.598,-30.762,0.000
1733122801.087,-22.461,-24.414,-37.109,-18.555,0.000
1733122801.091,-31.250,-33.691,-39.062,-24.414,0.000
1733122801.095,-35.156,-29.785,-34.668,-35.156,0.000
1733122801.099,-20.508,-14.648,-32.227,-34.180,0.000
1733122801.102,-15.625,-11.230,-32.715,-29.785,0.000
1733122801.106,-21.973,-18.555,-31.738,-24.414,0.000
1733122801.110,-26.367,-23.438,-35.645,-11.230,0.000
1733122801.114,-26.855,-18.066,-38.086,-18.555,0.000
1733122801.118,-18.555,-9.766,-39.551,-33.203,0.000
1733122801.122,-10.742,-11.719,-36.133,-24.902,0.000
1733122801.126,-16.113,-12.207,-31.738,-18.066,0.000
1733122801.130,-29.297,-11.719,-38.086,-19.043,0.000
1733122801.134,-30.762,-13.672,-44.922,-23.438,0.000
1733122801.138,-20.508,-10.254,-41.504,-27.344,0.000
1733122801.141,-18.066,-12.207,-39.551,-28.320,0.000
1733122801.145,-21.973,-16.602,-48.340,-18.555,0.000
1733122801.149,-29.785,-21.973,-55.176,-12.695,0.000
1733122801.153,-40.039,-24.902,-56.152,-23.926,0.000
1733122801.157,-34.668,-21.484,-55.176,-29.297,0.000
1733122801.161,-20.020,-14.648,-49.316,-22.461,0.000
1733122801.165,-17.578,-16.602,-46.387,-19.531,0.000
1733122801.169,-25.879,-23.438,-48.828,-16.602,0.000
1733122801.173,-37.598,-24.414,-50.781,-17.090,0.000
1733122801.177,-31.250,-16.113,-49.316,-25.879,0.000
1733122801.181,-18.555,-15.625,-44.434,-27.344,0.000
1733122801.184,-18.066,-18.555,-39.062,-20.020,0.000
1733122801.188,-24.414,-15.137,-41.016,-21.484,0.000
1733122801.192,-37.598,-20.020,-46.387,-33.691,0.000
1733122801.196,-37.598,-25.391,-49.316,-37.598,0.000
1733122801.200,-28.320,-23.438,-50.781,-31.250,0.000
1733122801.204,-19.531,-14.648,-49.316,-30.273,0.000
1733122801.208,-24.902,-14.648,-51.270,-29.785,0.000
1733122801.212,-35.156,-25.879,-50.781,-28.809,0.000
1733122801.216,-35.156,-30.762,-48.340,-34.668,0.000
1733122801.220,-24.414,-20.508,-52.734,-37.109,0.000
1733122801.224,-17.578,-22.461,-55.664,-33.203,0.000
1733122801.227,-21.973,-26.367,-45.410,-25.391,0.000
1733122801.231,-36.621,-25.391,-41.016,-21.973,0.000
1733122801.235,-41.992,-23.926,-41.016,-33.691,0.000
1733122801.239,-32.227,-20.508,-34.180,-41.992,0.000
1733122801.243,-29.297,-27.832,-38.574,-33.203,0.000
1733122801.247,-30.762,-24.902,-41.992,-22.949,0.000
1733122801.251,-41.504,-20.996,-42.480,-31.738,0.000
1733122801.255,-40.039,-24.414,-46.387,-35.645,0.000
1733122801.259,-20.508,-20.508,-47.852,-26.367,0.000
1733122801.263,-17.090,-18.555,-52.246,-21.973,0.000
1733122801.266,-27.832,-22.949,-53.711,-26.367,0.000
1733122801.270,-37.109,-29.785,-49.805,-23.926,0.000
1733122801.274,-33.203,-27.344,-47.852,-30.762,0.000
1733122801.278,-23.926,-23.926,-47.363,-35.645,0.000
1733122801.282,-20.996,-31.250,-44.922,-26.855,0.000
1733122801.286,-21.973,-38.574,-44.434,-16.113,0.000
1733122801.290,-27.344,-44.922,-46.875,-11.230,0.000
1733122801.294,-33.691,-46.387,-49.316,-22.461,0.000
1733122801.298,-32.227,-46.387,-47.363,-35.645,0.000
1733122801.302,-28.809,-48.340,-47.852,-37.598,0.000
1733122801.306,-23.438,-49.316,-50.781,-25.879,0.000
1733122801.309,-37.598,-44.922,-53.711,-27.344,0.000
1733122801.313,-47.363,-49.805,-45.898,-27.832,0.000
1733122801.317,-17.578,-49.805,-42.480,-16.602,0.000
1733122801.321,-4.395,-28.320,-55.176,-25.391,0.000
1733122801.325,-20.996,-19.531,-59.570,-38.086,0.000
1733122801.329,-33.203,-28.809,-62.988,-37.109,0.000
1733122801.333,-40.039,-29.297,-68.359,-46.387,0.000
1733122801.337,-34.180,-24.414,-68.848,-62.500,0.000
1733122801.341,-20.508,-16.113,-67.383,-56.152,0.000
1733122801.345,-20.020,-9.766,-67.871,-51.758,0.000
1733122801.348,-28.809,-13.184,-72.266,-39.062,0.000
1733122801.352,-42.480,-19.531,-67.383,-26.855,0.000
1733122801.356,-41.016,-17.578,-62.988,-42.969,0.000
1733122801.360,-24.902,-18.066,-62.500,-50.781,0.000
1733122801.364,-19.043,-23.926,-61.523,-41.504,0.000
1733122801.368,-23.438,-26.367,-62.012,-32.715,0.000
1733122801.372,-26.855,-20.508,-60.547,-36.133,0.000
1733122801.376,-27.832,-19.043,-59.082,-40.039,0.000
1733122801.380,-22.461,-20.508,-59.570,-39.062,0.000
1733122801.384,-20.020,-20.508,-61.035,-37.598,0.000
1733122801.388,-19.531,-26.367,-56.641,-27.832,0.000
1733122801.391,-25.879,-36.133,-58.105,-19.531,0.000
1733122801.395,-32.715,-39.062,-61.035,-21.973,0.000
1733122801.399,-22.461,-27.832,-56.641,-24.902,0.000
1733122801.403,-15.137,-19.531,-52.246,-24.414,0.000
1733122801.407,-19.043,-24.902,-55.176,-16.602,0.000
1733122801.411,-28.320,-26.855,-58.105,-12.207,0.000
1733122801.415,-28.809,-18.066,-52.734,-21.973,0.000
1733122801.419,-15.137,-17.090,-44.922,-25.879,0.000
1733122801.423,-7.324,-22.949,-39.062,-17.578,0.000
1733122801.427,-15.625,-23.926,-39.551,-17.578,0.000
1733122801.431,-24.902,-28.320,-45.410,-15.625,0.000
1733122801.434,-27.832,-27.832,-41.992,-19.531,0.000
1733122801.438,-18.555,-27.832,-36.621,-28.320,0.000
1733122801.442,-7.812,-29.785,-41.016,-29.785,0.000
1733122801.446,-11.230,-22.461,-41.992,-23.926,0.000
1733122801.450,-19.531,-21.484,-39.062,-12.695,0.000
1733122801.454,-27.344,-25.391,-43.945,-18.066,0.000
1733122801.458,-26.367,-30.762,-43.945,-31.250,0.000
1733122801.462,-20.508,-36.621,-44.922,-30.273,0.000
1733122801.466,-24.902,-37.109,-49.805,-20.508,0.000
1733122801.470,-33.691,-40.527,-48.340,-11.230,0.000
1733122801.473,-37.109,-41.504,-43.945,-17.090,0.000
1733122801.477,-34.668,-39.551,-35.645,-30.273,0.000
1733122801.481,-27.832,-36.133,-36.621,-28.320,0.000
1733122801.485,-25.879,-39.551,-37.598,-15.137,0.000
1733122801.489,-31.250,-33.203,-34.668,-10.254,0.000
1733122801.493,-37.109,-26.367,-34.668,-16.602,0.000
1733122801.497,-34.180,-33.691,-38.086,-22.949,0.000
1733122801.501,-28.320,-37.598,-41.016,-25.391,0.000
1733122801.505,-24.902,-36.621,-33.691,-20.508,0.000
1733122801.509,-23.438,-36.133,-29.297,-11.719,0.000
1733122801.513,-26.855,-33.203,-34.180,-8.789,0.000
1733122801.516,-29.297,-30.273,-40.527,-22.461,0.000
1733122801.520,-25.879,-29.297,-48.340,-34.668,0.000
1733122801.524,-25.391,-28.809,-50.293,-33.203,0.000
1733122801.528,-28.320,-31.250,-44.922,-22.461,0.000
1733122801.532,-41.016,-34.180,-43.457,-23.926,0.000
1733122801.536,-44.434,-31.250,-47.363,-39.062,0.000
1733122801.540,-28.320,-26.367,-40.527,-39.062,0.000
1733122801.544,-19.531,-22.949,-37.109,-29.785,0.000
1733122801.548,-31.738,-28.320,-47.363,-29.785,0.000
1733122801.552,-39.062,-34.180,-47.852,-31.250,0.000
1733122801.556,-34.180,-35.156,-39.551,-31.738,0.000
1733122801.559,-31.250,-38.574,-45.410,-40.527,0.000
1733122801.563,-31.250,-43.945,-53.223,-41.504,0.000
1733122801.567,-32.227,-43.945,-55.664,-34.180,0.000
1733122801.571,-37.598,-41.504,-53.711,-30.273,0.000
1733122801.575,-44.922,-42.480,-45.898,-30.762,0.000
1733122801.579,-39.551,-34.668,-44.922,-41.016,0.000
1733122801.583,-34.180,-31.738,-48.340,-47.363,0.000
1733122801.587,-29.297,-34.180,-46.387,-31.738,0.000
1733122801.591,-29.785,-31.250,-45.898,-13.672,0.000
1733122801.595,-41.504,-23.438,-46.387,-25.879,0.000
1733122801.598,-35.645,-27.344,-41.504,-30.762,0.000
1733122801.602,-28.809,-30.273,-40.039,-27.832,0.000
1733122801.606,-29.785,-28.320,-43.457,-23.926,0.000
1733122801.610,-31.738,-32.715,-41.992,-17.090,0.000
1733122801.614,-39.062,-37.598,-41.504,-27.832,0.000
1733122801.618,-38.086,-38.086,-42.969,-39.062,0.000
1733122801.622,-29.785,-37.109,-47.363,-31.738,0.000
1733122801.626,-24.414,-41.016,-50.293,-20.020,0.000
1733122801.630,-32.227,-44.922,-53.223,-18.066,0.000
1733122801.634,-42.480,-52.246,-56.152,-25.391,0.000
1733122801.637,-33.691,-43.457,-50.293,-33.691,0.000
1733122801.641,-24.414,-36.133,-41.992,-34.180,0.000
1733122801.645,-29.785,-44.922,-44.922,-33.203,0.000
1733122801.649,-31.250,-42.969,-46.875,-27.344,0.000
1733122801.653,-32.227,-33.691,-41.016,-28.809,0.000
1733122801.657,-30.273,-31.250,-37.598,-40.527,0.000
1733122801.661,-23.438,-33.691,-41.016,-43.945,0.000
1733122801.665,-22.949,-32.227,-50.781,-38.574,0.000
1733122801.669,-27.344,-34.668,-51.270,-21.973,0.000
1733122801.673,-37.598,-41.992,-43.457,-23.438,0.000
1733122801.677,-37.598,-41.504,-45.898,-40.527,0.000
1733122801.680,-24.414,-45.410,-49.316,-31.250,0.000
1733122801.684,-16.602,-38.086,-46.387,-22.461,0.000
1733122801.688,-20.996,-29.785,-46.875,-20.020,0.000
1733122801.692,-28.320,-35.645,-45.898,-11.230,0.000
1733122801.696,-34.180,-35.156,-45.898,-20.508,0.000
1733122801.700,-30.273,-33.203,-46.387,-27.344,0.000
1733122801.704,-24.414,-37.109,-44.922,-20.020,0.000
1733122801.708,-33.203,-41.016,-51.758,-15.137,0.000
1733122801.712,-40.527,-44.434,-51.270,-17.578,0.000
1733122801.716,-39.062,-41.504,-45.410,-26.367,0.000
1733122801.720,-32.715,-35.645,-42.969,-33.691,0.000
1733122801.723,-26.367,-40.039,-41.992,-30.273,0.000
1733122801.727,-23.926,-40.527,-44.434,-19.531,0.000
1733122801.731,-32.227,-39.062,-43.457,-20.508,0.000
1733122801.735,-36.621,-39.551,-39.551,-34.668,0.000
1733122801.739,-27.832,-34.180,-36.621,-41.992,0.000
1733122801.743,-27.344,-35.645,-36.621,-39.551,0.000
1733122801.747,-33.691,-39.062,-37.109,-32.715,0.000
1733122801.751,-37.598,-44.922,-38.574,-27.344,0.000
1733122801.755,-38.086,-47.363,-41.016,-29.297,0.000
1733122801.759,-38.086,-44.922,-41.992,-41.504,0.000
1733122801.763,-27.832,-37.598,-37.598,-36.621,0.000
1733122801.766,-24.902,-35.645,-38.574,-22.461,0.000
1733122801.770,-40.527,-45.410,-41.504,-12.207,0.000
1733122801.774,-42.969,-38.574,-40.039,-24.902,0.000
1733122801.778,-33.203,-28.320,-42.480,-39.551,0.000
1733122801.782,-20.020,-30.762,-42.480,-30.762,0.000
1733122801.786,-9.277,-28.809,-40.527,-24.902,0.000
1733122801.790,-16.113,-29.785,-44.434,-20.996,0.000
1733122801.794,-26.367,-29.785,-51.270,-27.344,0.000
1733122801.798,-22.461,-29.785,-49.805,-35.156,0.000
1733122801.802,-17.578,-29.297,-44.434,-31.250,0.000
1733122801.806,-22.949,-30.273,-44.922,-29.785,0.000
1733122801.809,-38.086,-34.180,-51.758,-24.414,0.000
1733122801.813,-51.758,-40.039,-57.129,-21.484,0.000
1733122801.817,-47.363,-41.016,-50.781,-29.785,0.000
1733122801.821,-41.504,-31.738,-46.875,-29.297,0.000
1733122801.825,-39.551,-33.691,-51.270,-25.879,0.000
1733122801.829,-36.621,-33.691,-52.734,-15.625,0.000
1733122801.833,-43.457,-26.855,-49.316,-12.695,0.000
1733122801.837,-38.574,-31.250,-44.922,-31.738,0.000
1733122801.841,-28.809,-42.969,-43.457,-36.621,0.000
1733122801.845,-32.227,-41.992,-44.434,-25.879,0.000
1733122801.849,-35.645,-34.668,-41.504,-17.090,0.000
1733122801.852,-40.527,-36.621,-43.945,-15.137,0.000
1733122801.856,-42.480,-37.109,-47.852,-28.809,0.000
1733122801.860,-30.273,-34.180,-48.340,-24.902,0.000
1733122801.864,-20.020,-22.461,-43.945,-12.207,0.000
1733122801.868,-23.438,-18.555,-39.551,-15.625,0.000
1733122801.872,-30.762,-28.320,-42.480,-14.160,0.000
1733122801.876,-28.809,-25.879,-43.945,-20.020,0.000
1733122801.880,-14.648,-18.555,-36.133,-24.414,0.000
1733122801.884,-9.766,-19.043,-32.227,-22.949,0.000
1733122801.888,-17.578,-20.508,-31.250,-14.648,0.000
1733122801.891,-28.809,-27.344,-36.133,-11.230,0.000
1733122801.895,-31.250,-27.344,-37.109,-21.484,0.000
1733122801.899,-23.438,-23.438,-35.645,-29.785,0.000
1733122801.903,-14.648,-25.391,-38.086,-27.832,0.000
1733122801.907,-12.695,-23.438,-38.574,-18.555,0.000
1733122801.911,-20.020,-21.973,-46.387,-12.695,0.000
1733122801.915,-24.902,-20.996,-55.664,-22.461,0.000
1733122801.919,-20.508,-21.484,-53.223,-27.832,0.000
1733122801.923,-20.020,-19.043,-50.781,-28.809,0.000
1733122801.927,-17.090,-15.625,-49.805,-25.391,0.000
1733122801.931,-25.391,-20.996,-47.363,-15.625,0.000
1733122801.934,-40.039,-20.996,-45.898,-22.949,0.000
1733122801.938,-37.109,-23.926,-47.363,-34.668,0.000
1733122801.942,-22.949,-29.785,-43.457,-27.344,0.000
1733122801.946,-20.020,-34.180,-49.316,-21.973,0.000
1733122801.950,-39.062,-44.434,-61.523,-27.344,0.000
1733122801.954,-54.199,-52.246,-54.199,-36.621,0.000
1733122801.958,-45.898,-51.270,-42.969,-38.574,0.000
1733122801.962,-32.227,-49.805,-42.969,-26.367,0.000
1733122801.966,-26.367,-48.340,-44.434,-15.625,0.000
1733122801.970,-33.203,-46.875,-47.363,-19.531,0.000
1733122801.974,-38.574,-50.293,-51.270,-24.902,0.000
1733122801.977,-32.227,-56.152,-48.828,-30.762,0.000
1733122801.981,-20.996,-59.082,-43.457,-33.691,0.000
1733122801.985,-21.973,-56.152,-49.805,-27.344,0.000
1733122801.989,-30.273,-57.129,-56.152,-26.367,0.000
1733122801.993,-37.109,-61.523,-59.082,-32.715,0.000
1733122801.997,-34.180,-56.152,-64.453,-37.598,0.000
1733122802.001,-18.066,-42.969,-58.105,-40.039,0.000
1733122802.005,-10.254,-41.992,-48.828,-33.691,0.000
1733122802.009,-21.484,-49.805,-49.805,-23.438,0.000
1733122802.013,-36.621,-46.387,-53.711,-25.879,0.000
1733122802.016,-35.156,-41.992,-44.434,-33.691,0.000
1733122802.020,-20.020,-46.387,-45.410,-31.738,0.000
1733122802.024,-19.043,-50.781,-53.711,-25.879,0.000
1733122802.028,-31.738,-48.828,-54.688,-21.973,0.000
1733122802.032,-36.621,-47.363,-55.664,-25.879,0.000
1733122802.036,-34.180,-54.199,-56.152,-33.203,0.000
1733122802.040,-28.809,-59.570,-52.246,-30.273,0.000
1733122802.044,-23.926,-56.641,-50.781,-25.391,0.000
1733122802.048,-30.273,-63.965,-52.734,-26.855,0.000
1733122802.052,-39.551,-71.289,-50.781,-24.902,0.000
1733122802.055,-37.598,-72.266,-44.434,-19.043,0.000
1733122802.059,-28.320,-65.430,-36.621,-26.855,0.000
1733122802.063,-26.855,-60.059,-38.574,-34.668,0.000
1733122802.067,-32.715,-64.453,-45.898,-26.855,0.000
1733122802.071,-42.969,-65.918,-46.387,-29.785,0.000
1733122802.075,-45.410,-65.918,-41.016,-36.133,0.000
1733122802.079,-36.621,-65.918,-37.598,-36.621,0.000
1733122802.083,-27.832,-63.965,-41.504,-32.227,0.000
1733122802.087,-32.227,-63.965,-46.875,-29.297,0.000
1733122802.091,-43.945,-60.059,-50.293,-33.691,0.000
1733122802.095,-40.527,-51.270,-49.316,-35.156,0.000
1733122802.098,-27.832,-50.293,-42.969,-30.762,0.000
1733122802.102,-20.996,-52.246,-43.457,-25.879,0.000
1733122802.106,-20.020,-52.246,-48.340,-26.855,0.000
1733122802.110,-23.926,-53.711,-49.805,-27.832,0.000
1733122802.114,-30.762,-50.781,-47.363,-28.809,0.000
1733122802.118,-29.785,-48.340,-43.945,-41.504,0.000
1733122802.122,-19.531,-43.457,-42.969,-45.410,0.000
1733122802.126,-20.020,-45.410,-51.758,-37.598,0.000
1733122802.130,-34.180,-50.781,-55.664,-35.645,0.000
1733122802.134,-42.969,-45.898,-48.340,-37.109,0.000
1733122802.138,-40.527,-41.504,-44.922,-42.969,0.000
1733122802.141,-34.668,-41.504,-53.711,-44.434,0.000
1733122802.145,-31.250,-48.828,-52.734,-29.297,0.000
1733122802.149,-35.156,-46.875,-45.410,-19.531,0.000
1733122802.153,-41.992,-35.645,-44.434,-31.250,0.000
1733122802.157,-35.156,-33.203,-39.551,-37.109,0.000
1733122802.161,-23.926,-35.156,-38.574,-32.227,0.000
1733122802.165,-19.043,-39.551,-41.504,-27.832,0.000
1733122802.169,-21.484,-38.574,-41.504,-26.367,0.000
1733122802.173,-29.785,-37.598,-44.922,-23.926,0.000
1733122802.177,-30.273,-38.086,-49.316,-23.926,0.000
1733122802.181,-20.996,-38.086,-44.922,-24.414,0.000
1733122802.184,-16.113,-29.297,-41.016,-25.879,0.000
1733122802.188,-24.414,-30.273,-45.410,-20.508,0.000
1733122802.192,-36.133,-35.156,-48.340,-22.461,0.000
1733122802.196,-38.086,-26.367,-45.898,-33.691,0.000
1733122802.200,-28.809,-22.461,-42.480,-32.715,0.000
1733122802.204,-24.902,-23.926,-42.969,-32.227,0.000
1733122802.208,-27.832,-23.438,-43.945,-30.273,0.000
1733122802.212,-29.785,-23.438,-42.969,-24.902,0.000
1733122802.216,-27.344,-22.461,-48.340,-27.344,0.000
1733122802.220,-25.391,-19.531,-53.223,-34.668,0.000
1733122802.224,-26.367,-20.508,-53.223,-39.062,0.000
1733122802.227,-25.391,-18.066,-52.246,-34.668,0.000
1733122802.231,-30.762,-14.160,-53.223,-30.273,0.000
1733122802.235,-36.621,-11.719,-53.223,-29.785,0.000
1733122802.239,-27.344,-6.348,-50.781,-32.227,0.000
1733122802.243,-18.555,-12.207,-52.246,-32.715,0.000
1733122802.247,-24.414,-26.367,-51.758,-34.180,0.000
1733122802.251,-39.062,-28.809,-48.828,-30.273,0.000
1733122802.255,-47.852,-20.996,-42.480,-31.738,0.000
1733122802.259,-38.574,-13.184,-36.133,-37.598,0.000
1733122802.263,-28.809,-14.160,-31.738,-28.809,0.000
1733122802.266,-31.250,-18.066,-36.621,-26.855,0.000
1733122802.270,-41.992,-22.949,-39.551,-33.691,0.000
1733122802.274,-47.852,-21.973,-39.551,-38.086,0.000
1733122802.278,-36.133,-18.066,-42.969,-31.738,0.000
1733122802.282,-27.344,-16.113,-39.551,-26.855,0.000
1733122802.286,-31.250,-12.207,-40.527,-30.762,0.000
1733122802.290,-29.297,-13.184,-41.016,-20.508,0.000
1733122802.294,-36.621,-15.137,-37.598,-25.879,0.000
1733122802.298,-35.156,-4.883,-35.645,-39.062,0.000
1733122802.302,-25.879,0.977,-35.645,-39.551,0.000
1733122802.306,-18.555,2.930,-39.551,-30.762,0.000
1733122802.309,-20.508,-3.906,-39.551,-20.996,0.000
1733122802.313,-36.133,-9.277,-31.738,-20.508,0.000
1733122802.317,-44.434,-7.324,-26.367,-29.297,0.000
1733122802.321,-37.598,-13.672,-22.461,-29.785,0.000
1733122802.325,-39.062,-25.879,-21.973,-23.438,0.000
1733122802.329,-50.781,-26.855,-22.949,-23.438,0.000
1733122802.333,-52.734,-26.855,-20.996,-20.020,0.000
1733122802.337,-45.898,-33.691,-19.531,-28.320,0.000
1733122802.341,-41.992,-36.133,-19.043,-32.715,0.000
1733122802.345,-43.457,-32.715,-18.066,-22.461,0.000
1733122802.349,-39.062,-36.133,-19.043,-10.254,0.000
1733122802.352,-43.945,-43.457,-20.020,-9.766,0.000
1733122802.356,-43.945,-46.875,-19.531,-17.578,0.000
1733122802.360,-34.180,-44.434,-20.020,-20.996,0.000
1733122802.364,-28.809,-39.551,-19.531,-20.508,0.000
1733122802.368,-29.785,-43.945,-20.020,-10.254,0.000
1733122802.372,-37.109,-40.039,-23.926,-6.348,0.000
1733122802.376,-44.922,-34.668,-20.996,-22.461,0.000
1733122802.380,-35.645,-37.598,-22.949,-32.227,0.000
1733122802.384,-23.438,-33.691,-21.484,-23.438,0.000
1733122802.388,-22.949,-29.785,-17.578,-20.020,0.000
1733122802.391,-29.785,-28.320,-24.414,-22.949,0.000
1733122802.395,-31.738,-25.391,-29.297,-27.344,0.000
1733122802.399,-22.461,-19.531,-25.879,-31.250,0.000
1733122802.403,-14.160,-20.020,-25.879,-34.668,0.000
1733122802.407,-7.812,-25.391,-25.391,-31.738,0.000
1733122802.411,-8.301,-28.809,-24.902,-23.926,0.000
1733122802.415,-19.043,-30.273,-29.785,-23.438,0.000
1733122802.419,-21.973,-29.785,-29.785,-28.320,0.000
1733122802.423,-14.648,-28.809,-29.297,-27.832,0.000
1733122802.427,-20.508,-24.414,-31.250,-18.555,0.000
1733122802.431,-38.086,-30.273,-30.273,-1.953,0.000
1733122802.434,-41.016,-27.832,-27.344,-0.488,0.000
1733122802.438,-32.715,-27.344,-28.320,-17.578,0.000
1733122802.442,-29.297,-36.621,-34.180,-22.461,0.000
1733122802.446,-30.273,-36.133,-38.574,-20.996,0.000
1733122802.450,-37.598,-38.574,-39.551,-26.367,0.000
1733122802.454,-40.527,-38.574,-29.297,-25.879,0.000
1733122802.458,-35.156,-30.762,-23.926,-28.809,0.000
1733122802.462,-21.973,-24.902,-25.879,-27.832,0.000
1733122802.466,-16.113,-23.926,-23.438,-18.066,0.000
1733122802.470,-32.227,-26.855,-29.297,-18.066,0.000
1733122802.474,-43.457,-33.691,-33.691,-16.113,0.000
1733122802.477,-36.621,-33.691,-29.297,-18.555,0.000
1733122802.481,-24.902,-24.414,-27.344,-23.926,0.000
1733122802.485,-26.367,-31.738,-33.203,-27.832,0.000
1733122802.489,-36.133,-35.645,-36.133,-22.949,0.000
1733122802.493,-40.039,-28.809,-35.645,-16.113,0.000
1733122802.497,-42.480,-29.297,-33.203,-24.902,0.000
1733122802.501,-32.715,-37.109,-28.809,-24.414,0.000
1733122802.505,-13.672,-35.156,-30.762,-9.277,0.000
1733122802.509,-18.555,-22.461,-49.805,-18.066,0.000
1733122802.513,-37.598,-16.113,-61.035,-39.551,0.000
1733122802.516,-37.598,-13.672,-59.570,-47.852,0.000
1733122802.520,-34.668,-20.508,-60.547,-52.246,0.000
1733122802.524,-43.457,-23.438,-63.965,-60.059,0.000
1733122802.528,-38.086,-20.996,-55.664,-47.852,0.000
1733122802.532,-53.223,-28.320,-60.547,-50.293,0.000
1733122802.536,-62.012,-34.180,-59.082,-62.500,0.000
1733122802.540,-54.688,-33.691,-47.363,-65.918,0.000
1733122802.544,-53.223,-38.086,-52.734,-65.430,0.000
1733122802.548,-52.734,-38.574,-48.340,-58.105,0.000
1733122802.552,-69.824,-39.062,-44.922,-66.895,0.000
1733122802.556,-77.148,-43.945,-48.340,-82.031,0.000
1733122802.559,-65.430,-50.293,-51.758,-88.867,0.000
1733122802.563,-59.570,-61.523,-50.293,-81.543,0.000
1733122802.567,-66.895,-64.941,-49.805,-78.125,0.000
1733122802.571,-76.660,-61.035,-52.246,-88.867,0.000
1733122802.575,-84.961,-69.824,-45.898,-91.797,0.000
1733122802.579,-81.543,-78.613,-35.645,-87.891,0.000
1733122802.583,-75.684,-83.496,-46.387,-87.891,0.000
1733122802.587,-75.684,-79.590,-56.152,-91.309,0.000
1733122802.591,-80.566,-74.219,-57.129,-92.773,0.000
1733122802.595,-82.031,-79.590,-60.547,-89.844,0.000
1733122802.599,-74.219,-79.590,-58.105,-93.750,0.000
1733122802.602,-67.871,-79.590,-57.617,-97.656,0.000
1733122802.606,-63.477,-76.660,-61.523,-96.191,0.000
1733122802.610,-68.359,-73.730,-62.988,-80.078,0.000
1733122802.614,-74.707,-71.777,-60.059,-73.242,0.000
1733122802.618,-65.430,-68.359,-56.152,-84.473,0.000
1733122802.622,-58.594,-66.895,-62.500,-86.426,0.000
1733122802.626,-52.734,-65.918,-68.359,-72.266,0.000
1733122802.630,-45.410,-71.777,-63.965,-51.758,0.000
1733122802.634,-56.641,-80.078,-63.965,-53.223,0.000
1733122802.638,-55.664,-84.961,-79.102,-61.035,0.000
1733122802.641,-54.688,-83.008,-88.379,-65.918,0.000
1733122802.645,-45.410,-81.543,-80.078,-56.152,0.000
1733122802.649,-33.691,-85.449,-74.219,-31.738,0.000
1733122802.653,-42.969,-87.402,-76.660,-23.926,0.000
1733122802.657,-35.156,-81.055,-79.102,-33.691,0.000
1733122802.661,-25.391,-66.406,-78.125,-40.527,0.000
1733122802.665,-13.184,-72.754,-79.102,-20.020,0.000
1733122802.669,-10.254,-80.078,-81.543,-9.277,0.000
1733122802.673,-20.996,-72.754,-79.590,-11.230,0.000
1733122802.677,-14.648,-74.707,-70.312,-11.719,0.000
1733122802.681,-7.324,-73.242,-68.848,-19.043,0.000
1733122802.684,-3.418,-62.988,-70.312,-13.184,0.000
1733122802.688,1.465,-59.570,-63.965,5.859,0.000
1733122802.692,-0.977,-58.105,-64.941,13.672,0.000
1733122802.696,-6.348,-63.477,-69.824,3.906,0.000
1733122802.700,-3.906,-69.336,-68.359,-10.254,0.000
1733122802.704,2.441,-66.406,-63.965,-13.184,0.000
1733122802.708,5.371,-62.988,-63.477,2.930,0.000
1733122802.712,3.418,-66.895,-61.035,19.531,0.000
1733122802.716,-4.395,-65.430,-58.594,19.531,0.000
1733122802.720,4.883,-49.316,-56.641,8.789,0.000
1733122802.723,15.625,-42.969,-56.641,5.371,0.000
1733122802.727,13.184,-48.340,-54.199,18.555,0.000
1733122802.731,9.277,-42.480,-47.363,30.273,0.000
1733122802.735,3.418,-32.715,-49.805,20.020,0.000
1733122802.739,3.418,-38.086,-48.828,3.906,0.000
1733122802.743,7.324,-39.551,-51.270,1.953,0.000
1733122802.747,10.254,-34.180,-57.617,9.766,0.000
1733122802.751,10.742,-32.227,-58.594,22.461,0.000
1733122802.755,2.930,-31.738,-57.129,15.137,0.000
1733122802.759,-0.488,-38.574,-54.199,1.465,0.000
1733122802.762,11.719,-34.180,-54.199,7.812,0.000
1733122802.766,16.113,-24.414,-52.246,13.184,0.000
1733122802.770,10.742,-24.902,-50.781,20.996,0.000
1733122802.774,4.395,-24.414,-48.828,20.020,0.000
1733122802.778,7.812,-24.902,-46.387,6.348,0.000
1733122802.782,7.812,-25.879,-46.387,-3.906,0.000
1733122802.786,-6.836,-22.949,-46.875,0.000,0.000
1733122802.790,-11.230,-20.508,-46.875,11.719,0.000
1733122802.794,-18.555,-22.461,-45.898,10.254,0.000
1733122802.798,-22.461,-18.555,-47.852,-2.930,0.000
1733122802.802,-10.254,-20.508,-50.781,-3.906,0.000
1733122802.805,-4.395,-25.879,-50.781,0.977,0.000
1733122802.809,-10.742,-27.344,-48.340,3.418,0.000
1733122802.813,-16.113,-30.762,-46.387,3.418,0.000
1733122802.817,-23.438,-39.062,-49.316,-4.883,0.000
1733122802.821,-23.438,-46.875,-52.734,-9.277,0.000
1733122802.825,-21.484,-41.016,-51.758,-8.301,0.000
1733122802.829,-20.508,-37.598,-48.340,-0.977,0.000
1733122802.833,-22.949,-44.434,-46.875,2.441,0.000
1733122802.837,-23.438,-46.875,-46.875,-12.207,0.000
1733122802.841,-10.742,-43.945,-42.969,-27.832,0.000
1733122802.845,-4.883,-44.434,-46.875,-23.926,0.000
1733122802.848,-11.719,-48.340,-50.293,-13.184,0.000
1733122802.852,-18.066,-42.969,-50.293,-10.254,0.000
1733122802.856,-17.090,-30.762,-49.805,-18.555,0.000
1733122802.860,-12.695,-34.668,-45.410,-21.973,0.000
1733122802.864,-7.812,-40.039,-43.945,-18.066,0.000
1733122802.868,-7.812,-37.598,-46.387,-10.254,0.000
1733122802.872,-16.602,-36.621,-50.781,-4.883,0.000
1733122802.876,-20.020,-38.086,-54.199,-14.160,0.000
1733122802.880,-11.230,-39.551,-52.734,-25.391,0.000
1733122802.884,-5.859,-39.062,-51.758,-23.438,0.000
1733122802.887,-10.254,-37.109,-57.129,-22.461,0.000
1733122802.891,-15.625,-35.156,-59.570,-21.484,0.000
1733122802.895,-27.832,-38.086,-54.688,-24.902,0.000
1733122802.899,-31.250,-31.738,-50.293,-41.992,0.000
1733122802.903,-20.996,-28.809,-51.270,-39.551,0.000
1733122802.907,-22.461,-28.809,-51.270,-27.344,0.000
1733122802.911,-26.367,-27.832,-45.898,-24.414,0.000
1733122802.915,-32.715,-28.809,-38.574,-32.227,0.000
1733122802.919,-40.527,-29.785,-41.992,-45.410,0.000
1733122802.923,-34.668,-37.598,-41.504,-36.133,0.000
1733122802.927,-33.203,-40.527,-41.016,-31.250,0.000
1733122802.930,-34.668,-39.551,-41.504,-26.855,0.000
1733122802.934,-38.086,-40.039,-40.527,-26.855,0.000
1733122802.938,-38.086,-41.992,-42.480,-31.738,0.000
1733122802.942,-21.484,-38.574,-40.039,-20.996,0.000
1733122802.946,-14.160,-34.668,-41.992,-18.066,0.000
1733122802.950,-13.184,-40.039,-42.969,-9.277,0.000
1733122802.954,-12.207,-42.969,-30.762,0.977,0.000
1733122802.958,-11.230,-40.039,-24.414,-2.930,0.000
1733122802.962,-5.859,-39.551,-30.273,0.977,0.000
1733122802.966,2.441,-32.715,-29.785,6.836,0.000
1733122802.970,0.488,-29.785,-27.344,0.977,0.000
1733122802.973,-8.789,-35.156,-28.809,0.977,0.000
1733122802.977,-12.695,-30.762,-32.715,-6.836,0.000
1733122802.981,-10.254,-21.484,-34.180,-19.531,0.000
1733122802.985,-4.883,-20.020,-35.645,-10.742,0.000
1733122802.989,-11.719,-13.672,-40.039,-8.301,0.000
1733122802.993,-29.785,-9.766,-41.016,-20.508,0.000
1733122802.997,-25.879,-17.578,-39.062,-22.461,0.000
1733122803.001,-16.602,-23.926,-32.715,-22.461,0.000
1733122803.005,-23.926,-20.996,-27.832,-20.996,0.000
1733122803.009,-22.461,-20.996,-33.203,-15.625,0.000
1733122803.013,-25.879,-21.973,-36.621,-13.672,0.000
1733122803.016,-27.832,-16.113,-34.180,-18.555,0.000
1733122803.020,-15.137,-13.672,-37.598,-19.531,0.000
1733122803.024,-8.789,-14.648,-40.039,-16.113,0.000
1733122803.028,-11.230,-8.789,-39.551,-10.254,0.000
1733122803.032,-24.414,-10.742,-41.992,-8.789,0.000
1733122803.036,-27.832,-17.090,-37.598,-19.043,0.000
1733122803.040,-15.137,-11.719,-38.574,-25.391,0.000
1733122803.044,-7.324,-13.672,-41.016,-16.113,0.000
1733122803.048,-12.207,-20.508,-41.016,-7.812,0.000
1733122803.052,-17.090,-20.996,-42.969,-10.742,0.000
1733122803.055,-21.484,-22.949,-42.480,-16.113,0.000
1733122803.059,-20.508,-20.508,-38.086,-18.555,0.000
1733122803.063,-15.137,-17.578,-38.086,-22.949,0.000
1733122803.067,-17.578,-17.578,-40.527,-30.762,0.000
1733122803.071,-17.090,-24.414,-43.945,-26.367,0.000
1733122803.075,-23.926,-31.250,-47.363,-27.832,0.000
1733122803.079,-23.926,-26.367,-47.363,-45.898,0.000
1733122803.083,-3.906,-16.113,-48.340,-43.457,0.000
1733122803.087,3.906,-22.949,-47.852,-32.715,0.000
1733122803.091,-6.348,-24.414,-44.922,-27.344,0.000
1733122803.094,-19.531,-16.113,-44.434,-28.809,0.000
1733122803.098,-20.996,-17.090,-44.922,-37.109,0.000
1733122803.102,-20.508,-19.531,-45.898,-32.715,0.000
1733122803.106,-28.320,-16.602,-47.852,-26.855,0.000
1733122803.110,-37.598,-17.090,-47.852,-24.414,0.000
1733122803.114,-42.969,-21.973,-46.387,-21.973,0.000
1733122803.118,-39.062,-23.438,-46.387,-27.832,0.000
1733122803.122,-26.855,-26.855,-45.898,-30.273,0.000
1733122803.126,-21.973,-25.879,-46.875,-26.367,0.000
1733122803.130,-27.344,-29.297,-49.316,-21.973,0.000
1733122803.134,-32.715,-34.668,-52.246,-14.648,0.000
1733122803.137,-32.715,-34.180,-51.758,-24.414,0.000
1733122803.141,-29.785,-31.738,-45.898,-30.762,0.000
1733122803.145,-30.273,-33.203,-42.969,-20.020,0.000
1733122803.149,-35.156,-35.156,-48.828,-11.230,0.000
1733122803.153,-39.551,-34.668,-48.340,-14.648,0.000
1733122803.157,-37.598,-29.785,-43.457,-23.438,0.000
1733122803.161,-32.715,-27.344,-41.016,-21.484,0.000
1733122803.165,-30.762,-33.691,-43.945,-21.484,0.000
1733122803.169,-31.250,-38.086,-44.922,-27.832,0.000
1733122803.173,-36.133,-31.738,-45.898,-30.273,0.000
1733122803.177,-36.621,-30.762,-50.293,-32.227,0.000
1733122803.180,-29.297,-27.832,-45.410,-27.344,0.000
1733122803.184,-21.973,-19.531,-42.969,-18.066,0.000
1733122803.188,-21.484,-19.531,-46.875,-12.695,0.000
1733122803.192,-23.926,-23.926,-51.270,-3.906,0.000
1733122803.196,-31.738,-19.531,-51.270,-15.625,0.000
1733122803.200,-34.180,-10.254,-46.387,-35.156,0.000
1733122803.204,-15.625,-16.113,-46.387,-20.508,0.000
1733122803.208,1.953,-19.531,-47.363,-2.441,0.000
1733122803.212,-7.324,-23.926,-48.828,-0.488,0.000
1733122803.216,-22.461,-24.414,-53.223,-16.602,0.000
1733122803.220,-17.090,-13.672,-53.223,-26.367,0.000
1733122803.223,-10.742,-18.555,-52.246,-12.695,0.000
1733122803.227,-6.836,-19.043,-47.363,2.930,0.000
1733122803.231,-12.207,-15.625,-48.340,-3.418,0.000
1733122803.235,-14.160,-20.020,-43.457,-11.719,0.000
1733122803.239,-7.324,-20.020,-35.645,-13.672,0.000
1733122803.243,-8.301,-26.367,-41.016,-14.160,0.000
1733122803.247,-10.742,-32.227,-43.945,-11.719,0.000
1733122803.251,-19.531,-41.504,-43.457,-7.812,0.000
1733122803.255,-26.367,-47.852,-43.945,-14.648,0.000
1733122803.259,-21.973,-48.340,-43.945,-26.367,0.000
1733122803.262,-12.695,-50.293,-43.945,-26.367,0.000
1733122803.266,-7.324,-51.758,-45.410,-18.066,0.000
1733122803.270,-14.648,-58.105,-49.316,-5.859,0.000
1733122803.274,-26.855,-58.594,-50.781,-11.230,0.000
1733122803.278,-24.902,-50.293,-48.828,-25.879,0.000
1733122803.282,-12.207,-51.270,-46.875,-20.508,0.000
1733122803.286,-14.160,-59.570,-53.223,-19.043,0.000
1733122803.290,-16.602,-54.199,-54.688,-13.184,0.000
1733122803.294,-21.973,-50.781,-51.270,-11.230,0.000
1733122803.298,-22.949,-55.176,-52.246,-20.996,0.000
1733122803.302,-13.184,-54.688,-51.270,-20.508,0.000
1733122803.305,-10.742,-56.641,-47.852,-18.555,0.000
1733122803.309,-13.672,-55.664,-43.457,-13.672,0.000
1733122803.313,-19.531,-53.223,-46.875,-14.648,0.000
1733122803.317,-25.391,-48.828,-44.922,-25.391,0.000
1733122803.321,-17.578,-40.527,-40.039,-25.391,0.000
1733122803.325,-15.137,-39.551,-41.504,-18.066,0.000
1733122803.329,-25.879,-41.992,-43.457,-15.625,0.000
1733122803.333,-36.133,-40.527,-40.039,-14.160,0.000
1733122803.337,-41.504,-41.992,-40.527,-22.461,0.000
1733122803.341,-37.109,-44.434,-46.387,-37.598,0.000
1733122803.345,-33.203,-41.504,-46.387,-32.227,0.000
1733122803.348,-33.691,-38.574,-39.551,-17.578,0.000
1733122803.352,-38.086,-42.480,-41.504,-18.066,0.000
1733122803.356,-36.133,-41.504,-45.410,-23.926,0.000
1733122803.360,-26.855,-38.086,-42.969,-26.367,0.000
1733122803.364,-23.438,-36.621,-39.062,-24.414,0.000
1733122803.368,-29.297,-39.062,-41.504,-18.555,0.000
1733122803.372,-43.457,-45.898,-52.734,-18.555,0.000
1733122803.376,-42.480,-48.340,-49.805,-19.531,0.000
1733122803.380,-39.062,-39.551,-40.039,-25.879,0.000
1733122803.384,-34.668,-35.645,-41.504,-36.133,0.000
1733122803.388,-34.668,-39.551,-41.016,-34.180,0.000
1733122803.391,-41.016,-41.504,-39.062,-27.832,0.000
1733122803.395,-43.457,-43.457,-42.969,-34.668,0.000
1733122803.399,-43.457,-48.828,-47.363,-48.340,0.000
1733122803.403,-36.621,-51.758,-51.270,-34.668,0.000
1733122803.407,-31.250,-41.016,-49.316,-20.020,0.000
1733122803.411,-40.039,-34.180,-45.898,-22.461,0.000
1733122803.415,-47.852,-36.133,-45.410,-28.320,0.000
1733122803.419,-45.410,-39.551,-46.875,-39.551,0.000
1733122803.423,-43.945,-38.086,-50.293,-39.551,0.000
1733122803.427,-42.480,-37.598,-46.875,-33.691,0.000
1733122803.430,-46.387,-41.016,-43.945,-28.809,0.000
1733122803.434,-57.617,-47.852,-44.922,-32.715,0.000
1733122803.438,-51.758,-45.898,-40.039,-42.969,0.000
1733122803.442,-35.645,-33.203,-39.551,-40.039,0.000
1733122803.446,-34.180,-37.109,-44.434,-32.715,0.000
1733122803.450,-48.340,-51.758,-35.645,-24.414,0.000
1733122803.454,-64.453,-51.270,-31.738,-30.273,0.000
1733122803.458,-55.176,-41.992,-38.086,-40.039,0.000
1733122803.462,-39.551,-48.340,-38.086,-37.598,0.000
1733122803.466,-33.691,-46.875,-36.133,-35.156,0.000
1733122803.469,-31.250,-34.668,-38.086,-31.250,0.000
1733122803.473,-37.109,-39.062,-42.480,-25.879,0.000
1733122803.477,-44.434,-44.434,-43.945,-33.691,0.000
1733122803.481,-35.156,-44.434,-40.527,-34.180,0.000
1733122803.485,-25.391,-46.875,-39.062,-28.320,0.000
1733122803.489,-27.344,-47.363,-41.992,-22.461,0.000
1733122803.493,-33.203,-51.270,-48.340,-20.020,0.000
1733122803.497,-34.668,-49.316,-43.457,-25.879,0.000
1733122803.501,-26.367,-38.574,-37.109,-30.273,0.000
1733122803.505,-18.555,-37.598,-42.480,-25.391,0.000
1733122803.509,-22.461,-41.016,-50.781,-21.484,0.000
1733122803.512,-34.180,-43.457,-51.758,-20.996,0.000
1733122803.516,-34.180,-38.574,-44.922,-31.738,0.000
1733122803.520,-20.020,-36.621,-40.527,-38.574,0.000
1733122803.524,-14.160,-39.551,-39.062,-37.109,0.000
1733122803.528,-17.090,-41.992,-37.109,-34.668,0.000
1733122803.532,-22.461,-43.945,-34.668,-32.715,0.000
1733122803.536,-30.273,-39.551,-32.715,-33.203,0.000
1733122803.540,-27.832,-40.039,-34.180,-33.691,0.000
1733122803.544,-21.484,-42.969,-32.227,-33.203,0.000
1733122803.548,-17.578,-42.480,-27.344,-26.367,0.000
1733122803.552,-25.391,-43.457,-32.715,-21.484,0.000
1733122803.555,-32.227,-46.875,-41.016,-25.879,0.000
1733122803.559,-30.762,-33.691,-36.621,-33.691,0.000
1733122803.563,-29.297,-23.438,-34.180,-39.062,0.000
1733122803.567,-27.832,-24.414,-31.738,-35.156,0.000
1733122803.571,-34.180,-22.461,-32.715,-29.785,0.000
1733122803.575,-42.969,-23.926,-35.156,-37.109,0.000
1733122803.579,-40.527,-31.250,-32.715,-46.875,0.000
1733122803.583,-32.227,-37.109,-39.062,-44.922,0.000
1733122803.587,-30.762,-38.086,-44.922,-40.039,0.000
1733122803.591,-35.645,-34.668,-37.598,-30.762,0.000
1733122803.595,-42.969,-34.180,-37.598,-32.715,0.000
1733122803.598,-38.086,-38.086,-41.504,-36.133,0.000
1733122803.602,-30.762,-30.273,-41.016,-30.762,0.000
1733122803.606,-27.344,-20.020,-43.457,-30.762,0.000
1733122803.610,-25.391,-27.344,-43.457,-25.879,0.000
1733122803.614,-30.762,-29.297,-39.551,-24.902,0.000
1733122803.618,-30.273,-21.484,-42.480,-27.344,0.000
1733122803.622,-22.461,-14.648,-45.898,-32.715,0.000
1733122803.626,-18.066,-13.184,-43.945,-25.391,0.000
1733122803.630,-23.926,-20.508,-41.992,-17.090,0.000
1733122803.634,-29.785,-20.996,-42.480,-23.926,0.000
1733122803.638,-26.855,-15.625,-41.504,-30.273,0.000
1733122803.641,-15.137,-15.137,-40.039,-23.926,0.000
1733122803.645,-11.230,-21.973,-41.016,-15.625,0.000
1733122803.649,-23.438,-17.578,-39.062,-20.996,0.000
1733122803.653,-32.227,-5.859,-36.621,-29.785,0.000
1733122803.657,-31.250,-11.230,-36.621,-31.738,0.000
1733122803.661,-25.879,-12.207,-38.574,-34.180,0.000
1733122803.665,-21.973,-5.371,-41.016,-34.668,0.000
1733122803.669,-17.578,-4.883,-39.062,-25.879,0.000
1733122803.673,-27.344,-7.324,-38.574,-23.926,0.000
1733122803.677,-29.297,-7.324,-41.992,-31.250,0.000
1733122803.680,-22.949,-7.812,-42.480,-38.086,0.000
1733122803.684,-22.949,-8.789,-41.504,-37.598,0.000
1733122803.688,-20.020,-13.184,-42.969,-27.832,0.000
1733122803.692,-26.855,-11.719,-41.992,-23.438,0.000
1733122803.696,-33.691,-5.371,-41.016,-31.250,0.000
1733122803.700,-30.273,0.000,-40.527,-37.109,0.000
1733122803.704,-27.832,4.395,-42.480,-32.715,0.000
1733122803.708,-24.902,-1.465,-44.434,-24.902,0.000
1733122803.712,-28.809,-12.207,-41.016,-21.484,0.000
1733122803.716,-38.086,-16.602,-38.574,-27.832,0.000
1733122803.720,-33.203,-13.672,-39.062,-35.156,0.000
1733122803.723,-25.879,-12.695,-39.551,-34.180,0.000
1733122803.727,-24.902,-16.113,-35.645,-30.762,0.000
1733122803.731,-31.250,-18.555,-32.715,-23.438,0.000
1733122803.735,-38.574,-22.461,-40.039,-18.555,0.000
1733122803.739,-34.668,-11.719,-35.156,-23.926,0.000
1733122803.743,-29.297,-3.906,-29.297,-24.902,0.000
1733122803.747,-28.320,-8.301,-33.691,-21.484,0.000
1733122803.751,-29.785,-10.742,-34.668,-21.973,0.000
1733122803.755,-39.551,-17.090,-37.598,-20.508,0.000
1733122803.759,-42.480,-20.996,-42.969,-34.180,0.000
1733122803.762,-31.738,-20.508,-42.969,-40.039,0.000
1733122803.766,-19.531,-19.043,-43.457,-32.715,0.000
1733122803.770,-13.672,-25.879,-49.805,-34.180,0.000
1733122803.774,-15.625,-29.785,-53.711,-35.156,0.000
1733122803.778,-14.648,-27.832,-47.363,-29.785,0.000
1733122803.782,-12.695,-26.367,-42.969,-26.855,0.000
1733122803.786,-13.672,-24.414,-42.969,-24.902,0.000
1733122803.790,-17.090,-25.879,-43.457,-8.789,0.000
1733122803.794,-31.250,-28.320,-41.016,-4.395,0.000
1733122803.798,-35.156,-25.879,-39.062,-20.508,0.000
1733122803.802,-32.715,-22.949,-38.086,-26.367,0.000
1733122803.805,-36.133,-22.949,-38.574,-18.555,0.000
1733122803.809,-39.551,-25.391,-41.992,-12.695,0.000
1733122803.813,-43.945,-26.855,-44.434,-15.137,0.000
1733122803.817,-46.387,-20.996,-44.922,-27.832,0.000
1733122803.821,-36.621,-24.902,-48.828,-33.203,0.000
1733122803.825,-35.156,-32.227,-49.316,-25.391,0.000
1733122803.829,-42.969,-30.273,-48.340,-20.508,0.000
1733122803.833,-51.758,-30.762,-48.828,-23.438,0.000
1733122803.837,-47.852,-33.691,-46.875,-24.414,0.000
1733122803.841,-36.133,-33.691,-45.410,-13.672,0.000
1733122803.844,-39.062,-29.297,-43.457,-16.113,0.000
1733122803.848,-37.598,-25.391,-44.922,-20.996,0.000
1733122803.852,-41.992,-23.926,-47.363,-18.066,0.000
1733122803.856,-45.410,-21.973,-46.875,-22.949,0.000
1733122803.860,-41.992,-16.602,-42.480,-32.715,0.000
1733122803.864,-37.598,-17.090,-40.527,-34.180,0.000
1733122803.868,-32.715,-20.020,-36.621,-20.996,0.000
1733122803.872,-36.133,-21.484,-30.762,-9.766,0.000
1733122803.876,-47.363,-26.367,-37.598,-26.855,0.000
1733122803.880,-38.574,-28.809,-40.527,-40.527,0.000
1733122803.883,-26.855,-26.367,-33.691,-28.809,0.000
1733122803.887,-28.809,-22.461,-35.645,-23.438,0.000
1733122803.891,-29.297,-16.602,-39.551,-23.926,0.000
1733122803.895,-32.227,-20.020,-41.504,-23.926,0.000
1733122803.899,-24.902,-17.578,-36.621,-26.367,0.000
1733122803.903,-18.066,-18.555,-31.738,-30.273,0.000
1733122803.907,-16.602,-24.414,-33.691,-33.203,0.000
1733122803.911,-24.902,-31.250,-37.109,-23.926,0.000
1733122803.915,-38.086,-35.156,-42.480,-21.973,0.000
1733122803.919,-36.621,-33.203,-39.551,-31.738,0.000
1733122803.923,-19.531,-36.133,-35.156,-23.438,0.000
1733122803.926,-5.859,-30.762,-43.457,-11.230,0.000
1733122803.930,-22.461,-27.344,-49.316,-18.066,0.000
1733122803.934,-47.363,-23.926,-52.246,-40.039,0.000
1733122803.938,-52.246,-24.414,-51.758,-52.246,0.000
1733122803.942,-46.387,-25.879,-49.316,-53.711,0.000
1733122803.946,-39.062,-24.902,-50.781,-51.758,0.000
1733122803.950,-46.875,-28.320,-48.340,-45.410,0.000
1733122803.954,-64.941,-34.668,-43.945,-54.199,0.000
1733122803.958,-69.336,-29.785,-39.551,-66.895,0.000
1733122803.962,-59.570,-22.949,-32.227,-66.406,0.000
1733122803.966,-51.270,-21.973,-21.973,-57.617,0.000
1733122803.969,-57.617,-23.438,-17.090,-50.781,0.000
1733122803.973,-60.059,-35.156,-19.043,-38.086,0.000
1733122803.977,-53.223,-34.180,-21.484,-38.086,0.000
1733122803.981,-44.922,-22.461,-22.461,-48.340,0.000
1733122803.985,-40.039,-25.879,-24.902,-43.457,0.000
1733122803.989,-33.691,-31.738,-26.367,-33.691,0.000
1733122803.993,-38.574,-33.691,-29.785,-33.691,0.000
1733122803.997,-42.480,-27.832,-30.762,-41.504,0.000
1733122804.001,-34.180,-26.367,-29.785,-48.340,0.000
1733122804.005,-27.832,-35.645,-27.832,-44.922,0.000
1733122804.009,-17.578,-24.902,-22.461,-24.902,0.000
1733122804.012,-16.113,-20.508,-25.879,-12.695,0.000
1733122804.016,-26.855,-29.297,-29.297,-21.484,0.000
1733122804.020,-22.949,-31.738,-31.738,-18.555,0.000
1733122804.024,-25.391,-31.738,-36.133,-17.578,0.000
1733122804.028,-30.273,-30.762,-32.715,-30.762,0.000
1733122804.032,-29.297,-36.133,-32.227,-20.020,0.000
1733122804.036,-30.273,-37.109,-35.645,-17.578,0.000
1733122804.040,-17.578,-28.809,-27.832,-25.879,0.000
1733122804.044,-15.137,-29.297,-26.367,-18.066,0.000
1733122804.048,-22.949,-30.762,-29.785,-11.230,0.000
1733122804.052,-28.320,-21.973,-26.367,-11.230,0.000
1733122804.055,-32.227,-22.461,-26.855,-13.184,0.000
1733122804.059,-30.273,-22.949,-31.250,-20.996,0.000
1733122804.063,-24.902,-26.367,-36.133,-16.602,0.000
1733122804.067,-23.926,-36.133,-33.203,-12.207,0.000
1733122804.071,-26.367,-34.668,-25.879,-12.695,0.000
1733122804.075,-31.738,-34.668,-29.785,-18.066,0.000
1733122804.079,-32.227,-35.645,-30.762,-30.762,0.000
1733122804.083,-22.461,-32.715,-29.297,-31.738,0.000
1733122804.087,-22.949,-28.320,-32.227,-25.879,0.000
1733122804.091,-36.621,-36.621,-35.645,-20.020,0.000
1733122804.094,-46.875,-43.457,-34.668,-21.973,0.000
1733122804.098,-42.969,-34.668,-33.691,-25.879,0.000
1733122804.102,-36.133,-33.203,-35.156,-38.086,0.000
1733122804.106,-30.762,-34.668,-32.227,-33.203,0.000
1733122804.110,-32.715,-42.969,-32.715,-13.184,0.000
1733122804.114,-42.480,-46.875,-32.715,-15.137,0.000
1733122804.118,-36.621,-36.133,-28.320,-31.738,0.000
1733122804.122,-24.414,-34.180,-29.785,-40.527,0.000
1733122804.126,-22.949,-33.691,-31.738,-38.086,0.000
1733122804.130,-27.344,-36.133,-30.762,-32.227,0.000
1733122804.134,-34.180,-32.715,-33.203,-34.180,0.000
1733122804.137,-36.133,-31.738,-37.109,-39.062,0.000
1733122804.141,-27.832,-35.156,-36.621,-40.527,0.000
1733122804.145,-19.531,-32.227,-36.621,-37.598,0.000
1733122804.149,-22.949,-34.668,-38.086,-31.738,0.000
1733122804.153,-32.715,-36.621,-38.086,-19.531,0.000
1733122804.157,-37.598,-33.203,-37.598,-18.555,0.000
1733122804.161,-31.250,-27.344,-39.551,-38.086,0.000
1733122804.165,-19.531,-24.414,-29.785,-34.668,0.000
1733122804.169,-23.926,-27.832,-26.855,-22.461,0.000
1733122804.173,-37.598,-31.250,-39.062,-25.391,0.000
1733122804.176,-37.109,-28.320,-40.039,-25.879,0.000
1733122804.180,-31.738,-29.297,-37.109,-25.391,0.000
1733122804.184,-26.367,-31.250,-34.668,-24.902,0.000
1733122804.188,-16.602,-24.902,-31.250,-20.996,0.000
1733122804.192,-23.438,-26.855,-35.156,-21.973,0.000
1733122804.196,-34.668,-32.227,-32.227,-25.879,0.000
1733122804.200,-31.250,-33.203,-26.855,-24.902,0.000
1733122804.204,-19.043,-31.738,-22.461,-20.020,0.000
1733122804.208,-17.578,-31.250,-15.625,-15.137,0.000
1733122804.212,-22.949,-37.109,-21.484,-10.254,0.000
1733122804.215,-20.020,-35.645,-26.855,-8.789,0.000
1733122804.219,-18.066,-27.832,-24.902,-23.926,0.000
1733122804.223,-16.602,-23.926,-27.344,-25.879,0.000
1733122804.227,-15.137,-25.879,-26.855,-13.672,0.000
1733122804.231,-19.531,-34.180,-30.273,-9.277,0.000
1733122804.235,-26.855,-36.621,-30.762,-7.812,0.000
1733122804.239,-15.137,-36.133,-30.273,-3.418,0.000
1733122804.243,-3.418,-32.227,-35.156,-7.324,0.000
1733122804.247,-16.113,-34.668,-34.180,-20.508,0.000
1733122804.251,-34.668,-34.668,-32.715,-28.320,0.000
1733122804.255,-53.223,-35.645,-38.086,-33.691,0.000
1733122804.258,-62.012,-46.387,-45.410,-40.527,0.000
1733122804.262,-59.570,-45.898,-49.805,-55.664,0.000
1733122804.266,-49.316,-40.039,-44.434,-54.199,0.000
1733122804.270,-46.387,-40.527,-41.992,-41.992,0.000
1733122804.274,-50.781,-42.969,-45.898,-37.598,0.000
1733122804.278,-49.805,-34.180,-36.133,-45.410,0.000
1733122804.282,-41.504,-30.762,-34.180,-43.457,0.000
1733122804.286,-33.203,-35.645,-36.621,-33.203,0.000
1733122804.290,-34.180,-40.039,-33.203,-26.855,0.000
1733122804.294,-34.668,-33.691,-31.738,-22.949,0.000
1733122804.298,-31.250,-28.809,-36.133,-32.715,0.000
1733122804.301,-27.344,-31.738,-41.992,-35.156,0.000
1733122804.305,-27.344,-30.762,-40.527,-26.855,0.000
1733122804.309,-27.344,-21.973,-41.016,-27.832,0.000
1733122804.313,-26.855,-22.461,-37.598,-26.367,0.000
1733122804.317,-32.227,-30.273,-36.621,-28.320,0.000
1733122804.321,-32.715,-31.738,-43.945,-40.527,0.000
1733122804.325,-26.855,-34.180,-48.828,-37.109,0.000
1733122804.329,-28.320,-40.527,-51.758,-33.203,0.000
1733122804.333,-34.668,-45.410,-51.758,-28.320,0.000
1733122804.337,-38.086,-35.645,-54.199,-30.273,0.000
1733122804.340,-37.109,-25.879,-52.734,-39.551,0.000
1733122804.344,-28.809,-28.320,-46.387,-30.273,0.000
1733122804.348,-26.367,-33.203,-41.504,-14.648,0.000
1733122804.352,-25.879,-26.367,-38.086,-11.230,0.000
1733122804.356,-34.180,-22.461,-42.480,-22.461,0.000
1733122804.360,-32.715,-23.926,-41.504,-29.785,0.000
1733122804.364,-20.996,-25.879,-37.109,-25.391,0.000
1733122804.368,-25.879,-30.762,-38.086,-20.020,0.000
1733122804.372,-35.645,-32.227,-40.527,-24.414,0.000
1733122804.376,-40.527,-31.738,-41.504,-27.832,0.000
1733122804.380,-45.410,-30.762,-35.645,-32.715,0.000
1733122804.383,-35.156,-28.320,-29.785,-27.832,0.000
1733122804.387,-35.645,-30.273,-33.203,-20.996,0.000
1733122804.391,-44.922,-32.715,-34.668,-21.484,0.000
1733122804.395,-41.992,-33.691,-34.668,-10.742,0.000
1733122804.399,-42.480,-26.367,-33.203,-10.742,0.000
1733122804.403,-37.109,-16.602,-31.250,-21.973,0.000
1733122804.407,-32.227,-21.973,-38.086,-20.996,0.000
1733122804.411,-41.504,-29.785,-45.898,-24.414,0.000
1733122804.415,-41.992,-27.832,-43.945,-36.133,0.000
1733122804.419,-30.762,-22.461,-42.969,-46.875,0.000
1733122804.423,-17.578,-27.344,-48.828,-47.852,0.000
1733122804.426,-12.695,-31.738,-53.711,-51.758,0.000
1733122804.430,-14.160,-32.227,-53.711,-47.363,0.000
1733122804.434,-20.020,-32.227,-51.270,-47.852,0.000
1733122804.438,-25.879,-29.297,-51.270,-47.852,0.000
1733122804.442,-28.809,-28.320,-48.340,-44.922,0.000
1733122804.446,-43.457,-29.785,-49.805,-46.875,0.000
1733122804.450,-45.898,-30.273,-50.293,-39.062,0.000
1733122804.454,-46.387,-35.645,-48.828,-29.785,0.000
1733122804.458,-54.688,-37.109,-47.363,-35.645,0.000
1733122804.462,-50.781,-32.715,-44.922,-40.039,0.000
1733122804.465,-40.527,-31.250,-43.945,-30.762,0.000
1733122804.469,-35.156,-32.227,-40.039,-24.902,0.000
1733122804.473,-38.574,-35.156,-36.133,-28.320,0.000
1733122804.477,-41.504,-40.039,-34.180,-37.109,0.000
1733122804.481,-29.297,-41.992,-34.668,-38.574,0.000
1733122804.485,-24.414,-43.457,-33.691,-27.344,0.000
1733122804.489,-33.691,-37.598,-32.715,-25.879,0.000
1733122804.493,-39.551,-35.156,-35.645,-37.598,0.000
1733122804.497,-43.945,-43.457,-46.387,-42.480,0.000
1733122804.501,-41.992,-45.410,-49.316,-42.480,0.000
1733122804.505,-32.715,-41.016,-41.016,-35.645,0.000
1733122804.508,-29.297,-39.551,-40.039,-31.250,0.000
1733122804.512,-34.668,-50.293,-43.945,-27.832,0.000
1733122804.516,-36.133,-49.316,-44.434,-28.809,0.000
1733122804.520,-31.738,-32.227,-41.504,-35.645,0.000
1733122804.524,-27.344,-28.809,-43.945,-35.645,0.000
1733122804.528,-21.973,-31.250,-45.898,-23.438,0.000
1733122804.532,-24.902,-31.250,-41.016,-18.066,0.000
1733122804.536,-33.203,-28.809,-37.598,-28.809,0.000
1733122804.540,-33.691,-32.227,-44.434,-37.598,0.000
1733122804.544,-29.785,-31.250,-43.945,-32.715,0.000
1733122804.547,-28.320,-27.344,-40.039,-27.344,0.000
1733122804.551,-26.855,-28.320,-36.621,-17.578,0.000
1733122804.555,-31.738,-31.250,-32.715,-20.508,0.000
1733122804.559,-27.832,-23.926,-37.109,-30.762,0.000
1733122804.563,-19.043,-19.043,-40.039,-28.320,0.000
1733122804.567,-18.555,-25.879,-38.086,-27.344,0.000
1733122804.571,-22.949,-35.645,-41.504,-20.020,0.000
1733122804.575,-34.180,-48.828,-43.457,-15.137,0.000
1733122804.579,-34.180,-48.340,-41.992,-28.809,0.000
1733122804.583,-24.414,-50.293,-45.410,-37.598,0.000
1733122804.586,-23.926,-68.359,-51.270,-35.645,0.000
1733122804.590,-24.902,-74.707,-53.711,-23.926,0.000
1733122804.594,-33.691,-72.266,-50.781,-27.344,0.000
1733122804.598,-37.109,-79.102,-52.246,-40.527,0.000
1733122804.602,-28.809,-86.914,-52.246,-40.527,0.000
1733122804.606,-19.531,-86.426,-51.758,-34.180,0.000
1733122804.610,-20.996,-91.309,-56.641,-29.785,0.000
1733122804.614,-23.438,-89.844,-53.223,-28.809,0.000
1733122804.618,-14.648,-80.566,-45.898,-14.648,0.000
1733122804.622,-2.930,-69.336,-44.434,-8.789,0.000
1733122804.626,-10.254,-63.477,-41.504,-24.902,0.000
1733122804.629,-25.391,-66.895,-42.969,-27.832,0.000
1733122804.633,-28.809,-69.336,-46.875,-23.438,0.000
1733122804.637,-37.598,-67.383,-41.504,-30.762,0.000
1733122804.641,-35.156,-66.895,-41.016,-36.133,0.000
1733122804.645,-22.949,-73.730,-46.875,-28.809,0.000
1733122804.649,-27.832,-75.195,-44.434,-24.414,0.000
1733122804.653,-35.156,-76.172,-38.574,-23.438,0.000
1733122804.657,-34.668,-71.289,-38.086,-27.832,0.000
1733122804.661,-32.227,-68.359,-41.504,-31.738,0.000
1733122804.665,-27.344,-69.336,-43.457,-25.879,0.000
1733122804.669,-27.344,-64.941,-41.016,-20.996,0.000
1733122804.672,-38.086,-64.941,-40.039,-17.578,0.000
1733122804.676,-41.992,-62.988,-42.480,-15.625,0.000
1733122804.680,-35.645,-59.570,-43.457,-14.160,0.000
1733122804.684,-30.762,-50.781,-40.039,-12.207,0.000
1733122804.688,-25.391,-42.480,-33.203,-15.137,0.000
1733122804.692,-26.367,-47.363,-31.250,-10.742,0.000
1733122804.696,-29.297,-49.805,-30.762,-11.230,0.000
1733122804.700,-21.973,-44.434,-26.367,-11.230,0.000
1733122804.704,-10.254,-40.527,-27.832,-4.883,0.000
1733122804.708,-9.277,-41.992,-34.180,-9.277,0.000
1733122804.712,-21.484,-44.434,-38.086,-15.137,0.000
1733122804.715,-29.297,-39.551,-41.016,-17.090,0.000
1733122804.719,-25.879,-29.785,-44.434,-28.809,0.000
1733122804.723,-20.508,-33.203,-45.898,-31.738,0.000
1733122804.727,-22.949,-39.062,-46.875,-25.879,0.000
1733122804.731,-35.645,-37.109,-52.246,-27.832,0.000
1733122804.735,-39.551,-36.133,-50.781,-27.344,0.000
1733122804.739,-32.715,-35.645,-39.551,-25.391,0.000
1733122804.743,-23.926,-32.227,-38.574,-20.020,0.000
1733122804.747,-23.926,-29.785,-41.992,-15.137,0.000
1733122804.751,-24.902,-27.344,-41.992,-9.277,0.000
1733122804.755,-29.785,-31.250,-37.598,-9.766,0.000
1733122804.758,-31.738,-33.691,-34.668,-15.137,0.000
1733122804.762,-22.461,-24.902,-33.691,-12.207,0.000
1733122804.766,-21.484,-24.902,-31.250,-6.836,0.000
1733122804.770,-23.926,-28.809,-30.762,3.418,0.000
1733122804.774,-30.762,-18.555,-33.691,0.000,0.000
1733122804.778,-41.016,-15.137,-40.039,-21.973,0.000
1733122804.782,-30.273,-21.484,-39.062,-23.438,0.000
1733122804.786,-18.555,-18.066,-40.039,-15.625,0.000
1733122804.790,-20.508,-12.207,-42.969,-21.484,0.000
1733122804.794,-24.414,-9.277,-40.527,-23.438,0.000
1733122804.797,-22.461,-9.766,-41.016,-26.855,0.000
1733122804.801,-15.137,-3.418,-41.016,-28.809,0.000
1733122804.805,-9.277,2.441,-35.156,-19.531,0.000
1733122804.809,-16.113,-1.465,-38.086,-20.996,0.000
1733122804.813,-29.297,-13.672,-41.504,-18.555,0.000
1733122804.817,-34.180,-14.648,-40.039,-25.391,0.000
1733122804.821,-25.879,-6.836,-41.992,-37.598,0.000
1733122804.825,-18.555,-7.324,-38.086,-32.715,0.000
1733122804.829,-15.625,-8.301,-37.598,-26.367,0.000
1733122804.833,-20.996,-15.625,-39.551,-26.367,0.000
1733122804.837,-29.785,-18.555,-44.922,-35.156,0.000
1733122804.840,-28.809,-14.160,-45.898,-36.621,0.000
1733122804.844,-24.414,-10.254,-45.898,-33.691,0.000
1733122804.848,-26.367,-7.812,-50.293,-32.227,0.000
1733122804.852,-33.203,-7.812,-45.898,-26.855,0.000
1733122804.856,-44.922,-5.371,-46.875,-31.250,0.000
1733122804.860,-35.645,-7.324,-49.805,-24.414,0.000
1733122804.864,-25.391,-14.648,-45.898,-17.090,0.000
1733122804.868,-33.691,-13.184,-47.852,-26.367,0.000
1733122804.872,-34.180,-11.230,-47.363,-23.926,0.000
1733122804.876,-36.133,-16.602,-48.828,-23.438,0.000
1733122804.880,-37.109,-15.137,-49.316,-32.227,0.000
1733122804.883,-23.438,-10.254,-44.922,-36.133,0.000
1733122804.887,-12.695,-6.348,-45.410,-26.367,0.000
1733122804.891,-16.113,-2.930,-44.434,-24.414,0.000
1733122804.895,-25.879,-2.930,-44.922,-30.273,0.000
1733122804.899,-22.949,0.000,-41.992,-25.391,0.000
1733122804.903,-13.184,-0.977,-39.062,-18.066,0.000
1733122804.907,-11.230,-1.465,-36.621,-17.090,0.000
1733122804.911,-17.578,5.371,-32.227,-20.508,0.000
1733122804.915,-28.320,4.395,-38.574,-28.320,0.000
1733122804.919,-26.367,6.836,-39.062,-38.086,0.000
1733122804.922,-15.625,9.766,-35.156,-37.109,0.000
1733122804.926,-15.625,0.977,-36.621,-30.273,0.000
1733122804.930,-22.461,-4.883,-41.504,-28.320,0.000
1733122804.934,-29.785,-3.906,-40.039,-27.832,0.000
1733122804.938,-32.227,-2.930,-32.715,-25.391,0.000
1733122804.942,-24.414,-2.930,-34.180,-30.273,0.000
1733122804.946,-19.043,-4.395,-41.504,-30.762,0.000
1733122804.950,-21.973,-7.324,-41.016,-20.996,0.000
1733122804.954,-30.762,-5.859,-42.969,-20.020,0.000
1733122804.958,-37.109,-4.395,-38.574,-23.438,0.000
1733122804.961,-38.574,-8.789,-35.645,-26.367,0.000
1733122804.965,-36.133,-16.113,-39.551,-20.020,0.000
1733122804.969,-39.551,-14.160,-39.062,-22.461,0.000
1733122804.973,-44.922,-13.672,-45.410,-32.715,0.000
1733122804.977,-42.969,-13.184,-47.363,-34.180,0.000
1733122804.981,-29.297,-6.348,-43.945,-28.320,0.000
1733122804.985,-21.484,-5.859,-44.922,-21.973,0.000
1733122804.989,-22.949,-11.230,-44.434,-21.484,0.000
1733122804.993,-26.855,-22.461,-42.480,-20.996,0.000
1733122804.997,-38.086,-23.926,-45.898,-26.855,0.000
1733122805.001,-36.133,-16.602,-47.852,-34.180,0.000
1733122805.004,-27.344,-15.137,-44.434,-40.039,0.000
1733122805.008,-29.297,-24.902,-50.293,-39.062,0.000
1733122805.012,-34.668,-30.273,-57.617,-38.574,0.000
1733122805.016,-29.297,-20.020,-54.199,-43.457,0.000
1733122805.020,-4.395,-15.137,-50.781,-40.039,0.000
1733122805.024,0.977,-22.461,-46.387,-42.969,0.000
1733122805.028,-14.160,-25.879,-49.316,-41.504,0.000
1733122805.032,-26.855,-25.391,-51.270,-33.691,0.000
1733122805.036,-41.504,-27.344,-48.340,-36.621,0.000
1733122805.040,-40.527,-30.273,-51.270,-35.156,0.000
1733122805.044,-37.109,-26.367,-50.781,-26.367,0.000
1733122805.047,-38.086,-26.367,-48.340,-20.508,0.000
1733122805.051,-34.180,-26.855,-47.363,-10.254,0.000
1733122805.055,-40.039,-24.902,-48.828,-8.301,0.000
1733122805.059,-43.945,-19.531,-50.293,-25.391,0.000
1733122805.063,-29.785,-15.625,-52.734,-31.738,0.000
1733122805.067,-21.484,-22.461,-50.293,-23.438,0.000
1733122805.071,-26.855,-23.438,-51.758,-19.531,0.000
1733122805.075,-33.203,-15.625,-56.152,-19.531,0.000
1733122805.079,-30.762,-15.625,-56.152,-32.227,0.000
1733122805.083,-25.391,-27.344,-56.152,-37.598,0.000
1733122805.086,-18.555,-26.367,-54.199,-21.973,0.000
1733122805.090,-23.926,-21.484,-49.316,-14.160,0.000
1733122805.094,-42.480,-25.391,-53.711,-19.531,0.000
1733122805.098,-38.574,-27.344,-58.594,-20.996,0.000
1733122805.102,-25.391,-19.043,-57.129,-20.996,0.000
1733122805.106,-22.461,-14.160,-56.152,-17.578,0.000
1733122805.110,-21.484,-20.020,-53.711,-17.090,0.000
1733122805.114,-24.414,-17.090,-53.223,-21.973,0.000
1733122805.118,-27.832,-16.602,-53.711,-22.949,0.000
1733122805.122,-25.879,-21.484,-49.805,-27.344,0.000
1733122805.126,-17.090,-17.090,-47.852,-24.902,0.000
1733122805.129,-17.578,-20.996,-48.828,-17.578,0.000
1733122805.133,-28.809,-32.715,-51.270,-19.043,0.000
1733122805.137,-22.949,-25.879,-53.711,-24.902,0.000
1733122805.141,-11.230,-18.066,-52.734,-29.785,0.000
1733122805.145,-3.906,-25.391,-51.758,-12.695,0.000
1733122805.149,-9.766,-21.484,-51.758,-8.301,0.000
1733122805.153,-27.832,-15.625,-55.664,-27.832,0.000
1733122805.157,-25.391,-20.508,-56.152,-22.461,0.000
1733122805.161,-13.672,-20.996,-50.293,-26.855,0.000
1733122805.165,-2.930,-18.555,-42.480,-24.414,0.000
1733122805.169,0.000,-24.902,-37.109,-5.859,0.000
1733122805.172,-10.254,-32.715,-40.039,-9.766,0.000
1733122805.176,-16.113,-38.574,-44.434,-21.484,0.000
1733122805.180,-16.113,-38.086,-44.434,-23.438,0.000
1733122805.184,-6.836,-34.180,-41.016,-23.926,0.000
1733122805.188,0.488,-41.992,-39.551,-14.160,0.000
1733122805.192,-14.160,-45.410,-39.551,-0.977,0.000
1733122805.196,-14.648,-37.598,-35.156,-7.324,0.000
1733122805.200,-8.301,-38.086,-31.738,-18.555,0.000
1733122805.204,-10.254,-46.387,-34.668,-18.555,0.000
1733122805.208,-6.348,-47.852,-33.691,-15.625,0.000
1733122805.212,-14.648,-42.969,-36.133,-16.602,0.000
1733122805.215,-29.785,-48.340,-44.434,-15.137,0.000
1733122805.219,-37.598,-50.293,-41.992,-20.996,0.000
1733122805.223,-35.156,-41.504,-44.922,-41.016,0.000
1733122805.227,-28.320,-41.016,-47.852,-29.297,0.000
1733122805.231,-33.691,-47.852,-41.992,-17.090,0.000
1733122805.235,-46.875,-47.852,-43.945,-28.809,0.000
1733122805.239,-44.922,-39.062,-48.340,-47.852,0.000
1733122805.243,-40.039,-34.180,-46.387,-46.387,0.000
1733122805.247,-36.133,-41.016,-46.387,-30.762,0.000
1733122805.251,-31.250,-39.551,-51.270,-26.367,0.000
1733122805.254,-36.133,-33.203,-47.852,-25.391,0.000
1733122805.258,-40.527,-30.273,-42.969,-37.109,0.000
1733122805.262,-29.785,-34.180,-35.645,-34.180,0.000
1733122805.266,-20.020,-31.250,-30.273,-23.438,0.000
1733122805.270,-19.043,-23.438,-38.574,-28.809,0.000
1733122805.274,-26.367,-30.273,-40.039,-20.996,0.000
1733122805.278,-26.367,-34.180,-37.598,-17.090,0.000
1733122805.282,-24.902,-24.902,-39.062,-29.785,0.000
1733122805.286,-31.250,-21.484,-41.992,-39.551,0.000
1733122805.290,-29.297,-23.438,-43.457,-33.691,0.000
1733122805.294,-23.438,-22.949,-44.434,-19.531,0.000
1733122805.297,-39.551,-25.391,-49.316,-33.203,0.000
1733122805.301,-33.203,-25.391,-45.898,-42.480,0.000
1733122805.305,-23.438,-30.762,-44.434,-34.668,0.000
1733122805.309,-25.879,-31.250,-50.781,-33.203,0.000
1733122805.313,-21.484,-26.855,-45.410,-28.809,0.000
1733122805.317,-32.715,-32.715,-39.551,-32.227,0.000
1733122805.321,-26.855,-35.156,-39.551,-42.969,0.000
1733122805.325,-24.414,-27.344,-40.039,-52.734,0.000
1733122805.329,-33.203,-25.879,-38.086,-43.945,0.000
1733122805.333,-24.902,-29.297,-41.504,-30.762,0.000
1733122805.336,-25.391,-35.156,-45.898,-40.039,0.000
1733122805.340,-22.949,-37.598,-46.875,-42.969,0.000
1733122805.344,-18.555,-33.691,-43.945,-46.875,0.000
1733122805.348,-28.809,-35.645,-49.805,-56.641,0.000
1733122805.352,-37.109,-53.223,-52.734,-35.645,0.000
1733122805.356,-32.715,-62.500,-49.316,-32.715,0.000
1733122805.360,-28.809,-57.617,-45.410,-63.477,0.000
1733122805.364,-15.625,-54.688,-44.434,-51.270,0.000
1733122805.368,-8.789,-69.336,-42.969,-33.203,0.000
1733122805.372,-20.508,-88.867,-40.527,-33.203,0.000
1733122805.375,-42.969,-86.914,-46.875,-37.109,0.000
1733122805.379,-39.551,-91.797,-48.828,-48.828,0.000
1733122805.383,-18.066,-101.562,-49.316,-40.039,0.000
1733122805.387,-22.949,-105.469,-50.781,-30.273,0.000
1733122805.391,-29.297,-104.980,-49.805,-20.508,0.000
1733122805.395,-28.809,-110.840,-49.805,-24.902,0.000
1733122805.399,-26.367,-120.117,-46.875,-39.062,0.000
1733122805.403,-24.414,-123.535,-42.480,-38.574,0.000
1733122805.407,-31.250,-125.000,-42.969,-38.574,0.000
1733122805.411,-31.250,-127.930,-46.875,-33.691,0.000
1733122805.415,-36.133,-133.789,-45.410,-30.762,0.000
1733122805.418,-41.016,-132.324,-46.387,-35.156,0.000
1733122805.422,-24.414,-127.441,-45.898,-35.645,0.000
1733122805.426,-24.414,-127.441,-46.387,-36.621,0.000
1733122805.430,-34.668,-125.977,-54.199,-29.297,0.000
1733122805.434,-30.762,-113.281,-50.781,-31.250,0.000
1733122805.438,-26.855,-104.492,-48.828,-40.527,0.000
1733122805.442,-21.973,-102.539,-48.340,-33.203,0.000
1733122805.446,-23.438,-103.027,-43.945,-24.902,0.000
1733122805.450,-29.785,-102.539,-43.457,-31.738,0.000
1733122805.454,-36.133,-100.098,-42.480,-30.273,0.000
1733122805.458,-34.180,-99.609,-41.992,-34.180,0.000
1733122805.461,-24.902,-97.168,-45.410,-40.527,0.000
1733122805.465,-16.602,-93.262,-43.457,-33.203,0.000
1733122805.469,-16.113,-88.379,-44.434,-37.109,0.000
1733122805.473,-19.531,-92.773,-49.316,-41.504,0.000
1733122805.477,-20.020,-92.773,-41.016,-39.551,0.000
1733122805.481,-23.438,-82.520,-29.785,-42.480,0.000
1733122805.485,-23.438,-79.102,-34.180,-44.434,0.000
1733122805.489,-19.043,-79.102,-39.551,-37.109,0.000
1733122805.493,-27.832,-69.824,-36.133,-39.062,0.000
1733122805.497,-43.945,-69.336,-39.551,-45.410,0.000
1733122805.501,-37.109,-70.312,-44.922,-47.363,0.000
1733122805.504,-31.250,-70.312,-43.457,-38.574,0.000
1733122805.508,-28.320,-63.965,-40.039,-33.691,0.000
1733122805.512,-26.367,-55.176,-35.645,-22.461,0.000
1733122805.516,-40.039,-59.570,-36.621,-30.273,0.000
1733122805.520,-37.598,-57.617,-42.480,-47.852,0.000
1733122805.524,-28.320,-47.852,-41.504,-45.410,0.000
1733122805.528,-35.645,-47.363,-39.062,-39.062,0.000
1733122805.532,-36.133,-49.316,-45.410,-29.297,0.000
1733122805.536,-43.457,-37.109,-51.270,-33.691,0.000
1733122805.540,-49.805,-23.926,-49.805,-37.109,0.000
1733122805.544,-39.062,-15.625,-46.875,-33.203,0.000
1733122805.547,-32.227,-5.859,-50.293,-41.016,0.000
1733122805.551,-42.969,1.953,-49.316,-38.086,0.000
1733122805.555,-53.223,5.371,-43.457,-37.109,0.000
1733122805.559,-46.387,15.137,-44.434,-46.875,0.000
1733122805.563,-30.273,20.996,-46.875,-43.457,0.000
1733122805.567,-38.086,27.832,-52.734,-51.758,0.000
1733122805.571,-67.871,38.086,-57.129,-66.406,0.000
1733122805.575,-72.754,51.758,-55.664,-52.734,0.000
1733122805.579,-60.547,58.594,-55.176,-40.039,0.000
1733122805.583,-51.270,62.988,-52.246,-60.547,0.000
1733122805.586,-31.738,74.707,-51.270,-71.289,0.000
1733122805.590,-32.227,71.777,-50.293,-59.570,0.000
1733122805.594,-56.152,65.430,-46.875,-47.363,0.000
1733122805.598,-62.988,61.523,-46.875,-56.152,0.000
1733122805.602,-61.523,52.734,-51.758,-61.035,0.000
1733122805.606,-42.969,44.434,-49.805,-48.828,0.000
1733122805.610,-49.805,38.086,-52.246,-52.734,0.000
1733122805.614,-79.102,41.504,-48.340,-48.340,0.000
1733122805.618,-73.730,41.992,-37.598,-25.879,0.000
1733122805.622,-60.059,39.062,-42.969,-44.922,0.000
1733122805.625,-57.129,42.969,-48.828,-78.613,0.000
1733122805.629,-51.758,39.551,-43.945,-58.105,0.000
1733122805.633,-62.988,37.109,-46.387,-48.828,0.000
1733122805.637,-69.824,32.715,-41.016,-48.828,0.000
1733122805.641,-57.617,31.250,-41.016,-52.734,0.000
1733122805.645,-51.758,32.227,-45.410,-63.477,0.000
1733122805.649,-67.383,17.090,-35.645,-44.434,0.000
1733122805.653,-79.102,10.254,-35.645,-43.945,0.000
1733122805.657,-72.266,19.531,-41.016,-53.223,0.000
1733122805.661,-71.777,29.785,-40.039,-62.988,0.000
1733122805.665,-62.500,30.762,-38.086,-56.152,0.000
1733122805.668,-52.734,29.785,-39.551,-40.039,0.000
1733122805.672,-68.359,23.438,-41.504,-57.617,0.000
1733122805.676,-79.102,12.207,-39.062,-71.289,0.000
1733122805.680,-62.988,11.230,-36.621,-54.199,0.000
1733122805.684,-49.805,11.230,-41.504,-40.527,0.000
1733122805.688,-51.758,10.254,-49.805,-48.828,0.000
1733122805.692,-55.176,5.859,-44.434,-43.457,0.000
1733122805.696,-58.105,1.953,-38.574,-42.969,0.000
1733122805.700,-65.918,-3.906,-37.598,-44.922,0.000
1733122805.704,-47.363,-1.465,-37.109,-43.457,0.000
1733122805.707,-39.062,8.301,-36.621,-42.480,0.000
1733122805.711,-41.504,2.441,-39.062,-34.668,0.000
1733122805.715,-49.805,-2.441,-45.410,-47.363,0.000
1733122805.719,-44.434,2.441,-46.387,-50.781,0.000
1733122805.723,-27.344,4.395,-45.410,-44.922,0.000
1733122805.727,-38.086,0.488,-46.875,-53.711,0.000
1733122805.731,-47.363,-2.441,-47.363,-38.574,0.000
1733122805.735,-42.969,0.488,-41.992,-34.668,0.000
1733122805.739,-42.480,-2.441,-39.062,-48.340,0.000
1733122805.743,-33.691,-10.254,-47.363,-31.738,0.000
1733122805.747,-26.367,-10.254,-39.062,-13.184,0.000
1733122805.750,-20.020,1.953,-33.203,-8.301,0.000
1733122805.754,-22.461,-1.465,-43.945,-11.230,0.000
1733122805.758,-25.879,-1.953,-44.434,-3.906,0.000
1733122805.762,-1.465,4.883,-40.527,3.906,0.000
1733122805.766,18.066,-0.488,-33.691,8.789,0.000
1733122805.770,11.230,-6.836,-26.855,21.484,0.000
1733122805.774,0.000,-8.301,-24.414,30.762,0.000
1733122805.778,-2.930,-1.953,-20.020,34.668,0.000
1733122805.782,4.883,-0.977,-23.926,29.297,0.000
1733122805.786,12.695,-7.324,-29.785,23.926,0.000
1733122805.790,11.230,-14.648,-30.273,17.578,0.000
1733122805.793,-6.348,-16.113,-31.738,24.414,0.000
1733122805.797,-0.977,-16.113,-27.832,32.715,0.000
1733122805.801,12.207,-12.207,-31.738,11.719,0.000
1733122805.805,9.277,-13.672,-40.039,11.719,0.000
1733122805.809,15.137,-8.301,-39.551,27.344,0.000
1733122805.813,-4.883,-3.906,-35.645,30.762,0.000
1733122805.817,-15.137,-10.254,-34.180,30.762,0.000
1733122805.821,1.465,-7.812,-32.227,20.996,0.000
1733122805.825,-0.488,-2.930,-34.180,7.812,0.000
1733122805.829,-6.836,-5.371,-43.457,6.348,0.000
1733122805.832,-12.207,-11.719,-44.922,-0.488,0.000
1733122805.836,-37.109,-19.531,-40.527,-5.859,0.000
1733122805.840,-34.668,-10.742,-38.086,0.488,0.000
1733122805.844,-25.879,-4.395,-40.039,-20.508,0.000
1733122805.848,-41.504,-23.926,-43.945,-21.484,0.000
1733122805.852,-51.758,-30.762,-42.480,-7.324,0.000
1733122805.856,-51.758,-20.020,-39.062,-13.184,0.000
1733122805.860,-41.016,-18.066,-31.738,-20.020,0.000
1733122805.864,-30.273,-18.066,-28.809,-30.273,0.000
1733122805.868,-38.086,-16.113,-27.344,-13.672,0.000
1733122805.872,-46.875,-19.531,-28.320,-6.348,0.000
1733122805.876,-59.570,-27.832,-41.016,-29.785,0.000
1733122805.879,-62.500,-29.785,-46.875,-40.527,0.000
1733122805.883,-46.875,-27.344,-40.527,-34.180,0.000
1733122805.887,-33.203,-24.902,-37.109,-21.973,0.000
1733122805.891,-42.969,-32.715,-38.086,-26.367,0.000
1733122805.895,-54.199,-41.016,-37.598,-20.508,0.000
1733122805.899,-58.105,-28.809,-39.551,-23.926,0.000
1733122805.903,-42.969,-25.879,-44.922,-32.715,0.000
1733122805.907,-37.598,-32.715,-48.340,-25.391,0.000
1733122805.911,-46.875,-27.832,-48.340,-17.090,0.000
1733122805.915,-39.062,-29.785,-42.969,-8.789,0.000
1733122805.919,-34.668,-36.621,-42.480,-24.902,0.000
1733122805.922,-36.133,-39.551,-44.922,-25.391,0.000
1733122805.926,-38.086,-46.387,-40.039,-8.789,0.000
1733122805.930,-26.367,-41.504,-37.109,-15.137,0.000
1733122805.934,-27.832,-35.156,-42.969,-25.391,0.000
1733122805.938,-38.086,-38.086,-47.852,-19.531,0.000
1733122805.942,-30.762,-28.320,-42.969,-23.926,0.000
1733122805.946,-21.484,-20.996,-38.574,-27.832,0.000
1733122805.950,-22.461,-31.738,-38.086,-15.625,0.000
1733122805.954,-27.344,-39.551,-42.480,-14.648,0.000
1733122805.958,-39.062,-37.598,-40.527,-20.508,0.000
1733122805.962,-26.855,-33.691,-40.527,-26.855,0.000
1733122805.965,4.395,-34.668,-41.504,-30.273,0.000
1733122805.969,-12.695,-35.645,-43.457,-26.367,0.000
1733122805.973,-38.574,-37.598,-49.805,-19.043,0.000
1733122805.977,-27.832,-36.133,-47.852,-14.160,0.000
1733122805.981,-6.348,-28.809,-47.852,-23.438,0.000
1733122805.985,0.977,-23.438,-46.387,-20.996,0.000
1733122805.989,-4.395,-21.973,-43.457,-5.371,0.000
1733122805.993,-6.836,-26.855,-47.852,-10.742,0.000
1733122805.997,-9.277,-31.738,-45.898,3.906,0.000
1733122806.001,4.883,-23.438,-45.410,19.531,0.000
1733122806.004,5.371,-12.207,-45.898,0.977,0.000
1733122806.008,-0.977,-15.137,-43.945,-6.836,0.000
1733122806.012,1.465,-21.484,-44.922,-1.953,0.000
1733122806.016,-7.812,-22.949,-40.039,-0.488,0.000
1733122806.020,-17.090,-22.949,-40.039,-10.254,0.000
1733122806.024,-9.277,-23.926,-40.527,-16.113,0.000
1733122806.028,-5.371,-29.297,-36.133,-12.207,0.000
1733122806.032,-8.301,-28.809,-38.086,-18.066,0.000
1733122806.036,-16.602,-20.996,-36.621,-23.438,0.000
1733122806.040,-24.414,-19.531,-34.668,-30.762,0.000
1733122806.043,-18.066,-22.461,-34.180,-24.902,0.000
1733122806.047,-12.695,-27.832,-35.156,-19.531,0.000
1733122806.051,-25.391,-28.809,-38.086,-29.297,0.000
1733122806.055,-47.852,-35.156,-40.527,-36.621,0.000
1733122806.059,-48.340,-41.016,-40.527,-39.062,0.000
1733122806.063,-37.109,-32.715,-40.039,-44.922,0.000
1733122806.067,-33.691,-38.574,-39.551,-44.434,0.000
1733122806.071,-35.645,-49.805,-41.992,-40.039,0.000
1733122806.075,-47.363,-53.223,-46.875,-42.969,0.000
1733122806.079,-50.293,-51.270,-52.734,-57.129,0.000
1733122806.083,-36.621,-43.457,-52.246,-54.688,0.000
1733122806.086,-31.250,-41.504,-48.828,-43.457,0.000
1733122806.090,-45.898,-46.875,-48.340,-44.434,0.000
1733122806.094,-57.617,-40.039,-43.457,-39.062,0.000
1733122806.098,-43.945,-28.809,-40.527,-38.086,0.000
1733122806.102,-28.809,-27.832,-39.062,-46.875,0.000
1733122806.106,-27.344,-23.926,-34.668,-50.781,0.000
1733122806.110,-32.715,-22.949,-38.086,-42.969,0.000
1733122806.114,-47.852,-33.691,-41.016,-35.156,0.000
1733122806.118,-50.781,-45.410,-40.039,-38.086,0.000
1733122806.122,-39.062,-41.992,-33.203,-44.434,0.000
1733122806.125,-42.480,-32.227,-26.855,-45.898,0.000
1733122806.129,-46.875,-29.297,-31.738,-41.504,0.000
1733122806.133,-43.457,-30.273,-37.598,-39.062,0.000
1733122806.137,-53.711,-35.156,-41.016,-44.922,0.000
1733122806.141,-43.457,-28.809,-43.457,-46.875,0.000
1733122806.145,-18.066,-28.320,-45.898,-43.457,0.000
1733122806.149,-13.672,-32.227,-41.992,-39.551,0.000
1733122806.153,-20.508,-37.109,-42.969,-33.203,0.000
1733122806.157,-30.762,-36.621,-42.969,-40.527,0.000
1733122806.161,-22.461,-29.297,-40.527,-36.621,0.000
1733122806.165,-12.695,-31.250,-40.527,-28.320,0.000
1733122806.168,-23.926,-29.297,-36.133,-26.367,0.000
1733122806.172,-39.551,-26.855,-34.668,-27.344,0.000
1733122806.176,-48.828,-28.320,-32.715,-32.227,0.000
1733122806.180,-38.574,-31.738,-31.738,-25.879,0.000
1733122806.184,-33.203,-29.785,-37.598,-29.297,0.000
1733122806.188,-31.250,-28.320,-39.551,-31.738,0.000
1733122806.192,-34.180,-34.180,-40.527,-25.879,0.000
1733122806.196,-51.758,-36.133,-41.016,-32.227,0.000
1733122806.200,-51.270,-31.738,-41.504,-38.574,0.000
1733122806.204,-40.527,-34.668,-46.387,-37.109,0.000
1733122806.208,-41.504,-41.016,-41.992,-35.156,0.000
1733122806.211,-53.223,-42.480,-40.039,-33.203,0.000
1733122806.215,-62.500,-41.016,-45.410,-33.203,0.000
1733122806.219,-50.781,-37.598,-41.504,-36.621,0.000
1733122806.223,-31.738,-39.062,-40.039,-30.762,0.000
1733122806.227,-30.273,-40.039,-42.969,-23.926,0.000
1733122806.231,-39.062,-38.574,-41.992,-28.320,0.000
1733122806.235,-47.363,-40.039,-42.480,-27.832,0.000
1733122806.239,-54.199,-40.527,-45.898,-35.156,0.000
1733122806.243,-44.434,-37.598,-47.363,-41.992,0.000
1733122806.247,-27.344,-33.691,-38.086,-34.180,0.000
1733122806.251,-25.879,-28.809,-32.715,-24.414,0.000
1733122806.254,-43.457,-34.668,-43.945,-23.438,0.000
1733122806.258,-48.828,-37.109,-50.293,-35.645,0.000
1733122806.262,-33.203,-33.203,-45.410,-37.109,0.000
1733122806.266,-23.438,-35.645,-46.387,-35.156,0.000
1733122806.270,-26.855,-44.922,-46.875,-26.367,0.000
1733122806.274,-36.133,-48.340,-41.992,-23.438,0.000
1733122806.278,-35.156,-45.410,-43.457,-39.062,0.000
1733122806.282,-19.043,-51.270,-41.992,-39.062,0.000
1733122806.286,-18.066,-58.105,-42.969,-35.645,0.000
1733122806.290,-30.273,-58.105,-48.340,-30.762,0.000
1733122806.293,-29.297,-50.781,-49.316,-24.414,0.000
1733122806.297,-31.738,-48.828,-48.340,-31.250,0.000
1733122806.301,-25.879,-47.852,-48.828,-33.203,0.000
1733122806.305,-17.578,-42.480,-45.898,-26.855,0.000
1733122806.309,-23.438,-43.945,-46.875,-28.809,0.000
1733122806.313,-26.855,-44.922,-47.852,-18.066,0.000
1733122806.317,-31.738,-40.039,-44.922,-12.695,0.000
1733122806.321,-32.227,-34.180,-41.992,-31.250,0.000
1733122806.325,-22.949,-32.227,-39.062,-31.250,0.000
1733122806.329,-18.066,-36.621,-38.574,-27.832,0.000
1733122806.333,-32.715,-41.992,-41.016,-22.461,0.000
1733122806.336,-39.551,-43.457,-41.992,-23.438,0.000
1733122806.340,-37.109,-44.434,-43.945,-38.086,0.000
1733122806.344,-27.344,-41.016,-46.387,-45.410,0.000
1733122806.348,-20.020,-32.227,-44.434,-44.922,0.000
1733122806.352,-31.250,-36.621,-42.969,-34.180,0.000
1733122806.356,-41.016,-38.086,-38.574,-26.855,0.000
1733122806.360,-30.273,-33.203,-35.156,-20.996,0.000
1733122806.364,-27.344,-28.809,-36.621,-21.484,0.000
1733122806.368,-32.227,-23.926,-36.621,-31.250,0.000
1733122806.372,-30.762,-29.785,-33.203,-27.344,0.000
1733122806.375,-39.551,-28.809,-30.762,-21.973,0.000
1733122806.379,-36.133,-21.973,-33.691,-28.809,0.000
1733122806.383,-19.531,-22.949,-28.809,-31.250,0.000
1733122806.387,-11.230,-30.762,-27.832,-30.273,0.000
1733122806.391,-24.414,-33.203,-30.273,-27.832,0.000
1733122806.395,-32.227,-25.879,-34.180,-26.855,0.000
1733122806.399,-22.461,-21.484,-40.527,-33.203,0.000
1733122806.403,-17.090,-20.508,-38.574,-29.785,0.000
1733122806.407,-20.508,-20.996,-33.691,-27.832,0.000
1733122806.411,-29.297,-22.949,-35.156,-25.879,0.000
1733122806.414,-41.504,-22.949,-38.086,-25.879,0.000
1733122806.418,-44.922,-21.973,-37.598,-35.156,0.000
1733122806.422,-35.645,-23.438,-45.898,-46.387,0.000
1733122806.426,-29.297,-27.344,-44.434,-37.598,0.000
1733122806.430,-33.203,-33.691,-47.852,-24.902,0.000
1733122806.434,-40.527,-33.691,-53.223,-29.785,0.000
1733122806.438,-38.086,-25.879,-44.434,-29.297,0.000
1733122806.442,-29.785,-24.902,-44.434,-33.691,0.000
1733122806.446,-26.367,-27.832,-44.922,-33.691,0.000
1733122806.450,-33.203,-36.133,-47.363,-26.855,0.000
1733122806.454,-37.598,-35.156,-48.828,-23.438,0.000
1733122806.457,-38.574,-32.227,-52.734,-26.367,0.000
1733122806.461,-36.621,-47.852,-59.082,-28.809,0.000
1733122806.465,-28.809,-51.758,-56.152,-27.832,0.000
1733122806.469,-20.020,-42.480,-46.875,-33.203,0.000
1733122806.473,-22.949,-41.504,-43.457,-33.691,0.000
1733122806.477,-34.180,-47.852,-47.363,-25.879,0.000
1733122806.481,-27.832,-43.457,-44.434,-28.320,0.000
1733122806.485,-19.043,-38.086,-41.504,-23.438,0.000
1733122806.489,-12.207,-37.109,-43.457,-11.230,0.000
1733122806.493,-14.648,-36.621,-43.457,-9.277,0.000
1733122806.497,-27.832,-38.574,-43.457,-19.531,0.000
1733122806.500,-23.438,-32.227,-42.969,-32.715,0.000
1733122806.504,-9.766,-29.785,-42.480,-27.832,0.000
1733122806.508,-15.625,-33.691,-45.410,-26.855,0.000
1733122806.512,-25.391,-31.250,-43.457,-26.855,0.000
1733122806.516,-32.227,-27.832,-40.527,-25.879,0.000
1733122806.520,-29.297,-29.297,-38.086,-32.715,0.000
1733122806.524,-14.648,-30.762,-31.738,-36.621,0.000
1733122806.528,-15.137,-33.203,-38.574,-32.715,0.000
1733122806.532,-25.879,-40.039,-42.480,-29.785,0.000
1733122806.536,-23.438,-38.574,-37.109,-28.809,0.000
1733122806.539,-20.020,-34.668,-35.156,-18.066,0.000
1733122806.543,-23.926,-32.715,-37.109,-16.602,0.000
1733122806.547,-22.461,-28.809,-43.945,-23.438,0.000
1733122806.551,-21.973,-33.691,-42.969,-20.020,0.000
1733122806.555,-32.715,-40.039,-37.109,-18.555,0.000
1733122806.559,-37.109,-31.250,-32.227,-26.367,0.000
1733122806.563,-20.508,-26.367,-33.203,-30.273,0.000
1733122806.567,-8.789,-24.414,-30.762,-21.973,0.000
1733122806.571,-10.742,-23.438,-25.391,-13.184,0.000
1733122806.575,-20.996,-29.785,-26.855,-11.230,0.000
1733122806.579,-28.320,-32.715,-28.320,-18.555,0.000
1733122806.582,-12.695,-31.738,-30.273,-24.414,0.000
1733122806.586,-6.836,-28.809,-27.832,-13.184,0.000
1733122806.590,-17.090,-28.809,-29.297,-3.906,0.000
1733122806.594,-25.391,-31.738,-39.062,-13.184,0.000
1733122806.598,-36.133,-36.133,-41.504,-20.020,0.000
1733122806.602,-34.180,-30.762,-38.086,-22.949,0.000
1733122806.606,-21.973,-15.137,-36.621,-25.391,0.000
1733122806.610,-14.648,-19.531,-38.086,-20.020,0.000
1733122806.614,-23.926,-36.621,-42.480,-20.996,0.000
1733122806.618,-32.715,-34.668,-45.410,-26.855,0.000
1733122806.622,-22.949,-23.926,-40.527,-27.832,0.000
1733122806.625,-10.254,-26.367,-36.133,-24.414,0.000
1733122806.629,-13.184,-29.297,-36.133,-25.391,0.000
1733122806.633,-19.531,-30.762,-36.133,-25.391,0.000
1733122806.637,-26.855,-28.320,-37.598,-24.414,0.000
1733122806.641,-24.902,-25.879,-38.574,-24.902,0.000
1733122806.645,-9.277,-26.855,-33.203,-12.695,0.000
1733122806.649,-17.578,-22.461,-31.738,-13.672,0.000
1733122806.653,-32.715,-17.578,-32.715,-22.949,0.000
1733122806.657,-38.086,-25.879,-29.785,-19.531,0.000
1733122806.661,-41.992,-28.809,-31.738,-22.949,0.000
1733122806.665,-36.621,-23.438,-31.738,-20.020,0.000
1733122806.668,-37.109,-26.367,-35.156,-15.137,0.000
1733122806.672,-35.645,-29.297,-36.621,-13.184,0.000
1733122806.676,-38.574,-29.785,-38.086,-21.484,0.000
1733122806.680,-41.992,-29.297,-43.945,-29.297,0.000
1733122806.684,-26.855,-24.902,-41.016,-20.996,0.000
1733122806.688,-20.996,-23.438,-43.457,-20.508,0.000
1733122806.692,-24.902,-21.973,-41.504,-21.973,0.000
1733122806.696,-35.156,-20.508,-40.527,-30.273,0.000
1733122806.700,-41.504,-26.367,-46.387,-40.527,0.000
1733122806.704,-34.180,-30.273,-46.387,-29.297,0.000
1733122806.707,-29.297,-30.762,-43.945,-31.250,0.000
1733122806.711,-33.691,-33.691,-45.410,-37.598,0.000
1733122806.715,-36.621,-36.621,-43.457,-27.344,0.000
1733122806.719,-38.086,-39.062,-37.598,-25.879,0.000
1733122806.723,-34.668,-36.621,-37.598,-33.203,0.000
1733122806.727,-19.043,-31.738,-36.133,-33.203,0.000
1733122806.731,-17.090,-29.785,-38.086,-25.391,0.000
1733122806.735,-21.973,-32.227,-43.945,-22.949,0.000
1733122806.739,-19.043,-28.809,-42.969,-29.785,0.000
1733122806.743,-12.695,-23.438,-39.062,-36.621,0.000
1733122806.746,-10.742,-26.367,-37.598,-29.785,0.000
1733122806.750,-14.160,-25.879,-36.621,-18.555,0.000
1733122806.754,-20.508,-23.926,-38.086,-13.672,0.000
1733122806.758,-42.969,-32.227,-43.945,-20.020,0.000
1733122806.762,-52.246,-40.527,-37.109,-21.484,0.000
1733122806.766,-40.527,-32.715,-32.715,-14.648,0.000
1733122806.770,-29.785,-20.508,-38.574,-13.184,0.000
1733122806.774,-28.809,-23.438,-39.062,-8.301,0.000
1733122806.778,-32.227,-31.250,-39.062,-9.277,0.000
1733122806.782,-26.367,-22.949,-41.504,-19.531,0.000
1733122806.786,-22.949,-21.973,-46.387,-29.785,0.000
1733122806.789,-23.926,-27.832,-45.898,-29.297,0.000
1733122806.793,-26.855,-32.227,-40.527,-28.809,0.000
1733122806.797,-37.109,-38.086,-40.039,-36.133,0.000
1733122806.801,-37.598,-28.320,-40.039,-41.504,0.000
1733122806.805,-32.227,-26.367,-35.156,-38.086,0.000
1733122806.809,-28.320,-30.273,-39.551,-33.691,0.000
1733122806.813,-39.062,-26.855,-46.387,-28.320,0.000
1733122806.817,-45.410,-23.926,-41.992,-21.484,0.000
1733122806.821,-36.621,-27.344,-32.227,-26.367,0.000
1733122806.825,-27.832,-32.715,-34.668,-18.555,0.000
1733122806.829,-23.438,-30.273,-42.480,-9.766,0.000
1733122806.832,-28.320,-28.320,-45.898,-16.113,0.000
1733122806.836,-35.156,-31.738,-46.875,-19.043,0.000
1733122806.840,-37.109,-25.391,-46.387,-20.508,0.000
1733122806.844,-23.926,-16.602,-48.828,-19.043,0.000
1733122806.848,-20.508,-21.484,-49.316,-20.996,0.000
1733122806.852,-29.297,-29.297,-44.434,-10.742,0.000
1733122806.856,-36.133,-26.855,-42.480,-5.859,0.000
1733122806.860,-37.109,-26.855,-42.480,-20.996,0.000
1733122806.864,-22.949,-31.250,-43.945,-33.691,0.000
1733122806.868,-12.207,-35.645,-50.293,-27.832,0.000
1733122806.871,-19.531,-40.527,-50.781,-17.090,0.000
1733122806.875,-30.762,-36.133,-46.387,-17.090,0.000
1733122806.879,-23.926,-35.645,-43.457,-24.414,0.000
1733122806.883,-9.277,-38.574,-47.852,-23.438,0.000
1733122806.887,0.000,-29.297,-61.035,-16.113,0.000
1733122806.891,4.395,-26.367,-61.523,-5.371,0.000
1733122806.895,-26.367,-45.410,-47.363,-6.348,0.000
1733122806.899,-41.016,-43.457,-40.527,-24.414,0.000
1733122806.903,-22.461,-35.645,-40.527,-29.785,0.000
1733122806.907,-6.836,-41.992,-36.621,-18.555,0.000
1733122806.911,-1.465,-41.992,-29.297,-8.301,0.000
1733122806.914,-11.230,-41.016,-36.133,-6.836,0.000
1733122806.918,-13.672,-37.598,-39.551,-5.371,0.000
1733122806.922,-20.020,-34.180,-30.273,-5.371,0.000
1733122806.926,-17.090,-34.180,-35.156,-8.789,0.000
1733122806.930,1.465,-40.527,-41.504,12.207,0.000
1733122806.934,-4.395,-37.109,-37.109,20.996,0.000
1733122806.938,-20.508,-36.621,-36.621,1.465,0.000
1733122806.942,-22.461,-45.898,-37.598,-6.836,0.000
1733122806.946,-22.949,-48.828,-37.109,-9.766,0.000
1733122806.950,-19.043,-46.387,-39.551,-11.719,0.000
1733122806.954,-5.859,-37.598,-36.133,-0.977,0.000
1733122806.957,-7.812,-34.180,-29.297,-1.953,0.000
1733122806.961,-16.602,-38.574,-26.367,-11.719,0.000
1733122806.965,-9.277,-28.320,-28.809,-5.371,0.000
1733122806.969,-2.930,-19.531,-27.344,-0.488,0.000
1733122806.973,-10.254,-26.855,-25.879,3.418,0.000
1733122806.977,-19.043,-37.598,-28.809,-1.465,0.000
1733122806.981,-21.973,-35.156,-24.902,-18.066,0.000
1733122806.985,-17.090,-26.855,-26.367,-18.555,0.000
1733122806.989,-10.742,-33.203,-29.297,-11.230,0.000
1733122806.993,-15.137,-33.691,-29.297,-12.695,0.000
1733122806.997,-29.297,-30.762,-37.598,-15.137,0.000
1733122807.000,-33.203,-34.180,-43.945,-20.508,0.000
1733122807.004,-19.531,-34.668,-41.504,-21.484,0.000
1733122807.008,-15.625,-35.645,-41.504,-13.672,0.000
1733122807.012,-10.254,-35.156,-31.738,-1.953,0.000
1733122807.016,-12.207,-28.809,-25.391,14.648,0.000
1733122807.020,-19.531,-34.180,-26.367,14.160,0.000
1733122807.024,-18.066,-32.715,-24.414,-3.906,0.000
1733122807.028,-21.484,-31.250,-25.391,-8.789,0.000
1733122807.032,-24.902,-35.645,-25.879,-2.441,0.000
1733122807.036,-24.414,-26.855,-26.855,-5.859,0.000
1733122807.039,-26.367,-23.438,-32.715,-11.719,0.000
1733122807.043,-21.973,-26.367,-35.156,-10.254,0.000
1733122807.047,-26.367,-29.785,-39.062,-13.184,0.000
1733122807.051,-26.367,-28.320,-40.527,-4.395,0.000
1733122807.055,-26.367,-26.367,-38.086,1.465,0.000
1733122807.059,-29.785,-25.391,-42.480,-12.207,0.000
1733122807.063,-24.902,-34.668,-44.434,-14.160,0.000
1733122807.067,-23.438,-39.062,-38.086,-7.324,0.000
1733122807.071,-29.297,-30.273,-33.203,-11.230,0.000
1733122807.075,-34.668,-34.180,-30.762,-9.766,0.000
1733122807.079,-34.180,-31.250,-33.203,-10.742,0.000
1733122807.082,-24.414,-20.508,-34.668,-26.367,0.000
1733122807.086,-19.531,-16.602,-34.668,-34.180,0.000
1733122807.090,-21.973,-21.484,-36.621,-25.391,0.000
1733122807.094,-19.043,-27.344,-37.598,-12.207,0.000
1733122807.098,-20.996,-28.320,-35.645,-14.160,0.000
1733122807.102,-13.672,-27.832,-36.133,-15.625,0.000
1733122807.106,-8.301,-25.879,-35.645,-9.766,0.000
1733122807.110,-15.625,-28.809,-35.645,-10.254,0.000
1733122807.114,-25.391,-32.227,-36.621,-4.395,0.000
1733122807.118,-23.926,-25.391,-39.062,-6.836,0.000
1733122807.121,-18.555,-25.879,-44.434,-23.926,0.000
1733122807.125,-14.648,-29.297,-42.480,-24.414,0.000
1733122807.129,-7.324,-23.926,-35.156,-8.301,0.000
1733122807.133,-10.742,-30.762,-37.598,5.859,0.000
1733122807.137,-20.996,-31.738,-38.574,-3.418,0.000
1733122807.141,-18.555,-27.344,-36.621,-17.090,0.000
1733122807.145,-13.672,-33.691,-41.992,-24.414,0.000
1733122807.149,-20.020,-36.133,-41.504,-29.785,0.000
1733122807.153,-11.230,-38.574,-38.574,-3.906,0.000
1733122807.157,-6.836,-34.668,-42.480,0.977,0.000
1733122807.161,-21.484,-24.902,-40.527,-29.785,0.000
1733122807.164,-29.297,-26.367,-50.781,-41.992,0.000
1733122807.168,-24.414,-32.227,-54.199,-32.227,0.000
1733122807.172,-27.344,-34.668,-47.852,-32.715,0.000
1733122807.176,-31.250,-30.273,-51.758,-33.203,0.000
1733122807.180,-25.879,-27.344,-54.199,-31.738,0.000
1733122807.184,-24.902,-31.250,-55.664,-40.039,0.000
1733122807.188,-21.973,-31.250,-54.688,-40.527,0.000
1733122807.192,-25.879,-28.320,-49.805,-29.785,0.000
1733122807.196,-34.180,-33.203,-47.852,-13.184,0.000
1733122807.200,-38.574,-41.504,-50.293,-15.137,0.000
1733122807.203,-34.668,-35.156,-45.410,-25.391,0.000
1733122807.207,-25.391,-34.668,-41.504,-27.832,0.000
1733122807.211,-21.973,-38.574,-43.457,-18.555,0.000
1733122807.215,-31.250,-49.316,-43.945,-5.371,0.000
1733122807.219,-43.945,-45.898,-41.992,-15.625,0.000
1733122807.223,-37.598,-32.227,-36.621,-31.738,0.000
1733122807.227,-30.273,-33.691,-36.621,-24.902,0.000
1733122807.231,-32.715,-36.133,-45.410,-20.996,0.000
1733122807.235,-32.715,-38.086,-47.852,-22.949,0.000
1733122807.239,-33.203,-38.086,-45.410,-26.367,0.000
1733122807.243,-29.785,-41.504,-43.945,-31.250,0.000
1733122807.246,-25.879,-38.086,-35.645,-21.973,0.000
1733122807.250,-22.949,-32.227,-40.527,-13.184,0.000
1733122807.254,-14.648,-34.180,-48.340,-11.719,0.000
1733122807.258,-8.301,-32.227,-45.898,-9.766,0.000
1733122807.262,-4.883,-30.273,-43.945,-19.043,0.000
1733122807.266,-3.418,-27.344,-38.086,-33.203,0.000
1733122807.270,-6.348,-33.203,-41.504,-27.832,0.000
1733122807.274,-9.277,-40.039,-39.062,-13.184,0.000
1733122807.278,-19.043,-38.086,-33.203,-13.184,0.000
1733122807.282,-14.648,-35.156,-34.180,-21.973,0.000
1733122807.286,-12.695,-36.621,-31.738,-29.785,0.000
1733122807.289,-16.602,-40.039,-30.273,-21.973,0.000
1733122807.293,-21.973,-34.180,-30.762,-11.230,0.000
1733122807.297,-28.809,-32.715,-33.691,-13.672,0.000
1733122807.301,-28.809,-38.574,-39.551,-20.020,0.000
1733122807.305,-22.949,-39.551,-41.504,-16.602,0.000
1733122807.309,-17.090,-31.738,-39.551,-18.555,0.000
1733122807.313,-20.020,-31.250,-38.086,-21.484,0.000
1733122807.317,-23.926,-37.598,-43.945,-17.090,0.000
1733122807.321,-27.832,-34.180,-45.410,-29.785,0.000
1733122807.325,-25.879,-27.344,-41.016,-41.504,0.000
1733122807.328,-29.297,-28.320,-37.109,-29.785,0.000
1733122807.332,-40.527,-33.203,-38.574,-19.531,0.000
1733122807.336,-39.062,-30.273,-43.945,-17.578,0.000
1733122807.340,-37.109,-25.879,-39.551,-29.785,0.000
1733122807.344,-30.273,-27.832,-35.156,-34.668,0.000
1733122807.348,-22.949,-41.504,-37.598,-20.508,0.000
1733122807.352,-30.273,-44.434,-40.527,-22.461,0.000
1733122807.356,-35.645,-33.691,-45.898,-33.203,0.000
1733122807.360,-31.738,-32.227,-47.363,-40.039,0.000
1733122807.364,-29.297,-33.691,-44.922,-47.852,0.000
1733122807.368,-34.180,-32.715,-43.457,-47.363,0.000
1733122807.371,-33.203,-32.227,-45.898,-36.621,0.000
1733122807.375,-31.250,-34.668,-45.898,-21.484,0.000
1733122807.379,-26.855,-30.762,-39.062,-23.926,0.000
1733122807.383,-12.207,-21.484,-37.598,-21.484,0.000
1733122807.387,-9.277,-23.926,-37.109,-11.719,0.000
1733122807.391,-24.414,-31.250,-30.273,-18.555,0.000
1733122807.395,-33.691,-39.551,-28.809,-7.324,0.000
1733122807.399,-36.621,-35.156,-30.762,-0.488,0.000
1733122807.403,-36.133,-27.344,-31.250,-18.555,0.000
1733122807.407,-30.762,-32.227,-33.203,-22.461,0.000
1733122807.411,-28.809,-29.785,-32.715,-17.578,0.000
1733122807.414,-38.574,-32.715,-39.062,-18.555,0.000
1733122807.418,-39.551,-35.645,-43.457,-29.297,0.000
1733122807.422,-28.809,-31.250,-39.551,-33.691,0.000
1733122807.426,-31.250,-33.203,-39.551,-38.086,0.000
1733122807.430,-33.691,-34.668,-42.969,-43.945,0.000
1733122807.434,-37.598,-33.203,-44.434,-30.273,0.000
1733122807.438,-41.992,-31.738,-40.527,-21.484,0.000
1733122807.442,-41.016,-24.902,-36.133,-33.691,0.000
1733122807.446,-32.227,-22.949,-32.227,-42.969,0.000
1733122807.450,-31.738,-22.949,-36.621,-40.039,0.000
1733122807.453,-33.203,-22.461,-42.480,-34.668,0.000
1733122807.457,-27.832,-27.344,-46.387,-31.738,0.000
1733122807.461,-32.227,-23.926,-45.410,-35.645,0.000
1733122807.465,-36.133,-27.344,-40.039,-33.203,0.000
1733122807.469,-36.133,-31.738,-40.039,-27.344,0.000
1733122807.473,-26.855,-26.855,-39.551,-21.484,0.000
1733122807.477,-27.832,-28.809,-39.551,-27.344,0.000
1733122807.481,-39.551,-32.227,-35.645,-32.715,0.000
1733122807.485,-35.156,-38.574,-32.715,-26.367,0.000
1733122807.489,-26.367,-31.738,-33.691,-28.320,0.000
1733122807.493,-26.367,-23.438,-28.320,-24.414,0.000
1733122807.496,-26.367,-30.273,-28.320,-15.137,0.000
1733122807.500,-27.344,-32.715,-31.250,-25.391,0.000
1733122807.504,-36.133,-34.180,-33.203,-32.227,0.000
1733122807.508,-35.645,-40.039,-34.668,-29.785,0.000
1733122807.512,-26.855,-42.969,-42.969,-33.203,0.000
1733122807.516,-31.250,-43.945,-55.176,-26.855,0.000
1733122807.520,-35.645,-42.480,-56.152,-34.668,0.000
1733122807.524,-29.785,-38.574,-50.781,-41.504,0.000
1733122807.528,-28.809,-41.992,-54.199,-35.645,0.000
1733122807.532,-30.273,-42.480,-52.734,-36.621,0.000
1733122807.535,-30.273,-35.156,-44.434,-33.203,0.000
1733122807.539,-41.504,-39.062,-39.551,-38.574,0.000
1733122807.543,-33.203,-37.109,-40.527,-37.598,0.000
1733122807.547,-24.414,-34.668,-40.527,-32.227,0.000
1733122807.551,-22.949,-33.691,-35.645,-27.832,0.000
1733122807.555,-24.414,-35.645,-40.039,-16.602,0.000
1733122807.559,-33.691,-41.992,-41.992,-22.461,0.000
1733122807.563,-32.227,-39.062,-40.039,-23.926,0.000
1733122807.567,-29.785,-36.621,-41.016,-20.020,0.000
1733122807.571,-21.484,-31.738,-41.992,-23.926,0.000
1733122807.575,-28.320,-32.227,-44.922,-23.926,0.000
1733122807.578,-41.992,-34.668,-46.875,-25.879,0.000
1733122807.582,-38.086,-30.273,-45.410,-32.715,0.000
1733122807.586,-37.109,-32.227,-48.340,-35.156,0.000
1733122807.590,-35.645,-36.621,-52.734,-35.645,0.000
1733122807.594,-32.715,-32.715,-42.969,-27.344,0.000
1733122807.598,-41.016,-38.086,-42.969,-24.902,0.000
1733122807.602,-43.945,-43.457,-46.387,-40.039,0.000
1733122807.606,-33.203,-39.062,-43.945,-48.828,0.000
1733122807.610,-30.762,-32.227,-42.969,-38.086,0.000
1733122807.614,-36.133,-31.738,-42.969,-27.832,0.000
1733122807.617,-40.527,-41.504,-47.363,-24.902,0.000
1733122807.621,-34.180,-35.645,-42.480,-31.250,0.000
1733122807.625,-33.203,-24.414,-42.969,-49.316,0.000
1733122807.629,-32.227,-27.832,-44.434,-43.945,0.000
1733122807.633,-34.668,-30.762,-38.574,-37.598,0.000
1733122807.637,-44.434,-33.691,-37.109,-42.969,0.000
1733122807.641,-47.363,-40.527,-37.109,-48.828,0.000
1733122807.645,-44.434,-36.133,-35.156,-50.781,0.000
1733122807.649,-25.391,-24.414,-41.504,-37.109,0.000
1733122807.653,-10.254,-23.438,-41.992,-12.207,0.000
1733122807.657,-29.297,-41.504,-30.762,-6.836,0.000
1733122807.660,-55.176,-49.805,-30.273,-29.297,0.000
1733122807.664,-50.781,-46.875,-33.203,-36.133,0.000
1733122807.668,-43.457,-41.504,-25.879,-31.250,0.000
1733122807.672,-48.828,-40.527,-20.508,-37.109,0.000
1733122807.676,-53.223,-48.828,-20.508,-27.832,0.000
1733122807.680,-63.965,-57.129,-27.344,-31.738,0.000
1733122807.684,-59.570,-48.340,-35.645,-41.504,0.000
1733122807.688,-48.828,-45.410,-36.621,-44.922,0.000
1733122807.692,-53.223,-47.852,-37.598,-38.086,0.000
1733122807.696,-52.246,-42.969,-38.574,-15.137,0.000
1733122807.700,-50.781,-42.480,-35.645,-20.996,0.000
1733122807.703,-40.527,-39.062,-40.527,-32.715,0.000
1733122807.707,-26.367,-34.668,-45.898,-26.367,0.000
1733122807.711,-22.461,-32.227,-38.574,-22.461,0.000
1733122807.715,-18.066,-32.227,-36.133,-16.602,0.000
1733122807.719,-25.391,-36.133,-38.574,-31.250,0.000
1733122807.723,-34.668,-41.016,-37.598,-41.016,0.000
1733122807.727,-30.762,-41.504,-32.715,-22.949,0.000
1733122807.731,-25.879,-28.809,-28.809,-20.508,0.000
1733122807.735,-25.391,-29.785,-27.344,-11.230,0.000
1733122807.739,-33.203,-38.574,-27.344,-10.742,0.000
1733122807.743,-31.738,-35.156,-27.832,-24.902,0.000
1733122807.746,-19.043,-32.227,-23.438,-16.113,0.000
1733122807.750,-21.484,-44.434,-24.414,-6.348,0.000
1733122807.754,-26.367,-45.898,-23.438,-3.418,0.000
1733122807.758,-32.227,-34.180,-26.855,-9.766,0.000
1733122807.762,-25.391,-29.297,-31.738,-19.043,0.000
1733122807.766,-6.348,-26.367,-35.645,-22.461,0.000
1733122807.770,-10.742,-30.273,-39.062,-13.672,0.000
1733122807.774,-27.344,-30.762,-34.668,-3.418,0.000
1733122807.778,-31.250,-28.809,-29.785,-13.672,0.000
1733122807.782,-24.414,-30.273,-35.156,-26.367,0.000
1733122807.785,-17.578,-29.297,-42.480,-29.785,0.000
1733122807.789,-18.555,-34.180,-45.410,-37.109,0.000
1733122807.793,-23.438,-35.156,-40.527,-32.227,0.000
1733122807.797,-32.715,-35.645,-33.691,-24.902,0.000
1733122807.801,-35.645,-35.156,-34.668,-30.273,0.000
1733122807.805,-29.785,-25.391,-41.992,-33.203,0.000
1733122807.809,-22.949,-21.973,-38.574,-32.227,0.000
1733122807.813,-23.926,-27.344,-35.645,-19.043,0.000
1733122807.817,-31.250,-29.785,-46.387,-15.625,0.000
1733122807.821,-39.551,-28.320,-47.363,-27.832,0.000
1733122807.824,-35.645,-28.809,-41.504,-24.414,0.000
1733122807.828,-26.367,-27.832,-39.062,-22.461,0.000
1733122807.832,-30.762,-31.250,-39.062,-21.973,0.000
1733122807.836,-40.039,-33.203,-38.574,-19.043,0.000
1733122807.840,-46.387,-32.715,-36.621,-20.020,0.000
1733122807.844,-38.574,-27.344,-31.250,-24.902,0.000
1733122807.848,-30.762,-23.926,-32.227,-22.949,0.000
1733122807.852,-31.738,-27.832,-33.691,-15.625,0.000
1733122807.856,-38.086,-30.762,-35.645,-20.996,0.000
1733122807.860,-43.457,-41.016,-38.574,-23.926,0.000
1733122807.864,-38.086,-34.668,-35.645,-25.391,0.000
1733122807.867,-21.973,-22.949,-40.039,-32.227,0.000
1733122807.871,-4.883,-24.902,-46.875,-28.320,0.000
1733122807.875,-10.742,-23.926,-45.898,-27.344,0.000
1733122807.879,-12.695,-32.227,-38.574,-30.762,0.000
1733122807.883,0.488,-28.809,-40.527,-30.273,0.000
1733122807.887,-12.695,-16.602,-46.875,-40.527,0.000
1733122807.891,-21.973,-18.555,-46.875,-41.992,0.000
1733122807.895,-34.668,-13.184,-56.641,-41.992,0.000
1733122807.899,-57.129,-20.996,-55.176,-51.270,0.000
1733122807.903,-56.641,-30.273,-43.945,-48.828,0.000
1733122807.907,-51.758,-26.855,-44.434,-44.922,0.000
1733122807.910,-44.922,-17.578,-48.340,-51.270,0.000
1733122807.914,-34.180,-24.414,-47.852,-44.922,0.000
1733122807.918,-37.598,-37.109,-50.781,-41.504,0.000
1733122807.922,-44.434,-40.039,-49.805,-44.434,0.000
1733122807.926,-41.992,-47.363,-38.574,-34.668,0.000
1733122807.930,-40.527,-49.316,-36.621,-30.273,0.000
1733122807.934,-43.945,-54.199,-39.062,-32.227,0.000
1733122807.938,-51.270,-63.477,-40.039,-39.062,0.000
1733122807.942,-45.410,-60.059,-36.621,-38.574,0.000
1733122807.946,-30.762,-52.246,-38.574,-36.133,0.000
1733122807.949,-28.320,-52.734,-39.062,-26.367,0.000
1733122807.953,-31.738,-46.875,-37.109,-18.066,0.000
1733122807.957,-42.969,-37.109,-35.156,-30.273,0.000
1733122807.961,-43.457,-39.551,-38.086,-38.086,0.000
1733122807.965,-38.086,-36.621,-45.898,-43.457,0.000
1733122807.969,-29.785,-22.949,-42.480,-41.992,0.000
1733122807.973,-22.461,-20.020,-39.551,-30.762,0.000
1733122807.977,-28.320,-33.203,-41.016,-26.855,0.000
1733122807.981,-34.180,-28.809,-39.062,-26.367,0.000
1733122807.985,-30.273,-17.090,-41.504,-32.715,0.000
1733122807.989,-19.531,-19.043,-42.969,-37.109,0.000
1733122807.992,-29.297,-27.832,-43.457,-31.250,0.000
1733122807.996,-40.039,-29.297,-44.922,-27.344,0.000
1733122808.000,-36.133,-21.973,-49.805,-41.992,0.000
1733122808.004,-31.738,-22.949,-50.293,-49.316,0.000
1733122808.008,-29.297,-35.645,-50.293,-40.527,0.000
1733122808.012,-31.250,-38.574,-48.340,-30.762,0.000
1733122808.016,-28.320,-31.250,-45.410,-27.344,0.000
1733122808.020,-23.926,-32.227,-41.992,-23.438,0.000
1733122808.024,-27.344,-30.762,-33.691,-23.926,0.000
1733122808.028,-36.133,-37.109,-32.715,-25.391,0.000
1733122808.031,-31.250,-38.086,-36.133,-20.508,0.000
1733122808.035,-27.344,-36.133,-41.504,-24.902,0.000
1733122808.039,-32.227,-39.551,-41.504,-24.902,0.000
1733122808.043,-32.715,-35.156,-34.668,-30.273,0.000
1733122808.047,-23.926,-32.227,-27.344,-29.785,0.000
1733122808.051,-26.367,-32.715,-31.250,-22.949,0.000
1733122808.055,-36.133,-35.156,-37.109,-21.973,0.000
1733122808.059,-38.086,-26.855,-38.086,-23.438,0.000
1733122808.063,-32.715,-21.484,-44.434,-35.645,0.000
1733122808.067,-25.391,-31.250,-49.805,-35.156,0.000
1733122808.071,-27.344,-37.598,-49.316,-29.297,0.000
1733122808.074,-34.180,-43.945,-45.898,-30.762,0.000
1733122808.078,-38.574,-46.875,-47.363,-40.039,0.000
1733122808.082,-31.250,-43.945,-51.270,-42.969,0.000
1733122808.086,-24.902,-41.992,-47.363,-30.762,0.000
1733122808.090,-30.273,-41.504,-45.898,-28.809,0.000
1733122808.094,-29.297,-46.387,-50.293,-27.344,0.000
1733122808.098,-23.926,-47.852,-46.875,-19.531,0.000
1733122808.102,-23.926,-40.527,-47.363,-25.391,0.000
1733122808.106,-22.461,-34.180,-48.340,-31.250,0.000
1733122808.110,-23.438,-40.527,-46.875,-28.320,0.000
1733122808.114,-26.367,-46.387,-49.805,-23.438,0.000
1733122808.117,-40.039,-47.852,-44.922,-22.461,0.000
1733122808.121,-39.062,-45.410,-35.645,-13.184,0.000
1733122808.125,-18.066,-37.109,-40.527,-8.301,0.000
1733122808.129,-20.996,-29.785,-48.340,-22.949,0.000
1733122808.133,-29.785,-30.273,-41.992,-33.203,0.000
1733122808.137,-23.926,-28.809,-42.969,-29.785,0.000
1733122808.141,-33.203,-21.484,-47.852,-38.086,0.000
1733122808.145,-31.738,-22.461,-47.852,-36.133,0.000
1733122808.149,-30.273,-18.066,-43.945,-32.227,0.000
1733122808.153,-28.320,-20.508,-44.922,-31.250,0.000
1733122808.156,-23.926,-24.902,-49.316,-26.367,0.000
1733122808.160,-30.273,-20.996,-47.852,-34.668,0.000
1733122808.164,-27.832,-19.043,-50.293,-41.992,0.000
1733122808.168,-17.090,-12.695,-48.340,-32.715,0.000
1733122808.172,-19.531,-18.066,-45.410,-26.367,0.000
1733122808.176,-26.855,-24.902,-48.828,-26.855,0.000
1733122808.180,-32.227,-20.020,-46.875,-34.668,0.000
1733122808.184,-26.855,-17.090,-52.734,-37.598,0.000
1733122808.188,-17.578,-20.020,-57.129,-28.809,0.000
1733122808.192,-21.484,-25.391,-52.734,-27.344,0.000
1733122808.196,-28.809,-23.438,-51.270,-32.715,0.000
1733122808.199,-36.133,-27.344,-51.270,-34.668,0.000
1733122808.203,-33.691,-32.227,-47.363,-30.273,0.000
1733122808.207,-27.344,-24.414,-46.387,-28.809,0.000
1733122808.211,-25.391,-13.672,-45.898,-32.227,0.000
1733122808.215,-26.367,-15.137,-47.363,-30.762,0.000
1733122808.219,-32.227,-20.020,-45.898,-25.391,0.000
1733122808.223,-24.902,-15.137,-39.062,-28.320,0.000
1733122808.227,-17.578,-10.254,-42.969,-30.762,0.000
1733122808.231,-26.367,-14.160,-43.945,-29.297,0.000
1733122808.235,-32.227,-22.461,-42.480,-20.508,0.000
1733122808.238,-32.715,-21.484,-43.945,-27.832,0.000
1733122808.242,-32.715,-14.160,-40.527,-43.457,0.000
1733122808.246,-24.902,-9.277,-38.574,-40.039,0.000
1733122808.250,-24.414,-13.672,-36.133,-35.156,0.000
1733122808.254,-30.273,-20.508,-34.180,-34.180,0.000
1733122808.258,-33.691,-19.043,-36.133,-37.109,0.000
1733122808.262,-34.668,-17.578,-46.875,-43.945,0.000
1733122808.266,-24.414,-18.066,-47.363,-40.527,0.000
1733122808.270,-12.695,-15.137,-37.109,-31.738,0.000
1733122808.274,-17.578,-12.207,-37.109,-27.832,0.000
1733122808.278,-27.344,-20.996,-38.574,-23.438,0.000
1733122808.281,-26.855,-19.531,-32.227,-27.832,0.000
1733122808.285,-26.367,-10.254,-26.855,-35.645,0.000
1733122808.289,-24.414,-17.578,-33.691,-38.086,0.000
1733122808.293,-21.484,-23.926,-36.133,-24.414,0.000
1733122808.297,-32.227,-25.391,-30.762,-16.602,0.000
1733122808.301,-39.551,-26.855,-31.738,-29.785,0.000
1733122808.305,-37.598,-22.461,-38.086,-41.992,0.000
1733122808.309,-27.832,-14.160,-39.551,-39.062,0.000
1733122808.313,-14.648,-15.625,-38.574,-32.227,0.000
1733122808.317,-16.602,-20.020,-40.039,-23.926,0.000
1733122808.320,-22.949,-15.625,-38.574,-29.297,0.000
1733122808.324,-18.066,-18.066,-37.598,-24.414,0.000
1733122808.328,-19.531,-19.043,-39.551,-17.578,0.000
1733122808.332,-27.344,-17.090,-45.898,-24.414,0.000
1733122808.336,-35.645,-20.996,-47.852,-28.809,0.000
1733122808.340,-38.574,-19.043,-43.457,-36.133,0.000
1733122808.344,-31.250,-6.348,-42.480,-41.504,0.000
1733122808.348,-30.273,-5.371,-43.945,-40.039,0.000
1733122808.352,-34.180,-12.207,-40.527,-30.762,0.000
1733122808.356,-33.203,-13.672,-38.086,-20.020,0.000
1733122808.360,-35.156,-16.602,-37.598,-23.438,0.000
1733122808.363,-34.668,-15.625,-47.363,-34.180,0.000
1733122808.367,-36.621,-14.160,-57.617,-40.527,0.000
1733122808.371,-26.367,-14.160,-51.758,-30.762,0.000
1733122808.375,-24.902,-13.672,-44.434,-21.973,0.000
1733122808.379,-41.016,-12.207,-46.387,-35.645,0.000
1733122808.383,-43.945,-15.625,-49.805,-42.480,0.000
1733122808.387,-38.574,-21.484,-42.480,-33.691,0.000
1733122808.391,-34.668,-24.414,-39.062,-34.180,0.000
1733122808.395,-31.738,-26.367,-39.551,-24.902,0.000
1733122808.399,-38.574,-26.367,-33.691,-12.207,0.000
1733122808.403,-29.785,-22.461,-30.273,-23.438,0.000
1733122808.406,-11.719,-17.578,-34.668,-32.715,0.000
1733122808.410,-0.488,-16.602,-39.062,-31.250,0.000
1733122808.414,10.254,-15.137,-36.133,-18.555,0.000
1733122808.418,1.465,-17.578,-34.668,-13.184,0.000
1733122808.422,-8.789,-18.555,-38.086,-24.414,0.000
1733122808.426,-3.906,-15.625,-39.551,-28.320,0.000
1733122808.430,-1.953,-17.090,-39.062,-15.137,0.000
1733122808.434,-16.602,-14.160,-32.715,-9.277,0.000
1733122808.438,-27.344,-12.695,-29.297,-11.719,0.000
1733122808.442,-26.367,-13.672,-36.621,-14.160,0.000
1733122808.446,-23.438,-9.277,-41.504,-17.578,0.000
1733122808.449,-21.973,-8.301,-41.992,-22.949,0.000
1733122808.453,-20.508,-10.254,-38.574,-19.043,0.000
1733122808.457,-23.438,-7.812,-40.039,-20.020,0.000
1733122808.461,-28.809,-4.395,-41.016,-31.738,0.000
1733122808.465,-28.320,0.488,-36.621,-28.320,0.000
1733122808.469,-23.926,3.418,-37.598,-23.926,0.000
1733122808.473,-20.020,-4.883,-44.434,-17.090,0.000
1733122808.477,-20.996,-0.488,-41.504,-7.324,0.000
1733122808.481,-29.297,1.953,-41.016,-21.484,0.000
1733122808.485,-32.715,-3.906,-46.875,-31.250,0.000
1733122808.488,-27.832,-1.953,-42.480,-24.414,0.000
1733122808.492,-30.762,2.930,-43.945,-17.578,0.000
1733122808.496,-35.156,4.395,-46.875,-11.230,0.000
1733122808.500,-38.574,-2.930,-40.039,-17.090,0.000
1733122808.504,-35.645,-8.301,-35.645,-27.344,0.000
1733122808.508,-25.391,-3.418,-35.645,-22.949,0.000
1733122808.512,-21.973,-2.441,-33.203,-16.113,0.000
1733122808.516,-26.855,-6.348,-33.203,-13.184,0.000
1733122808.520,-24.902,-6.348,-36.621,-15.137,0.000
1733122808.524,-19.043,0.488,-36.621,-21.484,0.000
1733122808.527,-21.484,3.418,-37.598,-21.484,0.000
1733122808.531,-21.484,-5.371,-45.410,-22.461,0.000
1733122808.535,-26.367,-2.930,-44.434,-23.926,0.000
1733122808.539,-36.621,-1.465,-44.922,-28.320,0.000
1733122808.543,-37.598,-6.348,-48.340,-38.574,0.000
1733122808.547,-36.133,-11.230,-43.457,-38.086,0.000
1733122808.551,-28.809,-10.254,-36.621,-27.344,0.000
1733122808.555,-30.273,-18.066,-39.062,-17.090,0.000
1733122808.559,-41.992,-21.973,-43.457,-29.297,0.000
1733122808.563,-41.016,-19.043,-41.992,-39.551,0.000
1733122808.567,-37.109,-21.484,-47.363,-35.156,0.000
1733122808.571,-38.086,-23.926,-47.852,-39.062,0.000
1733122808.574,-38.086,-33.691,-45.410,-35.156,0.000
1733122808.578,-41.016,-33.203,-43.457,-24.902,0.000
1733122808.582,-42.480,-31.738,-46.387,-27.344,0.000
1733122808.586,-37.109,-33.691,-48.340,-28.320,0.000
1733122808.590,-37.109,-42.969,-52.246,-31.250,0.000
1733122808.594,-41.992,-49.805,-51.758,-30.762,0.000
1733122808.598,-49.316,-50.293,-55.176,-31.250,0.000
1733122808.602,-50.781,-52.734,-55.176,-41.016,0.000
1733122808.606,-45.898,-62.012,-47.363,-40.039,0.000
1733122808.610,-33.691,-68.848,-49.805,-26.367,0.000
1733122808.613,-26.367,-62.500,-53.711,-26.855,0.000
1733122808.617,-39.551,-59.570,-57.129,-38.574,0.000
1733122808.621,-41.992,-60.059,-56.152,-42.969,0.000
1733122808.625,-29.297,-57.617,-54.688,-36.133,0.000
1733122808.629,-24.902,-48.828,-56.152,-33.691,0.000
1733122808.633,-27.344,-45.898,-49.805,-26.855,0.000
1733122808.637,-34.668,-54.688,-44.922,-22.461,0.000
1733122808.641,-35.156,-51.270,-49.316,-28.809,0.000
1733122808.645,-30.273,-48.340,-50.781,-31.738,0.000
1733122808.649,-27.832,-51.758,-50.781,-30.762,0.000
1733122808.653,-26.367,-54.199,-56.641,-22.949,0.000
1733122808.656,-33.203,-51.270,-52.246,-16.113,0.000
1733122808.660,-44.922,-44.434,-47.852,-29.785,0.000
1733122808.664,-43.457,-46.387,-46.387,-40.039,0.000
1733122808.668,-34.180,-45.898,-47.363,-36.133,0.000
1733122808.672,-31.250,-42.480,-50.293,-29.297,0.000
1733122808.676,-32.715,-43.945,-44.922,-23.926,0.000
1733122808.680,-36.621,-47.852,-46.387,-32.227,0.000
1733122808.684,-41.992,-41.992,-49.316,-44.434,0.000
1733122808.688,-41.504,-37.109,-44.434,-40.527,0.000
1733122808.692,-40.039,-40.039,-40.527,-35.645,0.000
1733122808.695,-48.828,-41.992,-40.527,-32.715,0.000
1733122808.699,-59.570,-43.457,-38.086,-34.180,0.000
1733122808.703,-54.688,-38.574,-35.156,-36.621,0.000
1733122808.707,-46.387,-33.203,-40.039,-40.527,0.000
1733122808.711,-38.086,-35.645,-41.016,-38.086,0.000
1733122808.715,-37.598,-36.621,-37.598,-23.926,0.000
1733122808.719,-38.574,-29.785,-32.227,-27.344,0.000
1733122808.723,-29.785,-25.879,-29.785,-36.133,0.000
1733122808.727,-23.926,-33.203,-33.203,-29.785,0.000
1733122808.731,-20.020,-32.715,-34.668,-23.438,0.000
1733122808.735,-24.414,-23.438,-33.203,-23.438,0.000
1733122808.738,-28.809,-21.973,-37.109,-26.855,0.000
1733122808.742,-29.785,-23.438,-43.945,-32.227,0.000
1733122808.746,-29.785,-17.578,-41.504,-33.691,0.000
1733122808.750,-24.414,-16.113,-43.457,-30.762,0.000
1733122808.754,-20.508,-22.461,-47.852,-26.367,0.000
1733122808.758,-23.926,-27.832,-45.410,-20.508,0.000
1733122808.762,-28.809,-25.879,-44.434,-32.715,0.000
1733122808.766,-23.926,-20.996,-42.480,-39.062,0.000
1733122808.770,-19.531,-25.391,-40.527,-35.645,0.000
1733122808.774,-23.438,-27.344,-41.992,-28.809,0.000
1733122808.778,-23.926,-22.461,-41.016,-16.602,0.000
1733122808.781,-29.785,-22.461,-41.504,-31.738,0.000
1733122808.785,-32.715,-21.973,-43.457,-41.016,0.000
1733122808.789,-27.832,-30.273,-43.457,-25.879,0.000
1733122808.793,-29.785,-39.551,-43.457,-14.160,0.000
1733122808.797,-29.785,-31.250,-40.527,-10.742,0.000
1733122808.801,-28.809,-25.391,-34.180,-17.090,0.000
1733122808.805,-25.879,-24.414,-27.344,-23.926,0.000
1733122808.809,-20.508,-21.973,-30.273,-19.043,0.000
1733122808.813,-12.695,-21.973,-35.645,-8.789,0.000
1733122808.817,-20.508,-27.832,-34.668,-7.324,0.000
1733122808.820,-29.785,-32.715,-36.621,-14.160,0.000
1733122808.824,-27.832,-29.297,-38.574,-29.785,0.000
1733122808.828,-22.949,-22.949,-38.574,-37.598,0.000
1733122808.832,-19.531,-21.973,-40.527,-23.438,0.000
1733122808.836,-21.484,-20.020,-40.527,-17.578,0.000
1733122808.840,-25.879,-15.625,-43.945,-27.832,0.000
1733122808.844,-25.879,-15.137,-44.922,-34.668,0.000
1733122808.848,-14.160,-15.137,-40.527,-26.855,0.000
1733122808.852,-16.113,-12.695,-39.551,-16.113,0.000
1733122808.856,-31.738,-13.184,-44.434,-17.090,0.000
1733122808.860,-34.180,-16.113,-41.992,-26.367,0.000
1733122808.863,-26.367,-14.648,-34.668,-39.062,0.000
1733122808.867,-21.484,-12.695,-32.227,-30.762,0.000
1733122808.871,-21.484,-12.695,-38.086,-22.949,0.000
1733122808.875,-27.832,-20.020,-41.504,-23.438,0.000
1733122808.879,-41.016,-25.391,-41.504,-27.344,0.000
1733122808.883,-39.551,-20.508,-42.969,-36.621,0.000
1733122808.887,-31.738,-19.531,-45.410,-39.062,0.000
1733122808.891,-34.180,-22.949,-46.387,-40.039,0.000
1733122808.895,-36.133,-27.344,-44.922,-22.461,0.000
1733122808.899,-41.016,-25.391,-41.016,-18.066,0.000
1733122808.902,-45.898,-23.926,-41.504,-35.645,0.000
1733122808.906,-43.945,-35.645,-50.293,-36.621,0.000
1733122808.910,-42.969,-39.062,-45.898,-29.297,0.000
1733122808.914,-38.574,-29.785,-39.062,-17.578,0.000
1733122808.918,-42.480,-30.273,-41.504,-16.113,0.000
1733122808.922,-48.340,-34.668,-42.480,-32.227,0.000
1733122808.926,-36.621,-34.668,-46.387,-38.086,0.000
1733122808.930,-22.949,-37.598,-50.781,-36.133,0.000
1733122808.934,-22.949,-33.691,-50.293,-38.086,0.000
1733122808.938,-15.625,-29.785,-48.340,-27.832,0.000
1733122808.942,-15.137,-27.344,-47.363,-24.414,0.000
1733122808.945,-16.113,-19.043,-52.246,-34.668,0.000
1733122808.949,-9.766,-19.043,-48.828,-32.715,0.000
1733122808.953,-12.695,-19.531,-42.480,-21.484,0.000
1733122808.957,-20.508,-20.508,-45.898,-20.508,0.000
1733122808.961,-28.809,-24.414,-44.922,-30.762,0.000
1733122808.965,-36.133,-26.855,-38.086,-39.551,0.000
1733122808.969,-37.109,-27.832,-39.551,-44.434,0.000
1733122808.973,-37.598,-26.855,-38.574,-36.621,0.000
1733122808.977,-44.434,-30.273,-42.969,-30.762,0.000
1733122808.981,-52.734,-28.809,-44.434,-37.109,0.000
1733122808.985,-50.781,-26.367,-44.434,-34.180,0.000
1733122808.988,-38.574,-21.484,-47.852,-33.203,0.000
1733122808.992,-35.156,-18.066,-48.828,-35.645,0.000
1733122808.996,-38.086,-29.297,-49.805,-24.902,0.000
1733122809.000,-38.086,-29.785,-45.410,-26.367,0.000
1733122809.004,-29.297,-23.438,-39.551,-30.273,0.000
1733122809.008,-18.066,-23.926,-39.551,-22.461,0.000
1733122809.012,-20.020,-27.832,-42.969,-14.160,0.000
1733122809.016,-26.367,-27.344,-44.922,-6.836,0.000
1733122809.020,-33.203,-23.926,-46.387,-16.602,0.000
1733122809.024,-34.668,-30.762,-53.223,-30.273,0.000
1733122809.027,-30.273,-41.504,-58.105,-24.414,0.000
1733122809.031,-26.855,-38.574,-53.711,-17.090,0.000
1733122809.035,-33.203,-25.879,-44.434,-18.555,0.000
1733122809.039,-41.504,-29.297,-42.480,-24.902,0.000
1733122809.043,-36.621,-29.297,-46.387,-33.691,0.000
1733122809.047,-28.809,-21.973,-45.410,-31.738,0.000
1733122809.051,-27.344,-16.113,-42.969,-24.414,0.000
1733122809.055,-31.738,-23.438,-41.992,-10.742,0.000
1733122809.059,-37.598,-24.902,-42.969,-13.672,0.000
1733122809.063,-36.133,-22.461,-40.039,-28.320,0.000
1733122809.067,-27.344,-26.367,-39.551,-27.344,0.000
1733122809.070,-16.602,-21.973,-40.527,-17.578,0.000
1733122809.074,-13.672,-26.367,-45.898,0.000,0.000
1733122809.078,-16.602,-25.391,-49.805,1.465,0.000
1733122809.082,-15.137,-13.672,-46.387,-18.066,0.000
1733122809.086,-14.648,-17.578,-44.922,-20.996,0.000
1733122809.090,-17.578,-29.785,-48.828,-19.531,0.000
1733122809.094,-19.043,-39.062,-52.734,-16.602,0.000
1733122809.098,-25.879,-51.758,0.000,-12.695,0.000
1733122809.102,-26.855,-54.688,0.000,-22.461,0.000
1733122809.106,-25.391,-48.828,0.000,-35.645,0.000
1733122809.109,-27.832,-46.387,0.000,-28.320,0.000
1733122809.113,-30.273,-46.387,0.000,-13.184,0.000
1733122809.117,-38.574,-56.152,0.000,-11.719,0.000
1733122809.121,-45.410,-60.059,0.000,-29.297,0.000
1733122809.125,-44.434,-56.641,0.000,-43.457,0.000
1733122809.129,-41.016,-63.965,0.000,-38.086,0.000
1733122809.133,-31.738,-66.895,0.000,-23.438,0.000
1733122809.137,-30.762,-61.035,0.000,-19.531,0.000
1733122809.141,-31.738,-51.270,0.000,-34.180,0.000
1733122809.145,-29.785,-46.875,-42.480,-33.691,0.000
1733122809.149,-24.414,-44.434,-40.527,-28.320,0.000
1733122809.152,-17.090,-41.504,-44.922,-24.902,0.000
1733122809.156,-24.414,-43.945,-46.387,-18.555,0.000
1733122809.160,-27.832,-43.457,-41.992,-28.809,0.000
1733122809.164,-22.949,-41.992,-40.527,-35.156,0.000
1733122809.168,-18.555,-41.992,-38.086,-28.320,0.000
1733122809.172,-20.020,-41.504,-40.039,-21.973,0.000
1733122809.176,-21.484,-39.062,-42.969,-16.602,0.000
1733122809.180,-20.508,-39.062,-50.781,-16.602,0.000
1733122809.184,-12.207,-28.809,-60.059,-20.996,0.000
1733122809.188,-10.254,-28.809,-47.363,-20.996,0.000
1733122809.192,-22.949,-39.062,-43.945,-20.996,0.000
1733122809.195,-24.902,-31.250,-44.922,-14.160,0.000
1733122809.199,-27.344,-28.809,-35.645,-9.277,0.000
1733122809.203,-34.180,-37.598,-32.715,-16.113,0.000
1733122809.207,-31.250,-40.039,-29.297,-16.113,0.000
1733122809.211,-23.926,-43.457,-29.297,-17.578,0.000
1733122809.215,-27.832,-46.875,-34.668,-20.996,0.000
1733122809.219,-37.598,-44.434,-39.551,-19.043,0.000
1733122809.223,-39.551,-45.898,-37.598,-19.043,0.000
1733122809.227,-36.133,-41.504,-34.180,-19.043,0.000
1733122809.231,-34.668,-33.203,-35.645,-18.066,0.000
1733122809.234,-32.715,-35.645,-38.574,-11.230,0.000
1733122809.238,-35.645,-39.062,-37.109,-14.648,0.000
1733122809.242,-34.180,-30.273,-31.738,-26.367,0.000
1733122809.246,-24.902,-23.438,-34.180,-28.809,0.000
1733122809.250,-25.391,-32.227,-41.992,-29.785,0.000
1733122809.254,-20.020,-30.762,-36.621,-22.461,0.000
1733122809.258,-21.973,-27.344,-31.250,-18.555,0.000
1733122809.262,-31.250,-30.273,-31.250,-28.809,0.000
1733122809.266,-24.414,-30.762,-29.785,-36.133,0.000
1733122809.270,-23.438,-37.598,-31.738,-29.297,0.000
1733122809.274,-19.043,-36.133,-29.785,-19.531,0.000
1733122809.277,-18.555,-32.715,-29.297,-18.066,0.000
1733122809.281,-30.762,-37.598,-33.691,-24.414,0.000
1733122809.285,-27.344,-30.762,-32.715,-34.668,0.000
1733122809.289,-23.438,-32.227,-34.180,-31.250,0.000
1733122809.293,-22.461,-35.645,-36.133,-23.926,0.000
1733122809.297,-23.926,-35.645,-35.156,-16.113,0.000
1733122809.301,-31.738,-40.527,-32.715,-21.484,0.000
1733122809.305,-27.832,-41.992,-30.273,-31.738,0.000
1733122809.309,-21.973,-39.551,-30.273,-22.461,0.000
1733122809.313,-23.438,-36.621,-30.273,-10.254,0.000
1733122809.316,-24.414,-32.715,-29.785,-2.441,0.000
1733122809.320,-32.715,-23.438,-28.320,-12.695,0.000
1733122809.324,-31.250,-18.555,-29.297,-20.508,0.000
1733122809.328,-25.879,-23.926,-26.855,-16.602,0.000
1733122809.332,-32.715,-25.391,-32.227,-20.020,0.000
1733122809.336,-28.320,-19.043,-37.598,-20.020,0.000
1733122809.340,-28.320,-22.461,-38.574,-20.996,0.000
1733122809.344,-28.320,-22.949,-33.203,-28.320,0.000
1733122809.348,-25.879,-20.996,-30.273,-28.320,0.000
1733122809.352,-20.996,-27.832,-30.273,-20.508,0.000
1733122809.356,-25.391,-28.809,-31.250,-18.066,0.000
1733122809.359,-29.297,-27.832,-37.109,-17.090,0.000
1733122809.363,-36.133,-26.367,-38.086,-26.855,0.000
1733122809.367,-37.109,-18.555,-37.109,-33.691,0.000
1733122809.371,-24.902,-19.531,-38.574,-27.832,0.000
1733122809.375,-29.297,-23.438,-38.086,-20.020,0.000
1733122809.379,-33.691,-22.461,-35.645,-15.137,0.000
1733122809.383,-40.527,-25.879,-39.062,-33.691,0.000
1733122809.387,-38.574,-26.367,-39.062,-39.551,0.000
1733122809.391,-34.180,-26.367,-36.621,-29.297,0.000
1733122809.395,-38.086,-28.809,-37.109,-26.367,0.000
1733122809.399,-43.945,-23.926,-34.180,-25.879,0.000
1733122809.402,-47.363,-25.879,-32.715,-34.668,0.000
1733122809.406,-41.016,-24.414,-36.133,-35.156,0.000
1733122809.410,-35.156,-15.625,-38.086,-35.645,0.000
1733122809.414,-34.668,-22.461,-37.598,-33.203,0.000
1733122809.418,-37.598,-29.297,-40.527,-28.809,0.000
1733122809.422,-42.969,-29.297,-46.875,-40.527,0.000
1733122809.426,-39.062,-29.785,-44.434,-44.434,0.000
1733122809.430,-32.715,-28.320,-40.527,-36.621,0.000
1733122809.434,-39.551,-30.762,-48.340,-32.227,0.000
1733122809.438,-40.039,-29.297,-47.363,-30.762,0.000
1733122809.441,-39.062,-20.508,-43.945,-40.527,0.000
1733122809.445,-37.598,-19.043,-41.016,-56.641,0.000
1733122809.449,-20.020,-21.973,-35.645,-48.340,0.000
1733122809.453,-8.789,-16.602,-37.109,-38.574,0.000
1733122809.457,-12.695,-14.648,-36.133,-43.457,0.000
1733122809.461,-18.066,-21.973,-36.133,-49.805,0.000
1733122809.465,-26.855,-21.973,-37.598,-50.293,0.000
1733122809.469,-32.227,-6.836,-40.039,-52.734,0.000
1733122809.473,-41.016,-4.883,-36.133,-47.852,0.000
1733122809.477,-42.480,-11.230,-33.203,-30.273,0.000
1733122809.481,-27.832,-9.766,-36.133,-25.879,0.000
1733122809.484,-40.039,-21.484,-33.691,-40.039,0.000
1733122809.488,-56.152,-26.855,-34.180,-50.781,0.000
1733122809.492,-55.176,-28.320,-37.598,-35.156,0.000
1733122809.496,-52.246,-31.250,-43.457,-25.391,0.000
1733122809.500,-68.848,-30.762,-36.133,-40.527,0.000
1733122809.504,-77.148,-30.762,-28.809,-53.711,0.000
1733122809.508,-62.988,-29.297,-27.832,-44.922,0.000
1733122809.512,-58.105,-34.180,-21.973,-38.086,0.000
1733122809.516,-45.898,-32.227,-25.879,-38.086,0.000
1733122809.520,-45.410,-27.832,-32.227,-40.527,0.000
1733122809.524,-50.293,-32.227,-28.809,-46.387,0.000
1733122809.527,-50.293,-31.250,-20.996,-34.180,0.000
1733122809.531,-44.434,-27.832,-19.043,-20.020,0.000
1733122809.535,-51.758,-36.621,-23.926,-25.879,0.000
1733122809.539,-48.340,-44.922,-24.414,-39.062,0.000
1733122809.543,-45.898,-34.668,-28.809,-38.086,0.000
1733122809.547,-53.711,-33.203,-30.762,-34.668,0.000
1733122809.551,-17.578,-37.109,-27.832,-37.109,0.000
1733122809.555,-26.367,-44.922,-29.297,-26.367,0.000
1733122809.559,-51.758,-50.293,-28.320,-15.625,0.000
1733122809.563,-42.969,-41.504,-30.762,-28.809,0.000
1733122809.567,-35.156,-36.133,-38.086,-40.527,0.000
1733122809.570,-24.414,-34.668,-30.762,-27.832,0.000
1733122809.574,-21.484,-30.762,-27.344,-8.789,0.000
1733122809.578,-29.297,-29.297,-30.273,-11.230,0.000
1733122809.582,-30.762,-30.762,-31.250,-13.184,0.000
1733122809.586,-24.414,-24.902,-35.156,-22.949,0.000
1733122809.590,-26.367,-19.043,-37.598,-35.645,0.000
1733122809.594,-36.133,-23.926,-36.621,-23.438,0.000
1733122809.598,-25.391,-30.273,-38.086,-1.465,0.000
1733122809.602,-26.367,-25.879,-35.645,-6.836,0.000
1733122809.606,-15.625,-16.113,-32.715,-22.949,0.000
1733122809.609,-5.859,-16.113,-34.668,-11.719,0.000
1733122809.613,-0.977,-19.531,-30.762,4.395,0.000
1733122809.617,-3.418,-22.461,-26.855,4.883,0.000
1733122809.621,-14.648,-23.926,-30.273,-2.930,0.000
1733122809.625,-17.090,-24.902,-29.297,-10.254,0.000
1733122809.629,-1.953,-20.508,-23.926,-6.348,0.000
1733122809.633,7.812,-19.043,-25.879,-2.441,0.000
1733122809.637,-0.488,-16.602,-25.391,13.184,0.000
1733122809.641,-1.953,-13.672,-26.855,7.812,0.000
1733122809.645,-1.953,-20.996,-25.391,-2.441,0.000
1733122809.649,-2.441,-23.926,-29.297,-6.348,0.000
1733122809.652,-6.836,-26.855,-36.133,-9.277,0.000
1733122809.656,-13.184,-36.133,-37.598,5.371,0.000
1733122809.660,-18.066,-39.551,-39.551,-4.883,0.000
1733122809.664,-23.438,-35.645,-45.410,-23.438,0.000
1733122809.668,-28.320,-38.086,-44.434,-27.344,0.000
1733122809.672,-18.555,-40.527,-34.180,-12.207,0.000
1733122809.676,-16.602,-40.039,-28.809,-6.836,0.000
1733122809.680,-31.738,-46.387,-31.738,-29.785,0.000
1733122809.684,-37.598,-47.852,-33.691,-26.855,0.000
1733122809.688,-23.926,-50.293,-33.203,-10.254,0.000
1733122809.691,-25.879,-47.363,-38.574,-21.484,0.000
1733122809.695,-32.715,-45.410,-35.156,-9.277,0.000
1733122809.699,-31.738,-51.270,-32.227,-9.766,0.000
1733122809.703,-40.039,-53.223,-41.016,-46.387,0.000
1733122809.707,-47.852,-62.012,-38.086,-48.340,0.000
1733122809.711,-41.016,-59.082,-31.738,-32.715,0.000
1733122809.715,-25.391,-51.758,-39.062,-13.184,0.000
1733122809.719,-29.785,-54.688,-41.016,-23.926,0.000
1733122809.723,-71.777,-52.246,-27.344,-62.500,0.000
1733122809.727,-40.039,-45.410,-38.574,-63.477,0.000
1733122809.731,-45.898,-20.020,-43.945,-67.383,0.000
1733122809.734,-55.664,-31.250,-41.016,-37.109,0.000
1733122809.738,-57.129,-58.594,-48.828,-23.926,0.000
1733122809.742,-94.238,-42.969,-21.484,-84.961,0.000
1733122809.746,-76.172,-50.293,-22.461,-67.383,0.000
1733122809.750,-39.062,-56.641,-33.691,-9.766,0.000
1733122809.754,23.926,-46.875,-44.434,-0.977,0.000
1733122809.758,6.348,-47.363,-52.246,-18.066,0.000
1733122809.762,-25.391,-51.758,-51.270,-37.598,0.000
1733122809.766,-16.113,-49.805,-43.945,-13.184,0.000
1733122809.770,4.883,-45.410,-35.645,-0.977,0.000
1733122809.774,-7.812,-50.293,-31.250,-17.090,0.000
1733122809.777,-23.438,-66.895,-29.785,-17.090,0.000
1733122809.781,-26.855,-84.961,-21.973,-41.992,0.000
1733122809.785,-28.809,-92.773,-22.461,-38.574,0.000
1733122809.789,-7.812,-117.188,-33.691,19.043,0.000
1733122809.793,17.090,-140.625,-35.156,26.367,0.000
1733122809.797,9.766,-141.113,-36.621,3.418,0.000
1733122809.801,-8.301,-130.859,-34.668,-4.883,0.000
1733122809.805,-20.508,-131.348,-33.691,-13.184,0.000
1733122809.809,-6.348,-131.348,-33.203,4.395,0.000
1733122809.813,9.766,-127.441,-36.621,-7.324,0.000
1733122809.816,5.859,-124.023,-42.969,-33.203,0.000
1733122809.820,-13.184,-114.746,-47.852,-28.320,0.000
1733122809.824,-27.832,-118.164,-35.645,-20.508,0.000
1733122809.828,0.000,-112.305,-33.691,-41.504,0.000
1733122809.832,10.254,-102.539,-36.621,-22.949,0.000
1733122809.836,19.531,-98.633,-42.480,-2.441,0.000
1733122809.840,28.320,-98.145,-59.082,-5.859,0.000
1733122809.844,-18.066,-104.492,-53.223,-22.461,0.000
1733122809.848,-20.020,-105.469,-39.062,-34.668,0.000
1733122809.852,-5.859,-106.934,-36.621,-18.066,0.000
1733122809.856,-16.602,-101.074,-41.016,-28.320,0.000
1733122809.859,-7.812,-91.797,-30.762,-9.766,0.000
1733122809.863,-29.785,-95.215,-21.973,-20.020,0.000
1733122809.867,-14.160,-93.262,-29.785,-47.852,0.000
1733122809.871,-19.043,-84.961,-27.344,-20.508,0.000
1733122809.875,-36.621,-71.289,-22.949,-12.695,0.000
1733122809.879,-5.859,-70.312,-27.344,6.836,0.000
1733122809.883,-31.250,-61.035,-32.715,-26.367,0.000
1733122809.887,-37.598,-44.434,-36.621,-23.438,0.000
1733122809.891,-30.273,-39.551,-25.879,-6.836,0.000
1733122809.895,-12.695,-30.273,-29.785,1.953,0.000
1733122809.899,6.348,-13.672,-46.875,-6.836,0.000
1733122809.902,-30.762,2.930,-47.363,-40.039,0.000
1733122809.906,-23.926,9.766,-41.504,-23.438,0.000
1733122809.910,3.418,11.719,-39.551,-17.090,0.000
1733122809.914,7.324,21.484,-39.551,-5.371,0.000
1733122809.918,-0.488,28.809,-40.039,0.488,0.000
1733122809.922,-12.207,34.180,-28.320,-27.832,0.000
1733122809.926,12.207,40.039,-28.809,-29.297,0.000
1733122809.930,11.719,38.086,-34.668,-13.184,0.000
1733122809.934,-16.602,38.086,-31.250,0.000,0.000
1733122809.938,-25.391,37.598,-32.715,1.465,0.000
1733122809.941,-20.996,40.039,-41.504,-17.578,0.000
1733122809.945,-13.672,41.992,-36.621,-14.648,0.000
1733122809.949,-11.719,42.969,-29.297,-20.508,0.000
1733122809.953,-6.348,45.898,-33.691,-30.762,0.000
1733122809.957,2.441,44.922,-34.668,-20.508,0.000
1733122809.961,-19.531,38.086,-34.180,-28.320,0.000
1733122809.965,-35.156,34.180,-34.668,-27.344,0.000
1733122809.969,-24.902,31.738,-39.062,-29.785,0.000
1733122809.973,-19.043,27.344,-40.039,-31.250,0.000
1733122809.977,-8.789,25.391,-35.645,-20.508,0.000
1733122809.980,-36.621,26.367,-37.109,-12.695,0.000
1733122809.984,-51.270,23.926,-33.691,-4.395,0.000
1733122809.988,-51.270,27.832,-30.762,-13.184,0.000
1733122809.992,-37.109,35.156,-36.621,-18.066,0.000
1733122809.996,-3.418,25.391,-40.527,-10.254,0.000
1733122810.000,-4.883,19.531,-39.551,-8.301,0.000
1733122810.004,-14.648,20.508,-36.133,-11.230,0.000
1733122810.008,-28.809,15.137,-33.691,-18.066,0.000
1733122810.012,-38.086,10.742,-36.133,-19.043,0.000
1733122810.016,-26.367,8.789,-39.551,-16.113,0.000
1733122810.020,-33.203,0.488,-41.504,-20.508,0.000
1733122810.023,-41.016,0.488,-40.527,-31.250,0.000
1733122810.027,-45.898,5.859,-41.016,-41.504,0.000
1733122810.031,-35.645,-0.977,-41.992,-33.203,0.000
1733122810.035,-20.020,-1.465,-45.410,-25.391,0.000
1733122810.039,-30.273,-1.465,-41.504,-29.785,0.000
1733122810.043,-41.504,-2.930,-34.180,-40.527,0.000
1733122810.047,-39.551,-6.836,-36.621,-41.504,0.000
1733122810.051,-35.156,-9.277,-40.527,-34.668,0.000
1733122810.055,-28.809,-9.766,-44.922,-32.715,0.000
1733122810.059,-27.344,-9.277,-46.387,-34.668,0.000
1733122810.063,-35.156,-8.789,-40.527,-34.180,0.000
1733122810.066,-41.016,-6.836,-35.645,-35.156,0.000
1733122810.070,-38.086,-6.348,-40.039,-34.668,0.000
1733122810.074,-24.902,-5.859,-41.992,-21.484,0.000
1733122810.078,-30.273,-11.230,-40.039,-12.695,0.000
1733122810.082,-41.016,-16.113,-39.551,-28.320,0.000
1733122810.086,-48.340,-10.742,-37.598,-46.387,0.000
1733122810.090,-46.875,-10.742,-36.133,-38.574,0.000
1733122810.094,-35.645,-14.160,-35.645,-26.367,0.000
1733122810.098,-33.691,-14.648,-37.598,-25.391,0.000
1733122810.102,-36.133,-8.301,-37.598,-29.297,0.000
1733122810.106,-36.133,-9.277,-39.062,-44.922,0.000
1733122810.109,-36.133,-16.602,-40.527,-42.969,0.000
1733122810.113,-30.273,-12.207,-40.039,-26.367,0.000
1733122810.117,-26.855,-5.859,-40.039,-22.461,0.000
1733122810.121,-33.203,-10.742,-42.969,-31.738,0.000
1733122810.125,-34.668,-12.695,-39.551,-45.898,0.000
1733122810.129,-30.273,-11.230,-41.504,-43.457,0.000
1733122810.133,-34.668,-17.090,-50.781,-35.645,0.000
1733122810.137,-34.180,-22.949,-47.852,-32.227,0.000
1733122810.141,-37.109,-20.508,-44.434,-37.598,0.000
1733122810.145,-52.246,-23.438,-46.387,-56.152,0.000
1733122810.148,-52.734,-27.832,-49.805,-59.570,0.000
1733122810.152,-40.527,-32.227,-48.340,-43.945,0.000
1733122810.156,-32.227,-33.203,-43.945,-30.273,0.000
1733122810.160,-43.945,-31.250,-44.922,-31.738,0.000
1733122810.164,-55.176,-36.621,-46.387,-43.457,0.000
1733122810.168,-46.875,-36.621,-45.898,-51.758,0.000
1733122810.172,-42.480,-34.668,-43.945,-40.527,0.000
1733122810.176,-41.992,-32.715,-44.434,-25.391,0.000
1733122810.180,-50.293,-36.621,-49.805,-29.785,0.000
1733122810.184,-57.617,-37.598,-51.270,-49.316,0.000
1733122810.188,-49.316,-31.250,-46.875,-50.781,0.000
1733122810.191,-39.551,-29.785,-47.363,-40.039,0.000
1733122810.195,-25.879,-29.785,-45.898,-27.344,0.000
1733122810.199,-25.391,-30.762,-38.574,-18.066,0.000
1733122810.203,-35.156,-25.879,-32.715,-31.250,0.000
1733122810.207,-39.062,-18.555,-34.180,-47.363,0.000
1733122810.211,-31.250,-20.020,-37.598,-40.039,0.000
1733122810.215,-21.973,-22.461,-34.180,-31.738,0.000
1733122810.219,-19.043,-23.926,-30.273,-32.227,0.000
1733122810.223,-25.879,-30.273,-31.738,-44.434,0.000
1733122810.227,-33.203,-33.203,-34.180,-50.293,0.000
1733122810.230,-26.855,-28.809,-33.691,-41.992,0.000
1733122810.234,-23.438,-32.227,-34.180,-30.273,0.000
1733122810.238,-26.855,-33.203,-36.133,-26.367,0.000
1733122810.242,-31.738,-33.203,-38.086,-30.273,0.000
1733122810.246,-35.645,-29.297,-38.574,-38.086,0.000
1733122810.250,-32.227,-25.391,-35.645,-38.086,0.000
1733122810.254,-27.344,-28.320,-35.645,-29.297,0.000
1733122810.258,-25.879,-33.203,-38.086,-24.414,0.000
1733122810.262,-28.809,-27.344,-34.668,-23.438,0.000
1733122810.266,-31.250,-17.090,-29.297,-32.715,0.000
1733122810.270,-29.785,-17.578,-33.691,-43.945,0.000
1733122810.273,-31.738,-21.484,-42.480,-42.480,0.000
1733122810.277,-30.762,-28.809,-43.457,-34.180,0.000
1733122810.281,-42.969,-36.133,-36.621,-42.480,0.000
1733122810.285,-55.176,-37.109,-37.109,-54.199,0.000
1733122810.289,-44.922,-37.109,-39.062,-51.758,0.000
1733122810.293,-34.180,-33.203,-40.039,-38.086,0.000
1733122810.297,-31.250,-26.367,-37.598,-26.367,0.000
1733122810.301,-33.691,-24.902,-40.039,-35.645,0.000
1733122810.305,-33.203,-29.297,-44.922,-40.039,0.000
1733122810.309,-33.691,-27.344,-38.574,-34.668,0.000
1733122810.312,-34.180,-27.832,-33.691,-30.762,0.000
1733122810.316,-25.879,-28.809,-34.180,-22.949,0.000
1733122810.320,-27.832,-20.996,-35.645,-23.438,0.000
1733122810.324,-38.574,-20.508,-35.156,-36.621,0.000
1733122810.328,-38.574,-23.438,-36.133,-35.156,0.000
1733122810.332,-35.156,-26.367,-38.086,-29.297,0.000
1733122810.336,-29.297,-27.344,-34.668,-21.484,0.000
1733122810.340,-30.273,-20.996,-30.273,-13.184,0.000
1733122810.344,-35.156,-18.555,-33.691,-30.273,0.000
1733122810.348,-34.180,-23.926,-34.668,-31.250,0.000
1733122810.352,-37.598,-25.391,-36.621,-27.344,0.000
1733122810.355,-33.203,-23.438,-40.527,-34.668,0.000
1733122810.359,-39.062,-28.320,-41.992,-35.645,0.000
1733122810.363,-58.105,-30.762,-40.039,-48.828,0.000
1733122810.367,-57.129,-29.297,-40.527,-58.594,0.000
1733122810.371,-48.340,-28.320,-43.945,-52.246,0.000
1733122810.375,-41.016,-29.785,-43.457,-38.574,0.000
1733122810.379,-45.410,-32.715,-44.434,-35.156,0.000
1733122810.383,-52.246,-34.180,-46.875,-42.969,0.000
1733122810.387,-45.410,-32.715,-46.387,-48.828,0.000
1733122810.391,-42.480,-30.273,-49.805,-58.105,0.000
1733122810.395,-37.109,-34.180,-52.246,-49.805,0.000
1733122810.398,-36.621,-30.273,-46.387,-39.551,0.000
1733122810.402,-46.875,-27.344,-41.504,-50.293,0.000
1733122810.406,-40.039,-28.809,-40.527,-49.316,0.000
1733122810.410,-30.273,-27.832,-36.621,-29.785,0.000
1733122810.414,-32.227,-26.855,-37.109,-23.438,0.000
1733122810.418,-32.227,-26.367,-37.109,-27.832,0.000
1733122810.422,-37.598,-29.785,-37.109,-28.809,0.000
1733122810.426,-39.062,-33.691,-42.480,-27.344,0.000
1733122810.430,-34.668,-31.250,-41.504,-24.902,0.000
1733122810.434,-37.109,-36.621,-42.480,-27.832,0.000
1733122810.438,-29.785,-38.086,-39.551,-17.090,0.000
1733122810.441,-34.668,-32.715,-35.156,-20.508,0.000
1733122810.445,-34.668,-24.902,-33.691,-33.203,0.000
1733122810.449,-24.414,-24.902,-34.180,-27.344,0.000
1733122810.453,-20.020,-26.855,-35.645,-21.484,0.000
1733122810.457,-15.625,-27.344,-39.062,-24.414,0.000
1733122810.461,-28.809,-26.855,-38.574,-33.691,0.000
1733122810.465,-39.551,-28.320,-38.086,-38.574,0.000
1733122810.469,-31.250,-33.691,-45.410,-33.691,0.000
1733122810.473,-18.555,-28.809,-43.945,-21.484,0.000
1733122810.477,-18.555,-27.344,-38.574,-20.020,0.000
1733122810.481,-32.715,-30.762,-40.527,-30.273,0.000
1733122810.484,-42.480,-27.832,-42.480,-44.922,0.000
1733122810.488,-44.922,-23.926,-42.969,-46.387,0.000
1733122810.492,-39.551,-23.438,-41.992,-41.016,0.000
1733122810.496,-29.785,-24.902,-40.039,-32.715,0.000
1733122810.500,-37.598,-33.203,-40.527,-30.762,0.000
1733122810.504,-50.781,-31.250,-43.457,-44.434,0.000
1733122810.508,-47.363,-22.461,-45.410,-45.898,0.000
1733122810.512,-40.527,-21.973,-46.875,-42.969,0.000
1733122810.516,-35.156,-23.438,-42.480,-32.227,0.000
1733122810.520,-37.598,-27.344,-41.016,-23.926,0.000
1733122810.523,-43.457,-29.785,-40.527,-31.738,0.000
1733122810.527,-37.598,-34.180,-34.180,-28.809,0.000
1733122810.531,-37.598,-33.203,-38.086,-28.320,0.000
1733122810.535,-33.691,-28.809,-42.969,-33.203,0.000
1733122810.539,-31.250,-34.180,-44.922,-33.691,0.000
1733122810.543,-44.922,-34.180,-41.992,-41.504,0.000
1733122810.547,-29.297,-32.715,-36.133,-25.879,0.000
1733122810.551,-9.277,-25.391,-44.434,-18.066,0.000
1733122810.555,-19.043,-19.531,-56.152,-31.250,0.000
1733122810.559,-33.691,-21.973,-57.617,-33.691,0.000
1733122810.563,-35.156,-18.555,-53.223,-38.574,0.000
1733122810.566,-27.832,-13.672,-52.734,-38.574,0.000
1733122810.570,-22.949,-12.207,-53.711,-32.227,0.000
1733122810.574,-18.555,-12.207,-57.617,-27.832,0.000
1733122810.578,-20.020,-5.859,-61.523,-31.250,0.000
1733122810.582,-26.855,-4.883,-57.617,-36.133,0.000
1733122810.586,-29.297,-12.207,-57.129,-37.109,0.000
1733122810.590,-13.672,-10.254,-58.594,-23.438,0.000
1733122810.594,-3.418,-6.836,-55.664,-18.066,0.000
1733122810.598,-5.371,-14.648,-56.641,-22.461,0.000
1733122810.602,-18.066,-20.020,-57.617,-24.414,0.000
1733122810.605,-26.855,-20.020,-53.711,-28.320,0.000
1733122810.609,-22.949,-22.949,-52.734,-28.809,0.000
1733122810.613,-17.578,-24.414,-52.734,-23.926,0.000
1733122810.617,-17.578,-32.227,-56.641,-14.160,0.000
1733122810.621,-26.855,-29.785,-58.594,-15.137,0.000
1733122810.625,-31.250,-14.160,-49.805,-19.531,0.000
1733122810.629,-24.902,-14.648,-44.434,-17.578,0.000
1733122810.633,-22.461,-23.926,-47.363,-15.625,0.000
1733122810.637,-23.926,-22.949,-52.246,-14.648,0.000
1733122810.641,-29.297,-26.855,-50.293,-20.020,0.000
1733122810.645,-32.715,-27.344,-53.711,-28.809,0.000
1733122810.648,-27.832,-29.297,-59.082,-27.344,0.000
1733122810.652,-18.555,-31.250,-54.199,-20.996,0.000
1733122810.656,-13.672,-27.832,-47.852,-13.672,0.000
1733122810.660,-21.484,-33.691,-53.223,-25.391,0.000
1733122810.664,-27.344,-37.109,-54.688,-44.922,0.000
1733122810.668,-21.973,-30.273,-47.852,-42.480,0.000
1733122810.672,-16.602,-28.809,-49.805,-39.062,0.000
1733122810.676,-13.184,-24.902,-48.340,-29.297,0.000
1733122810.680,-13.672,-30.762,-46.875,-10.742,0.000
1733122810.684,-20.508,-29.297,-46.875,-19.043,0.000
1733122810.687,-20.020,-17.090,-43.457,-28.320,0.000
1733122810.691,-16.113,-24.902,-42.969,-17.090,0.000
1733122810.695,-14.648,-31.738,-44.434,-10.254,0.000
1733122810.699,-17.578,-30.273,-42.480,-8.789,0.000
1733122810.703,-26.855,-21.484,-38.574,-16.113,0.000
1733122810.707,-25.879,-23.438,-41.016,-13.672,0.000
1733122810.711,-24.902,-29.785,-39.551,-15.625,0.000
1733122810.715,-25.879,-29.297,-37.109,-19.531,0.000
1733122810.719,-29.785,-29.297,-36.621,-20.996,0.000
1733122810.723,-43.457,-31.250,-35.645,-28.809,0.000
1733122810.727,-55.664,-31.738,-36.133,-37.109,0.000
1733122810.730,-53.711,-25.391,-34.180,-47.363,0.000
1733122810.734,-40.039,-20.508,-33.203,-37.109,0.000
1733122810.738,-35.156,-24.414,-34.180,-27.832,0.000
1733122810.742,-41.016,-23.438,-37.598,-32.715,0.000
1733122810.746,-41.016,-16.602,-38.086,-35.645,0.000
1733122810.750,-35.156,-18.555,-36.133,-34.668,0.000
1733122810.754,-31.738,-24.902,-40.039,-31.250,0.000
1733122810.758,-35.645,-27.832,-41.992,-29.785,0.000
1733122810.762,-37.598,-21.484,-39.062,-35.645,0.000
1733122810.766,-35.645,-14.648,-36.621,-46.387,0.000
1733122810.770,-31.250,-20.996,-40.527,-38.086,0.000
1733122810.773,-24.414,-24.902,-43.457,-30.762,0.000
1733122810.777,-23.438,-22.461,-37.598,-31.738,0.000
1733122810.781,-26.855,-23.438,-38.086,-27.832,0.000
1733122810.785,-35.156,-21.973,-43.457,-32.715,0.000
1733122810.789,-33.691,-20.996,-39.062,-33.691,0.000
1733122810.793,-26.367,-25.391,-37.598,-28.809,0.000
1733122810.797,-18.555,-30.762,-39.062,-21.973,0.000
1733122810.801,-23.438,-32.227,-37.109,-25.879,0.000
1733122810.805,-39.551,-35.645,-36.621,-35.645,0.000
1733122810.809,-41.992,-33.691,-35.156,-33.203,0.000
1733122810.813,-38.574,-29.297,-42.480,-27.344,0.000
1733122810.816,-36.133,-29.297,-45.410,-20.996,0.000
1733122810.820,-41.016,-21.484,-41.016,-29.297,0.000
1733122810.824,-49.316,-21.973,-37.598,-34.668,0.000
1733122810.828,-44.922,-27.832,-42.480,-36.621,0.000
1733122810.832,-34.180,-29.297,-44.434,-34.668,0.000
1733122810.836,-28.320,-35.645,-39.551,-22.949,0.000
1733122810.840,-30.273,-38.086,-38.574,-22.949,0.000
1733122810.844,-34.180,-29.297,-35.156,-27.832,0.000
1733122810.848,-31.738,-22.461,-34.180,-24.902,0.000
1733122810.852,-25.879,-27.344,-37.598,-23.438,0.000
1733122810.855,-14.160,-34.668,-43.945,-21.484,0.000
1733122810.859,-15.625,-35.645,-47.363,-20.020,0.000
1733122810.863,-26.855,-31.250,-47.852,-27.344,0.000
1733122810.867,-30.762,-33.203,-51.758,-38.086,0.000
1733122810.871,-29.785,-39.551,-52.734,-32.715,0.000
1733122810.875,-21.973,-46.387,-51.270,-10.742,0.000
1733122810.879,-18.066,-46.875,-46.875,-6.836,0.000
1733122810.883,-24.414,-38.574,-45.898,-21.973,0.000
1733122810.887,-32.227,-35.645,-44.922,-26.367,0.000
1733122810.891,-29.785,-30.762,-46.875,-21.484,0.000
1733122810.895,-22.949,-29.297,-50.293,-16.602,0.000
1733122810.898,-26.367,-30.273,-45.898,-15.137,0.000
1733122810.902,-33.203,-28.320,-42.969,-19.531,0.000
1733122810.906,-41.016,-22.949,-40.527,-24.414,0.000
1733122810.910,-40.527,-20.020,-34.668,-24.902,0.000
1733122810.914,-33.203,-27.344,-37.109,-24.414,0.000
1733122810.918,-31.250,-29.785,-39.551,-22.461,0.000
1733122810.922,-37.109,-29.297,-35.645,-27.344,0.000
1733122810.926,-41.992,-28.320,-36.133,-39.551,0.000
1733122810.930,-40.527,-31.250,-40.527,-41.016,0.000
1733122810.934,-34.668,-31.738,-41.016,-30.762,0.000
1733122810.938,-30.762,-30.273,-41.016,-28.320,0.000
1733122810.941,-33.203,-30.762,-42.969,-38.086,0.000
1733122810.945,-38.086,-33.203,-42.480,-48.340,0.000
1733122810.949,-30.762,-35.645,-43.945,-45.898,0.000
1733122810.953,-13.184,-25.879,-41.504,-39.551,0.000
1733122810.957,-10.742,-22.949,-41.992,-29.297,0.000
1733122810.961,-27.344,-35.156,-45.898,-27.344,0.000
1733122810.965,-36.621,-37.598,-45.898,-27.344,0.000
1733122810.969,-36.133,-27.832,-43.457,-23.926,0.000
1733122810.973,-44.922,-25.391,-40.527,-39.062,0.000
1733122810.977,-34.180,-38.086,-42.480,-30.273,0.000
1733122810.980,-31.250,-41.992,-44.922,-25.879,0.000
1733122810.984,-43.457,-34.180,-44.434,-40.527,0.000
1733122810.988,-38.574,-25.391,-43.457,-38.574,0.000
1733122810.992,-35.645,-30.273,-43.457,-27.832,0.000
1733122810.996,-29.297,-39.062,-42.969,-11.719,0.000
1733122811.000,-32.715,-29.297,-39.062,-18.555,0.000
1733122811.004,-46.387,-22.949,-41.504,-36.133,0.000
1733122811.008,-53.223,-24.902,-44.922,-44.434,0.000
1733122811.012,-44.434,-31.250,-45.898,-42.480,0.000
1733122811.016,-38.086,-38.086,-51.270,-36.621,0.000
1733122811.020,-38.086,-36.621,-49.316,-33.203,0.000
1733122811.023,-47.363,-38.086,-45.410,-38.574,0.000
1733122811.027,-46.875,-36.133,-45.898,-43.945,0.000
1733122811.031,-31.250,-32.227,-40.039,-38.086,0.000
1733122811.035,-23.926,-35.156,-44.434,-30.273,0.000
1733122811.039,-22.461,-40.527,-46.387,-25.879,0.000
1733122811.043,-29.785,-41.504,-37.598,-36.133,0.000
1733122811.047,-41.504,-41.016,-39.551,-46.875,0.000
1733122811.051,-41.504,-39.062,-43.457,-42.480,0.000
1733122811.055,-26.855,-37.598,-41.504,-24.902,0.000
1733122811.059,-23.926,-38.574,-37.109,-20.508,0.000
1733122811.062,-35.645,-29.785,-37.109,-32.715,0.000
1733122811.066,-39.062,-26.367,-40.039,-31.738,0.000
1733122811.070,-34.668,-31.250,-37.598,-27.344,0.000
1733122811.074,-29.297,-36.133,-41.992,-23.926,0.000
1733122811.078,-30.273,-39.062,-41.992,-16.113,0.000
1733122811.082,-39.062,-41.992,-38.574,-23.438,0.000
1733122811.086,-40.527,-40.039,-36.133,-31.250,0.000
1733122811.090,-38.086,-36.133,-34.668,-20.996,0.000
1733122811.094,-30.273,-41.504,-34.180,-15.137,0.000
1733122811.098,-30.273,-50.781,-38.086,-20.996,0.000
1733122811.102,-40.527,-46.387,-45.410,-23.926,0.000
1733122811.105,-43.457,-30.273,-41.504,-30.273,0.000
1733122811.109,-38.086,-27.344,-40.039,-27.832,0.000
1733122811.113,-31.738,-35.156,-44.922,-14.160,0.000
1733122811.117,-21.484,-38.086,-47.363,-15.625,0.000
1733122811.121,-20.508,-37.598,-42.480,-19.531,0.000
1733122811.125,-31.250,-37.598,-38.574,-21.973,0.000
1733122811.129,-28.809,-40.039,-38.574,-24.414,0.000
1733122811.133,-19.043,-40.039,-37.598,-20.508,0.000
1733122811.137,-19.043,-41.504,-41.016,-25.391,0.000
1733122811.141,-22.461,-38.574,-39.551,-25.391,0.000
1733122811.145,-31.250,-33.691,-39.551,-20.996,0.000
1733122811.148,-36.621,-35.645,-42.480,-26.855,0.000
1733122811.152,-30.273,-28.809,-38.574,-28.320,0.000
1733122811.156,-20.996,-34.668,-33.203,-21.484,0.000
1733122811.160,-21.973,-39.551,-32.227,-25.879,0.000
1733122811.164,-40.527,-32.715,-35.156,-38.086,0.000
1733122811.168,-46.387,-31.738,-36.133,-35.156,0.000
1733122811.172,-31.250,-33.203,-34.668,-24.414,0.000
1733122811.176,-22.461,-38.086,-38.086,-24.414,0.000
1733122811.180,-25.391,-41.016,-38.574,-23.926,0.000
1733122811.184,-32.715,-38.086,-38.086,-31.738,0.000
1733122811.188,-31.250,-31.738,-45.410,-32.227,0.000
1733122811.191,-16.602,-29.785,-50.781,-13.672,0.000
1733122811.195,-20.508,-37.598,-35.645,-17.578,0.000
1733122811.199,-41.504,-46.875,-31.738,-34.668,0.000
1733122811.203,-50.293,-40.039,-37.109,-39.062,0.000
1733122811.207,-46.875,-30.762,0.000,-36.133,0.000
1733122811.211,-41.992,-31.738,0.000,-34.668,0.000
1733122811.215,-37.598,-37.109,0.000,-33.691,0.000
1733122811.219,-37.109,-36.621,0.000,-31.250,0.000
1733122811.223,-44.434,-32.227,0.000,-36.133,0.000
1733122811.227,-43.945,-36.133,0.000,-42.969,0.000
1733122811.230,-35.156,-37.109,0.000,-39.062,0.000
1733122811.234,-22.461,-40.039,0.000,-24.414,0.000
1733122811.238,-17.090,-41.504,0.000,-15.625,0.000
1733122811.242,-30.762,-31.738,0.000,-23.438,0.000
1733122811.246,-40.527,-34.668,0.000,-24.902,0.000
1733122811.250,-32.715,-36.133,0.000,-22.949,0.000
1733122811.254,-21.484,-30.762,-43.457,-25.391,0.000
1733122811.258,-20.020,-39.062,-43.945,-23.926,0.000
1733122811.262,-27.832,-46.387,-43.457,-14.160,0.000
1733122811.266,-33.691,-44.434,-36.621,-12.695,0.000
1733122811.270,-30.273,-41.992,-41.016,-20.020,0.000
1733122811.273,-26.855,-49.316,-45.898,-21.484,0.000
1733122811.277,-27.832,-62.500,-48.340,-20.508,0.000
1733122811.281,-37.598,-58.105,-49.316,-23.926,0.000
1733122811.285,-51.758,-47.852,-41.992,-33.203,0.000
1733122811.289,-48.828,-50.293,-42.969,-33.691,0.000
1733122811.293,-37.598,-49.316,-50.293,-32.715,0.000
1733122811.297,-29.785,-47.852,-50.781,-27.832,0.000
1733122811.301,-31.738,-45.410,-51.758,-28.320,0.000
1733122811.305,-40.039,-46.387,-56.641,-34.180,0.000
1733122811.309,-38.086,-48.828,-55.664,-30.762,0.000
1733122811.313,-35.645,-49.316,-50.781,-32.227,0.000
1733122811.316,-31.250,-51.758,-48.828,-29.297,0.000
1733122811.320,-36.133,-53.223,-53.223,-33.203,0.000
1733122811.324,-50.293,-56.152,-59.082,-37.598,0.000
1733122811.328,-50.293,-52.246,-56.152,-35.645,0.000
1733122811.332,-31.250,-40.039,-50.293,-35.645,0.000
1733122811.336,-13.184,-43.457,-52.734,-26.855,0.000
1733122811.340,-15.137,-45.410,-53.223,-20.996,0.000
1733122811.344,-29.785,-36.133,-51.270,-27.344,0.000
1733122811.348,-36.133,-36.621,-52.734,-32.227,0.000
1733122811.352,-28.320,-36.133,-54.199,-27.344,0.000
1733122811.355,-19.531,-35.156,-53.711,-22.949,0.000
1733122811.359,-22.461,-34.180,-53.223,-22.949,0.000
1733122811.363,-36.133,-29.785,-56.641,-25.879,0.000
1733122811.367,-41.504,-29.297,-51.270,-22.949,0.000
1733122811.371,-31.250,-31.738,-46.387,-22.949,0.000
1733122811.375,-25.391,-26.855,-46.387,-26.855,0.000
1733122811.379,-31.738,-25.879,-43.457,-31.738,0.000
1733122811.383,-41.504,-33.691,-41.504,-36.621,0.000
1733122811.387,-45.898,-34.668,-40.527,-38.086,0.000
1733122811.391,-33.203,-27.832,-45.410,-38.574,0.000
1733122811.395,-27.344,-29.785,-46.387,-32.715,0.000
1733122811.398,-35.156,-38.574,-45.898,-39.551,0.000
1733122811.402,-42.480,-36.621,-45.410,-50.293,0.000
1733122811.406,-46.387,-33.691,-46.875,-51.758,0.000
1733122811.410,-37.109,-37.109,-52.246,-50.293,0.000
1733122811.414,-25.879,-38.086,-47.852,-39.062,0.000
1733122811.418,-25.391,-33.691,-43.457,-29.785,0.000
1733122811.422,-33.203,-30.273,-43.945,-33.203,0.000
1733122811.426,-35.156,-30.762,-45.410,-37.598,0.000
1733122811.430,-31.250,-33.691,-55.176,-34.180,0.000
1733122811.434,-27.832,-33.691,-55.664,-24.414,0.000
1733122811.437,-18.555,-31.250,-54.199,-24.414,0.000
1733122811.441,-20.020,-34.180,-55.176,-28.809,0.000
1733122811.445,-20.020,-30.273,-50.781,-31.250,0.000
1733122811.449,-0.488,-21.973,-51.758,-31.738,0.000
1733122811.453,5.859,-26.367,-54.688,-28.809,0.000
1733122811.457,2.930,-32.227,-52.734,-17.578,0.000
1733122811.461,-11.230,-33.691,-51.270,-21.973,0.000
1733122811.465,-24.902,-30.273,-52.734,-30.762,0.000
1733122811.469,-24.414,-19.043,-46.875,-25.879,0.000
1733122811.473,-20.996,-26.855,-36.133,-15.137,0.000
1733122811.477,-15.137,-41.504,-36.133,-5.859,0.000
1733122811.480,-25.879,-31.250,-39.062,-14.648,0.000
1733122811.484,-47.852,-24.902,-44.922,-30.273,0.000
1733122811.488,-50.781,-31.250,-45.410,-39.062,0.000
1733122811.492,-40.039,-32.715,-41.992,-32.715,0.000
1733122811.496,-21.484,-27.832,-39.062,-14.648,0.000
1733122811.500,-20.020,-20.508,-34.668,-15.625,0.000
1733122811.504,-33.203,-20.996,-36.621,-20.508,0.000
1733122811.508,-35.156,-20.508,-40.039,-18.555,0.000
1733122811.512,-21.973,-17.578,-46.387,-22.949,0.000
1733122811.516,-3.418,-14.160,-46.387,-13.184,0.000
1733122811.520,-2.930,-16.602,-46.875,-8.789,0.000
1733122811.523,-21.484,-18.555,-46.875,-22.949,0.000
1733122811.527,-24.902,-13.672,-44.922,-28.809,0.000
1733122811.531,-8.789,-11.230,-43.945,-23.926,0.000
1733122811.535,-1.953,-11.719,-43.945,-17.578,0.000
1733122811.539,-7.812,-16.113,-43.945,-16.113,0.000
1733122811.543,-22.949,-17.578,-44.922,-22.461,0.000
1733122811.547,-33.691,-18.555,-46.387,-30.273,0.000
1733122811.551,-23.926,-14.648,-42.480,-24.414,0.000
1733122811.555,-21.484,-14.648,-41.016,-25.391,0.000
1733122811.559,-29.297,-20.508,-41.016,-29.297,0.000
1733122811.562,-38.086,-27.344,-35.645,-24.902,0.000
1733122811.566,-42.969,-28.320,-34.180,-29.297,0.000
1733122811.570,-39.062,-23.926,-35.156,-32.227,0.000
1733122811.574,-33.691,-23.438,-36.133,-22.949,0.000
1733122811.578,-35.645,-25.391,-34.180,-15.625,0.000
1733122811.582,-52.246,-28.320,-35.156,-20.508,0.000
1733122811.586,-55.176,-24.414,-32.715,-22.461,0.000
1733122811.590,-47.852,-25.391,-26.855,-26.367,0.000
1733122811.594,-39.551,-32.715,-24.902,-26.367,0.000
1733122811.598,-36.133,-32.227,-27.344,-18.555,0.000
1733122811.602,-44.434,-28.809,-37.109,-22.949,0.000
1733122811.605,-49.316,-25.391,-40.527,-37.598,0.000
1733122811.609,-39.062,-25.391,-39.551,-39.551,0.000
1733122811.613,-34.180,-24.902,-42.969,-28.809,0.000
1733122811.617,-35.645,-23.438,-44.922,-30.273,0.000
1733122811.621,-37.598,-28.809,-46.875,-30.273,0.000
1733122811.625,-52.246,-30.762,-44.922,-38.086,0.000
1733122811.629,-46.875,-28.320,-41.504,-43.457,0.000
1733122811.633,-32.227,-39.062,-42.969,-39.551,0.000
1733122811.637,-25.391,-50.293,-50.781,-32.715,0.000
1733122811.641,-31.250,-50.293,-52.734,-31.250,0.000
1733122811.645,-47.852,-52.734,-49.316,-37.109,0.000
1733122811.648,-44.434,-54.688,-47.363,-38.574,0.000
1733122811.652,-26.855,-57.617,-42.480,-33.691,0.000
1733122811.656,-17.090,-58.594,-40.039,-20.996,0.000
1733122811.660,-25.391,-53.711,-44.434,-27.344,0.000
1733122811.664,-49.316,-60.059,-49.805,-46.875,0.000
1733122811.668,-58.105,-67.383,-53.711,-51.758,0.000
1733122811.672,-52.246,-64.453,-50.293,-48.340,0.000
1733122811.676,-42.480,-64.941,-51.270,-42.969,0.000
1733122811.680,-37.598,-68.359,-56.152,-30.762,0.000
1733122811.684,-58.105,-67.871,-55.176,-41.016,0.000
1733122811.687,-67.871,-63.965,-50.293,-55.664,0.000
1733122811.691,-51.758,-54.199,-45.898,-41.016,0.000
1733122811.695,-37.109,-53.223,-46.875,-30.273,0.000
1733122811.699,-32.715,-67.383,-52.246,-23.926,0.000
1733122811.703,-49.805,-65.918,-57.129,-30.762,0.000
1733122811.707,-61.523,-55.176,-58.594,-52.246,0.000
1733122811.711,-53.223,-60.547,-62.012,-55.176,0.000
1733122811.715,-36.621,-62.988,-64.453,-41.992,0.000
1733122811.719,-27.344,-60.547,-62.500,-29.297,0.000
1733122811.723,-44.434,-61.035,-62.012,-39.551,0.000
1733122811.727,-62.012,-62.500,-60.059,-52.246,0.000
1733122811.730,-57.129,-62.988,-54.688,-52.246,0.000
1733122811.734,-42.480,-63.965,-48.828,-49.805,0.000
1733122811.738,-30.273,-60.059,-50.293,-39.551,0.000
1733122811.742,-39.551,-61.523,-55.664,-29.297,0.000
1733122811.746,-53.711,-62.500,-54.688,-35.156,0.000
1733122811.750,-53.223,-57.129,-53.223,-39.551,0.000
1733122811.754,-45.410,-58.105,-51.758,-36.621,0.000
1733122811.758,-28.809,-63.965,-49.805,-30.762,0.000
1733122811.762,-33.203,-61.035,-47.852,-28.320,0.000
1733122811.766,-56.152,-61.523,-48.828,-38.574,0.000
1733122811.769,-50.781,-63.477,-52.246,-43.457,0.000
1733122811.773,-35.156,-56.152,-49.316,-35.156,0.000
1733122811.777,-19.043,-60.059,-46.387,-26.367,0.000
1733122811.781,-20.020,-67.383,-50.781,-33.691,0.000
1733122811.785,-47.852,-64.941,-55.176,-44.922,0.000
1733122811.789,-48.828,-62.012,-55.664,-45.898,0.000
1733122811.793,-38.086,-59.570,-49.805,-41.016,0.000
1733122811.797,-22.461,-57.617,-49.316,-33.203,0.000
1733122811.801,-19.043,-54.199,-55.176,-35.645,0.000
1733122811.805,-40.039,-53.711,-50.293,-40.039,0.000
1733122811.808,-47.852,-51.758,-45.410,-34.180,0.000
1733122811.812,-41.016,-50.293,-46.387,-33.203,0.000
1733122811.816,-23.438,-58.105,-48.340,-35.156,0.000
1733122811.820,-18.555,-60.059,-46.875,-41.992,0.000
1733122811.824,-42.969,-58.594,-48.828,-50.781,0.000
1733122811.828,-53.711,-59.570,-48.340,-53.711,0.000
1733122811.832,-40.039,-61.523,-47.363,-46.387,0.000
1733122811.836,-19.531,-63.477,-49.805,-35.156,0.000
1733122811.840,-16.602,-63.965,-51.758,-39.062,0.000
1733122811.844,-34.180,-62.500,-57.129,-45.898,0.000
1733122811.848,-49.316,-61.035,-60.059,-44.434,0.000
1733122811.852,-40.527,-60.547,-52.734,-39.062,0.000
1733122811.855,-20.996,-56.641,-51.758,-34.668,0.000
1733122811.859,-14.160,-56.641,-56.152,-35.645,0.000
1733122811.863,-33.691,-51.270,-48.828,-41.504,0.000
1733122811.867,-56.152,-48.340,-45.410,-41.504,0.000
1733122811.871,-47.363,-54.199,-49.805,-35.645,0.000
1733122811.875,-21.973,-53.223,-48.828,-27.344,0.000
1733122811.879,-11.230,-47.852,-49.316,-21.973,0.000
1733122811.883,-33.203,-42.480,-49.805,-20.996,0.000
1733122811.887,-56.152,-41.992,-49.805,-30.273,0.000
1733122811.891,-45.410,-47.363,-50.781,-28.809,0.000
1733122811.895,-24.902,-53.223,-50.781,-17.090,0.000
1733122811.898,-13.672,-52.734,-50.781,-18.555,0.000
1733122811.902,-24.902,-42.969,-48.828,-24.902,0.000
1733122811.906,-38.086,-40.039,-44.434,-20.996,0.000
1733122811.910,-34.180,-40.039,-39.551,-12.695,0.000
1733122811.914,-27.344,-33.691,-41.016,-19.531,0.000
1733122811.918,-20.996,-31.250,-48.340,-29.785,0.000
1733122811.922,-30.762,-36.621,-47.363,-36.621,0.000
1733122811.926,-39.551,-34.180,-39.062,-25.879,0.000
1733122811.930,-36.133,-21.973,-39.062,-20.996,0.000
1733122811.934,-22.949,-14.648,-38.574,-23.926,0.000
1733122811.938,2.930,-14.160,-31.738,-12.207,0.000
1733122811.941,-8.301,-9.766,-29.785,-16.602,0.000
1733122811.945,-29.785,-8.789,-32.715,-27.344,0.000
1733122811.949,-19.043,-9.766,-35.156,-28.320,0.000
1733122811.953,-1.953,-13.184,-33.691,-19.043,0.000
1733122811.957,10.742,-17.090,-33.691,-6.836,0.000
1733122811.961,-0.977,-7.324,-38.086,-23.926,0.000
1733122811.965,-26.855,-4.883,-37.598,-32.715,0.000
1733122811.969,-38.086,-5.371,-34.180,-30.273,0.000
1733122811.973,-39.062,-7.324,-33.691,-34.180,0.000
1733122811.977,-34.180,-10.742,-40.527,-34.668,0.000
1733122811.980,-36.621,-4.395,-47.363,-40.039,0.000
1733122811.984,-50.293,-2.441,-44.922,-37.598,0.000
1733122811.988,-54.199,-1.465,-46.875,-36.133,0.000
1733122811.992,-44.434,-1.953,-50.293,-37.598,0.000
1733122811.996,-27.344,-7.812,-49.805,-34.668,0.000
1733122812.000,-19.043,-9.277,-49.316,-33.203,0.000
1733122812.004,-35.645,-5.371,-46.875,-36.133,0.000
1733122812.008,-44.434,-1.953,-45.410,-35.156,0.000
1733122812.012,-28.809,-6.836,-46.387,-28.809,0.000
1733122812.016,-17.578,-9.277,-42.969,-25.391,0.000
1733122812.020,-14.160,-10.742,-43.457,-21.484,0.000
1733122812.023,-27.344,-15.137,-50.293,-26.367,0.000
1733122812.027,-38.574,-15.625,-49.805,-22.461,0.000
1733122812.031,-28.320,-12.695,-41.016,-16.113,0.000
1733122812.035,-19.531,-11.719,-40.039,-27.832,0.000
1733122812.039,-13.184,-13.184,-36.133,-16.602,0.000
1733122812.043,-24.902,-12.207,-30.762,-14.160,0.000
1733122812.047,-43.457,-5.859,-34.180,-19.043,0.000
1733122812.051,-32.227,-4.395,-37.109,-13.672,0.000
1733122812.055,-18.555,-10.254,-38.574,-17.090,0.000
1733122812.059,-11.230,-14.648,-40.039,-9.277,0.000
1733122812.062,-23.438,-13.184,-39.062,-12.207,0.000
1733122812.066,-38.086,-10.742,-35.156,-18.066,0.000
1733122812.070,-28.809,-10.254,-33.203,-15.137,0.000
1733122812.074,-16.113,-11.719,-37.109,-4.395,0.000
1733122812.078,-7.324,-9.766,-41.504,-0.977,0.000
1733122812.082,-17.090,-6.348,-43.457,-11.719,0.000
1733122812.086,-30.762,-15.625,-42.969,-11.719,0.000
1733122812.090,-22.949,-18.555,-40.527,-4.883,0.000
1733122812.094,-7.812,-14.648,-34.180,-2.441,0.000
1733122812.098,3.906,-18.555,-32.715,-0.488,0.000
1733122812.102,-6.348,-20.996,-29.297,-6.836,0.000
1733122812.105,-32.227,-18.066,-25.879,-22.461,0.000
1733122812.109,-37.109,-19.043,-36.133,-26.855,0.000
1733122812.113,-20.996,-23.926,-38.574,-20.020,0.000
1733122812.117,-10.254,-27.344,-33.691,-13.672,0.000
1733122812.121,-22.461,-33.203,-37.109,-18.555,0.000
1733122812.125,-42.969,-30.762,-37.598,-31.738,0.000
1733122812.129,-44.434,-33.203,-42.480,-28.320,0.000
1733122812.133,-35.156,-44.922,-44.434,-24.902,0.000
1733122812.137,-26.855,-52.246,-41.992,-29.785,0.000
1733122812.141,-21.973,-54.688,-43.457,-29.785,0.000
1733122812.145,-39.062,-58.594,-40.527,-36.621,0.000
1733122812.148,-47.363,-64.453,-42.480,-38.086,0.000
1733122812.152,-37.109,-66.895,-47.852,-28.809,0.000
1733122812.156,-23.438,-66.895,-53.223,-25.391,0.000
1733122812.160,-18.066,-64.941,-55.664,-28.320,0.000
1733122812.164,-35.156,-61.523,-50.293,-36.133,0.000
1733122812.168,-41.992,-63.477,-44.922,-40.039,0.000
1733122812.172,-27.344,-66.895,-43.457,-37.598,0.000
1733122812.176,-14.648,-64.453,-43.457,-31.250,0.000
1733122812.180,-15.625,-69.824,-44.434,-28.320,0.000
1733122812.184,-34.668,-70.312,-49.805,-33.691,0.000
1733122812.187,-42.480,-55.664,-47.363,-37.109,0.000
1733122812.191,-27.832,-55.176,-39.551,-29.297,0.000
1733122812.195,-20.020,-62.500,-41.992,-25.391,0.000
1733122812.199,-23.926,-59.570,-46.387,-25.391,0.000
1733122812.203,-32.715,-58.105,-43.945,-29.785,0.000
1733122812.207,-49.805,-59.570,-42.969,-35.645,0.000
1733122812.211,-49.805,-56.152,-43.457,-34.668,0.000
1733122812.215,-39.551,-50.781,-41.992,-31.738,0.000
1733122812.219,-34.180,-53.711,-46.875,-28.809,0.000
1733122812.223,-44.922,-56.641,-47.363,-29.297,0.000
1733122812.227,-61.523,-47.852,-37.109,-30.762,0.000
1733122812.230,-57.617,-44.922,-31.738,-33.203,0.000
1733122812.234,-41.992,-44.434,-27.832,-33.203,0.000
1733122812.238,-34.668,-47.363,-30.762,-32.715,0.000
1733122812.242,-45.898,-44.434,-39.062,-34.180,0.000
1733122812.246,-56.641,-30.273,-34.668,-36.621,0.000
1733122812.250,-59.570,-32.715,-34.180,-35.156,0.000
1733122812.254,-48.340,-46.875,-40.527,-35.645,0.000
1733122812.258,-33.203,-48.340,-40.527,-39.062,0.000
1733122812.262,-44.434,-46.387,-41.504,-44.922,0.000
1733122812.266,-61.523,-45.898,-45.898,-47.363,0.000
1733122812.270,-56.641,-48.828,-48.828,-39.062,0.000
1733122812.273,-45.410,-47.852,-47.363,-33.203,0.000
1733122812.277,-35.156,-40.527,-47.852,-35.156,0.000
1733122812.281,-30.762,-37.598,-46.387,-36.133,0.000
1733122812.285,-42.480,-36.621,-46.875,-42.480,0.000
1733122812.289,-52.734,-37.109,-51.270,-45.898,0.000
1733122812.293,-42.969,-37.598,-50.781,-41.992,0.000
1733122812.297,-24.414,-36.621,-49.805,-36.133,0.000
1733122812.301,-28.320,-35.156,-45.898,-36.133,0.000
1733122812.305,-45.898,-34.668,-42.969,-38.086,0.000
1733122812.309,-45.898,-31.738,-41.504,-41.992,0.000
1733122812.313,-35.645,-32.227,-39.551,-35.645,0.000
1733122812.316,-20.508,-31.738,-37.598,-26.367,0.000
1733122812.320,-21.484,-30.273,-37.109,-28.809,0.000
1733122812.324,-41.016,-27.344,-31.738,-26.855,0.000
1733122812.328,-43.457,-26.367,-26.367,-22.461,0.000
1733122812.332,-32.715,-30.762,-30.273,-16.113,0.000
1733122812.336,-20.996,-31.738,-32.227,-18.066,0.000
1733122812.340,-18.555,-33.691,-36.621,-25.391,0.000
1733122812.344,-35.645,-32.715,-44.434,-28.320,0.000
1733122812.348,-49.316,-27.344,-42.480,-30.762,0.000
1733122812.352,-39.551,-23.926,-40.527,-29.785,0.000
1733122812.355,-23.926,-32.227,-43.457,-30.273,0.000
1733122812.359,-17.578,-41.992,-37.109,-24.902,0.000
1733122812.363,-31.738,-32.227,-32.227,-21.484,0.000
1733122812.367,-42.969,-20.996,-35.156,-27.832,0.000
1733122812.371,-29.297,-23.926,-38.086,-28.320,0.000
1733122812.375,-18.555,-27.344,-37.109,-25.879,0.000
1733122812.379,-16.602,-22.461,-35.156,-22.461,0.000
1733122812.383,-20.508,-19.043,-34.668,-24.902,0.000
1733122812.387,-34.180,-20.508,-37.109,-28.809,0.000
1733122812.391,-33.691,-22.461,-35.156,-24.902,0.000
1733122812.395,-18.555,-25.391,-33.203,-21.484,0.000
1733122812.398,-10.742,-32.227,-33.203,-23.926,0.000
1733122812.402,-24.414,-39.551,-31.250,-17.578,0.000
1733122812.406,-35.645,-37.109,-34.180,-9.766,0.000
1733122812.410,-36.133,-31.738,-35.156,-19.531,0.000
1733122812.414,-29.785,-29.297,-38.086,-21.973,0.000
1733122812.418,-20.508,-35.156,-37.109,-17.578,0.000
1733122812.422,-29.297,-37.109,-34.180,-23.438,0.000
1733122812.426,-46.387,-28.320,-41.504,-27.344,0.000
1733122812.430,-39.551,-28.320,-49.805,-24.414,0.000
1733122812.434,-32.227,-32.227,-52.734,-23.438,0.000
1733122812.437,-27.832,-27.344,-50.293,-25.391,0.000
1733122812.441,-28.320,-25.879,-49.316,-31.250,0.000
1733122812.445,-42.969,-28.809,-50.781,-34.180,0.000
1733122812.449,-39.551,-27.344,-46.387,-23.926,0.000
1733122812.453,-26.855,-23.926,-47.363,-23.926,0.000
1733122812.457,-12.207,-16.113,-54.199,-40.527,0.000
1733122812.461,0.000,-8.789,-49.316,-36.133,0.000
1733122812.465,-20.996,-10.254,-42.969,-29.297,0.000
1733122812.469,-38.086,-13.672,-46.387,-32.227,0.000
1733122812.473,-28.320,-14.648,-45.410,-31.738,0.000
1733122812.477,-21.484,-22.461,-41.016,-36.621,0.000
1733122812.480,-30.762,-27.344,-42.480,-32.715,0.000
1733122812.484,-48.828,-24.414,-44.434,-34.668,0.000
1733122812.488,-55.664,-22.461,-45.898,-41.504,0.000
1733122812.492,-47.363,-23.926,-47.852,-28.809,0.000
1733122812.496,-33.203,-22.949,-44.922,-23.438,0.000
1733122812.500,-25.879,-16.602,-39.062,-28.320,0.000
1733122812.504,-37.109,-11.230,-40.039,-30.273,0.000
1733122812.508,-41.016,-15.625,-39.551,-26.367,0.000
1733122812.512,-30.273,-17.578,-38.574,-21.484,0.000
1733122812.516,-19.531,-10.254,-37.109,-18.066,0.000
1733122812.520,-10.742,-16.602,-34.180,-10.742,0.000
1733122812.523,-21.484,-22.949,-33.203,-17.090,0.000
1733122812.527,-35.645,-21.973,-31.738,-20.508,0.000
1733122812.531,-30.273,-23.438,-34.180,-14.160,0.000
1733122812.535,-18.066,-25.391,-37.598,-12.695,0.000
1733122812.539,-14.160,-28.320,-41.504,-15.625,0.000
1733122812.543,-24.414,-25.879,-43.945,-20.508,0.000
1733122812.547,-40.039,-20.508,-44.434,-26.855,0.000
1733122812.551,-32.715,-20.020,-45.410,-27.832,0.000
1733122812.555,-17.578,-25.879,-48.340,-22.461,0.000
1733122812.559,-17.090,-26.367,-49.805,-20.508,0.000
1733122812.562,-20.996,-23.438,-46.387,-23.926,0.000
1733122812.566,-31.250,-20.508,-42.480,-29.297,0.000
1733122812.570,-28.809,-24.414,-44.922,-23.438,0.000
1733122812.574,-20.020,-22.461,-54.199,-23.438,0.000
1733122812.578,-14.648,-16.602,-53.223,-36.621,0.000
1733122812.582,-24.902,-17.090,-54.199,-41.992,0.000
1733122812.586,-40.527,-14.648,-55.664,-42.969,0.000
1733122812.590,-37.598,-11.719,-47.363,-41.016,0.000
1733122812.594,-31.250,-16.113,-48.828,-42.480,0.000
1733122812.598,-22.461,-27.344,-51.758,-41.504,0.000
1733122812.602,-27.832,-22.461,-50.293,-35.645,0.000
1733122812.605,-44.922,-13.672,-46.875,-39.062,0.000
1733122812.609,-44.922,-17.090,-44.922,-38.574,0.000
1733122812.613,-35.645,-22.461,-45.898,-35.156,0.000
1733122812.617,-21.973,-19.043,-42.480,-32.227,0.000
1733122812.621,-20.020,-16.113,-42.480,-25.879,0.000
1733122812.625,-31.250,-25.879,-39.551,-20.996,0.000
1733122812.629,-33.691,-33.203,-34.668,-13.184,0.000
1733122812.633,-23.438,-33.203,-34.180,-11.719,0.000
1733122812.637,-10.254,-30.762,-37.109,-10.254,0.000
1733122812.641,-10.254,-35.645,-44.434,-12.207,0.000
1733122812.645,-25.879,-41.504,-50.293,-14.160,0.000
1733122812.648,-33.203,-36.621,-48.828,-11.719,0.000
1733122812.652,-25.391,-37.109,-47.363,-18.066,0.000
1733122812.656,-9.766,-46.387,-47.363,-21.484,0.000
1733122812.660,-6.348,-48.340,-48.340,-19.043,0.000
1733122812.664,-29.785,-53.711,-45.410,-21.484,0.000
1733122812.668,-36.621,-50.293,-36.133,-20.508,0.000
1733122812.672,-22.461,-48.828,-35.156,-21.484,0.000
1733122812.676,-19.531,-47.852,-37.109,-21.973,0.000
1733122812.680,-22.949,-46.387,-36.621,-26.367,0.000
1733122812.684,-35.645,-45.898,-38.086,-36.621,0.000
1733122812.687,-45.410,-45.898,-38.574,-32.227,0.000
1733122812.691,-35.645,-44.434,-41.016,-22.949,0.000
1733122812.695,-22.461,-33.203,-40.039,-20.020,0.000
1733122812.699,-12.695,-33.691,-40.039,-18.555,0.000
1733122812.703,-20.996,-37.109,-37.109,-27.832,0.000
1733122812.707,-34.180,-32.715,-33.203,-30.273,0.000
1733122812.711,-33.691,-38.574,-34.180,-28.320,0.000
1733122812.715,-25.879,-42.969,-35.645,-24.414,0.000
1733122812.719,-19.043,-43.457,-42.969,-20.020,0.000
1733122812.723,-29.785,-49.805,-51.758,-26.367,0.000
1733122812.727,-41.504,-53.223,-49.805,-34.180,0.000
1733122812.730,-34.180,-53.223,-42.969,-31.738,0.000
1733122812.734,-18.555,-48.828,-42.480,-23.926,0.000
1733122812.738,-9.766,-42.969,-39.062,-14.648,0.000
1733122812.742,-18.555,-35.645,-38.086,-21.973,0.000
1733122812.746,-26.855,-32.715,-37.109,-25.391,0.000
1733122812.750,-20.020,-31.738,-30.762,-22.949,0.000
1733122812.754,-14.648,-35.156,-35.156,-28.809,0.000
1733122812.758,-12.207,-46.387,-39.062,-25.879,0.000
1733122812.762,-13.672,-48.340,-36.621,-23.926,0.000
1733122812.766,-25.391,-43.945,-39.062,-30.273,0.000
1733122812.769,-31.738,-46.387,-39.062,-28.320,0.000
1733122812.773,-26.855,-45.410,-41.504,-25.879,0.000
1733122812.777,-13.672,-41.504,-42.969,-28.320,0.000
1733122812.781,-19.043,-38.574,-42.480,-31.250,0.000
1733122812.785,-39.062,-33.203,-37.598,-37.109,0.000
1733122812.789,-42.969,-30.762,-33.691,-41.992,0.000
1733122812.793,-24.902,-27.832,-38.574,-27.832,0.000
1733122812.797,-10.742,-31.738,-41.016,-14.648,0.000
1733122812.801,-32.227,-44.922,-27.344,-28.809,0.000
1733122812.805,-57.617,-41.016,-27.344,-38.086,0.000
1733122812.809,-59.570,-30.273,-30.762,-36.133,0.000
1733122812.812,-47.363,-33.691,-28.320,-36.621,0.000
1733122812.816,-33.203,-34.668,-36.133,-32.227,0.000
1733122812.820,-33.691,-37.109,-35.645,-25.879,0.000
1733122812.824,-54.688,-48.340,-40.039,-35.645,0.000
1733122812.828,-59.082,-43.945,-46.387,-37.598,0.000
1733122812.832,-39.062,-35.156,-40.527,-31.738,0.000
1733122812.836,-19.531,-38.574,-41.016,-25.879,0.000
1733122812.840,-10.254,-35.156,-37.109,-18.066,0.000
1733122812.844,-25.879,-27.832,-38.086,-20.996,0.000
1733122812.848,-39.062,-24.414,-42.480,-26.855,0.000
1733122812.852,-27.344,-29.785,-40.527,-26.855,0.000
1733122812.855,-12.207,-28.809,-42.480,-20.996,0.000
1733122812.859,-14.160,-24.414,-43.457,-18.066,0.000
1733122812.863,-25.391,-28.809,-41.504,-24.902,0.000
1733122812.867,-33.203,-30.273,-36.621,-27.832,0.000
1733122812.871,-31.738,-27.344,-33.203,-26.367,0.000
1733122812.875,-25.391,-17.578,-38.574,-26.367,0.000
1733122812.879,-24.414,-19.043,-43.457,-18.555,0.000
1733122812.883,-34.180,-27.832,-43.945,-21.973,0.000
1733122812.887,-42.969,-25.391,-44.434,-30.273,0.000
1733122812.891,-36.621,-21.484,-41.504,-24.414,0.000
1733122812.894,-26.855,-28.320,-42.969,-25.879,0.000
1733122812.898,-20.508,-31.250,-42.480,-21.484,0.000
1733122812.902,-34.180,-27.344,-34.668,-19.043,0.000
1733122812.906,-47.363,-26.367,-34.180,-24.414,0.000
1733122812.910,-35.645,-26.855,-32.227,-14.160,0.000
1733122812.914,-27.832,-26.367,-34.180,-7.812,0.000
1733122812.918,-22.461,-24.414,-37.598,-10.254,0.000
1733122812.922,-31.250,-25.879,-42.969,-18.066,0.000
1733122812.926,-42.969,-19.531,-46.875,-25.879,0.000
1733122812.930,-36.621,-22.461,-41.504,-17.578,0.000
1733122812.933,-32.715,-21.973,-40.527,-13.672,0.000
1733122812.937,-28.320,-25.879,-43.457,-23.438,0.000
1733122812.941,-28.809,-36.621,-45.898,-32.715,0.000
1733122812.945,-45.410,-29.785,-44.434,-38.086,0.000
1733122812.949,-49.805,-26.367,-42.480,-37.598,0.000
1733122812.953,-33.691,-27.832,-42.480,-31.250,0.000
1733122812.957,-19.043,-28.320,-42.969,-23.438,0.000
1733122812.961,-19.531,-31.250,-42.480,-26.367,0.000
1733122812.965,-27.832,-24.414,-44.434,-38.086,0.000
1733122812.969,-25.879,-27.344,-47.363,-49.316,0.000
1733122812.973,-15.137,-33.691,-50.293,-46.387,0.000
1733122812.976,-7.324,-30.762,-52.734,-38.574,0.000
1733122812.980,-15.625,-25.879,-48.828,-41.016,0.000
1733122812.984,-32.715,-26.367,-45.898,-37.109,0.000
1733122812.988,-39.551,-28.320,-41.992,-26.855,0.000
1733122812.992,-34.668,-27.832,-35.645,-17.578,0.000
1733122812.996,-30.762,-28.809,-35.645,-17.090,0.000
1733122813.000,-31.738,-29.297,-38.086,-24.414,0.000
1733122813.004,-40.039,-29.785,-34.668,-25.391,0.000
1733122813.008,-40.039,-28.320,-37.109,-19.043,0.000
1733122813.012,-32.715,-25.391,-41.504,-17.090,0.000
1733122813.016,-28.320,-27.832,-45.898,-19.531,0.000
1733122813.019,-22.949,-30.273,-45.410,-14.160,0.000
1733122813.023,-30.762,-26.367,-45.410,-14.648,0.000
1733122813.027,-41.992,-17.090,-46.875,-29.297,0.000
1733122813.031,-32.715,-23.926,-43.945,-32.715,0.000
1733122813.035,-17.090,-32.715,-47.363,-27.832,0.000
1733122813.039,-12.695,-30.762,-53.223,-26.855,0.000
1733122813.043,-30.762,-32.715,-49.805,-28.809,0.000
1733122813.047,-41.016,-31.738,-41.504,-29.297,0.000
1733122813.051,-32.715,-30.762,-41.992,-30.762,0.000
1733122813.055,-23.926,-29.785,-44.922,-24.902,0.000
1733122813.058,-13.184,-28.320,-47.363,-23.926,0.000
1733122813.062,-22.461,-30.273,-47.852,-30.273,0.000
1733122813.066,-41.016,-24.902,-44.922,-28.809,0.000
1733122813.070,-43.945,-23.438,-49.316,-35.645,0.000
1733122813.074,-41.016,-30.762,-56.152,-49.805,0.000
1733122813.078,-35.156,-30.273,-53.711,-45.898,0.000
1733122813.082,-34.180,-26.855,-49.805,-41.504,0.000
1733122813.086,-43.945,-24.902,-50.781,-44.434,0.000
1733122813.090,-42.480,-30.762,-49.805,-28.320,0.000
1733122813.094,-20.508,-32.715,-51.270,-11.230,0.000
1733122813.098,-15.625,-25.879,-51.758,-22.949,0.000
1733122813.101,-33.203,-27.344,-49.805,-33.203,0.000
1733122813.105,-42.480,-36.621,-51.758,-26.367,0.000
1733122813.109,-37.598,-41.504,-49.805,-18.555,0.000
1733122813.113,-29.785,-37.109,-43.457,-16.113,0.000
1733122813.117,-15.137,-36.621,-41.504,-15.137,0.000
1733122813.121,-12.695,-40.039,-44.434,-15.625,0.000
1733122813.125,-22.461,-39.062,-42.969,-5.371,0.000
1733122813.129,-28.809,-34.668,-38.574,-1.465,0.000
1733122813.133,-18.555,-30.273,-41.016,-9.766,0.000
1733122813.137,-5.859,-41.016,-47.363,-7.324,0.000
1733122813.141,-6.836,-51.270,-46.387,-11.719,0.000
1733122813.144,-20.020,-52.734,-43.945,-20.996,0.000
1733122813.148,-24.902,-57.129,-43.457,-19.043,0.000
1733122813.152,-11.230,-60.547,-42.480,-9.766,0.000
1733122813.156,-3.906,-68.359,-39.062,-11.719,0.000
1733122813.160,-3.906,-75.684,-34.180,-22.949,0.000
1733122813.164,-12.695,-79.590,-33.691,-22.461,0.000
1733122813.168,-23.438,-80.078,-39.062,-23.438,0.000
1733122813.172,-20.020,-81.055,-40.527,-25.391,0.000
1733122813.176,-17.578,-80.566,-35.645,-25.879,0.000
1733122813.180,-17.090,-74.707,-31.738,-26.367,0.000
1733122813.183,-29.785,-70.801,-32.227,-31.738,0.000
1733122813.187,-45.410,-65.918,-34.180,-33.203,0.000
1733122813.191,-37.109,-59.570,-32.715,-28.809,0.000
1733122813.195,-24.902,-68.359,-32.715,-23.926,0.000
1733122813.199,-24.902,-77.148,-37.109,-18.066,0.000
1733122813.203,-34.668,-76.660,-41.992,-23.926,0.000
1733122813.207,-41.992,-71.289,-41.992,-28.809,0.000
1733122813.211,-33.691,-67.871,-42.480,-20.996,0.000
1733122813.215,-23.926,-64.453,-41.016,-15.137,0.000
1733122813.219,-18.066,-62.988,-36.621,-16.602,0.000
1733122813.223,-20.020,-66.406,-31.250,-15.137,0.000
1733122813.226,-28.809,-66.406,-32.715,-19.531,0.000
1733122813.230,-29.785,-58.594,-35.156,-23.926,0.000
1733122813.234,-22.949,-50.293,-34.180,-18.555,0.000
1733122813.238,-13.184,-46.875,-33.691,-14.160,0.000
1733122813.242,-18.555,-48.828,-32.715,-21.973,0.000
1733122813.246,-38.574,-48.340,-36.133,-21.484,0.000
1733122813.250,-41.992,-36.621,-34.668,-21.973,0.000
1733122813.254,-34.180,-33.203,-31.250,-21.484,0.000
1733122813.258,-28.320,-41.016,-30.762,-20.020,0.000
1733122813.262,-28.809,-41.504,-34.668,-27.344,0.000
1733122813.265,-42.480,-38.574,-32.227,-28.320,0.000
1733122813.269,-51.270,-41.016,-27.832,-27.832,0.000
1733122813.273,-43.945,-36.133,-31.738,-32.227,0.000
1733122813.277,-28.320,-36.621,-34.668,-32.715,0.000
1733122813.281,-32.227,-38.086,-38.574,-34.668,0.000
1733122813.285,-48.340,-35.645,-34.180,-35.156,0.000
1733122813.289,-48.340,-38.574,-29.785,-33.691,0.000
1733122813.293,-38.086,-37.598,-29.785,-33.691,0.000
1733122813.297,-33.691,-38.086,-35.645,-35.156,0.000
1733122813.301,-39.062,-38.086,-45.898,-38.574,0.000
1733122813.305,-44.922,-33.203,-45.410,-32.227,0.000
1733122813.308,-40.527,-21.484,-42.480,-21.973,0.000
1733122813.312,-24.414,-10.742,-42.480,-19.043,0.000
1733122813.316,-13.184,-20.508,-40.527,-16.602,0.000
1733122813.320,-11.230,-29.297,-40.527,-22.461,0.000
1733122813.324,-26.367,-28.809,-43.945,-29.297,0.000
1733122813.328,-37.598,-25.879,-41.992,-24.902,0.000
1733122813.332,-21.484,-27.344,-39.062,-21.484,0.000
1733122813.336,-4.883,-29.785,-41.992,-20.996,0.000
1733122813.340,-8.789,-27.344,-41.992,-22.949,0.000
1733122813.344,-20.020,-25.879,-41.016,-27.832,0.000
1733122813.348,-23.926,-25.879,-39.551,-24.902,0.000
1733122813.351,-22.461,-24.902,-39.551,-20.508,0.000
1733122813.355,-21.973,-18.555,-38.086,-26.855,0.000
1733122813.359,-14.160,-15.137,-37.109,-27.344,0.000
1733122813.363,-23.438,-14.648,-37.598,-26.367,0.000
1733122813.367,-37.598,-9.277,-33.691,-28.320,0.000
1733122813.371,-40.039,-9.766,-37.598,-30.762,0.000
1733122813.375,-37.109,-14.648,-41.504,-32.227,0.000
1733122813.379,-26.367,-15.625,-41.992,-26.367,0.000
1733122813.383,-35.156,-19.531,-37.598,-23.438,0.000
1733122813.387,-46.875,-23.926,-28.809,-19.043,0.000
1733122813.391,-41.504,-21.973,-29.785,-14.160,0.000
1733122813.394,-32.715,-22.461,-36.133,-10.254,0.000
1733122813.398,-23.926,-26.367,-41.016,-12.207,0.000
1733122813.402,-23.438,-19.531,-31.250,-14.648,0.000
1733122813.406,-40.527,-20.996,-18.555,-16.113,0.000
1733122813.410,-46.875,-25.391,-21.973,-16.602,0.000
1733122813.414,-33.203,-23.926,-22.461,-12.207,0.000
1733122813.418,-22.949,-23.438,-22.949,-16.602,0.000
1733122813.422,-26.855,-25.391,-29.297,-26.855,0.000
1733122813.426,-40.527,-25.391,-34.668,-24.902,0.000
1733122813.430,-43.457,-26.855,-40.039,-26.367,0.000
1733122813.433,-32.227,-26.367,-38.574,-30.762,0.000
1733122813.437,-14.648,-25.391,-33.691,-21.973,0.000
1733122813.441,-15.625,-27.344,-37.598,-20.020,0.000
1733122813.445,-37.109,-29.785,-39.551,-28.809,0.000
1733122813.449,-35.645,-31.738,-36.621,-38.574,0.000
1733122813.453,-23.926,-31.250,-35.156,-34.668,0.000
1733122813.457,-15.137,-32.227,-36.133,-22.949,0.000
1733122813.461,-10.742,-34.668,-41.992,-26.367,0.000
1733122813.465,-21.484,-33.691,-48.340,-36.133,0.000
1733122813.469,-18.066,-26.367,-44.434,-39.551,0.000
1733122813.473,-7.812,-23.438,-36.621,-39.062,0.000
1733122813.476,-8.789,-30.762,-41.016,-40.527,0.000
1733122813.480,-14.160,-34.668,-41.992,-46.875,0.000
1733122813.484,-30.273,-34.668,-41.016,-44.434,0.000
1733122813.488,-53.223,-37.598,-40.527,-37.598,0.000
1733122813.492,-57.617,-32.715,-32.227,-32.715,0.000
1733122813.496,-44.922,-27.344,-24.414,-24.414,0.000
1733122813.500,-36.621,-28.809,-18.555,-19.531,0.000
1733122813.504,-46.387,-26.367,-25.879,-26.367,0.000
1733122813.508,-57.129,-17.090,-30.273,-33.691,0.000
1733122813.512,-48.340,-13.672,-28.809,-32.227,0.000
1733122813.516,-33.691,-16.113,-34.180,-31.738,0.000
1733122813.519,-32.227,-20.020,-37.598,-33.691,0.000
1733122813.523,-40.527,-19.043,-35.645,-35.645,0.000
1733122813.527,-43.945,-16.113,-35.645,-31.250,0.000
1733122813.531,-35.645,-15.137,-40.039,-22.461,0.000
1733122813.535,-29.297,-10.742,-40.039,-31.738,0.000
1733122813.539,-16.602,-12.207,-39.551,-34.668,0.000
1733122813.543,-17.090,-11.719,-41.992,-32.715,0.000
1733122813.547,-34.180,-7.812,-40.527,-34.180,0.000
1733122813.551,-29.297,-6.348,-39.062,-27.344,0.000
1733122813.555,-24.902,-11.230,-42.969,-25.879,0.000
1733122813.558,-23.926,-19.043,-47.852,-30.273,0.000
1733122813.562,-25.391,-20.020,-44.434,-32.715,0.000
1733122813.566,-34.668,-18.555,-37.109,-33.691,0.000
1733122813.570,-36.133,-17.090,-38.574,-32.227,0.000
1733122813.574,-28.809,-20.996,-42.969,-26.367,0.000
1733122813.578,-20.020,-17.578,-38.574,-19.043,0.000
1733122813.582,-27.344,-10.254,-31.738,-25.879,0.000
1733122813.586,-42.480,-17.578,-33.691,-39.551,0.000
1733122813.590,-41.992,-22.461,-39.062,-28.320,0.000
1733122813.594,-30.273,-15.137,-31.738,-15.625,0.000
1733122813.598,-22.949,-15.137,-29.785,-21.484,0.000
1733122813.601,-22.949,-22.461,-36.133,-19.531,0.000
1733122813.605,-31.250,-18.555,-33.203,-14.160,0.000
1733122813.609,-32.227,-10.742,-31.738,-12.695,0.000
1733122813.613,-23.438,-16.602,-33.203,-9.766,0.000
1733122813.617,-12.207,-23.438,-35.156,0.000,0.000
1733122813.621,-4.883,-24.902,-39.062,-0.977,0.000
1733122813.625,-15.625,-22.461,-33.203,-15.137,0.000
1733122813.629,-22.461,-23.926,-29.297,-14.160,0.000
1733122813.633,-12.695,-32.715,-36.133,-9.766,0.000
1733122813.637,-11.230,-39.551,-39.551,-10.742,0.000
1733122813.640,-10.254,-41.504,-35.645,-17.578,0.000
1733122813.644,-15.137,-50.781,-35.645,-24.414,0.000
1733122813.648,-24.414,-58.105,-39.551,-24.902,0.000
1733122813.652,-17.090,-63.477,-41.504,-22.461,0.000
1733122813.656,-7.812,-68.848,-43.457,-23.438,0.000
1733122813.660,-8.789,-79.590,-45.898,-27.344,0.000
1733122813.664,-21.484,-88.867,-51.270,-36.621,0.000
1733122813.668,-32.715,-88.379,-49.316,-38.086,0.000
1733122813.672,-27.832,-86.914,-48.828,-33.203,0.000
1733122813.676,-21.484,-90.332,-50.781,-33.691,0.000
1733122813.680,-20.508,-97.168,-51.270,-27.832,0.000
1733122813.683,-37.109,-94.238,-48.340,-29.785,0.000
1733122813.687,-60.059,-85.938,-43.945,-40.039,0.000
1733122813.691,-50.781,-82.031,-45.410,-32.227,0.000
1733122813.695,-35.156,-80.078,-48.340,-27.344,0.000
1733122813.699,-33.691,-81.055,-50.293,-29.297,0.000
1733122813.703,-39.551,-87.402,-55.664,-30.762,0.000
1733122813.707,-43.945,-91.309,-55.664,-34.668,0.000
1733122813.711,-36.133,-86.914,-49.316,-27.344,0.000
1733122813.715,-25.879,-81.055,-47.363,-22.461,0.000
1733122813.719,-17.578,-76.660,-44.922,-22.949,0.000
1733122813.723,-20.020,-79.102,-46.387,-19.043,0.000
1733122813.726,-33.691,-80.078,-45.898,-22.461,0.000
1733122813.730,-37.109,-72.266,-42.480,-29.785,0.000
1733122813.734,-23.438,-62.988,-37.598,-28.809,0.000
1733122813.738,-12.695,-59.082,-37.598,-21.973,0.000
1733122813.742,-16.113,-60.059,-41.016,-23.438,0.000
1733122813.746,-27.344,-56.152,-37.109,-29.297,0.000
1733122813.750,-41.016,-56.641,-36.133,-33.691,0.000
1733122813.754,-44.922,-62.500,-40.527,-36.621,0.000
1733122813.758,-40.039,-63.965,-43.945,-39.551,0.000
1733122813.762,-41.016,-61.035,-47.363,-42.480,0.000
1733122813.766,-50.781,-52.734,-48.340,-42.969,0.000
1733122813.769,-51.758,-50.293,-49.316,-36.621,0.000
1733122813.773,-41.016,-48.828,-47.852,-25.391,0.000
1733122813.777,-36.133,-44.434,-47.852,-30.273,0.000
1733122813.781,-32.715,-49.316,-48.340,-31.250,0.000
1733122813.785,-42.969,-46.875,-42.480,-29.785,0.000
1733122813.789,-50.781,-45.898,-41.016,-31.250,0.000
1733122813.793,-48.828,-47.852,-48.340,-35.156,0.000
1733122813.797,-44.434,-47.852,-51.270,-39.062,0.000
1733122813.801,-38.574,-43.457,-49.805,-38.574,0.000
1733122813.805,-43.457,-38.086,-47.363,-42.969,0.000
1733122813.808,-48.828,-36.133,-47.363,-42.969,0.000
1733122813.812,-42.969,-43.945,-52.246,-34.180,0.000
1733122813.816,-35.156,-57.129,-55.176,-26.855,0.000
1733122813.820,-34.180,-55.664,-52.246,-29.297,0.000
1733122813.824,-34.180,-49.316,-49.316,-35.645,0.000
1733122813.828,-37.109,-49.805,-49.805,-35.156,0.000
1733122813.832,-38.086,-61.523,-50.293,-32.227,0.000
1733122813.836,-29.297,-60.547,-45.898,-31.250,0.000
1733122813.840,-22.461,-57.617,-41.016,-28.320,0.000
1733122813.844,-37.598,-60.059,-37.598,-36.621,0.000
1733122813.848,-44.434,-47.852,-32.715,-41.016,0.000
1733122813.851,-32.715,-41.016,-30.762,-36.621,0.000
1733122813.855,-26.855,-43.457,-31.738,-37.598,0.000
1733122813.859,-23.438,-46.875,-32.227,-31.250,0.000
1733122813.863,-30.273,-43.457,-33.203,-36.133,0.000
1733122813.867,-35.645,-37.109,-30.762,-40.527,0.000
1733122813.871,-27.832,-35.645,-32.227,-31.738,0.000
1733122813.875,-24.902,-36.133,-36.621,-22.461,0.000
1733122813.879,-19.531,-35.156,-29.785,-17.090,0.000
1733122813.883,-25.879,-30.273,-26.367,-25.879,0.000
1733122813.887,-43.945,-34.180,-30.762,-31.250,0.000
1733122813.891,-44.922,-38.086,-27.344,-32.227,0.000
1733122813.894,-28.320,-31.250,-21.973,-22.461,0.000
1733122813.898,-15.137,-29.297,-27.832,-12.695,0.000
1733122813.902,-20.508,-33.691,-28.320,-15.625,0.000
1733122813.906,-33.203,-30.762,-27.344,-20.020,0.000
1733122813.910,-32.227,-27.832,-30.273,-17.090,0.000
1733122813.914,-21.484,-27.832,-30.273,-15.625,0.000
1733122813.918,-10.254,-36.133,-36.621,-8.789,0.000
1733122813.922,-12.695,-41.992,-42.480,-7.812,0.000
1733122813.926,-35.156,-25.879,-44.434,-27.832,0.000
1733122813.930,-48.828,-15.625,-45.410,-37.598,0.000
1733122813.934,-40.527,-25.391,-48.828,-24.902,0.000
1733122813.937,-26.367,-35.156,-43.457,-19.531,0.000
1733122813.941,-25.879,-31.738,-38.574,-30.762,0.000
1733122813.945,-46.875,-27.832,-43.457,-41.504,0.000
1733122813.949,-56.152,-34.668,-44.922,-49.316,0.000
1733122813.953,-42.969,-34.668,-43.945,-48.340,0.000
1733122813.957,-33.203,-32.227,-46.875,-51.758,0.000
1733122813.961,-17.578,-35.156,-49.316,-46.387,0.000
1733122813.965,-9.766,-30.273,-48.828,-43.457,0.000
1733122813.969,-13.184,-22.461,-44.434,-40.039,0.000
1733122813.973,-4.883,-20.020,-39.551,-28.809,0.000
1733122813.976,4.395,-26.367,-42.480,-20.996,0.000
1733122813.980,5.371,-29.297,-41.992,-14.160,0.000
1733122813.984,-14.160,-27.832,-36.133,-15.137,0.000
1733122813.988,-34.180,-30.273,-35.645,-15.625,0.000
1733122813.992,-28.320,-39.062,-37.109,-5.859,0.000
1733122813.996,-12.207,-38.086,-33.203,2.930,0.000
1733122814.000,-8.789,-29.297,-31.250,-3.906,0.000
1733122814.004,-19.043,-31.250,-31.738,-7.812,0.000
1733122814.008,-28.809,-29.297,-29.785,-6.348,0.000
1733122814.012,-27.344,-24.414,-30.762,-2.441,0.000
1733122814.015,-21.973,-26.855,-34.668,-4.395,0.000
1733122814.019,-18.555,-30.762,-35.156,-12.695,0.000
1733122814.023,-29.297,-31.738,-34.668,-19.043,0.000
1733122814.027,-45.898,-26.855,-37.109,-26.367,0.000
1733122814.031,-43.945,-23.438,-39.551,-32.227,0.000
1733122814.035,-36.133,-26.367,-42.480,-36.133,0.000
1733122814.039,-33.691,-34.180,-44.434,-34.668,0.000
1733122814.043,-34.180,-27.344,-48.340,-37.598,0.000
1733122814.047,-44.922,-20.996,-48.828,-51.270,0.000
1733122814.051,-41.992,-20.996,-44.434,-55.664,0.000
1733122814.055,-23.926,-15.625,-41.504,-40.039,0.000
1733122814.058,-17.578,-14.648,-40.527,-41.016,0.000
1733122814.062,-24.902,-11.230,-42.969,-51.758,0.000
1733122814.066,-33.691,-7.324,-41.992,-43.945,0.000
1733122814.070,-31.738,-8.789,-37.598,-35.156,0.000
1733122814.074,-30.762,-9.766,-38.086,-36.621,0.000
1733122814.078,-22.461,-11.719,-39.062,-35.645,0.000
1733122814.082,-19.043,-14.160,-38.574,-32.227,0.000
1733122814.086,-36.133,-14.648,-39.551,-36.621,0.000
1733122814.090,-41.504,-14.160,-40.527,-32.227,0.000
1733122814.094,-30.762,-9.766,-36.621,-28.320,0.000
1733122814.098,-26.367,-16.602,-33.691,-25.879,0.000
1733122814.101,-32.227,-20.020,-37.109,-20.020,0.000
1733122814.105,-45.898,-16.602,-37.109,-29.297,0.000
1733122814.109,-48.340,-20.508,-34.180,-33.691,0.000
1733122814.113,-41.504,-17.578,-36.621,-28.809,0.000
1733122814.117,-28.809,-16.602,-42.969,-23.438,0.000
1733122814.121,-20.996,-19.531,-39.551,-19.531,0.000
1733122814.125,-28.320,-26.855,-33.691,-19.531,0.000
1733122814.129,-28.320,-33.691,-38.574,-16.113,0.000
1733122814.133,-26.367,-35.156,-38.574,-24.414,0.000
1733122814.137,-19.043,-40.039,-35.156,-28.320,0.000
1733122814.141,-17.090,-42.969,-40.039,-31.738,0.000
1733122814.144,-34.180,-47.363,-42.969,-37.598,0.000
1733122814.148,-36.133,-44.434,-41.504,-30.762,0.000
1733122814.152,-25.879,-35.156,-42.480,-35.645,0.000
1733122814.156,-22.949,-38.574,-47.363,-43.945,0.000
1733122814.160,-22.461,-46.387,-52.246,-49.316,0.000
1733122814.164,-27.344,-45.410,-48.828,-49.316,0.000
1733122814.168,-37.109,-41.016,-43.945,-42.969,0.000
1733122814.172,-31.250,-42.969,-48.828,-36.621,0.000
1733122814.176,-24.902,-46.875,-56.641,-36.621,0.000
1733122814.180,-29.297,-47.852,-54.199,-34.668,0.000
1733122814.183,-33.691,-44.434,-48.828,-29.785,0.000
1733122814.187,-42.480,-42.969,-44.434,-30.273,0.000
1733122814.191,-40.039,-47.852,-45.898,-25.391,0.000
1733122814.195,-34.180,-42.969,-45.898,-32.227,0.000
1733122814.199,-30.762,-37.109,-43.945,-33.691,0.000
1733122814.203,-35.156,-42.480,-46.875,-28.809,0.000
1733122814.207,-47.363,-41.504,-48.828,-34.180,0.000
1733122814.211,-47.363,-36.621,-49.316,-33.203,0.000
1733122814.215,-37.598,-41.504,-48.340,-32.227,0.000
1733122814.219,-35.156,-44.434,-51.270,-37.598,0.000
1733122814.223,-37.109,-40.039,-50.781,-33.691,0.000
1733122814.226,-42.969,-36.621,-48.340,-30.762,0.000
1733122814.230,-46.387,-32.227,-42.969,-33.203,0.000
1733122814.234,-32.715,-35.156,-44.434,-30.273,0.000
1733122814.238,-25.879,-41.504,-50.293,-34.180,0.000
1733122814.242,-28.809,-36.621,-44.922,-45.410,0.000
1733122814.246,-35.645,-33.203,-41.504,-42.480,0.000
1733122814.250,-36.133,-30.762,-46.387,-38.574,0.000
1733122814.254,-24.902,-29.785,-44.922,-31.738,0.000
1733122814.258,-16.113,-31.738,-37.109,-22.461,0.000
1733122814.262,-16.113,-36.621,-40.039,-21.973,0.000
1733122814.266,-27.832,-38.086,-43.945,-27.832,0.000
1733122814.269,-32.715,-33.691,-41.016,-29.785,0.000
1733122814.273,-21.973,-36.133,-38.086,-19.043,0.000
1733122814.277,-15.137,-40.527,-38.086,-12.207,0.000
1733122814.281,-16.113,-32.715,-39.551,-15.137,0.000
1733122814.285,-34.668,-29.785,-41.504,-23.438,0.000
1733122814.289,-43.457,-31.250,-42.480,-29.785,0.000
1733122814.293,-31.250,-30.273,-46.875,-22.949,0.000
1733122814.297,-25.879,-37.109,-56.152,-20.020,0.000
1733122814.301,-24.902,-39.551,-54.688,-30.762,0.000
1733122814.305,-37.109,-36.133,-49.316,-41.016,0.000
1733122814.309,-52.734,-30.762,-50.293,-44.434,0.000
1733122814.312,-41.016,-23.926,-49.316,-37.109,0.000
1733122814.316,-32.227,-23.438,-45.410,-35.645,0.000
1733122814.320,-31.738,-28.320,-47.363,-40.527,0.000
1733122814.324,-39.062,-33.691,-52.734,-42.480,0.000
1733122814.328,-53.711,-34.180,-52.246,-48.340,0.000
1733122814.332,-51.758,-29.785,-49.805,-49.805,0.000
1733122814.336,-44.434,-38.086,-52.246,-43.945,0.000
1733122814.340,-37.598,-41.016,-52.734,-44.922,0.000
1733122814.344,-46.875,-35.156,-48.828,-49.805,0.000
1733122814.348,-53.223,-32.227,-39.062,-43.457,0.000
1733122814.351,-43.457,-29.785,-34.180,-36.621,0.000
1733122814.355,-35.645,-30.762,-41.016,-35.156,0.000
1733122814.359,-33.203,-31.738,-45.898,-35.645,0.000
1733122814.363,-40.527,-30.762,-47.363,-44.922,0.000
1733122814.367,-47.852,-26.367,-46.875,-39.062,0.000
1733122814.371,-42.480,-24.902,-45.410,-23.926,0.000
1733122814.375,-34.180,-20.020,-43.945,-29.297,0.000
1733122814.379,-28.809,-21.973,-47.363,-32.715,0.000
1733122814.383,-30.273,-29.297,-50.293,-33.203,0.000
1733122814.387,-45.410,-28.320,-46.387,-35.645,0.000
1733122814.390,-49.805,-24.414,-45.898,-30.762,0.000
1733122814.394,-44.922,-31.250,-47.852,-31.738,0.000
1733122814.398,-38.574,-34.668,-46.387,-37.109,0.000
1733122814.402,-40.039,-27.832,-42.969,-34.180,0.000
1733122814.406,-49.316,-27.344,-41.016,-38.574,0.000
1733122814.410,-41.016,-31.738,-46.387,-39.062,0.000
1733122814.414,-25.879,-39.551,-39.551,-25.391,0.000
1733122814.418,-24.902,-45.410,-32.715,-22.461,0.000
1733122814.422,-27.344,-46.875,-35.156,-27.832,0.000
1733122814.426,-42.480,-41.504,-39.551,-40.527,0.000
1733122814.430,-48.828,-37.598,-40.039,-37.109,0.000
1733122814.433,-36.621,-38.574,-32.715,-34.668,0.000
1733122814.437,-29.297,-33.203,-30.762,-42.969,0.000
1733122814.441,-21.973,-33.691,-35.645,-42.480,0.000
1733122814.445,-26.367,-34.668,-42.969,-43.457,0.000
1733122814.449,-25.391,-28.809,-39.551,-36.133,0.000
1733122814.453,-6.348,-23.438,-36.133,-28.809,0.000
1733122814.457,2.441,-29.785,-40.527,-31.250,0.000
1733122814.461,4.883,-33.203,-41.504,-22.949,0.000
1733122814.465,-6.836,-30.273,-40.527,-20.508,0.000
1733122814.469,-24.414,-30.762,-44.434,-29.785,0.000
1733122814.473,-24.414,-32.715,-41.016,-26.855,0.000
1733122814.476,-21.484,-33.691,-36.133,-18.066,0.000
1733122814.480,-25.879,-31.738,-37.598,-19.531,0.000
1733122814.484,-33.203,-32.227,-33.203,-24.414,0.000
1733122814.488,-38.086,-27.344,-31.738,-26.367,0.000
1733122814.492,-26.855,-21.484,-34.180,-20.508,0.000
1733122814.496,-16.602,-20.508,-41.016,-20.020,0.000
1733122814.500,-15.625,-26.855,-40.527,-20.508,0.000
1733122814.504,-26.855,-31.250,-38.574,-22.949,0.000
1733122814.508,-45.898,-29.297,-41.504,-23.438,0.000
1733122814.512,-47.852,-33.691,-42.969,-22.461,0.000
1733122814.516,-38.574,-31.738,-45.898,-26.855,0.000
1733122814.519,-29.785,-30.762,-46.875,-18.066,0.000
1733122814.523,-36.621,-34.180,-45.898,-13.672,0.000
1733122814.527,-53.223,-32.715,-51.758,-31.250,0.000
1733122814.531,-49.316,-30.762,-53.711,-29.297,0.000
1733122814.535,-30.762,-21.973,-45.410,-14.648,0.000
1733122814.539,-19.043,-16.602,-43.457,-22.461,0.000
1733122814.543,-25.391,-18.555,-45.410,-30.762,0.000
1733122814.547,-37.598,-21.484,-44.922,-27.344,0.000
1733122814.551,-36.621,-21.973,-44.434,-24.414,0.000
1733122814.555,-26.855,-21.484,-43.457,-18.555,0.000
1733122814.558,-17.090,-20.020,-40.039,-16.113,0.000
1733122814.562,-21.484,-29.297,-42.480,-18.066,0.000
1733122814.566,-33.691,-38.086,-41.992,-24.902,0.000
1733122814.570,-36.133,-32.227,-37.598,-32.715,0.000
1733122814.574,-20.508,-23.926,-34.668,-21.484,0.000
1733122814.578,-12.207,-22.461,-36.621,-13.184,0.000
1733122814.582,-18.555,-24.414,-37.109,-20.508,0.000
1733122814.586,-24.902,-19.043,-35.156,-23.438,0.000
1733122814.590,-28.320,-9.766,-37.109,-18.066,0.000
1733122814.594,-20.020,-8.789,-40.527,-13.184,0.000
1733122814.598,-14.160,-10.254,-45.898,-17.578,0.000
1733122814.601,-20.996,-15.625,-53.711,-28.320,0.000
1733122814.605,-36.133,-20.020,-53.223,-40.039,0.000
1733122814.609,-41.992,-24.902,-46.875,-31.250,0.000
1733122814.613,-38.086,-33.203,-47.852,-24.902,0.000
1733122814.617,-24.902,-35.156,-45.898,-30.762,0.000
1733122814.621,-15.137,-41.016,-43.457,-31.250,0.000
1733122814.625,-23.926,-41.016,-42.969,-31.738,0.000
1733122814.629,-29.297,-34.668,-37.598,-29.785,0.000
1733122814.633,-23.438,-37.598,-31.738,-22.949,0.000
1733122814.637,-13.184,-41.504,-29.785,-18.555,0.000
1733122814.641,-15.137,-49.805,-39.062,-27.344,0.000
1733122814.644,-28.809,-52.734,-43.945,-35.645,0.000
1733122814.648,-39.551,-48.340,-39.551,-33.691,0.000
1733122814.652,-34.668,-49.805,-43.945,-33.691,0.000
1733122814.656,-25.391,-52.246,-48.828,-27.832,0.000
1733122814.660,-23.926,-48.828,-49.805,-27.832,0.000
1733122814.664,-33.691,-50.781,-47.852,-29.297,0.000
1733122814.668,-52.246,-61.035,-37.598,-27.832,0.000
1733122814.672,-47.363,-56.152,-34.668,-28.320,0.000
1733122814.676,-29.297,-48.340,-39.062,-26.855,0.000
1733122814.680,-23.438,-57.617,-37.598,-20.508,0.000
1733122814.684,-40.039,-61.523,-33.691,-19.043,0.000
1733122814.687,-50.293,-52.734,-35.156,-21.973,0.000
1733122814.691,-36.621,-47.852,-33.691,-20.996,0.000
1733122814.695,-20.020,-47.363,-35.156,-17.578,0.000
1733122814.699,-17.090,-48.828,-41.504,-19.531,0.000
1733122814.703,-23.926,-51.270,-41.992,-21.484,0.000
1733122814.707,-35.156,-50.781,-32.227,-19.043,0.000
1733122814.711,-37.109,-49.316,-25.879,-20.508,0.000
1733122814.715,-26.367,-54.199,-30.273,-10.742,0.000
1733122814.719,-23.438,-55.176,-34.668,-10.254,0.000
1733122814.723,-25.879,-49.805,-35.156,-24.902,0.000
1733122814.726,-36.621,-47.363,-31.738,-31.250,0.000
1733122814.730,-50.781,-48.828,-35.156,-35.645,0.000
1733122814.734,-44.922,-44.922,-36.133,-26.855,0.000
1733122814.738,-31.738,-44.922,-37.598,-25.879,0.000
1733122814.742,-29.785,-51.758,-40.527,-25.391,0.000
1733122814.746,-39.062,-49.805,-39.551,-24.902,0.000
1733122814.750,-40.527,-46.387,-39.062,-26.855,0.000
1733122814.754,-29.785,-44.434,-38.086,-19.043,0.000
1733122814.758,-18.555,-47.852,-42.480,-13.184,0.000
1733122814.762,-20.996,-44.434,-43.457,-14.648,0.000
1733122814.765,-27.344,-34.668,-40.527,-22.461,0.000
1733122814.769,-30.273,-37.109,-40.039,-20.508,0.000
1733122814.773,-32.227,-40.039,-48.828,-16.602,0.000
1733122814.777,-27.344,-41.992,-47.363,-12.695,0.000
1733122814.781,-22.461,-41.016,-41.504,-12.207,0.000
1733122814.785,-30.762,-41.504,-41.504,-20.996,0.000
1733122814.789,-40.527,-40.039,-40.527,-24.902,0.000
1733122814.793,-26.855,-30.273,-44.922,-18.555,0.000
1733122814.797,-6.836,-28.809,-40.039,-5.371,0.000
1733122814.801,-16.113,-36.621,-28.320,-9.766,0.000
1733122814.805,-37.598,-45.410,-30.273,-17.578,0.000
1733122814.808,-51.270,-44.922,-29.297,-22.461,0.000
1733122814.812,-46.875,-40.527,-25.879,-27.832,0.000
1733122814.816,-37.109,-42.969,-22.949,-23.438,0.000
1733122814.820,-30.762,-45.898,-21.973,-24.414,0.000
1733122814.824,-39.551,-44.434,-17.090,-28.320,0.000
1733122814.828,-53.223,-41.992,-16.113,-36.133,0.000
1733122814.832,-41.504,-39.551,-19.531,-31.738,0.000
1733122814.836,-39.062,-41.992,-13.184,-29.785,0.000
1733122814.840,-31.738,-42.969,-9.277,-28.809,0.000
1733122814.844,-33.203,-43.457,-8.301,-29.297,0.000
1733122814.847,-43.945,-46.387,-12.695,-26.855,0.000
1733122814.851,-38.086,-47.852,-6.836,-19.043,0.000
1733122814.855,-33.203,-41.016,-3.418,-17.090,0.000
1733122814.859,-26.367,-42.969,-13.184,-14.160,0.000
1733122814.863,-34.180,-47.852,-17.090,-19.531,0.000
1733122814.867,-45.410,-41.016,-15.137,-22.949,0.000
1733122814.871,-45.410,-33.203,-16.113,-25.879,0.000
1733122814.875,-39.062,-36.133,-21.484,-30.273,0.000
1733122814.879,-33.691,-41.016,-22.949,-26.367,0.000
1733122814.883,-41.504,-44.434,-22.461,-27.832,0.000
1733122814.887,-55.176,-48.828,-23.438,-33.691,0.000
1733122814.890,-58.594,-49.316,-24.902,-32.227,0.000
1733122814.894,-50.781,-50.781,-24.414,-23.438,0.000
1733122814.898,-42.480,-44.434,-23.926,-21.484,0.000
1733122814.902,-42.969,-41.992,-28.809,-32.227,0.000
1733122814.906,-51.758,-47.363,-33.691,-36.621,0.000
1733122814.910,-53.711,-45.410,-31.250,-35.645,0.000
1733122814.914,-38.574,-38.086,-26.367,-33.203,0.000
1733122814.918,-27.344,-37.598,-21.973,-25.391,0.000
1733122814.922,-29.297,-44.434,-24.414,-29.297,0.000
1733122814.926,-41.504,-42.480,-29.785,-36.621,0.000
1733122814.930,-43.457,-31.738,-30.762,-33.203,0.000
1733122814.933,-38.574,-26.855,-31.250,-37.109,0.000
1733122814.937,-27.832,-28.809,-31.738,-36.133,0.000
1733122814.941,-25.391,-35.156,-37.109,-34.180,0.000
1733122814.945,-37.109,-30.762,-35.645,-37.598,0.000
1733122814.949,-30.762,-23.438,-28.320,-33.691,0.000
1733122814.953,-13.672,-23.926,-27.344,-33.203,0.000
1733122814.957,-8.789,-29.785,-33.691,-35.645,0.000
1733122814.961,-10.254,-32.715,-41.992,-30.273,0.000
1733122814.965,-24.414,-29.785,-44.434,-31.738,0.000
1733122814.969,-36.621,-23.438,-41.504,-32.715,0.000
1733122814.973,-35.156,-18.555,-39.551,-20.996,0.000
1733122814.976,-31.250,-24.414,-33.203,-17.090,0.000
1733122814.980,-27.344,-26.367,-28.809,-18.066,0.000
1733122814.984,-29.785,-31.738,-36.621,-19.043,0.000
1733122814.988,-41.504,-36.621,-37.109,-21.973,0.000
1733122814.992,-39.062,-17.578,-35.645,-24.414,0.000
1733122814.996,-27.832,-12.695,-38.574,-24.902,0.000
1733122815.000,-21.484,-24.414,-39.062,-28.320,0.000
1733122815.004,-30.762,-26.855,-41.504,-37.109,0.000
1733122815.008,-38.574,-24.414,-46.875,-39.551,0.000
1733122815.012,-29.785,-26.367,-52.246,-36.621,0.000
1733122815.015,-39.551,-30.273,-40.527,-43.945,0.000
1733122815.019,-42.480,-29.297,-31.738,-45.898,0.000
1733122815.023,-29.297,-28.320,-35.156,-40.039,0.000
1733122815.027,-36.133,-34.668,-35.156,-34.180,0.000
1733122815.031,-34.668,-39.551,-34.180,-22.461,0.000
1733122815.035,-28.320,-37.598,-32.715,-18.555,0.000
1733122815.039,-28.809,-41.504,-32.227,-16.602,0.000
1733122815.043,-27.832,-44.434,-31.738,-9.766,0.000
1733122815.047,-41.992,-42.969,-35.156,-10.742,0.000
1733122815.051,-48.828,-40.039,-38.086,-15.137,0.000
1733122815.055,-34.668,-39.551,-34.668,-15.137,0.000
1733122815.058,-20.020,-36.133,-34.180,-11.230,0.000
1733122815.062,-21.484,-36.133,-36.621,-15.625,0.000
1733122815.066,-37.109,-35.645,-39.062,-23.438,0.000
1733122815.070,-41.504,-33.203,-38.574,-19.043,0.000
1733122815.074,-33.691,-41.992,-38.574,-7.324,0.000
1733122815.078,-24.902,-39.062,-39.062,-1.953,0.000
1733122815.082,-23.926,-35.156,-35.645,-8.789,0.000
1733122815.086,-34.180,-38.086,-38.574,-16.602,0.000
1733122815.090,-40.039,-37.109,-44.922,-20.996,0.000
1733122815.094,-26.855,-33.691,-41.992,-14.648,0.000
1733122815.097,-10.742,-38.574,-40.527,-10.742,0.000
1733122815.101,-10.742,-49.316,-43.457,-18.555,0.000
1733122815.105,-26.367,-50.293,-42.480,-24.902,0.000
1733122815.109,-29.297,-42.969,-40.039,-25.879,0.000
1733122815.113,-20.508,-44.434,-43.457,-24.902,0.000
1733122815.117,-6.836,-51.758,-41.504,-19.043,0.000
1733122815.121,-0.977,-52.734,-41.504,-15.137,0.000
1733122815.125,-15.137,-51.270,-47.363,-28.809,0.000
1733122815.129,-23.926,-52.734,-41.992,-30.762,0.000
1733122815.133,-15.137,-50.781,-38.086,-15.137,0.000
1733122815.136,-5.371,-49.316,-38.086,-14.160,0.000
1733122815.140,-4.883,-51.758,-39.551,-24.902,0.000
1733122815.144,-16.113,-50.293,-37.598,-29.297,0.000
1733122815.148,-22.949,-49.316,-36.133,-20.508,0.000
1733122815.152,-17.578,-43.457,-37.598,-18.555,0.000
1733122815.156,-7.812,-45.898,-39.551,-20.508,0.000
1733122815.160,-3.906,-49.805,-39.062,-20.996,0.000
1733122815.164,-16.602,-50.293,-34.180,-17.090,0.000
1733122815.168,-35.645,-52.246,-36.621,-17.090,0.000
1733122815.172,-33.691,-42.969,-37.598,-19.043,0.000
1733122815.176,-23.438,-45.410,-35.645,-20.996,0.000
1733122815.179,-15.625,-52.246,-36.621,-15.625,0.000
1733122815.183,-19.043,-47.363,-33.203,-13.672,0.000
1733122815.187,-30.273,-41.504,-33.691,-19.531,0.000
1733122815.191,-23.926,-40.527,-38.086,-21.484,0.000
1733122815.195,-12.207,-39.062,-36.133,-15.625,0.000
1733122815.199,-3.906,-35.156,-32.715,-11.719,0.000
1733122815.203,-15.625,-38.086,-36.621,-22.461,0.000
1733122815.207,-31.738,-41.016,-37.109,-31.250,0.000
1733122815.211,-26.855,-39.551,-31.250,-27.832,0.000
1733122815.215,-18.066,-33.203,-28.809,-22.461,0.000
1733122815.219,-11.230,-31.250,-26.367,-20.996,0.000
1733122815.222,-15.625,-38.086,-29.297,-18.066,0.000
1733122815.226,-28.809,-32.715,-29.297,-21.973,0.000
1733122815.230,-31.738,-23.926,-22.461,-32.715,0.000
1733122815.234,-19.531,-25.879,-26.367,-28.809,0.000
1733122815.238,-4.395,-26.855,-22.949,-10.254,0.000
1733122815.242,-17.090,-35.645,-16.113,-14.160,0.000
1733122815.246,-45.898,-36.621,-20.508,-33.203,0.000
1733122815.250,-51.270,-32.227,-26.367,-26.855,0.000
1733122815.254,-43.457,-31.738,-27.832,-21.484,0.000
1733122815.258,-40.039,-30.762,-32.227,-24.902,0.000
1733122815.261,-41.016,-30.762,-35.645,-32.227,0.000
1733122815.265,-49.805,-34.180,-37.598,-45.410,0.000
1733122815.269,-49.316,-34.180,-36.621,-37.598,0.000
1733122815.273,-40.039,-31.738,-34.180,-27.344,0.000
1733122815.277,-35.156,-33.203,-39.551,-31.250,0.000
1733122815.281,-29.785,-37.598,-42.969,-33.203,0.000
1733122815.285,-37.109,-39.062,-38.574,-38.086,0.000
1733122815.289,-40.039,-34.668,-36.133,-37.109,0.000
1733122815.293,-31.250,-36.133,-36.621,-28.320,0.000
1733122815.297,-26.367,-45.410,-37.109,-26.855,0.000
1733122815.301,-16.113,-40.527,-38.086,-26.855,0.000
1733122815.304,-16.602,-34.180,-40.039,-30.273,0.000
1733122815.308,-30.762,-36.133,-41.504,-38.086,0.000
1733122815.312,-32.715,-40.527,-40.039,-32.715,0.000
1733122815.316,-23.926,-42.969,-41.992,-20.996,0.000
1733122815.320,-19.043,-37.109,-43.457,-20.020,0.000
1733122815.324,-25.391,-37.598,-43.457,-23.926,0.000
1733122815.328,-35.156,-44.434,-42.480,-24.902,0.000
1733122815.332,-37.598,-45.898,-43.945,-22.949,0.000
1733122815.336,-22.461,-40.039,-41.504,-19.043,0.000
1733122815.340,-10.742,-39.062,-36.133,-16.113,0.000
1733122815.344,-19.531,-41.504,-34.180,-13.672,0.000
1733122815.347,-32.715,-39.551,-31.738,-21.484,0.000
1733122815.351,-34.180,-35.645,-32.715,-28.320,0.000
1733122815.355,-28.809,-36.621,-39.551,-30.273,0.000
1733122815.359,-17.578,-35.645,-42.969,-18.066,0.000
1733122815.363,-22.949,-29.785,-41.016,-11.719,0.000
1733122815.367,-37.109,-28.320,-43.457,-32.715,0.000
1733122815.371,-35.156,-29.297,-42.480,-32.227,0.000
1733122815.375,-26.855,-24.414,-42.969,-20.020,0.000
1733122815.379,-17.578,-25.391,-48.828,-18.066,0.000
1733122815.383,-22.461,-25.391,-48.340,-20.020,0.000
1733122815.386,-35.156,-25.879,-44.434,-22.461,0.000
1733122815.390,-32.227,-28.320,-41.016,-18.555,0.000
1733122815.394,-19.531,-30.273,-36.133,-22.949,0.000
1733122815.398,-12.695,-37.109,-34.180,-28.809,0.000
1733122815.402,-17.578,-40.039,-33.691,-24.902,0.000
1733122815.406,-28.320,-38.086,-28.809,-20.020,0.000
1733122815.410,-25.391,-28.809,-24.414,-16.602,0.000
1733122815.414,-20.020,-24.902,-27.832,-19.043,0.000
1733122815.418,-18.066,-29.297,-26.367,-24.414,0.000
1733122815.422,-16.113,-30.273,-27.344,-21.484,0.000
1733122815.426,-23.438,-27.344,-27.344,-11.719,0.000
1733122815.429,-30.273,-25.879,-23.926,-8.789,0.000
1733122815.433,-24.414,-26.855,-30.273,-9.277,0.000
1733122815.437,-18.066,-24.902,-36.621,-13.184,0.000
1733122815.441,-23.438,-27.344,-41.016,-20.996,0.000
1733122815.445,-34.180,-29.297,-35.156,-17.578,0.000
1733122815.449,-37.109,-29.297,-34.180,-13.184,0.000
1733122815.453,-32.715,-23.926,-41.992,-19.043,0.000
1733122815.457,-24.414,-10.742,-39.551,-20.508,0.000
1733122815.461,-19.531,-11.230,-36.621,-25.391,0.000
1733122815.465,-27.344,-18.555,-40.039,-32.227,0.000
1733122815.468,-32.715,-12.695,-42.969,-41.992,0.000
1733122815.472,-18.555,-3.906,-41.992,-46.387,0.000
1733122815.476,-6.348,-10.254,-39.551,-41.992,0.000
1733122815.480,0.000,-12.695,-37.598,-41.504,0.000
1733122815.484,-12.207,-13.672,-42.480,-49.316,0.000
1733122815.488,-28.320,-15.137,-42.480,-51.270,0.000
1733122815.492,-29.785,-17.090,-41.504,-41.992,0.000
1733122815.496,-29.785,-23.438,-43.945,-32.715,0.000
1733122815.500,-27.344,-17.090,-40.039,-33.203,0.000
1733122815.504,-35.156,-20.996,-42.480,-42.969,0.000
1733122815.508,-47.363,-23.438,-46.875,-41.992,0.000
1733122815.511,-46.387,-12.207,-39.551,-34.668,0.000
1733122815.515,-35.645,-16.602,-34.180,-26.367,0.000
1733122815.519,-29.297,-25.879,-38.574,-23.438,0.000
1733122815.523,-33.203,-26.855,-39.062,-21.484,0.000
1733122815.527,-44.922,-24.414,-39.551,-20.996,0.000
1733122815.531,-45.898,-21.973,-41.504,-23.926,0.000
1733122815.535,-31.738,-21.484,-39.551,-18.555,0.000
1733122815.539,-25.879,-27.344,-41.016,-20.020,0.000
1733122815.543,-36.133,-31.250,-43.945,-28.809,0.000
1733122815.547,-46.875,-26.367,-46.387,-33.203,0.000
1733122815.550,-46.875,-16.113,-43.945,-32.227,0.000
1733122815.554,-37.109,-18.555,-44.434,-22.461,0.000
1733122815.558,-24.902,-19.043,-48.340,-18.066,0.000
1733122815.562,-26.855,-14.160,-49.316,-25.879,0.000
1733122815.566,-33.203,-21.973,-47.852,-29.785,0.000
1733122815.570,-32.227,-17.578,-44.922,-29.785,0.000
1733122815.574,-22.461,-13.184,-44.434,-26.367,0.000
1733122815.578,-14.648,-15.137,-44.922,-26.367,0.000
1733122815.582,-18.066,-18.555,-49.805,-27.832,0.000
1733122815.586,-29.297,-23.926,-52.246,-29.785,0.000
1733122815.590,-35.645,-13.672,-40.527,-26.855,0.000
1733122815.593,-27.832,-5.371,-30.762,-20.020,0.000
1733122815.597,-21.484,-14.648,-32.227,-19.043,0.000
1733122815.601,-28.809,-16.113,-37.109,-22.949,0.000
1733122815.605,-45.410,-8.301,-38.086,-28.809,0.000
1733122815.609,-41.016,-7.324,-36.133,-26.367,0.000
1733122815.613,-26.367,-9.766,-35.156,-20.996,0.000
1733122815.617,-21.973,-15.137,-37.109,-23.438,0.000
1733122815.621,-20.996,-22.461,-47.363,-26.855,0.000
1733122815.625,-25.879,-30.273,-45.410,-26.855,0.000
1733122815.629,-34.180,-34.668,-37.598,-25.391,0.000
1733122815.633,-30.273,-38.086,-41.504,-21.484,0.000
1733122815.636,-19.531,-44.434,-44.922,-21.973,0.000
1733122815.640,-20.508,-47.363,-42.969,-27.832,0.000
1733122815.644,-30.273,-48.828,-38.574,-31.738,0.000
1733122815.648,-38.574,-47.363,-35.645,-31.738,0.000
1733122815.652,-35.156,-41.992,-36.133,-30.273,0.000
1733122815.656,-19.043,-42.969,-40.527,-21.484,0.000
1733122815.660,-12.207,-50.293,-41.992,-20.508,0.000
1733122815.664,-18.555,-56.641,-40.527,-27.344,0.000
1733122815.668,-27.344,-53.711,-40.527,-27.344,0.000
1733122815.672,-21.973,-55.176,-40.527,-23.926,0.000
1733122815.676,-10.742,-57.129,-39.551,-23.926,0.000
1733122815.679,-8.789,-52.734,-39.551,-26.855,0.000
1733122815.683,-16.602,-54.688,-40.039,-31.250,0.000
1733122815.687,-28.320,-59.082,-41.992,-34.668,0.000
1733122815.691,-27.344,-57.129,-35.645,-26.367,0.000
1733122815.695,-18.555,-47.363,-38.574,-22.949,0.000
1733122815.699,-16.602,-44.922,-48.340,-19.531,0.000
1733122815.703,-20.508,-48.340,-48.828,-20.996,0.000
1733122815.707,-30.762,-50.781,-45.898,-27.832,0.000
1733122815.711,-33.691,-49.805,-45.898,-26.855,0.000
1733122815.715,-25.879,-48.340,-47.852,-25.391,0.000
1733122815.718,-13.672,-50.293,-42.480,-17.578,0.000
1733122815.722,-16.113,-52.246,-41.016,-14.160,0.000
1733122815.726,-35.645,-52.246,-43.945,-24.902,0.000
1733122815.730,-42.969,-45.898,-42.480,-30.273,0.000
1733122815.734,-37.109,-51.758,-44.434,-21.973,0.000
1733122815.738,-35.156,-54.199,-41.992,-18.066,0.000
1733122815.742,-33.203,-41.504,-40.039,-27.832,0.000
1733122815.746,-42.969,-44.434,-43.457,-38.574,0.000
1733122815.750,-50.293,-42.480,-42.480,-39.551,0.000
1733122815.754,-36.621,-37.109,-43.945,-27.832,0.000
1733122815.758,-24.902,-41.016,-44.434,-24.902,0.000
1733122815.761,-24.902,-44.922,-47.363,-33.691,0.000
1733122815.765,-36.133,-44.922,-45.898,-38.574,0.000
1733122815.769,-47.363,-48.828,-38.086,-38.574,0.000
1733122815.773,-43.457,-51.270,-41.016,-37.109,0.000
1733122815.777,-33.691,-50.293,-43.457,-32.715,0.000
1733122815.781,-26.367,-52.246,-41.504,-25.879,0.000
1733122815.785,-33.691,-40.527,-40.527,-34.668,0.000
1733122815.789,-38.086,-33.691,-41.016,-37.109,0.000
1733122815.793,-37.109,-36.621,-44.434,-32.227,0.000
1733122815.797,-32.227,-32.715,-42.969,-34.668,0.000
1733122815.801,-21.973,-33.203,-41.016,-31.738,0.000
1733122815.804,-30.762,-37.598,-41.992,-34.668,0.000
1733122815.808,-45.410,-33.691,-42.480,-40.039,0.000
1733122815.812,-39.062,-29.297,-39.062,-33.691,0.000
1733122815.816,-24.414,-28.320,-37.598,-27.832,0.000
1733122815.820,-21.484,-28.320,-37.598,-29.297,0.000
1733122815.824,-25.879,-32.715,-34.668,-21.484,0.000
1733122815.828,-33.203,-27.832,-37.109,-20.020,0.000
1733122815.832,-39.062,-19.531,-40.039,-31.738,0.000
1733122815.836,-31.250,-21.973,-40.039,-32.715,0.000
1733122815.840,-23.438,-24.414,-41.016,-21.484,0.000
1733122815.843,-32.227,-22.461,-36.621,-23.926,0.000
1733122815.847,-47.363,-18.066,-40.527,-36.133,0.000
1733122815.851,-45.410,-17.578,-42.480,-34.668,0.000
1733122815.855,-29.297,-13.184,-40.039,-31.250,0.000
1733122815.859,-20.508,-7.324,-44.434,-31.738,0.000
1733122815.863,-26.367,-6.348,-44.922,-33.691,0.000
1733122815.867,-40.039,-8.789,-44.434,-38.574,0.000
1733122815.871,-42.969,-13.184,-43.945,-37.598,0.000
1733122815.875,-32.715,-12.695,-42.969,-40.527,0.000
1733122815.879,-24.902,-16.113,-47.363,-44.922,0.000
1733122815.882,-25.879,-26.367,-49.316,-38.086,0.000
1733122815.886,-38.086,-24.414,-48.340,-38.086,0.000
1733122815.890,-47.363,-14.648,-42.480,-39.062,0.000
1733122815.894,-37.598,-13.184,-33.203,-22.461,0.000
1733122815.898,-28.320,-16.113,-28.320,-15.137,0.000
1733122815.902,-32.715,-21.484,-34.668,-26.855,0.000
1733122815.906,-39.551,-20.996,-39.062,-33.203,0.000
1733122815.910,-40.527,-18.066,-40.527,-29.785,0.000
1733122815.914,-35.645,-18.066,-40.527,-26.855,0.000
1733122815.918,-26.855,-19.531,-35.645,-22.949,0.000
1733122815.922,-23.926,-23.926,-34.668,-24.902,0.000
1733122815.925,-36.621,-26.855,-37.598,-34.668,0.000
1733122815.929,-46.875,-30.273,-39.062,-31.738,0.000
1733122815.933,-42.969,-30.762,-36.133,-19.531,0.000
1733122815.937,-20.996,-29.785,-30.762,-2.441,0.000
1733122815.941,-4.883,-26.855,-31.738,-2.441,0.000
1733122815.945,-32.715,-21.973,-34.668,-28.809,0.000
1733122815.949,-43.945,-16.113,-32.227,-34.180,0.000
1733122815.953,-44.922,-17.578,-38.574,-42.480,0.000
1733122815.957,-41.504,-24.414,-36.133,-42.969,0.000
1733122815.961,-39.551,-21.484,-37.109,-44.434,0.000
1733122815.965,-57.617,-26.367,-48.828,-62.012,0.000
1733122815.968,-66.406,-20.508,-50.293,-70.801,0.000
1733122815.972,-62.988,-17.578,-47.363,-68.848,0.000
1733122815.976,-48.340,-23.438,-41.504,-48.828,0.000
1733122815.980,-45.410,-18.066,-40.039,-48.828,0.000
1733122815.984,-52.734,-10.254,-42.480,-61.035,0.000
1733122815.988,-58.594,-10.254,-46.387,-57.129,0.000
1733122815.992,-56.152,-16.113,-48.340,-52.246,0.000
1733122815.996,-47.363,-14.648,-47.363,-45.898,0.000
1733122816.000,-41.504,-13.672,-49.805,-48.828,0.000
1733122816.004,-46.387,-15.625,-47.363,-53.223,0.000
1733122816.008,-54.199,-12.695,-43.457,-50.781,0.000
1733122816.011,-50.293,-5.859,-46.875,-59.082,0.000
1733122816.015,-38.086,3.906,-48.828,-59.570,0.000
1733122816.019,-25.391,-3.418,-49.316,-54.199,0.000
1733122816.023,-24.902,-12.695,-52.246,-58.594,0.000
1733122816.027,-35.156,-0.977,-54.688,-68.359,0.000
1733122816.031,-33.203,1.953,-56.152,-62.500,0.000
1733122816.035,-28.320,3.906,-56.152,-59.570,0.000
1733122816.039,-15.137,1.953,-53.223,-49.805,0.000
1733122816.043,-19.043,-5.859,-47.852,-46.875,0.000
1733122816.047,-42.969,-10.254,-46.875,-56.152,0.000
1733122816.051,-44.922,-5.371,-45.898,-51.270,0.000
1733122816.054,-37.109,-6.836,-44.434,-43.457,0.000
1733122816.058,-28.809,-12.207,-48.828,-45.410,0.000
1733122816.062,-26.855,-13.184,-48.340,-49.805,0.000
1733122816.066,-38.574,-13.672,-46.875,-52.246,0.000
1733122816.070,-43.945,-5.371,-46.387,-51.270,0.000
1733122816.074,-34.180,-8.301,-46.387,-46.387,0.000
1733122816.078,-26.367,-16.113,-50.781,-44.434,0.000
1733122816.082,-27.344,-14.648,-49.805,-44.922,0.000
1733122816.086,-43.945,-13.672,-43.945,-44.434,0.000
1733122816.090,-53.711,-20.996,-47.363,-43.945,0.000
1733122816.093,-43.457,-24.414,-48.340,-37.109,0.000
1733122816.097,-31.738,-22.949,-41.016,-30.273,0.000
1733122816.101,-28.320,-26.367,-39.062,-26.855,0.000
1733122816.105,-41.992,-27.344,-41.016,-30.762,0.000
1733122816.109,-44.434,-21.484,-34.668,-21.484,0.000
1733122816.113,-37.109,-16.602,-30.273,-10.742,0.000
1733122816.117,-32.715,-8.789,-35.645,-19.531,0.000
1733122816.121,-20.508,-7.812,-35.645,-19.043,0.000
1733122816.125,-24.414,-11.230,-32.715,-19.043,0.000
1733122816.129,-39.062,-11.719,-40.527,-27.832,0.000
1733122816.133,-35.645,-14.160,-47.852,-29.297,0.000
1733122816.136,-19.043,-16.602,-50.781,-26.367,0.000
1733122816.140,-10.254,-19.531,-50.293,-26.855,0.000
1733122816.144,-16.602,-21.973,-50.293,-34.668,0.000
1733122816.148,-28.320,-21.484,-48.340,-39.062,0.000
1733122816.152,-31.738,-22.461,-51.758,-33.691,0.000
1733122816.156,-25.879,-21.973,-55.664,-31.250,0.000
1733122816.160,-21.484,-19.043,-52.734,-33.691,0.000
1733122816.164,-25.879,-21.484,-50.781,-34.668,0.000
1733122816.168,-36.621,-19.043,-47.363,-29.785,0.000
1733122816.172,-33.691,-18.066,-44.922,-23.926,0.000
1733122816.176,-22.461,-33.203,-42.969,-21.484,0.000
1733122816.179,-16.602,-44.922,-41.992,-15.625,0.000
1733122816.183,-31.738,-44.434,-41.992,-25.391,0.000
1733122816.187,-45.410,-41.016,-40.527,-36.133,0.000
1733122816.191,-37.598,-38.574,-40.527,-38.574,0.000
1733122816.195,-23.438,-41.992,-39.062,-35.156,0.000
1733122816.199,-6.348,-47.852,-37.598,-25.391,0.000
1733122816.203,-16.113,-47.852,-44.434,-32.715,0.000
1733122816.207,-28.809,-42.480,-52.246,-39.062,0.000
1733122816.211,-27.344,-49.316,-48.828,-36.133,0.000
1733122816.215,-19.043,-54.199,-43.457,-30.273,0.000
1733122816.218,-10.742,-54.199,-41.016,-22.949,0.000
1733122816.222,-14.160,-58.105,-40.039,-26.855,0.000
1733122816.226,-23.438,-64.453,-42.480,-31.738,0.000
1733122816.230,-23.926,-63.477,-41.992,-25.879,0.000
1733122816.234,-18.066,-54.688,-43.945,-27.832,0.000
1733122816.238,-3.418,-53.223,-43.945,-21.973,0.000
1733122816.242,-2.441,-56.152,-44.434,-17.578,0.000
1733122816.246,-23.926,-57.617,-41.504,-27.832,0.000
1733122816.250,-34.180,-47.852,-36.133,-33.691,0.000
1733122816.254,-30.762,-41.504,-40.527,-33.691,0.000
1733122816.257,-21.484,-40.527,-38.086,-28.809,0.000
1733122816.261,-17.578,-44.434,-35.156,-29.297,0.000
1733122816.265,-27.832,-46.875,-37.598,-35.645,0.000
1733122816.269,-36.621,-48.828,-35.645,-30.273,0.000
1733122816.273,-26.855,-50.781,-32.715,-13.184,0.000
1733122816.277,-17.090,-53.711,-36.133,-11.719,0.000
1733122816.281,-9.277,-58.105,-34.180,-18.066,0.000
1733122816.285,-18.555,-53.223,-33.203,-20.020,0.000
1733122816.289,-29.785,-52.246,-34.180,-16.602,0.000
1733122816.293,-26.855,-51.758,-32.715,-10.742,0.000
1733122816.297,-22.949,-37.598,-33.691,-18.555,0.000
1733122816.300,-16.602,-28.320,-31.738,-24.414,0.000
1733122816.304,-25.391,-34.668,-36.621,-20.508,0.000
1733122816.308,-39.062,-33.691,-35.645,-21.973,0.000
1733122816.312,-31.250,-25.879,-31.250,-21.973,0.000
1733122816.316,-18.066,-23.926,-33.691,-14.160,0.000
1733122816.320,-13.672,-28.809,-36.133,-9.766,0.000
1733122816.324,-21.973,-34.180,-36.133,-11.719,0.000
1733122816.328,-38.086,-29.297,-35.645,-18.066,0.000
1733122816.332,-38.574,-31.250,-36.621,-20.020,0.000
1733122816.336,-28.809,-30.273,-33.203,-18.066,0.000
1733122816.340,-22.461,-30.273,-26.855,-20.996,0.000
1733122816.343,-26.367,-36.621,-24.414,-27.832,0.000
1733122816.347,-42.480,-41.016,-28.320,-32.227,0.000
1733122816.351,-47.852,-37.598,-31.250,-33.203,0.000
1733122816.355,-37.598,-28.809,-28.320,-35.645,0.000
1733122816.359,-27.832,-31.250,-31.738,-34.180,0.000
1733122816.363,-29.785,-36.133,-31.738,-36.133,0.000
1733122816.367,-41.992,-39.551,-30.273,-38.574,0.000
1733122816.371,-39.551,-37.598,-31.250,-30.762,0.000
1733122816.375,-27.344,-37.598,-29.297,-31.250,0.000
1733122816.379,-18.555,-38.086,-35.645,-30.273,0.000
1733122816.383,-16.113,-38.086,-36.621,-26.855,0.000
1733122816.386,-26.367,-31.738,-28.809,-23.438,0.000
1733122816.390,-35.156,-27.344,-26.367,-24.902,0.000
1733122816.394,-28.809,-35.645,-25.879,-18.555,0.000
1733122816.398,-18.555,-38.086,-23.926,-11.719,0.000
1733122816.402,-18.555,-31.738,-25.391,-24.414,0.000
1733122816.406,-31.250,-33.691,-27.832,-30.273,0.000
1733122816.410,0.000,-31.738,-29.785,-28.320,0.000
1733122816.414,0.000,-27.832,-34.668,-29.785,0.000
1733122816.418,0.000,-34.180,-38.574,-23.438,0.000
1733122816.422,0.000,-35.645,-35.645,-17.578,0.000
1733122816.425,0.000,-33.691,-32.715,-27.344,0.000
1733122816.429,0.000,-34.180,-31.250,-33.203,0.000
1733122816.433,0.000,-30.273,-31.250,-31.738,0.000
1733122816.437,0.000,-31.738,-34.668,-25.391,0.000
1733122816.441,0.000,-34.180,-36.133,-18.555,0.000
1733122816.445,0.000,-31.250,-33.691,-28.320,0.000
1733122816.449,0.000,-29.297,-34.668,-35.645,0.000
1733122816.453,0.000,-30.273,-33.691,-26.855,0.000
1733122816.457,-30.273,-33.203,-32.227,-18.555,0.000
1733122816.461,-26.855,-33.691,-30.762,-22.949,0.000
1733122816.465,-37.598,-37.109,-35.156,-28.809,0.000
1733122816.468,-46.875,-35.645,-33.691,-29.785,0.000
1733122816.472,-45.410,-32.715,-34.180,-30.273,0.000
1733122816.476,-29.785,-28.320,-41.504,-22.949,0.000
1733122816.480,-11.719,-25.879,-40.527,-13.672,0.000
1733122816.484,-20.508,-37.109,-33.203,-12.207,0.000
1733122816.488,-46.875,-43.457,-27.832,-16.602,0.000
1733122816.492,-46.875,-37.109,-30.762,-25.879,0.000
1733122816.496,-30.273,-34.668,-35.156,-30.273,0.000
1733122816.500,-24.414,-36.133,-34.668,-27.832,0.000
1733122816.504,-29.297,-39.062,-34.180,-31.250,0.000
1733122816.508,-45.410,-30.762,-36.621,-41.992,0.000
1733122816.511,-48.828,-25.879,-36.621,-39.062,0.000
1733122816.515,-37.598,-33.691,-32.715,-26.855,0.000
1733122816.519,-30.762,-31.738,-32.715,-28.809,0.000
1733122816.523,-36.133,-28.320,-39.551,-39.062,0.000
1733122816.527,-50.293,-32.715,-36.621,-38.574,0.000
1733122816.531,-51.758,-26.367,-27.832,-33.691,0.000
1733122816.535,-41.992,-17.090,-30.762,-41.016,0.000
1733122816.539,-31.250,-20.020,-31.738,-38.086,0.000
1733122816.543,-26.855,-25.391,-25.391,-28.809,0.000
1733122816.547,-47.363,-27.344,-21.484,-35.645,0.000
1733122816.550,-61.035,-18.555,-23.438,-42.480,0.000
1733122816.554,-55.664,-19.531,-24.902,-41.992,0.000
1733122816.558,-49.805,-23.926,-25.879,-43.945,0.000
1733122816.562,-48.340,-12.695,-31.738,-52.734,0.000
1733122816.566,-60.547,-10.254,-38.086,-55.664,0.000
1733122816.570,-72.266,-18.066,-34.668,-55.176,0.000
1733122816.574,-67.871,-24.414,-30.273,-53.223,0.000
1733122816.578,-58.105,-23.438,-37.109,-49.316,0.000
1733122816.582,-54.688,-15.137,-38.574,-57.129,0.000
1733122816.586,-57.129,-14.160,-42.480,-63.477,0.000
1733122816.589,-65.430,-13.672,-44.922,-61.523,0.000
1733122816.593,-66.406,-11.230,-39.062,-62.988,0.000
1733122816.597,-43.945,-11.719,-40.039,-61.523,0.000
1733122816.601,-29.785,-16.602,-38.574,-60.059,0.000
1733122816.605,-44.434,-13.672,-33.691,-68.359,0.000
1733122816.609,-67.383,-8.789,-35.645,-73.730,0.000
1733122816.613,-71.777,-11.719,-41.016,-71.289,0.000
1733122816.617,-70.801,-15.625,-42.969,-71.777,0.000
1733122816.621,-76.172,-16.602,-47.363,-70.801,0.000
1733122816.625,-84.961,-18.066,-43.945,-73.242,0.000
1733122816.629,-95.703,-15.625,-35.645,-79.102,0.000
1733122816.632,-92.773,-16.602,-37.598,-79.102,0.000
1733122816.636,-91.797,-16.113,-45.410,-84.961,0.000
1733122816.640,-83.984,-12.695,-43.945,-85.449,0.000
1733122816.644,-81.055,-12.695,-39.551,-79.590,0.000
1733122816.648,-104.492,-15.625,-39.551,-83.496,0.000
1733122816.652,-108.398,-15.625,-39.062,-83.984,0.000
1733122816.656,-98.633,-12.695,-38.086,-87.402,0.000
1733122816.660,-92.285,-11.230,-40.527,-87.402,0.000
1733122816.664,-81.055,-12.695,-45.898,-79.590,0.000
1733122816.668,-99.609,-15.137,-43.945,-85.449,0.000
1733122816.672,-110.352,-18.066,-32.715,-86.914,0.000
1733122816.675,-86.426,-17.578,-26.855,-74.219,0.000
1733122816.679,-74.707,-15.137,-26.367,-65.430,0.000
1733122816.683,-67.383,-9.766,-28.320,-62.500,0.000
1733122816.687,-70.801,-0.488,-31.250,-73.730,0.000
1733122816.691,-87.402,-2.930,-29.785,-85.449,0.000
1733122816.695,-85.938,-9.277,-33.203,-80.078,0.000
1733122816.699,-71.777,-9.277,-33.691,-73.242,0.000
1733122816.703,-63.965,-14.648,-31.738,-73.242,0.000
1733122816.707,-78.125,-17.578,-39.062,-82.031,0.000
1733122816.711,-85.938,-8.301,-38.086,-84.473,0.000
1733122816.715,-83.008,-6.348,-32.227,-81.543,0.000
1733122816.718,-75.195,-4.883,-28.320,-82.520,0.000
1733122816.722,-67.383,-4.395,-27.832,-78.125,0.000
1733122816.726,-77.637,-8.301,-34.180,-75.684,0.000
1733122816.730,-100.098,-4.883,-27.832,-80.078,0.000
1733122816.734,-100.098,-4.883,-22.461,-79.590,0.000
1733122816.738,-82.031,-8.789,-24.902,-72.754,0.000
1733122816.742,-82.031,-10.254,-25.879,-73.242,0.000
1733122816.746,-95.703,-11.230,-26.367,-81.055,0.000
1733122816.750,-107.422,-13.672,-25.391,-86.426,0.000
1733122816.754,-110.352,-18.066,-27.344,-94.727,0.000
1733122816.757,-99.609,-22.461,-29.297,-92.773,0.000
1733122816.761,-83.008,-30.762,-32.715,-81.055,0.000
1733122816.765,-86.914,-39.551,-28.809,-77.637,0.000
1733122816.769,-93.750,-49.316,-25.391,-78.125,0.000
1733122816.773,-85.449,-54.199,-28.320,-75.684,0.000
1733122816.777,-75.684,-59.082,-27.344,-75.195,0.000
1733122816.781,-56.152,-66.895,-27.832,-67.383,0.000
1733122816.785,-50.293,-73.730,-30.762,-58.594,0.000
1733122816.789,-71.777,-79.102,-28.320,-64.941,0.000
1733122816.793,-67.383,-74.219,-23.438,-62.012,0.000
1733122816.797,-50.781,-76.660,-26.367,-51.270,0.000
1733122816.800,-39.062,-83.496,-37.109,-56.152,0.000
1733122816.804,-36.133,-85.449,-37.598,-59.570,0.000
1733122816.808,-58.105,-90.332,-33.203,-57.129,0.000
1733122816.812,-66.406,-91.309,-34.180,-56.641,0.000
1733122816.816,-57.129,-84.961,-31.738,-55.176,0.000
1733122816.820,-52.734,-83.496,-28.809,-57.617,0.000
1733122816.824,-52.734,-89.844,-36.133,-56.641,0.000
1733122816.828,-64.941,-86.914,-43.457,-52.734,0.000
1733122816.832,-77.148,-78.125,-44.922,-61.523,0.000
1733122816.836,-71.289,-77.148,-41.016,-62.988,0.000
1733122816.840,-54.688,-75.195,-43.945,-57.617,0.000
1733122816.843,-52.734,-73.730,-41.504,-57.617,0.000
1733122816.847,-73.730,-72.266,-37.109,-63.965,0.000
1733122816.851,-78.613,-63.965,-41.504,-66.895,0.000
1733122816.855,-66.406,-61.523,-47.363,-63.477,0.000
1733122816.859,-56.641,-66.406,-48.340,-58.105,0.000
1733122816.863,-50.781,-62.500,-48.340,-54.199,0.000
1733122816.867,-58.594,-52.734,-45.410,-64.941,0.000
1733122816.871,-55.176,-48.340,-41.016,-57.617,0.000
1733122816.875,-41.016,-52.734,-37.598,-49.316,0.000
1733122816.879,-36.133,-60.059,-35.645,-51.758,0.000
1733122816.882,-30.273,-59.570,-40.039,-45.898,0.000
1733122816.886,-38.574,-62.500,-42.969,-46.875,0.000
1733122816.890,-51.270,-64.941,-44.434,-49.316,0.000
1733122816.894,-43.945,-62.012,-37.109,-42.480,0.000
1733122816.898,-36.133,-66.895,-36.133,-44.922,0.000
1733122816.902,-30.273,-73.242,-37.109,-40.527,0.000
1733122816.906,-41.992,-68.848,-35.645,-38.574,0.000
1733122816.910,-66.895,-60.059,-33.691,-56.641,0.000
1733122816.914,-67.871,-58.105,-28.809,-61.035,0.000
1733122816.918,-57.617,-61.035,-31.738,-57.617,0.000
1733122816.921,-54.199,-61.523,-42.969,-60.059,0.000
1733122816.925,-59.570,-60.547,-41.016,-58.594,0.000
1733122816.929,-76.660,-60.547,-35.645,-60.547,0.000
1733122816.933,-84.961,-58.105,-41.016,-60.547,0.000
1733122816.937,-73.730,-48.340,-43.457,-56.641,0.000
1733122816.941,-55.176,-44.922,-46.387,-51.758,0.000
1733122816.945,-62.012,-50.781,-43.457,-59.082,0.000
1733122816.949,-77.637,-51.270,-42.480,-61.035,0.000
1733122816.953,-72.266,-49.805,-46.387,-50.781,0.000
1733122816.957,-61.523,-48.828,-43.457,-56.152,0.000
1733122816.961,-44.922,-51.758,-44.434,-51.270,0.000
1733122816.964,-40.527,-53.711,-47.852,-41.016,0.000
1733122816.968,-52.246,-49.805,-46.875,-36.621,0.000
1733122816.972,-50.293,-44.434,-49.805,-24.902,0.000
1733122816.976,-33.691,-49.316,-51.270,-19.531,0.000
1733122816.980,-10.742,-45.898,-56.152,-12.207,0.000
1733122816.984,-8.301,-37.109,-54.199,-13.184,0.000
1733122816.988,-34.180,-36.133,-46.387,-32.715,0.000
1733122816.992,-40.527,-36.621,-46.387,-37.598,0.000
1733122816.996,-29.297,-37.109,-45.898,-27.832,0.000
1733122817.000,-23.438,-35.645,-38.086,-30.273,0.000
1733122817.004,-21.484,-36.621,-37.109,-37.109,0.000
1733122817.007,-31.738,-36.621,-42.480,-39.551,0.000
1733122817.011,-45.410,-34.180,-42.969,-45.898,0.000
1733122817.015,-44.434,-34.180,-37.109,-50.293,0.000
1733122817.019,-32.227,-38.086,-34.180,-41.504,0.000
1733122817.023,-29.785,-39.551,-36.621,-41.016,0.000
1733122817.027,-48.340,-35.645,-28.320,-51.270,0.000
1733122817.031,-61.035,-36.621,-22.461,-56.152,0.000
1733122817.035,-50.293,-41.504,-23.438,-48.828,0.000
1733122817.039,-42.969,-44.922,-24.902,-43.457,0.000
1733122817.043,-42.480,-42.480,-20.996,-43.457,0.000
1733122817.046,-52.246,-35.156,-20.020,-43.945,0.000
1733122817.050,-63.477,-28.320,-29.785,-47.852,0.000
1733122817.054,-51.270,-29.785,-33.691,-39.062,0.000
1733122817.058,-36.133,-27.344,-32.227,-30.762,0.000
1733122817.062,-26.367,-26.367,-32.715,-36.133,0.000
1733122817.066,-27.832,-33.691,-36.621,-38.574,0.000
1733122817.070,-35.645,-28.809,-37.598,-35.645,0.000
1733122817.074,-34.180,-23.926,-38.574,-30.762,0.000
1733122817.078,-33.691,-25.879,-40.039,-32.227,0.000
1733122817.082,-31.738,-32.715,-40.527,-35.156,0.000
1733122817.086,-37.598,-32.227,-41.992,-32.715,0.000
1733122817.089,-67.383,-27.344,-36.621,-47.363,0.000
1733122817.093,-70.801,-27.344,-31.250,-52.734,0.000
1733122817.097,-50.781,-30.762,-31.738,-36.133,0.000
1733122817.101,-52.734,-28.809,-25.879,-37.109,0.000
1733122817.105,-62.012,-21.484,-25.391,-51.758,0.000
1733122817.109,-68.848,-21.973,-26.855,-53.711,0.000
1733122817.113,-59.082,-20.996,-20.996,-43.457,0.000
1733122817.117,-41.992,-17.090,-16.602,-38.086,0.000
1733122817.121,-36.621,-20.508,-18.555,-39.551,0.000
1733122817.125,-43.945,-23.926,-18.555,-44.434,0.000
1733122817.129,-61.523,-20.508,-19.043,-52.734,0.000
1733122817.132,-58.594,-13.184,-19.531,-41.992,0.000
1733122817.136,-44.922,-15.137,-10.742,-32.227,0.000
1733122817.140,-33.691,-20.020,-8.301,-33.691,0.000
1733122817.144,-28.320,-15.625,-14.648,-22.949,0.000
1733122817.148,-42.480,-6.348,-21.973,-23.438,0.000
1733122817.152,-38.574,2.441,-24.902,-27.344,0.000
1733122817.156,-35.156,-8.301,-20.020,-24.902,0.000
1733122817.160,-39.551,-12.695,-22.949,-35.156,0.000
1733122817.164,-34.180,-8.301,-28.809,-34.668,0.000
1733122817.168,-49.316,-8.789,-34.180,-40.039,0.000
1733122817.172,-56.641,-7.812,-33.691,-41.504,0.000
1733122817.175,-56.152,-10.742,-35.645,-40.039,0.000
1733122817.179,-49.316,-14.160,-37.598,-43.457,0.000
1733122817.183,-37.109,-15.625,-32.715,-40.039,0.000
1733122817.187,-47.852,-13.184,-31.738,-44.922,0.000
1733122817.191,-57.617,-11.719,-33.203,-55.176,0.000
1733122817.195,-49.316,-3.906,-31.738,-63.965,0.000
1733122817.199,-38.086,-0.488,-23.926,-62.500,0.000
1733122817.203,-42.969,-8.789,-20.020,-61.035,0.000
1733122817.207,-57.617,-11.230,-24.414,-66.406,0.000
1733122817.211,-69.336,-10.254,-24.414,-64.453,0.000
1733122817.214,-65.430,-14.160,-23.926,-55.664,0.000
1733122817.218,-44.434,-16.602,-23.926,-41.992,0.000
1733122817.222,-37.598,-20.996,-26.855,-36.133,0.000
1733122817.226,-47.852,-25.879,-26.855,-37.598,0.000
1733122817.230,-53.223,-22.461,-20.020,-32.715,0.000
1733122817.234,-45.898,-24.902,-20.508,-21.973,0.000
1733122817.238,-42.480,-28.320,-23.438,-13.672,0.000
1733122817.242,-50.781,-30.273,-28.809,-26.855,0.000
1733122817.246,-56.152,-29.785,-29.297,-35.645,0.000
1733122817.250,-70.312,-26.367,-31.250,-41.016,0.000
1733122817.254,-67.383,-27.832,-36.133,-46.387,0.000
1733122817.257,-53.711,-25.391,-25.391,-40.527,0.000
1733122817.261,-51.758,-26.367,-18.066,-34.180,0.000
1733122817.265,-62.012,-30.273,-22.461,-30.762,0.000
1733122817.269,-69.336,-17.578,-20.996,-30.273,0.000
1733122817.273,-59.570,-14.160,-20.508,-32.227,0.000
1733122817.277,-54.199,-25.879,-22.949,-31.738,0.000
1733122817.281,-46.875,-31.250,-23.438,-24.414,0.000
1733122817.285,-48.828,-32.227,-28.320,-28.809,0.000
1733122817.289,-53.711,-30.762,-30.762,-35.645,0.000
1733122817.293,-48.340,-36.133,-32.227,-30.762,0.000
1733122817.296,-35.156,-38.086,-30.762,-23.438,0.000
1733122817.300,-22.949,-35.156,-27.344,-20.996,0.000
1733122817.304,-19.531,-35.645,-31.250,-17.578,0.000
1733122817.308,-27.832,-38.574,-32.715,-22.461,0.000
1733122817.312,-29.785,-36.133,-26.855,-25.391,0.000
1733122817.316,-14.160,-35.156,-26.367,-19.043,0.000
1733122817.320,3.906,-33.691,-24.414,-9.277,0.000
1733122817.324,-5.371,-42.480,-26.367,-5.859,0.000
1733122817.328,-28.320,-42.969,-30.762,-14.160,0.000
1733122817.332,-29.297,-29.297,-33.203,-16.602,0.000
1733122817.336,-18.555,-37.109,-28.809,-15.625,0.000
1733122817.339,-21.973,-50.781,-27.344,-30.273,0.000
1733122817.343,-27.344,-58.594,-34.180,-33.203,0.000
1733122817.347,-42.480,-63.965,-33.203,-33.203,0.000
1733122817.351,-54.688,-71.777,-33.203,-37.598,0.000
1733122817.355,-44.434,-78.613,-34.668,-34.668,0.000
1733122817.359,-34.180,-78.125,-33.203,-36.133,0.000
1733122817.363,-33.203,-83.008,-35.156,-37.598,0.000
1733122817.367,-53.223,-84.961,-36.133,-43.945,0.000
1733122817.371,-56.152,-78.613,-32.227,-43.457,0.000
1733122817.375,-33.691,-72.266,-32.715,-34.180,0.000
1733122817.378,-27.832,-73.242,-37.598,-33.203,0.000
1733122817.382,-24.902,-79.590,-36.621,-23.438,0.000
1733122817.386,-28.320,-76.660,-33.203,-18.066,0.000
1733122817.390,-30.273,-72.266,-32.227,-26.367,0.000
1733122817.394,-23.438,-81.543,-36.133,-22.949,0.000
1733122817.398,-20.508,-89.355,-40.039,-19.043,0.000
1733122817.402,-13.184,-89.355,-38.086,-16.602,0.000
1733122817.406,-14.648,-85.938,-38.574,-19.531,0.000
1733122817.410,-20.508,-80.078,-41.016,-28.320,0.000
1733122817.414,-17.578,-87.891,-43.457,-23.438,0.000
1733122817.418,-15.625,-87.402,-42.969,-18.066,0.000
1733122817.421,-9.277,-75.195,-39.062,-17.090,0.000
1733122817.425,-15.137,-70.312,-41.504,-21.484,0.000
1733122817.429,-30.273,-67.871,-38.574,-24.414,0.000
1733122817.433,-36.133,-64.453,-33.691,-23.926,0.000
1733122817.437,-45.410,-59.082,-34.668,-31.738,0.000
1733122817.441,-47.363,-57.129,-33.203,-32.227,0.000
1733122817.445,-50.781,-53.223,-33.691,-34.668,0.000
1733122817.449,-62.012,-47.363,-30.273,-39.551,0.000
1733122817.453,-64.453,-52.246,-34.668,-42.480,0.000
1733122817.457,-56.152,-57.617,-40.039,-41.016,0.000
1733122817.461,-33.691,-51.758,-30.762,-28.809,0.000
1733122817.464,-22.949,-54.199,-26.855,-20.508,0.000
1733122817.468,-25.391,-44.922,-35.156,-24.414,0.000
1733122817.472,-27.344,-37.109,-40.039,-22.949,0.000
1733122817.476,-25.879,-45.410,-40.039,-8.301,0.000
1733122817.480,-9.277,-42.480,-29.785,2.441,0.000
1733122817.484,0.977,-37.109,-27.832,0.000,0.000
1733122817.488,-16.113,-30.273,-40.039,-10.742,0.000
1733122817.492,-24.414,-29.297,-34.668,-13.672,0.000
1733122817.496,-17.578,-36.621,-36.133,-14.648,0.000
1733122817.500,-13.184,-40.039,-44.434,-17.090,0.000
1733122817.504,-11.719,-42.480,-45.898,-9.766,0.000
1733122817.507,-22.461,-42.969,-50.293,-17.090,0.000
1733122817.511,-30.273,-32.715,-53.711,-27.344,0.000
1733122817.515,-24.414,-26.367,-53.223,-23.926,0.000
1733122817.519,-12.207,-26.855,-53.711,-18.066,0.000
1733122817.523,-10.742,-23.438,-56.641,-11.719,0.000
1733122817.527,-27.344,-20.508,-53.711,-28.320,0.000
1733122817.531,-36.621,-21.484,-50.781,-34.180,0.000
1733122817.535,-37.109,-19.531,-51.758,-34.668,0.000
1733122817.539,-34.180,-17.578,-55.664,-43.945,0.000
1733122817.543,-29.785,-23.926,-56.641,-38.086,0.000
1733122817.546,-38.574,-30.762,-51.758,-35.645,0.000
1733122817.550,-45.898,-20.508,-50.781,-37.598,0.000
1733122817.554,-37.109,-19.531,-58.105,-40.039,0.000
1733122817.558,-20.996,-25.879,-52.734,-33.691,0.000
1733122817.562,-4.395,-27.344,-44.922,-12.695,0.000
1733122817.566,-3.418,-26.855,-52.246,-6.836,0.000
1733122817.570,-16.602,-19.043,-57.129,-18.555,0.000
1733122817.574,-7.324,-24.414,-60.059,-13.672,0.000
1733122817.578,7.324,-27.832,-67.871,-11.719,0.000
1733122817.582,7.812,-27.344,-72.266,-18.066,0.000
1733122817.586,5.859,-31.738,-73.730,-4.883,0.000
1733122817.589,1.953,-31.250,-78.125,0.488,0.000
1733122817.593,2.441,-27.344,-77.637,-3.906,0.000
1733122817.597,11.719,-27.832,-79.590,-5.859,0.000
1733122817.601,16.602,-34.180,-86.426,-2.930,0.000
1733122817.605,18.066,-35.156,-84.961,5.859,0.000
1733122817.609,15.625,-27.832,-81.543,8.301,0.000
1733122817.613,12.695,-14.648,-85.938,2.930,0.000
1733122817.617,34.668,-5.859,-87.891,3.418,0.000
1733122817.621,50.781,-13.672,-91.797,13.672,0.000
1733122817.625,39.062,-20.508,-94.727,14.160,0.000
1733122817.629,24.902,-22.949,-94.238,10.742,0.000
1733122817.632,23.926,-26.367,-96.191,8.789,0.000
1733122817.636,34.668,-29.785,-96.680,13.672,0.000
1733122817.640,48.340,-33.691,-95.215,29.297,0.000
1733122817.644,55.664,-35.156,-95.703,40.527,0.000
1733122817.648,49.805,-39.062,-93.750,34.668,0.000
1733122817.652,56.641,-41.992,-86.426,45.410,0.000
1733122817.656,79.590,-42.480,-83.008,69.824,0.000
1733122817.660,87.891,-40.039,-81.055,74.219,0.000
1733122817.664,90.820,-41.504,-77.148,83.496,0.000
1733122817.668,83.008,-41.992,-81.543,81.543,0.000
1733122817.671,74.219,-38.574,-84.961,65.430,0.000
1733122817.675,88.867,-42.480,-81.055,73.242,0.000
1733122817.679,100.586,-41.016,-83.496,81.543,0.000
1733122817.683,97.656,-39.062,-83.008,80.566,0.000
1733122817.687,88.867,-33.691,-80.078,79.102,0.000
1733122817.691,77.148,-27.344,-77.637,69.336,0.000
1733122817.695,87.891,-32.715,-70.801,79.102,0.000
1733122817.699,100.586,-34.180,-75.195,92.285,0.000
1733122817.703,88.379,-28.320,-80.566,88.379,0.000
1733122817.707,72.266,-21.484,-79.590,73.730,0.000
1733122817.710,63.477,-22.949,-78.613,59.570,0.000
1733122817.714,72.266,-29.785,-82.520,59.082,0.000
1733122817.718,85.938,-32.227,-89.355,63.965,0.000
1733122817.722,88.867,-28.320,-83.008,69.336,0.000
1733122817.726,86.914,-23.926,-74.707,69.824,0.000
1733122817.730,79.102,-23.926,-73.730,60.547,0.000
1733122817.734,78.613,-24.414,-71.289,55.176,0.000
1733122817.738,79.590,-21.973,-65.430,58.105,0.000
1733122817.742,76.172,-30.762,-65.918,66.406,0.000
1733122817.746,70.801,-30.762,-62.012,68.848,0.000
1733122817.750,55.664,-18.555,-57.129,56.641,0.000
1733122817.753,52.734,-15.137,-53.223,54.199,0.000
1733122817.757,61.523,-20.508,-47.852,62.012,0.000
1733122817.761,70.312,-23.926,-46.875,69.336,0.000
1733122817.765,67.383,-19.043,-51.270,64.453,0.000
1733122817.769,47.363,-18.066,-56.641,47.852,0.000
1733122817.773,43.457,-20.996,-63.477,32.715,0.000
1733122817.777,52.734,-23.438,-60.059,31.738,0.000
1733122817.781,57.617,-21.484,-51.758,38.086,0.000
1733122817.785,49.316,-23.438,-50.293,43.945,0.000
1733122817.789,27.832,-23.438,-49.805,33.203,0.000
1733122817.793,18.066,-15.137,-51.270,20.508,0.000
1733122817.796,20.508,-14.648,-49.316,28.809,0.000
1733122817.800,24.414,-7.324,-43.945,41.016,0.000
1733122817.804,28.320,-3.906,-41.992,45.410,0.000
1733122817.808,16.602,-4.883,-39.551,31.250,0.000
1733122817.812,-3.906,-0.977,-45.898,0.000,0.000
1733122817.816,-6.348,-10.254,-52.734,-8.789,0.000
1733122817.820,7.324,-10.254,-51.758,-1.465,0.000
1733122817.824,12.207,-2.441,-52.246,4.395,0.000
1733122817.828,-0.977,-4.395,-50.781,0.977,0.000
1733122817.832,-9.766,-4.395,-44.922,-6.348,0.000
1733122817.835,0.977,-4.883,-44.434,0.488,0.000
1733122817.839,16.602,-4.395,-43.945,13.184,0.000
1733122817.843,17.578,-7.324,-40.527,20.508,0.000
1733122817.847,3.418,-10.742,-40.039,21.973,0.000
1733122817.851,-11.719,-10.254,-34.668,9.766,0.000
1733122817.855,-10.254,-9.277,-31.250,1.465,0.000
1733122817.859,-0.977,-10.254,-30.762,6.348,0.000
1733122817.863,0.977,-15.137,-33.691,17.090,0.000
1733122817.867,-12.207,-16.113,-33.203,10.742,0.000
1733122817.871,-28.320,-15.137,-32.227,-14.160,0.000
1733122817.875,-22.461,-9.277,-39.551,-17.090,0.000
1733122817.878,-11.230,-6.836,-38.086,-10.742,0.000
1733122817.882,-6.348,-12.207,-41.016,-2.930,0.000
1733122817.886,-10.742,-16.602,-41.016,2.441,0.000
1733122817.890,-22.461,-17.090,-39.551,-11.230,0.000
1733122817.894,-25.391,-13.672,-42.480,-21.973,0.000
1733122817.898,-27.344,-11.719,-36.621,-27.344,0.000
1733122817.902,-21.973,-10.742,-35.156,-25.391,0.000
1733122817.906,-18.555,-17.578,-36.621,-17.578,0.000
1733122817.910,-35.645,-10.742,-35.645,-35.156,0.000
1733122817.914,-43.945,-0.977,-41.016,-49.316,0.000
1733122817.918,-31.250,-5.371,-43.457,-41.992,0.000
1733122817.921,-18.066,-15.137,-40.527,-22.461,0.000
1733122817.925,-21.484,-20.020,-37.598,-17.578,0.000
1733122817.929,-33.691,-18.555,-38.574,-38.086,0.000
1733122817.933,-36.621,-17.090,-42.969,-46.387,0.000
1733122817.937,-22.949,-22.461,-45.898,-31.738,0.000
1733122817.941,-4.883,-29.785,-44.434,-8.789,0.000
1733122817.945,-4.395,-31.250,-40.527,-5.859,0.000
1733122817.949,-23.438,-41.504,-40.527,-23.926,0.000
1733122817.953,-38.086,-55.176,-42.969,-37.598,0.000
1733122817.957,-26.855,-65.430,-36.621,-35.645,0.000
1733122817.961,-11.719,-65.918,-36.133,-20.020,0.000
1733122817.964,-10.254,-60.547,-38.574,-7.324,0.000
1733122817.968,-22.949,-59.082,-35.645,-13.672,0.000
1733122817.972,-33.691,-56.152,-29.297,-22.461,0.000
1733122817.976,-33.691,-62.500,-27.344,-19.531,0.000
1733122817.980,-25.391,-67.871,-32.715,-14.648,0.000
1733122817.984,-21.484,-72.754,-35.156,-9.766,0.000
1733122817.988,-31.738,-70.801,-35.645,-12.207,0.000
1733122817.992,-43.457,-59.570,-37.598,-34.180,0.000
1733122817.996,-33.691,-56.152,-41.504,-39.551,0.000
1733122818.000,-22.461,-53.223,-41.016,-29.297,0.000
1733122818.004,-19.043,-55.176,-42.480,-20.020,0.000
1733122818.007,-29.785,-62.988,-41.016,-21.973,0.000
1733122818.011,-38.574,-58.594,-38.574,-37.109,0.000
1733122818.015,-26.855,-49.316,-38.086,-35.156,0.000
1733122818.019,-10.742,-45.410,-39.551,-23.438,0.000
1733122818.023,-12.695,-48.828,-43.457,-18.066,0.000
1733122818.027,-23.926,-52.246,-48.340,-21.484,0.000
1733122818.031,-30.762,-46.875,-51.270,-29.785,0.000
1733122818.035,-29.785,-40.527,-49.805,-31.738,0.000
1733122818.039,-20.996,-41.504,-45.410,-22.461,0.000
1733122818.043,-11.719,-52.734,-46.387,-8.789,0.000
1733122818.046,-20.996,-58.594,-45.898,-3.906,0.000
1733122818.050,-37.109,-46.387,-40.039,-25.879,0.000
1733122818.054,-31.738,-41.992,-37.598,-32.715,0.000
1733122818.058,-20.020,-40.527,-31.738,-16.602,0.000
1733122818.062,-17.090,-38.574,-30.762,-6.836,0.000
1733122818.066,-30.762,-45.410,-36.133,-12.207,0.000
1733122818.070,-55.176,-51.270,-41.504,-31.738,0.000
1733122818.074,-60.059,-53.223,-44.434,-31.738,0.000
1733122818.078,-46.875,-50.293,-45.410,-11.719,0.000
1733122818.082,-33.691,-42.480,-42.480,-7.324,0.000
1733122818.085,-30.762,-39.062,-40.039,-12.207,0.000
1733122818.089,-41.504,-37.109,-40.527,-27.344,0.000
1733122818.093,-40.527,-33.691,-42.480,-38.086,0.000
1733122818.097,-22.949,-28.320,-42.969,-26.855,0.000
1733122818.101,-5.371,-30.762,-41.992,-9.766,0.000
1733122818.105,-6.348,-33.691,-48.828,-6.836,0.000
1733122818.109,-20.996,-26.855,-52.734,-23.926,0.000
1733122818.113,-26.367,-24.414,-50.781,-41.016,0.000
1733122818.117,-17.090,-24.414,-42.969,-31.250,0.000
1733122818.121,-2.441,-22.949,-43.457,-18.555,0.000
1733122818.125,-4.883,-18.555,-52.734,-22.949,0.000
1733122818.128,-30.273,-22.461,-54.688,-40.527,0.000
1733122818.132,-41.016,-24.414,-52.734,-54.199,0.000
1733122818.136,-30.762,-20.508,-51.270,-49.316,0.000
1733122818.140,-14.648,-20.020,-45.410,-31.738,0.000
1733122818.144,-6.348,-15.625,-42.969,-14.160,0.000
1733122818.148,-23.438,-20.020,-43.945,-17.090,0.000
1733122818.152,-36.133,-25.879,-40.527,-33.203,0.000
1733122818.156,-27.344,-21.484,-39.062,-37.598,0.000
1733122818.160,-17.090,-23.438,-36.621,-23.926,0.000
1733122818.164,-16.113,-28.320,-37.109,-9.766,0.000
1733122818.167,-31.250,-27.832,-42.969,-20.020,0.000
1733122818.171,-46.875,-26.855,-46.875,-37.109,0.000
1733122818.175,-38.574,-27.344,-46.875,-40.039,0.000
1733122818.179,-27.832,-32.715,-45.410,-30.762,0.000
1733122818.183,-25.391,-36.133,-44.434,-16.113,0.000
1733122818.187,-36.133,-28.320,-43.457,-27.344,0.000
1733122818.191,-46.875,-31.250,-42.480,-41.504,0.000
1733122818.195,-41.992,-32.715,-43.457,-38.086,0.000
1733122818.199,-34.180,-29.297,-43.945,-32.715,0.000
1733122818.203,-24.902,-30.762,-47.363,-24.414,0.000
1733122818.207,-26.367,-27.832,-43.945,-23.438,0.000
1733122818.210,-39.062,-25.391,-41.992,-36.621,0.000
1733122818.214,-37.598,-20.020,-38.086,-41.992,0.000
1733122818.218,-24.902,-19.043,-36.621,-32.715,0.000
1733122818.222,-19.531,-25.879,-41.016,-14.160,0.000
1733122818.226,-24.414,-21.973,-34.668,-8.301,0.000
1733122818.230,-36.133,-13.672,-34.180,-28.809,0.000
1733122818.234,-36.133,-15.625,-40.527,-41.016,0.000
1733122818.238,0.000,-19.531,-36.133,-33.203,0.000
1733122818.242,0.000,-20.508,-34.668,-19.043,0.000
1733122818.246,0.000,-20.996,-43.945,-13.672,0.000
1733122818.250,0.000,-22.461,-46.875,-22.461,0.000
1733122818.253,0.000,-24.902,-44.922,-31.738,0.000
1733122818.257,0.000,-23.438,-40.527,-22.461,0.000
1733122818.261,0.000,-22.461,-42.969,-15.137,0.000
1733122818.265,0.000,-20.508,-47.852,-13.184,0.000
1733122818.269,0.000,-20.020,-49.805,-22.949,0.000
1733122818.273,0.000,-22.949,-49.316,-35.156,0.000
1733122818.277,0.000,-18.555,-45.898,-28.809,0.000
1733122818.281,0.000,-19.531,-49.316,-8.789,0.000
1733122818.285,-18.066,-24.414,-47.852,1.953,0.000
1733122818.289,-33.691,-25.879,-48.828,-13.184,0.000
1733122818.293,-40.527,-20.508,-49.316,-32.715,0.000
1733122818.296,-29.785,-17.578,-42.480,-26.367,0.000
1733122818.300,-23.438,-20.996,-44.434,-17.090,0.000
1733122818.304,-19.043,-20.996,-43.945,-11.230,0.000
1733122818.308,-27.832,-17.090,-37.109,-18.555,0.000
1733122818.312,-40.527,-17.578,-39.551,-37.109,0.000
1733122818.316,-36.133,-22.949,-41.504,-31.738,0.000
1733122818.320,-30.273,-16.602,-36.621,-21.973,0.000
1733122818.324,-25.879,-10.742,-33.691,-17.090,0.000
1733122818.328,-32.227,-20.020,-33.203,-19.531,0.000
1733122818.332,-43.945,-25.391,-35.645,-32.227,0.000
1733122818.335,-38.574,-24.902,-34.668,-29.297,0.000
1733122818.339,-26.855,-31.738,-40.527,-19.043,0.000
1733122818.343,-24.902,-35.156,-43.945,-12.207,0.000
1733122818.347,-36.133,-29.297,-40.039,-19.043,0.000
1733122818.351,-43.457,-30.762,-41.016,-37.598,0.000
1733122818.355,-41.504,-36.621,-48.828,-44.434,0.000
1733122818.359,-23.926,-39.551,-51.758,-27.832,0.000
1733122818.363,0.000,-32.715,-48.828,-7.812,0.000
1733122818.367,-3.906,-20.508,-51.270,-24.414,0.000
1733122818.371,-18.066,-20.020,-57.129,-44.922,0.000
1733122818.374,-16.602,-17.578,-54.199,-39.062,0.000
1733122818.378,-13.672,-18.555,-47.363,-36.621,0.000
1733122818.382,-7.324,-26.855,-44.922,-24.902,0.000
1733122818.386,-19.043,-31.738,-42.969,-21.484,0.000
1733122818.390,-43.457,-36.621,-41.992,-34.668,0.000
1733122818.394,-50.781,-37.598,-48.340,-41.016,0.000
1733122818.398,-43.945,-33.691,-50.781,-35.156,0.000
1733122818.402,-27.344,-35.645,-50.781,-23.926,0.000
1733122818.406,-30.273,-34.180,-47.852,-20.508,0.000
1733122818.410,-51.270,-24.414,-43.945,-32.715,0.000
1733122818.414,-50.781,-19.043,-41.992,-44.434,0.000
1733122818.417,-40.039,-23.438,-41.016,-42.969,0.000
1733122818.421,-30.762,-27.344,-39.551,-25.879,0.000
1733122818.425,-29.785,-27.832,-39.062,-19.043,0.000
1733122818.429,-43.945,-30.762,-42.969,-29.785,0.000
1733122818.433,-46.387,-32.715,-41.992,-37.109,0.000
1733122818.437,-38.574,-28.809,-41.992,-37.598,0.000
1733122818.441,-30.273,-22.461,-46.387,-28.320,0.000
1733122818.445,-25.391,-23.438,-48.828,-17.090,0.000
1733122818.449,-31.250,-27.344,-47.852,-14.160,0.000
1733122818.453,-45.410,-34.180,-37.598,-26.855,0.000
1733122818.457,-42.480,-33.203,-26.367,-31.738,0.000
1733122818.460,-24.902,-33.691,-28.809,-19.531,0.000
1733122818.464,-22.461,-41.992,-37.598,-13.184,0.000
1733122818.468,-36.133,-41.016,-36.621,-17.090,0.000
1733122818.472,-44.434,-41.504,-41.016,-30.273,0.000
1733122818.476,-31.250,-42.969,-46.875,-31.250,0.000
1733122818.480,-19.531,-34.668,-44.434,-19.531,0.000
1733122818.484,-16.113,-29.785,-42.480,-8.301,0.000
1733122818.488,-23.926,-32.227,-41.016,-11.230,0.000
1733122818.492,-37.598,-32.715,-43.945,-27.832,0.000
1733122818.496,-34.668,-24.414,-43.945,-23.438,0.000
1733122818.499,-25.879,-20.508,-41.992,-8.301,0.000
1733122818.503,-19.531,-27.832,-39.551,-2.930,0.000
1733122818.507,-23.926,-28.809,-41.992,-9.277,0.000
1733122818.511,-44.434,-25.879,-48.828,-39.062,0.000
1733122818.515,-44.434,-30.762,-48.340,-52.246,0.000
1733122818.519,-27.344,-32.715,-47.852,-34.668,0.000
1733122818.523,-25.391,-35.156,-48.828,-17.578,0.000
1733122818.527,-31.738,-40.527,-46.387,-19.043,0.000
1733122818.531,-39.062,-47.852,-46.875,-29.785,0.000
1733122818.535,-35.645,-51.270,-47.363,-34.180,0.000
1733122818.539,-22.949,-57.129,-51.758,-22.949,0.000
1733122818.542,-14.648,-65.918,-48.828,-6.348,0.000
1733122818.546,-22.461,-59.082,-47.363,-10.742,0.000
1733122818.550,-36.133,-58.594,-47.363,-26.367,0.000
1733122818.554,-33.691,-71.289,-43.457,-26.855,0.000
1733122818.558,-27.344,-73.730,-42.969,-20.996,0.000
1733122818.562,-18.555,-68.848,-41.016,-17.090,0.000
1733122818.566,-20.996,-68.359,-45.410,-16.113,0.000
1733122818.570,-37.109,-63.965,-44.922,-31.738,0.000
1733122818.574,-40.039,-57.129,-42.480,-43.945,0.000
1733122818.578,-28.809,-56.641,-40.527,-40.039,0.000
1733122818.582,-18.555,-63.477,-37.598,-29.297,0.000
1733122818.585,-20.508,-66.895,-38.086,-22.461,0.000
1733122818.589,-38.574,-62.500,-35.645,-31.250,0.000
1733122818.593,-44.922,-51.758,-30.762,-38.086,0.000
1733122818.597,-28.809,-51.758,-35.156,-30.273,0.000
1733122818.601,-24.414,-64.941,-41.992,-20.996,0.000
1733122818.605,-31.250,-60.547,-41.504,-24.902,0.000
1733122818.609,-43.945,-54.199,-43.457,-42.969,0.000
1733122818.613,-52.734,-56.152,-43.457,-60.059,0.000
1733122818.617,-47.852,-54.688,-40.039,-58.105,0.000
1733122818.621,-33.691,-54.688,-37.598,-38.086,0.000
1733122818.625,-27.832,-54.688,-36.133,-25.391,0.000
1733122818.628,-36.133,-53.223,-36.621,-33.203,0.000
1733122818.632,-42.969,-51.270,-35.645,-40.527,0.000
1733122818.636,-38.574,-50.293,-36.133,-32.715,0.000
1733122818.640,-20.996,-45.410,-36.621,-13.672,0.000
1733122818.644,-11.719,-45.410,-36.621,7.324,0.000
1733122818.648,-25.879,-46.875,-39.062,0.977,0.000
1733122818.652,-38.574,-38.086,-41.016,-21.484,0.000
1733122818.656,-26.855,-34.180,-39.551,-25.879,0.000
1733122818.660,-16.113,-41.504,-38.574,-18.066,0.000
1733122818.664,-14.160,-41.992,-36.133,-6.348,0.000
1733122818.667,-25.391,-36.621,-36.621,-11.230,0.000
1733122818.671,-39.551,-40.527,-42.969,-36.133,0.000
1733122818.675,-37.598,-40.527,-43.457,-42.480,0.000
1733122818.679,-31.250,-38.086,-43.945,-34.668,0.000
1733122818.683,-23.438,-40.527,-45.410,-29.785,0.000
1733122818.687,-27.832,-42.480,-44.922,-32.715,0.000
1733122818.691,-47.852,-43.457,-42.480,-44.434,0.000
1733122818.695,-44.434,-37.109,-38.086,-43.945,0.000
1733122818.699,-26.855,-34.180,-37.598,-37.598,0.000
1733122818.703,-22.461,-40.527,-36.133,-26.367,0.000
1733122818.707,-30.273,-41.992,-34.180,-22.949,0.000
1733122818.710,-45.410,-39.551,-38.574,-42.480,0.000
1733122818.714,-41.992,-41.504,-37.109,-42.969,0.000
1733122818.718,-29.785,-42.480,-32.715,-37.598,0.000
1733122818.722,-23.438,-42.969,-39.062,-29.297,0.000
1733122818.726,-24.414,-39.062,-41.504,-14.160,0.000
1733122818.730,-37.109,-35.156,-38.086,-26.855,0.000
1733122818.734,-32.715,-36.133,-33.203,-31.250,0.000
1733122818.738,-19.531,-32.227,-33.691,-17.090,0.000
1733122818.742,-7.812,-29.297,-39.062,-8.789,0.000
1733122818.746,-7.324,-32.715,-41.016,-5.859,0.000
1733122818.749,-19.531,-31.250,-40.039,-10.254,0.000
1733122818.753,-20.020,-29.785,-34.180,-15.625,0.000
1733122818.757,-12.695,-25.879,-30.273,-12.207,0.000
1733122818.761,-1.465,-25.879,-30.762,-0.977,0.000
1733122818.765,-7.324,-31.250,-33.203,0.488,0.000
1733122818.769,-29.297,-30.762,-38.574,-22.949,0.000
1733122818.773,-34.180,-25.879,-38.086,-41.504,0.000
1733122818.777,-30.762,-26.855,-38.574,-40.039,0.000
1733122818.781,-25.391,-28.320,-38.574,-25.391,0.000
1733122818.785,-26.855,-27.344,-41.992,-24.414,0.000
1733122818.789,-39.062,-33.203,-46.387,-37.109,0.000
1733122818.792,-41.992,-37.109,-41.992,-47.852,0.000
1733122818.796,-35.156,-34.668,-40.039,-48.340,0.000
1733122818.800,-25.879,-32.227,-42.969,-34.668,0.000
1733122818.804,-18.066,-31.250,-40.527,-23.926,0.000
1733122818.808,-27.344,-27.344,-29.785,-28.320,0.000
1733122818.812,-34.668,-20.996,-22.461,-37.109,0.000
1733122818.816,-17.090,-16.602,-16.602,-27.344,0.000
1733122818.820,3.418,-15.625,-17.578,-9.277,0.000
1733122818.824,5.371,-17.578,-26.367,3.418,0.000
1733122818.828,-5.859,-17.090,-27.832,-1.953,0.000
1733122818.831,-19.531,-14.648,-28.320,-26.855,0.000
1733122818.835,-17.578,-18.066,-27.832,-30.273,0.000
1733122818.839,-6.836,-23.438,-24.414,-17.090,0.000
1733122818.843,-5.371,-21.484,-22.461,-8.301,0.000
1733122818.847,-8.789,-18.066,-22.949,-7.812,0.000
1733122818.851,-19.043,-24.414,-24.414,-22.949,0.000
1733122818.855,-25.391,-29.297,-26.367,-31.250,0.000
1733122818.859,-19.043,-26.367,-29.297,-22.461,0.000
1733122818.863,-13.672,-27.832,-33.691,-20.508,0.000
1733122818.867,-19.531,-25.879,-35.156,-18.066,0.000
1733122818.871,-35.645,-21.484,-35.156,-28.320,0.000
1733122818.874,-39.551,-20.996,-33.691,-39.062,0.000
1733122818.878,-22.461,-16.602,-30.762,-23.926,0.000
1733122818.882,-5.859,-18.555,-33.691,-12.695,0.000
1733122818.886,-9.766,-18.555,-31.738,-16.113,0.000
1733122818.890,-33.203,-14.648,-31.250,-30.762,0.000
1733122818.894,-38.086,-14.160,-37.598,-36.621,0.000
1733122818.898,-27.832,-10.254,-35.156,-30.762,0.000
1733122818.902,-27.832,-15.137,-35.156,-22.949,0.000
1733122818.906,-32.715,-16.602,-42.969,-22.461,0.000
1733122818.910,-45.410,-12.695,-41.504,-32.715,0.000
1733122818.914,-53.711,-15.137,-39.551,-40.527,0.000
1733122818.917,-39.062,-13.672,-41.504,-34.180,0.000
1733122818.921,-22.949,-16.113,-42.969,-17.090,0.000
1733122818.925,-23.438,-22.461,-43.457,-14.648,0.000
1733122818.929,-29.297,-28.809,-42.480,-29.297,0.000
1733122818.933,-28.320,-27.344,-39.062,-36.621,0.000
1733122818.937,-9.277,-19.531,-36.133,-35.156,0.000
1733122818.941,7.812,-22.949,-42.969,-23.926,0.000
1733122818.945,1.953,-24.902,-46.875,-17.578,0.000
1733122818.949,-14.160,-17.578,-42.969,-22.461,0.000
1733122818.953,-28.809,-13.672,-42.480,-32.227,0.000
1733122818.956,-31.738,-15.625,-42.480,-28.809,0.000
1733122818.960,-24.414,-14.160,-42.480,-12.207,0.000
1733122818.964,-26.367,-12.207,-41.016,-8.789,0.000
1733122818.968,-40.039,-13.184,-38.086,-22.461,0.000
1733122818.972,-47.363,-18.066,-40.039,-37.598,0.000
1733122818.976,-42.480,-19.043,-44.922,-35.645,0.000
1733122818.980,-32.715,-17.578,-40.039,-27.344,0.000
1733122818.984,-25.391,-23.438,-40.039,-16.602,0.000
1733122818.988,-31.738,-27.832,-47.852,-20.996,0.000
1733122818.992,-40.527,-24.414,-47.852,-30.762,0.000
1733122818.996,-33.203,-18.066,-41.504,-30.273,0.000
1733122818.999,-25.879,-18.555,-35.645,-20.508,0.000
1733122819.003,-21.484,-22.461,-38.574,-11.719,0.000
1733122819.007,-32.715,-20.996,-43.945,-20.508,0.000
1733122819.011,-43.457,-14.648,-40.039,-33.203,0.000
1733122819.015,-36.133,-17.090,-36.621,-40.039,0.000
1733122819.019,-27.344,-20.996,-39.062,-28.809,0.000
1733122819.023,-19.043,-16.602,-36.621,-10.254,0.000
1733122819.027,-25.391,-16.602,-29.785,-14.160,0.000
1733122819.031,-33.691,-22.949,-29.297,-35.156,0.000
1733122819.035,-30.762,-27.344,-26.367,-31.738,0.000
1733122819.039,-24.414,-22.461,-28.809,-19.043,0.000
1733122819.042,-20.020,-16.113,-40.039,-14.648,0.000
1733122819.046,-26.855,-22.461,-41.016,-21.973,0.000
1733122819.050,-41.016,-20.996,-41.504,-41.016,0.000
1733122819.054,-35.645,-13.672,-38.574,-42.969,0.000
1733122819.058,-24.902,-6.836,-35.156,-35.645,0.000
1733122819.062,-18.066,-9.766,-36.133,-21.484,0.000
1733122819.066,-20.508,-16.602,-35.156,-6.836,0.000
1733122819.070,-36.133,-7.812,-31.738,-19.531,0.000
1733122819.074,-39.551,-6.348,-32.227,-41.992,0.000
1733122819.078,-27.344,-7.812,-33.203,-35.156,0.000
1733122819.082,-19.043,-6.836,-28.809,-21.484,0.000
1733122819.085,-24.414,-7.324,-30.762,-20.508,0.000
1733122819.089,-33.203,-8.301,-36.621,-32.715,0.000
1733122819.093,-41.992,-16.113,-40.527,-44.434,0.000
1733122819.097,-32.715,-17.090,-36.621,-39.062,0.000
1733122819.101,-17.090,-20.996,-37.109,-26.367,0.000
1733122819.105,-12.695,-27.832,-43.457,-22.461,0.000
1733122819.109,-27.344,-33.691,-43.945,-28.809,0.000
1733122819.113,-37.598,-40.527,-37.109,-32.715,0.000
1733122819.117,-26.367,-32.715,-26.367,-23.438,0.000
1733122819.121,-19.531,-40.039,-28.809,-20.508,0.000
1733122819.124,-22.949,-56.641,-31.250,-21.484,0.000
1733122819.128,-32.715,-57.129,-26.367,-18.555,0.000
1733122819.132,-35.156,-50.781,-27.344,-24.414,0.000
1733122819.136,-26.367,-52.246,-32.715,-24.902,0.000
1733122819.140,-18.066,-59.570,-36.621,-18.066,0.000
1733122819.144,-13.184,-62.012,-34.668,-12.695,0.000
1733122819.148,-20.020,-63.965,-33.203,-13.672,0.000
1733122819.152,-22.949,-59.082,-35.156,-14.160,0.000
1733122819.156,-25.879,-46.875,-39.062,-23.926,0.000
1733122819.160,-32.715,-45.410,-41.504,-35.645,0.000
1733122819.164,-26.855,-52.734,-44.922,-24.902,0.000
1733122819.167,-35.156,-59.570,-51.758,-23.926,0.000
1733122819.171,-48.828,-58.594,-46.387,-32.715,0.000
1733122819.175,-49.805,-50.293,-40.527,-45.410,0.000
1733122819.179,-43.457,-50.781,-44.922,-47.363,0.000
1733122819.183,-30.273,-57.129,-50.293,-29.785,0.000
1733122819.187,-41.504,-57.129,-45.410,-34.180,0.000
1733122819.191,-62.012,-55.176,-45.898,-50.293,0.000
1733122819.195,-56.152,-55.176,-43.945,-51.758,0.000
1733122819.199,-46.875,-55.176,-44.922,-41.504,0.000
1733122819.203,-39.062,-52.734,-50.781,-29.785,0.000
1733122819.207,-36.621,-50.781,-46.387,-26.855,0.000
1733122819.210,-50.781,-50.781,-43.457,-40.039,0.000
1733122819.214,-50.293,-52.246,-45.898,-40.527,0.000
1733122819.218,-33.203,-52.246,-44.434,-22.461,0.000
1733122819.222,-25.391,-45.410,-41.992,-17.090,0.000
1733122819.226,-25.391,-43.945,-39.062,-17.090,0.000
1733122819.230,-32.715,-37.598,-35.156,-24.414,0.000
1733122819.234,-36.133,-34.180,-41.016,-39.062,0.000
1733122819.238,-25.391,-38.086,-48.340,-35.156,0.000
1733122819.242,-10.742,-43.457,-47.363,-18.066,0.000
1733122819.246,-9.766,-44.434,-46.387,-14.160,0.000
1733122819.249,-26.367,-40.527,-44.922,-24.414,0.000
1733122819.253,-34.180,-41.504,-41.016,-35.645,0.000
1733122819.257,-20.508,-39.551,-39.062,-29.785,0.000
1733122819.261,-12.695,-41.016,-37.598,-20.020,0.000
1733122819.265,-24.902,-47.363,-42.969,-21.484,0.000
1733122819.269,-37.598,-43.457,-46.875,-30.273,0.000
1733122819.273,-41.992,-38.086,-42.969,-41.504,0.000
1733122819.277,-37.598,-37.598,-38.574,-37.109,0.000
1733122819.281,-24.902,-29.785,-37.109,-23.438,0.000
1733122819.285,-20.508,-31.738,-40.039,-18.555,0.000
1733122819.289,-34.668,-37.598,-41.504,-29.297,0.000
1733122819.292,-47.852,-30.762,-40.039,-45.898,0.000
1733122819.296,-42.480,-24.902,-41.016,-51.270,0.000
1733122819.300,-32.715,-28.809,-40.039,-39.062,0.000
1733122819.304,-28.320,-31.738,-36.621,-21.973,0.000
1733122819.308,-36.133,-27.832,-37.598,-30.273,0.000
1733122819.312,-47.852,-27.344,-43.457,-50.293,0.000
1733122819.316,-39.062,-27.832,-47.852,-44.922,0.000
1733122819.320,-20.996,-26.367,-45.898,-26.367,0.000
1733122819.324,-12.695,-22.949,-45.410,-19.043,0.000
1733122819.328,-14.648,-13.184,-39.551,-24.414,0.000
1733122819.332,-27.832,-13.672,-40.039,-35.645,0.000
1733122819.335,-26.855,-20.996,-43.457,-40.039,0.000
1733122819.339,-16.113,-21.484,-47.852,-37.598,0.000
1733122819.343,-11.719,-22.461,-55.176,-28.809,0.000
1733122819.347,-15.137,-30.762,-51.758,-20.508,0.000
1733122819.351,-27.344,-33.203,-41.016,-27.832,0.000
1733122819.355,-34.180,-28.809,-40.039,-41.016,0.000
1733122819.359,-24.902,-31.738,-44.434,-38.574,0.000
1733122819.363,-19.043,-34.180,-46.875,-23.926,0.000
1733122819.367,-30.762,-32.227,-42.480,-20.020,0.000
1733122819.371,-41.016,-29.297,-42.969,-31.250,0.000
1733122819.375,-39.062,-27.832,-43.945,-41.992,0.000
1733122819.378,-28.809,-32.227,-43.457,-39.062,0.000
1733122819.382,-16.113,-38.574,-42.480,-24.902,0.000
1733122819.386,-20.508,-40.527,-44.922,-25.879,0.000
1733122819.390,-36.133,-34.668,-45.898,-42.969,0.000
1733122819.394,-44.434,-35.645,-46.875,-53.711,0.000
1733122819.398,-40.527,-29.297,-47.852,-45.898,0.000
1733122819.402,-32.227,-20.020,-46.387,-31.738,0.000
1733122819.406,-30.762,-26.855,-47.363,-25.879,0.000
1733122819.410,-51.758,-30.273,-48.828,-41.016,0.000
1733122819.414,-60.059,-24.902,-50.293,-50.781,0.000
1733122819.417,-43.457,-18.555,-46.875,-45.410,0.000
1733122819.421,-35.156,-25.879,-45.898,-32.715,0.000
1733122819.425,-29.297,-33.203,-47.852,-20.508,0.000
1733122819.429,-35.156,-31.738,-49.316,-30.273,0.000
1733122819.433,-41.504,-26.855,-42.480,-42.969,0.000
1733122819.437,-31.250,-22.949,-42.969,-36.133,0.000
1733122819.441,-13.184,-23.438,-46.387,-15.625,0.000
1733122819.445,-7.324,-20.020,-49.316,-9.766,0.000
1733122819.449,-20.508,-17.090,-53.711,-20.996,0.000
1733122819.453,-30.762,-19.531,-48.340,-33.203,0.000
1733122819.457,0.000,-20.996,0.000,-37.109,0.000
1733122819.460,0.000,-27.344,0.000,-29.785,0.000
1733122819.464,0.000,-28.809,0.000,-15.137,0.000
1733122819.468,0.000,-27.344,0.000,-18.555,0.000
1733122819.472,0.000,-26.367,0.000,-35.645,0.000
1733122819.476,0.000,-33.691,0.000,-38.086,0.000
1733122819.480,0.000,-33.203,0.000,-37.598,0.000
1733122819.484,0.000,-31.738,0.000,-25.879,0.000
1733122819.488,0.000,-32.227,0.000,-22.949,0.000
1733122819.492,0.000,-19.531,0.000,-35.156,0.000
1733122819.496,0.000,-20.996,0.000,-42.480,0.000
1733122819.499,0.000,-23.438,0.000,-43.457,0.000
1733122819.503,-18.555,-19.531,-45.410,-24.414,0.000
1733122819.507,-27.832,-17.090,-41.992,-18.066,0.000
1733122819.511,-53.223,-19.531,-45.898,-41.016,0.000
1733122819.515,-54.688,-18.066,-42.480,-39.551,0.000
1733122819.519,-38.086,-10.742,-42.480,-23.926,0.000
1733122819.523,-29.297,-15.625,-46.875,-15.625,0.000
1733122819.527,-34.668,-21.484,-46.875,-12.695,0.000
1733122819.531,-42.969,-16.113,-44.922,-23.438,0.000
1733122819.535,-47.363,-10.742,-41.992,-38.086,0.000
1733122819.539,-42.969,-16.113,-43.457,-37.109,0.000
1733122819.542,-27.832,-18.555,-42.969,-19.531,0.000
1733122819.546,-22.461,-18.555,-41.504,-12.207,0.000
1733122819.550,-42.480,-16.602,-38.574,-26.855,0.000
1733122819.554,-55.664,-13.672,-33.203,-40.527,0.000
1733122819.558,-44.922,-16.113,-33.203,-38.574,0.000
1733122819.562,-30.762,-13.672,-32.227,-29.297,0.000
1733122819.566,-27.344,-13.184,-26.855,-18.066,0.000
1733122819.570,-41.016,-18.555,-35.156,-27.344,0.000
1733122819.574,-54.199,-25.391,-47.363,-41.504,0.000
1733122819.578,-47.363,-22.949,-44.922,-34.668,0.000
1733122819.581,-25.391,-17.090,-43.945,-27.832,0.000
1733122819.585,-17.090,-26.367,-50.781,-20.996,0.000
1733122819.589,-33.203,-34.668,-50.781,-29.785,0.000
1733122819.593,-42.480,-31.738,-47.852,-49.805,0.000
1733122819.597,-34.180,-27.832,-45.898,-46.387,0.000
1733122819.601,-25.391,-36.621,-44.922,-24.902,0.000
1733122819.605,-23.926,-42.480,-47.363,-17.090,0.000
1733122819.609,-34.180,-37.109,-51.758,-35.156,0.000
1733122819.613,-51.758,-35.645,-51.270,-49.805,0.000
1733122819.617,-50.781,-35.645,-44.922,-41.992,0.000
1733122819.621,-31.250,-36.621,-44.922,-24.902,0.000
1733122819.624,-16.113,-31.250,-48.828,-15.137,0.000
1733122819.628,-22.461,-26.855,-47.852,-27.832,0.000
1733122819.632,-38.086,-28.320,-46.387,-42.480,0.000
1733122819.636,-38.086,-29.785,-45.898,-38.086,0.000
1733122819.640,-30.273,-36.133,-49.316,-29.297,0.000
1733122819.644,-17.578,-42.969,-49.805,-18.555,0.000
1733122819.648,-25.391,-45.410,-47.852,-18.555,0.000
1733122819.652,-41.504,-44.434,-47.363,-37.109,0.000
1733122819.656,-37.598,-43.457,-48.340,-41.992,0.000
1733122819.660,-27.344,-41.992,-51.758,-30.762,0.000
1733122819.663,-12.207,-47.363,-52.734,-12.207,0.000
1733122819.667,-17.578,-53.711,-47.852,-10.254,0.000
1733122819.671,-39.062,-48.340,-43.945,-36.621,0.000
1733122819.675,-42.969,-48.340,-43.457,-48.828,0.000
1733122819.679,-31.250,-56.152,-45.898,-33.203,0.000
1733122819.683,-23.926,-61.035,-48.340,-13.672,0.000
1733122819.687,-25.391,-57.129,-47.363,-16.113,0.000
1733122819.691,-35.645,-56.641,-43.457,-30.273,0.000
1733122819.695,-46.875,-55.664,-41.504,-39.062,0.000
1733122819.699,-44.434,-51.758,-39.551,-34.180,0.000
1733122819.703,-30.762,-54.688,-41.504,-20.996,0.000
1733122819.706,-32.715,-55.176,-48.340,-20.508,0.000
1733122819.710,-51.270,-53.711,-43.945,-35.645,0.000
1733122819.714,-57.617,-54.688,-39.551,-48.340,0.000
1733122819.718,-48.340,-50.781,-40.039,-43.457,0.000
1733122819.722,-20.020,-46.875,-32.227,-13.184,0.000
1733122819.726,-5.371,-49.805,-26.855,13.184,0.000
1733122819.730,-31.250,-48.340,-38.574,-14.160,0.000
1733122819.734,-47.363,-47.363,-50.781,-47.363,0.000
1733122819.738,-34.180,-47.852,-48.828,-39.062,0.000
1733122819.742,-16.113,-49.316,-54.199,-19.043,0.000
1733122819.746,-23.438,-48.340,-62.988,-21.484,0.000
1733122819.749,-40.527,-44.434,-60.059,-33.203,0.000
1733122819.753,-46.875,-39.062,-59.570,-45.898,0.000
1733122819.757,-44.434,-38.086,-58.594,-41.016,0.000
1733122819.761,-35.645,-39.551,-55.176,-24.902,0.000
1733122819.765,-27.832,-38.574,-59.082,-16.602,0.000
1733122819.769,-32.227,-38.086,-57.617,-15.625,0.000
1733122819.773,-41.992,-33.691,-57.617,-30.273,0.000
1733122819.777,-42.969,-25.391,-53.223,-37.598,0.000
1733122819.781,-31.738,-26.855,-46.387,-24.902,0.000
1733122819.785,-15.625,-28.320,-46.875,-13.184,0.000
1733122819.789,-26.855,-25.879,-48.340,-26.367,0.000
1733122819.792,-47.363,-22.949,-48.340,-45.898,0.000
1733122819.796,-44.922,-19.043,-46.387,-43.457,0.000
1733122819.800,-35.645,-23.438,-43.945,-33.691,0.000
1733122819.804,-25.391,-26.367,-40.039,-26.367,0.000
1733122819.808,-32.715,-25.391,-33.691,-27.832,0.000
1733122819.812,-47.852,-26.367,-29.297,-41.016,0.000
1733122819.816,-41.016,-21.973,-25.391,-39.062,0.000
1733122819.820,-29.297,-17.578,-24.414,-31.250,0.000
1733122819.824,-18.555,-25.879,-27.344,-26.367,0.000
1733122819.828,-23.438,-29.785,-26.367,-21.973,0.000
1733122819.831,-41.016,-29.297,-27.832,-29.785,0.000
1733122819.835,-42.480,-26.367,-29.297,-34.180,0.000
1733122819.839,-24.902,-26.855,-25.879,-24.414,0.000
1733122819.843,-2.930,-30.762,-28.320,-2.441,0.000
1733122819.847,-6.836,-29.785,-28.320,1.465,0.000
1733122819.851,-28.320,-25.391,-25.391,-22.461,0.000
1733122819.855,-32.715,-24.414,-26.855,-22.461,0.000
1733122819.859,-25.391,-32.715,-30.273,-4.883,0.000
1733122819.863,-9.277,-29.785,-29.785,8.789,0.000
1733122819.867,-9.766,-21.973,-29.785,3.418,0.000
1733122819.871,-36.133,-26.855,-32.227,-17.578,0.000
1733122819.874,-46.875,-26.367,-30.762,-28.320,0.000
1733122819.878,-39.551,-28.809,-28.809,-27.832,0.000
1733122819.882,-24.414,-37.598,-31.738,-16.113,0.000
1733122819.886,-11.230,-37.109,-35.645,-10.254,0.000
1733122819.890,-26.855,-39.551,-33.203,-26.855,0.000
1733122819.894,-51.758,-39.062,-32.227,-41.504,0.000
1733122819.898,-43.457,-40.039,-37.109,-34.668,0.000
1733122819.902,-20.508,-37.598,-36.621,-21.484,0.000
1733122819.906,-14.160,-35.645,-39.062,-12.207,0.000
1733122819.910,-29.785,-33.203,-41.016,-30.273,0.000
1733122819.913,-44.434,-25.391,-37.109,-48.340,0.000
1733122819.917,-38.574,-25.391,-37.109,-48.828,0.000
1733122819.921,-21.973,-25.879,-35.156,-38.574,0.000
1733122819.925,-14.160,-30.762,-39.062,-25.879,0.000
1733122819.929,-27.832,-36.621,-41.504,-38.574,0.000
1733122819.933,-45.898,-35.156,-37.598,-50.293,0.000
1733122819.937,-40.527,-31.738,-38.086,-45.410,0.000
1733122819.941,-20.996,-34.180,-36.133,-34.668,0.000
1733122819.945,-6.836,-33.203,-39.062,-23.926,0.000
1733122819.949,-14.160,-29.297,-48.828,-22.949,0.000
1733122819.953,-30.273,-31.738,-48.828,-21.484,0.000
1733122819.956,-36.621,-33.203,-31.738,-30.762,0.000
1733122819.960,-20.508,-24.902,-25.879,-22.461,0.000
1733122819.964,-3.418,-17.090,-25.391,-0.977,0.000
1733122819.968,-23.438,-19.043,-24.414,-17.090,0.000
1733122819.972,-51.270,-20.020,-21.973,-41.504,0.000
1733122819.976,-58.594,-21.973,-19.043,-46.875,0.000
1733122819.980,-37.598,-19.043,-18.555,-33.203,0.000
1733122819.984,-15.625,-20.996,-13.672,-17.090,0.000
1733122819.988,-19.531,-23.438,-14.160,-17.090,0.000
1733122819.992,-46.875,-20.020,-17.578,-32.227,0.000
1733122819.995,-57.129,-21.484,-23.926,-31.250,0.000
1733122819.999,-41.992,-20.020,-23.438,-19.531,0.000
1733122820.003,-18.555,-20.996,-23.438,-8.789,0.000
1733122820.007,-14.160,-28.809,-28.809,-5.371,0.000
1733122820.011,-41.504,-27.832,-27.344,-23.926,0.000
1733122820.015,-49.805,-20.020,-22.461,-32.715,0.000
1733122820.019,-32.227,-19.531,-24.414,-23.438,0.000
1733122820.023,-0.977,-20.996,-27.832,-13.184,0.000
1733122820.027,15.625,-17.578,-31.250,-8.789,0.000
1733122820.031,-11.230,-14.648,-33.691,-25.879,0.000
1733122820.035,-32.227,-18.066,-36.133,-40.527,0.000
1733122820.038,-23.438,-21.484,-38.574,-27.832,0.000
1733122820.042,-7.324,-15.625,-37.598,-15.137,0.000
1733122820.046,-10.254,-16.113,-34.180,-11.230,0.000
1733122820.050,-35.645,-22.461,-29.297,-19.043,0.000
1733122820.054,-54.688,-25.879,-26.367,-31.250,0.000
1733122820.058,-54.688,-24.902,-31.250,-27.344,0.000
1733122820.062,-27.344,-18.555,-34.668,-18.555,0.000
1733122820.066,-5.859,-18.555,-33.203,-8.789,0.000
1733122820.070,-29.297,-19.531,-33.691,-20.020,0.000
1733122820.074,-55.664,-20.020,-33.691,-39.551,0.000
1733122820.078,-46.875,-21.973,-35.156,-35.645,0.000
1733122820.081,-19.531,-25.391,-38.574,-20.508,0.000
1733122820.085,-7.324,-31.250,-40.527,-8.789,0.000
1733122820.089,-38.574,-30.762,-44.434,-30.762,0.000
1733122820.093,-70.801,-25.879,-41.992,-53.223,0.000
1733122820.097,-66.895,-28.320,-42.480,-51.758,0.000
1733122820.101,-46.387,-36.133,-48.828,-46.387,0.000
1733122820.105,-31.250,-37.598,-49.316,-39.062,0.000
1733122820.109,-49.805,-37.598,-56.641,-48.828,0.000
1733122820.113,-81.543,-39.551,-61.035,-64.941,0.000
1733122820.117,-75.684,-35.645,-54.199,-60.547,0.000
1733122820.121,-48.340,-34.668,-54.199,-42.480,0.000
1733122820.124,-23.926,-33.691,-49.316,-21.484,0.000
1733122820.128,-30.273,-30.273,-44.434,-27.832,0.000
1733122820.132,-65.430,-36.133,-44.922,-44.922,0.000
1733122820.136,-63.965,-40.039,-39.551,-38.086,0.000
1733122820.140,-42.480,-32.715,-43.945,-29.297,0.000
1733122820.144,-22.461,-21.973,-49.316,-23.438,0.000
1733122820.148,-29.297,-17.090,-44.922,-25.879,0.000
1733122820.152,-59.570,-12.207,-42.480,-41.504,0.000
1733122820.156,-58.594,-12.695,-47.363,-41.992,0.000
1733122820.160,-31.250,-8.301,-48.340,-26.855,0.000
1733122820.164,-3.418,1.465,-49.316,-13.672,0.000
1733122820.167,-9.277,-1.465,-59.082,-24.902,0.000
1733122820.171,-37.109,-9.277,-62.500,-41.504,0.000
1733122820.175,-50.781,-15.625,-61.523,-46.875,0.000
1733122820.179,-39.062,-20.996,-57.617,-43.457,0.000
1733122820.183,-7.324,-20.020,-49.805,-28.809,0.000
1733122820.187,2.930,-24.902,-49.316,-24.414,0.000
1733122820.191,-27.832,-34.180,-50.781,-41.016,0.000
1733122820.195,-47.363,-33.203,-49.805,-50.781,0.000
1733122820.199,-31.250,-37.598,-52.246,-44.434,0.000
1733122820.203,-10.254,-44.434,-52.734,-31.250,0.000
1733122820.206,-2.441,-38.086,-48.340,-22.949,0.000
1733122820.210,-26.367,-36.133,-50.781,-34.180,0.000
1733122820.214,-43.457,-41.992,-50.781,-47.363,0.000
1733122820.218,-34.668,-49.316,-49.316,-44.434,0.000
1733122820.222,-16.113,-51.270,-48.340,-29.785,0.000
1733122820.226,-1.465,-47.363,-41.992,-20.020,0.000
1733122820.230,-27.344,-47.852,-42.969,-29.785,0.000
1733122820.234,-48.340,-48.828,-42.480,-35.645,0.000
1733122820.238,-38.574,-52.246,-37.598,-22.461,0.000
1733122820.242,-26.367,-51.270,-39.062,-13.672,0.000
1733122820.245,-13.184,-50.293,-42.969,-8.301,0.000
1733122820.249,-34.668,-62.500,-44.922,-25.879,0.000
1733122820.253,-59.570,-66.406,-45.898,-45.898,0.000
1733122820.257,-42.480,-60.059,-42.480,-30.273,0.000
1733122820.261,-18.555,-61.035,-38.574,-14.648,0.000
1733122820.265,-13.672,-67.871,-33.203,-8.301,0.000
1733122820.269,-28.809,-63.965,-30.762,-12.207,0.000
1733122820.273,-45.410,-57.129,-34.180,-26.367,0.000
1733122820.277,-40.527,-55.176,-37.109,-31.738,0.000
1733122820.281,-27.832,-55.176,-38.574,-15.625,0.000
1733122820.285,-7.812,-50.781,-34.668,0.977,0.000
1733122820.288,-15.137,-44.434,-34.180,-11.230,0.000
1733122820.292,-43.945,-46.387,-38.574,-27.344,0.000
1733122820.296,-42.969,-45.410,-38.086,-27.832,0.000
1733122820.300,-18.066,-38.574,-33.691,-19.531,0.000
1733122820.304,-2.930,-44.434,-33.203,-11.230,0.000
1733122820.308,-9.766,-44.434,-33.691,-7.324,0.000
1733122820.312,-32.227,-40.039,-36.133,-25.879,0.000
1733122820.316,-37.109,-42.480,-34.668,-35.645,0.000
1733122820.320,-23.438,-42.480,-33.203,-26.367,0.000
1733122820.324,-9.766,-46.387,-34.180,-7.324,0.000
1733122820.328,-9.766,-45.898,-35.645,1.465,0.000
1733122820.331,-35.156,-36.133,-32.715,-22.461,0.000
1733122820.335,-38.086,-33.691,-24.902,-31.250,0.000
1733122820.339,-24.902,-32.227,-24.414,-22.461,0.000
1733122820.343,-8.301,-30.273,-23.438,-9.766,0.000
1733122820.347,-7.324,-30.273,-20.996,-5.371,0.000
1733122820.351,-38.086,-31.250,-22.461,-19.043,0.000
1733122820.355,-45.898,-37.598,-22.949,-33.203,0.000
1733122820.359,-32.715,-36.133,-26.855,-33.691,0.000
1733122820.363,-20.996,-32.715,-30.273,-14.160,0.000
1733122820.367,-21.973,-41.016,-34.668,-9.277,0.000
1733122820.370,-43.457,-41.992,-35.156,-23.926,0.000
1733122820.374,-59.082,-39.062,-29.297,-40.527,0.000
1733122820.378,-48.340,-41.992,-30.273,-40.527,0.000
1733122820.382,-19.531,-40.039,-29.297,-18.555,0.000
1733122820.386,-12.695,-41.504,-31.738,-8.301,0.000
1733122820.390,-42.480,-43.945,-36.133,-27.832,0.000
1733122820.394,-64.941,-47.363,-42.480,-51.270,0.000
1733122820.398,-52.246,-53.223,-42.480,-41.504,0.000
1733122820.402,-23.926,-51.270,-37.598,-18.066,0.000
1733122820.406,-11.230,-47.363,-37.598,-13.184,0.000
1733122820.410,-20.996,-52.246,-35.645,-20.508,0.000
1733122820.413,-23.926,-49.316,-32.227,-23.438,0.000
1733122820.417,-16.602,-33.691,-33.691,-22.949,0.000
1733122820.421,-4.395,-26.855,-34.180,-15.137,0.000
1733122820.425,14.160,-29.785,-34.180,-0.488,0.000
1733122820.429,3.418,-40.527,-32.715,5.859,0.000
1733122820.433,-28.809,-45.410,-35.156,-9.766,0.000
1733122820.437,-32.227,-41.016,-38.574,-21.484,0.000
1733122820.441,-9.766,-42.480,-40.527,-11.230,0.000
1733122820.445,1.953,-47.363,-44.434,0.000,0.000
1733122820.449,-17.578,-42.969,-47.363,-14.160,0.000
1733122820.452,-45.410,-30.762,-43.457,-40.527,0.000
1733122820.456,-49.316,-31.250,-43.945,-43.457,0.000
1733122820.460,-35.645,-39.062,-48.828,-26.855,0.000
1733122820.464,-16.113,-38.086,-45.410,-13.672,0.000
1733122820.468,-23.926,-43.945,-47.363,-18.066,0.000
1733122820.472,-50.781,-50.293,-45.410,-38.086,0.000
1733122820.476,-53.223,-49.316,-42.969,-48.828,0.000
1733122820.480,-35.156,-47.852,-45.410,-35.645,0.000
1733122820.484,-14.648,-52.246,-44.434,-20.020,0.000
1733122820.488,-22.461,-55.664,-46.875,-20.508,0.000
1733122820.492,-42.969,-42.480,-47.852,-37.598,0.000
1733122820.495,-42.480,-32.227,-43.945,-50.293,0.000
1733122820.499,-22.461,-33.203,-44.922,-36.133,0.000
1733122820.503,-8.789,-33.203,-51.270,-15.137,0.000
1733122820.507,-18.066,-28.809,-50.781,-14.648,0.000
1733122820.511,-41.992,-29.785,-47.852,-36.621,0.000
1733122820.515,-49.316,-29.297,-41.504,-50.781,0.000
1733122820.519,-37.109,-33.691,-40.039,-41.016,0.000
1733122820.523,-24.902,-42.480,-49.316,-19.043,0.000
1733122820.527,-27.344,-38.574,-50.781,-15.625,0.000
1733122820.531,-46.387,-33.691,-51.758,-35.156,0.000
1733122820.535,-57.129,-30.762,-52.734,-51.270,0.000
1733122820.538,-42.480,-27.344,-50.293,-51.758,0.000
1733122820.542,-17.578,-27.344,-47.363,-28.809,0.000
1733122820.546,-12.695,-29.297,-43.945,-14.160,0.000
1733122820.550,-38.086,-28.320,-47.363,-31.250,0.000
1733122820.554,-47.363,-24.414,-45.410,-50.781,0.000
1733122820.558,-32.715,-27.832,-45.898,-54.199,0.000
1733122820.562,-13.672,-32.227,-48.828,-41.016,0.000
1733122820.566,5.859,-33.691,-51.758,-17.578,0.000
1733122820.570,-9.766,-29.297,-54.688,-25.879,0.000
1733122820.574,-41.992,-25.879,-49.805,-57.617,0.000
1733122820.577,-34.180,-23.438,-44.922,-58.594,0.000
1733122820.581,-17.090,-23.438,-45.410,-40.039,0.000
1733122820.585,-19.531,-27.344,-50.781,-20.508,0.000
1733122820.589,-38.574,-29.297,-53.711,-23.438,0.000
1733122820.593,-59.082,-22.461,-51.758,-47.363,0.000
1733122820.597,-54.688,-20.020,-49.805,-51.270,0.000
1733122820.601,-34.180,-24.902,-49.805,-33.691,0.000
1733122820.605,-20.508,-24.902,-47.852,-15.137,0.000
1733122820.609,-30.273,-26.855,-44.922,-17.578,0.000
1733122820.613,-57.129,-28.320,-46.387,-42.480,0.000
1733122820.617,-54.688,-17.090,-46.387,-49.805,0.000
1733122820.620,-32.715,-15.625,-47.852,-31.738,0.000
1733122820.624,-22.949,-24.902,-48.340,-7.324,0.000
1733122820.628,-34.180,-24.414,-44.434,-2.441,0.000
1733122820.632,-60.059,-25.391,-44.434,-28.809,0.000
1733122820.636,-61.035,-31.738,-47.852,-44.922,0.000
1733122820.640,-41.992,-38.574,-50.293,-34.180,0.000
1733122820.644,-20.020,-39.062,-50.781,-8.789,0.000
1733122820.648,-20.508,-36.133,-50.781,-5.859,0.000
1733122820.652,-49.316,-36.621,-49.805,-34.180,0.000
1733122820.656,-52.734,-36.133,-43.457,-46.387,0.000
1733122820.659,-36.133,-33.691,-39.551,-38.086,0.000
1733122820.663,-15.625,-33.691,-40.039,-23.438,0.000
1733122820.667,-11.719,-31.250,-39.551,-17.578,0.000
1733122820.671,-37.598,-29.785,-39.062,-37.598,0.000
1733122820.675,-51.758,-30.762,-38.086,-53.711,0.000
1733122820.679,-35.156,-25.879,-35.156,-40.527,0.000
1733122820.683,-5.859,-30.273,-36.621,-10.254,0.000
1733122820.687,-1.953,-35.645,-39.062,1.953,0.000
1733122820.691,-31.250,-38.086,-37.109,-20.020,0.000
1733122820.695,-43.945,-39.551,-35.156,-33.691,0.000
1733122820.699,-34.180,-42.480,-32.715,-27.832,0.000
1733122820.702,-13.672,-44.922,-32.715,-9.766,0.000
1733122820.706,-8.301,-36.133,-35.645,0.000,0.000
1733122820.710,-35.645,-34.668,-36.621,-22.949,0.000
1733122820.714,-52.734,-38.574,-37.109,-46.387,0.000
1733122820.718,-37.598,-37.598,-34.668,-37.598,0.000
1733122820.722,-13.672,-35.645,-35.156,-17.090,0.000
1733122820.726,-8.301,-39.062,-42.480,-3.906,0.000
1733122820.730,-24.414,-38.086,-41.016,-13.672,0.000
1733122820.734,-34.668,-31.250,-35.156,-34.668,0.000
1733122820.738,-28.320,-41.992,-38.086,-36.133,0.000
1733122820.742,-17.578,-43.945,-39.062,-20.996,0.000
1733122820.745,-3.906,-39.551,-41.016,-0.977,0.000
1733122820.749,-16.113,-41.016,-42.480,-12.207,0.000
1733122820.753,-41.504,-41.992,-38.086,-37.109,0.000
1733122820.757,-39.062,-45.898,-38.086,-35.645,0.000
1733122820.761,-19.043,-46.387,-37.598,-21.973,0.000
1733122820.765,-7.324,-43.945,-37.109,-3.906,0.000
1733122820.769,-19.531,-44.434,-39.551,-6.836,0.000
1733122820.773,-41.504,-45.898,-41.992,-31.250,0.000
1733122820.777,-36.621,-40.527,-49.316,-36.133,0.000
1733122820.781,-22.461,-40.039,-53.223,-18.066,0.000
1733122820.784,-12.207,-48.340,-50.781,-0.977,0.000
1733122820.788,-19.043,-49.805,-53.223,-4.395,0.000
1733122820.792,-39.062,-47.363,-49.316,-21.973,0.000
1733122820.796,-43.457,-47.363,-42.969,-30.273,0.000
1733122820.800,-27.832,-47.363,-42.480,-20.996,0.000
1733122820.804,-13.184,-51.270,-38.086,3.418,0.000
1733122820.808,-22.949,-49.805,-36.621,2.441,0.000
1733122820.812,-46.875,-45.898,-41.016,-35.156,0.000
1733122820.816,-50.293,-47.852,-40.039,-44.922,0.000
1733122820.820,-29.785,-43.457,-38.086,-32.227,0.000
1733122820.824,-10.254,-38.086,-38.574,-17.090,0.000
1733122820.827,-11.719,-32.715,-42.480,-10.742,0.000
1733122820.831,-35.156,-30.762,-45.410,-38.574,0.000
1733122820.835,-39.062,-34.668,-44.434,-58.105,0.000
1733122820.839,-31.250,-36.621,-46.387,-44.922,0.000
1733122820.843,-24.414,-38.574,-47.363,-28.320,0.000
1733122820.847,-22.461,-41.992,-45.410,-17.578,0.000
1733122820.851,-39.551,-41.016,-41.504,-31.738,0.000
1733122820.855,-51.270,-37.598,-36.621,-53.711,0.000
1733122820.859,-38.086,-33.691,-34.668,-38.086,0.000
1733122820.863,-20.508,-32.227,-35.645,-13.184,0.000
1733122820.867,-25.391,-34.668,-38.574,-9.766,0.000
1733122820.870,-49.805,-33.691,-36.621,-29.297,0.000
1733122820.874,-62.988,-33.691,-30.762,-48.828,0.000
1733122820.878,-50.293,-29.785,-30.273,-39.062,0.000
1733122820.882,-32.715,-31.250,-34.668,-11.230,0.000
1733122820.886,-22.949,-35.156,-33.203,9.277,0.000
1733122820.890,-27.832,-34.180,-31.250,-4.883,0.000
1733122820.894,-37.109,-29.785,-33.691,-23.438,0.000
1733122820.898,-34.668,-27.832,-32.715,-25.391,0.000
1733122820.902,-21.484,-28.809,-34.668,-15.625,0.000
1733122820.906,-5.371,-32.715,-37.598,7.324,0.000
1733122820.909,-16.602,-31.738,-37.598,-5.371,0.000
1733122820.913,-37.109,-28.320,-38.574,-34.180,0.000
1733122820.917,-37.109,-33.691,-37.109,-36.621,0.000
1733122820.921,-21.484,-35.645,-34.180,-26.855,0.000
1733122820.925,-8.301,-33.691,-28.320,-5.371,0.000
1733122820.929,-20.996,-32.715,-26.367,-14.160,0.000
1733122820.933,-41.992,-33.203,-32.715,-47.363,0.000
1733122820.937,-45.410,-35.156,-33.203,-54.199,0.000
1733122820.941,-36.133,-34.180,-31.250,-40.039,0.000
1733122820.945,-25.879,-28.809,-32.715,-21.973,0.000
1733122820.948,-27.832,-23.926,-36.621,-25.879,0.000
1733122820.952,-42.969,-20.508,-34.668,-46.875,0.000
1733122820.956,-48.828,-20.020,-31.738,-50.293,0.000
1733122820.960,-38.086,-18.066,-35.645,-39.062,0.000
1733122820.964,-24.902,-23.926,-40.039,-14.160,0.000
1733122820.968,-28.809,-29.785,-40.039,-5.371,0.000
1733122820.972,-41.504,-22.949,-35.156,-30.762,0.000
1733122820.976,-41.016,-19.531,-35.156,-49.316,0.000
1733122820.980,-24.902,-19.531,-34.180,-41.992,0.000
1733122820.984,-3.418,-20.020,-31.250,-9.277,0.000
1733122820.988,-10.254,-21.973,-34.180,0.977,0.000
1733122820.991,-34.180,-15.625,-36.133,-31.250,0.000
1733122820.995,-30.762,-13.184,-29.785,-41.504,0.000
1733122820.999,-17.090,-23.438,-31.738,-29.785,0.000
1733122821.003,0.000,-28.320,-40.039,-15.625,0.000
1733122821.007,-2.441,-27.832,-42.480,-9.766,0.000
1733122821.011,-29.785,-26.855,-39.062,-32.715,0.000
1733122821.015,-38.574,-20.996,-37.598,-44.922,0.000
1733122821.019,-26.855,-20.508,-38.574,-34.180,0.000
1733122821.023,-12.695,-25.879,-41.992,-21.973,0.000
1733122821.027,-8.301,-21.973,-42.969,-9.277,0.000
1733122821.031,-27.344,-20.508,-37.109,-23.438,0.000
1733122821.034,-43.457,-18.555,-40.039,-49.316,0.000
1733122821.038,-29.297,-15.137,-43.945,-45.410,0.000
1733122821.042,-8.301,-17.578,-41.504,-22.461,0.000
1733122821.046,-4.883,-18.066,-35.645,-1.465,0.000
1733122821.050,-28.320,-1.465,-34.180,-20.508,0.000
1733122821.054,-48.828,6.836,-34.180,-49.316,0.000
1733122821.058,-41.504,-3.418,-34.668,-47.852,0.000
1733122821.062,-22.461,-4.395,-35.645,-30.762,0.000
1733122821.066,-9.766,4.395,-34.668,-5.859,0.000
1733122821.070,-21.484,5.371,-36.621,-14.160,0.000
1733122821.073,-46.387,-1.953,-41.016,-38.574,0.000
1733122821.077,-44.922,-1.953,-46.387,-36.133,0.000
1733122821.081,-25.879,4.395,-42.969,-29.785,0.000
1733122821.085,-14.160,5.859,-44.434,-16.113,0.000
1733122821.089,-27.832,7.812,-49.316,-17.090,0.000
1733122821.093,-49.805,7.812,-48.828,-42.969,0.000
1733122821.097,-38.086,9.277,-43.457,-43.945,0.000
1733122821.101,-14.648,11.719,-39.551,-23.926,0.000
1733122821.105,4.395,12.207,-41.992,-10.742,0.000
1733122821.109,1.465,13.672,-47.852,-19.531,0.000
1733122821.113,-29.785,17.578,-49.805,-44.434,0.000
1733122821.116,-30.762,21.484,-42.480,-49.805,0.000
1733122821.120,-14.648,21.484,-40.039,-31.738,0.000
1733122821.124,-15.137,17.090,-46.387,-18.066,0.000
1733122821.128,-25.391,14.648,-45.898,-20.020,0.000
1733122821.132,-48.828,12.207,-40.039,-36.621,0.000
1733122821.136,-56.152,11.230,-40.527,-44.922,0.000
1733122821.140,-38.574,14.160,-45.410,-36.133,0.000
1733122821.144,-18.066,12.695,-46.875,-17.090,0.000
1733122821.148,-16.602,13.184,-44.922,0.488,0.000
1733122821.152,-44.434,16.113,-41.504,-18.066,0.000
1733122821.155,-59.570,20.020,-39.062,-43.945,0.000
1733122821.159,-51.758,14.160,-41.504,-41.016,0.000
1733122821.163,-31.250,7.324,-46.875,-20.020,0.000
1733122821.167,-21.973,7.324,-45.410,-14.160,0.000
1733122821.171,-44.922,9.766,-45.410,-39.062,0.000
1733122821.175,-49.805,13.672,-42.480,-51.270,0.000
1733122821.179,-31.738,10.254,-41.504,-31.250,0.000
1733122821.183,-13.184,8.301,-43.945,-6.348,0.000
1733122821.187,-5.371,9.277,-41.504,-3.906,0.000
1733122821.191,-20.020,3.906,-37.598,-18.555,0.000
1733122821.195,-35.156,4.395,-31.250,-31.738,0.000
1733122821.198,-30.273,6.348,-30.273,-27.832,0.000
1733122821.202,-14.648,2.930,-35.645,-17.578,0.000
1733122821.206,-11.230,-1.953,-40.527,-10.254,0.000
1733122821.210,-30.762,-9.277,-42.969,-19.531,0.000
1733122821.214,-47.363,-7.324,-43.945,-45.898,0.000
1733122821.218,-39.551,2.930,-43.457,-45.410,0.000
1733122821.222,-20.996,0.000,-44.434,-23.926,0.000
1733122821.226,-9.766,-7.812,-42.969,-7.812,0.000
1733122821.230,-26.367,-6.348,-38.086,-16.113,0.000
1733122821.234,-60.059,-13.184,-37.598,-41.504,0.000
1733122821.238,-61.523,-20.508,-41.016,-44.434,0.000
1733122821.241,-40.039,-18.555,-44.922,-29.297,0.000
1733122821.245,-29.297,-21.484,-43.945,-20.020,0.000
1733122821.249,-40.527,-27.344,-44.434,-20.508,0.000
1733122821.253,-61.035,-34.180,-40.039,-39.062,0.000
1733122821.257,-57.129,-42.480,-33.691,-35.645,0.000
1733122821.261,-33.691,-45.410,-35.156,-18.066,0.000
1733122821.265,-11.230,-46.875,-38.574,-9.277,0.000
1733122821.269,-11.230,-55.176,-37.598,-5.859,0.000
1733122821.273,-37.109,-54.199,-35.645,-23.926,0.000
1733122821.277,-42.480,-51.270,-32.715,-41.016,0.000
1733122821.280,-18.555,-62.012,-33.691,-32.715,0.000
1733122821.284,3.906,-67.383,-37.598,-16.113,0.000
1733122821.288,-5.859,-71.289,-30.273,-19.531,0.000
1733122821.292,-31.250,-78.613,-35.645,-40.527,0.000
1733122821.296,-37.598,-81.543,-42.969,-47.363,0.000
1733122821.300,-23.926,-88.379,-37.109,-35.156,0.000
1733122821.304,-0.977,-98.633,-36.133,-18.066,0.000
1733122821.308,-3.906,-102.051,-39.551,-22.949,0.000
1733122821.312,-33.203,-109.375,-45.898,-42.969,0.000
1733122821.316,-41.992,-113.770,-43.945,-41.992,0.000
1733122821.320,-28.320,-108.398,-38.574,-37.598,0.000
1733122821.323,-14.648,-117.188,-41.504,-32.227,0.000
1733122821.327,-20.996,-125.000,-41.504,-27.344,0.000
1733122821.331,-46.875,-120.605,-41.016,-41.504,0.000
1733122821.335,-62.012,-112.793,-43.457,-57.617,0.000
1733122821.339,-49.316,-105.957,-45.410,-51.270,0.000
1733122821.343,-26.855,-100.586,-45.898,-28.320,0.000
1733122821.347,-27.832,-93.262,-40.039,-23.438,0.000
1733122821.351,-51.270,-89.844,-40.527,-35.645,0.000
1733122821.355,-63.965,-87.891,-45.410,-42.969,0.000
1733122821.359,-53.711,-89.355,-41.016,-38.574,0.000
1733122821.363,-40.039,-89.844,-42.480,-24.414,0.000
1733122821.366,-33.203,-78.125,-43.945,-19.531,0.000
1733122821.370,-50.781,-72.754,-43.457,-38.086,0.000
1733122821.374,-71.289,-73.242,-46.387,-51.758,0.000
1733122821.378,-61.523,-72.754,-46.875,-51.270,0.000
1733122821.382,-33.691,-72.754,-49.316,-41.016,0.000
1733122821.386,-18.555,-71.777,-49.316,-27.832,0.000
1733122821.390,-35.156,-68.359,-43.945,-34.180,0.000
1733122821.394,-51.270,-65.430,-47.363,-53.711,0.000
1733122821.398,-47.363,-72.266,-51.270,-55.664,0.000
1733122821.402,-32.227,-69.336,-43.457,-42.969,0.000
1733122821.405,-18.066,-69.824,-44.434,-21.484,0.000
1733122821.409,-32.715,-73.730,-52.246,-29.785,0.000
1733122821.413,-52.246,-68.359,-52.246,-57.129,0.000
1733122821.417,-47.363,-65.918,-45.898,-53.711,0.000
1733122821.421,-27.832,-60.547,-41.992,-41.504,0.000
1733122821.425,-13.672,-44.434,-41.016,-26.855,0.000
1733122821.429,-22.461,-41.504,-43.457,-24.414,0.000
1733122821.433,-44.922,-47.363,-45.898,-43.457,0.000
1733122821.437,-49.316,-42.480,-44.434,-47.363,0.000
1733122821.441,-34.180,-32.227,-38.574,-34.180,0.000
1733122821.445,-20.020,-34.668,-40.527,-22.949,0.000
1733122821.448,-23.438,-41.504,-43.945,-12.695,0.000
1733122821.452,-48.828,-36.621,-41.016,-21.973,0.000
1733122821.456,-62.012,-31.738,-41.992,-38.086,0.000
1733122821.460,-43.457,-32.227,-43.457,-32.715,0.000
1733122821.464,-20.996,-34.180,-42.480,-13.672,0.000
1733122821.468,-25.391,-23.438,-41.016,-8.301,0.000
1733122821.472,-53.223,-10.254,-40.039,-31.250,0.000
1733122821.476,-59.570,-14.648,-41.016,-40.527,0.000
1733122821.480,-40.527,-8.789,-43.457,-33.691,0.000
1733122821.484,-26.367,-0.977,-46.875,-24.902,0.000
1733122821.488,-24.414,-8.301,-50.293,-19.043,0.000
1733122821.491,-37.109,-17.090,-47.363,-24.414,0.000
1733122821.495,-45.410,-13.672,-45.898,-30.762,0.000
1733122821.499,-37.109,-4.883,-40.039,-27.832,0.000
1733122821.503,-16.113,4.883,-34.668,-17.090,0.000
1733122821.507,-14.648,7.324,-41.504,-10.254,0.000
1733122821.511,-36.621,-0.488,-46.387,-22.949,0.000
1733122821.515,-46.875,7.324,-42.969,-35.645,0.000
1733122821.519,-32.715,19.043,-41.504,-39.551,0.000
1733122821.523,-11.719,8.301,-49.805,-37.598,0.000
1733122821.527,-5.371,5.859,-52.246,-27.832,0.000
1733122821.530,-33.203,10.254,-48.828,-40.527,0.000
1733122821.534,-47.363,4.883,-43.457,-51.270,0.000
1733122821.538,-36.133,2.441,-40.527,-43.945,0.000
1733122821.542,-29.297,7.324,-47.363,-41.016,0.000
1733122821.546,-17.090,12.695,-48.340,-41.016,0.000
1733122821.550,-24.902,15.137,-45.898,-44.922,0.000
1733122821.554,-42.480,9.766,-52.246,-45.410,0.000
1733122821.558,-35.645,10.742,-46.875,-33.691,0.000
1733122821.562,-22.949,17.090,-44.434,-32.227,0.000
1733122821.566,-11.719,7.324,-51.270,-24.414,0.000
1733122821.570,-19.531,4.395,-48.340,-21.484,0.000
1733122821.573,-38.086,9.277,-47.363,-31.738,0.000
1733122821.577,-37.598,9.766,-42.480,-27.344,0.000
1733122821.581,-22.461,6.348,-40.039,-17.090,0.000
1733122821.585,-7.812,5.371,-43.945,-4.883,0.000
1733122821.589,-15.137,6.836,-45.898,-7.324,0.000
1733122821.593,-36.621,7.324,-45.410,-21.973,0.000
1733122821.597,-38.574,5.371,-41.016,-23.926,0.000
1733122821.601,-20.508,-0.488,-42.969,-20.508,0.000
1733122821.605,0.488,1.465,-47.363,-18.066,0.000
1733122821.609,-3.906,1.953,-49.316,-18.555,0.000
1733122821.613,-26.855,1.953,-48.828,-34.180,0.000
1733122821.616,-32.715,4.395,-48.828,-41.504,0.000
1733122821.620,-15.137,7.812,-43.945,-33.203,0.000
1733122821.624,1.465,9.277,-40.039,-19.531,0.000
1733122821.628,-10.742,6.836,-38.086,-20.996,0.000
1733122821.632,-39.551,5.371,-39.062,-42.969,0.000
1733122821.636,-50.293,7.812,-41.992,-58.594,0.000
1733122821.640,-35.156,11.719,-42.969,-50.781,0.000
1733122821.644,-16.113,9.277,-42.969,-32.715,0.000
1733122821.648,-8.301,3.906,-41.016,-20.508,0.000
1733122821.652,-21.973,11.230,-35.645,-33.691,0.000
1733122821.655,-26.855,10.254,-32.227,-44.922,0.000
1733122821.659,-9.766,7.324,-31.250,-28.809,0.000
1733122821.663,7.324,10.254,-28.809,-10.254,0.000
1733122821.667,8.789,9.277,-34.668,-2.441,0.000
1733122821.671,-12.207,5.371,-36.621,-8.789,0.000
1733122821.675,-35.156,1.953,-32.227,-20.508,0.000
1733122821.679,-29.785,4.395,-27.344,-14.160,0.000
1733122821.683,-10.742,8.301,-25.879,-0.488,0.000
1733122821.687,-9.766,4.883,-35.156,-1.465,0.000
1733122821.691,-31.250,3.906,-34.668,-4.883,0.000
1733122821.695,-51.270,13.184,-28.809,-24.902,0.000
1733122821.698,-45.898,11.719,-34.668,-34.180,0.000
1733122821.702,-23.926,6.348,-35.645,-17.578,0.000
1733122821.706,-8.301,6.836,-34.668,-0.977,0.000
1733122821.710,-24.902,7.812,-37.109,-9.277,0.000
1733122821.714,-44.434,15.625,-33.203,-30.273,0.000
1733122821.718,-41.504,14.160,-37.109,-26.855,0.000
1733122821.722,-19.531,6.348,-37.109,-11.230,0.000
1733122821.726,-5.371,4.883,-37.598,-3.906,0.000
1733122821.730,-24.902,6.348,-40.527,-17.578,0.000
1733122821.734,-43.457,2.930,-38.086,-31.738,0.000
1733122821.737,-41.016,2.441,-33.203,-35.156,0.000
1733122821.741,-33.691,4.883,-30.762,-36.621,0.000
1733122821.745,-23.438,3.418,-36.621,-29.785,0.000
1733122821.749,-31.738,2.441,-40.039,-32.715,0.000
1733122821.753,-59.570,2.930,-36.621,-53.223,0.000
1733122821.757,-62.500,5.859,-35.156,-56.152,0.000
1733122821.761,-41.992,1.953,-30.762,-41.016,0.000
1733122821.765,-24.414,-1.953,-25.879,-31.250,0.000
1733122821.769,-29.785,-0.488,-31.738,-28.320,0.000
1733122821.773,-49.316,-2.930,-42.480,-30.762,0.000
1733122821.777,-60.547,-5.371,-42.480,-33.691,0.000
1733122821.780,-48.828,-8.789,-33.691,-20.996,0.000
1733122821.784,-28.809,-14.648,-34.180,-13.672,0.000
1733122821.788,-24.414,-16.113,-38.086,-14.160,0.000
1733122821.792,-43.457,-16.602,-38.574,-24.902,0.000
1733122821.796,-53.223,-13.672,-38.086,-35.645,0.000
1733122821.800,-35.156,-6.836,-36.133,-31.738,0.000
1733122821.804,-10.254,-9.766,-41.992,-23.438,0.000
1733122821.808,-8.789,-15.625,-49.805,-10.254,0.000
1733122821.812,-35.156,-13.672,-44.434,-24.414,0.000
1733122821.816,-41.504,-19.043,-38.574,-41.504,0.000
1733122821.820,-26.367,-31.250,-45.410,-36.133,0.000
1733122821.823,-12.207,-39.062,-47.363,-19.531,0.000
1733122821.827,-8.301,-40.039,-41.504,-7.324,0.000
1733122821.831,-28.809,-31.738,-36.133,-26.855,0.000
1733122821.835,-46.387,-35.156,-38.086,-44.434,0.000
1733122821.839,-43.945,-48.340,-37.598,-42.480,0.000
1733122821.843,-31.250,-46.387,-37.109,-33.691,0.000
1733122821.847,-20.996,-47.363,-38.574,-25.391,0.000
1733122821.851,-41.504,-53.223,-37.598,-30.273,0.000
1733122821.855,-60.059,-55.664,-38.086,-43.457,0.000
1733122821.859,-51.270,-52.246,-41.504,-42.480,0.000
1733122821.863,-31.250,-52.246,-41.504,-27.832,0.000
1733122821.866,-20.508,-52.734,-43.457,-11.230,0.000
1733122821.870,-35.645,-47.363,-46.875,-17.090,0.000
1733122821.874,-57.129,-39.551,-43.457,-38.574,0.000
1733122821.878,-51.758,-39.062,-41.016,-37.109,0.000
1733122821.882,-28.809,-48.340,-40.527,-25.879,0.000
1733122821.886,-11.230,-49.316,-35.156,-1.465,0.000
1733122821.890,-24.414,-44.434,-34.668,-11.719,0.000
1733122821.894,-43.457,-41.504,-40.039,-40.039,0.000
1733122821.898,-28.320,-42.480,-38.086,-28.809,0.000
1733122821.902,-13.672,-39.551,-44.434,-18.066,0.000
1733122821.906,-4.883,-36.621,-50.293,-10.742,0.000
1733122821.909,-16.602,-39.062,-47.852,-13.184,0.000
1733122821.913,-40.039,-43.457,-45.410,-22.461,0.000
1733122821.917,-38.574,-39.551,-41.992,-24.902,0.000
1733122821.921,-26.855,-42.480,-41.016,-21.973,0.000
1733122821.925,-9.766,-41.992,-38.574,-17.578,0.000
1733122821.929,-14.648,-41.504,-40.039,-12.207,0.000
1733122821.933,-42.969,-43.945,-40.527,-24.414,0.000
1733122821.937,-50.781,-37.598,-38.574,-44.434,0.000
1733122821.941,-37.598,-40.039,-39.062,-34.668,0.000
1733122821.945,-19.043,-46.387,-40.527,-19.531,0.000
1733122821.948,-21.973,-48.340,-42.480,-17.578,0.000
1733122821.952,-48.340,-47.363,-43.945,-33.691,0.000
1733122821.956,-54.199,-45.410,-41.992,-40.039,0.000
1733122821.960,-40.527,-50.293,-39.062,-33.203,0.000
1733122821.964,-24.414,-49.805,-39.551,-24.414,0.000
1733122821.968,-25.391,-49.805,-39.062,-15.625,0.000
1733122821.972,-51.758,-50.781,-34.668,-30.273,0.000
1733122821.976,-57.129,-46.875,-27.832,-35.156,0.000
1733122821.980,-37.598,-43.945,-23.438,-23.438,0.000
1733122821.984,-20.020,-41.504,-28.320,-15.137,0.000
1733122821.988,-17.090,-40.527,-33.203,-11.719,0.000
1733122821.991,-40.039,-41.504,-37.598,-28.809,0.000
1733122821.995,-52.246,-36.621,-43.945,-46.875,0.000
1733122821.999,-47.363,-38.574,-47.363,-45.898,0.000
1733122822.003,-26.855,-42.480,-44.434,-29.785,0.000
1733122822.007,-9.766,-37.109,-45.410,-14.160,0.000
1733122822.011,-33.691,-30.273,-53.223,-27.832,0.000
1733122822.015,-51.758,-21.484,-52.734,-47.852,0.000
1733122822.019,-38.574,-26.855,-43.945,-38.086,0.000
1733122822.023,-22.461,-31.738,-41.992,-23.926,0.000
1733122822.027,-18.555,-26.367,-38.574,-20.996,0.000
1733122822.030,-36.621,-28.809,-35.645,-28.320,0.000
1733122822.034,-52.246,-35.156,-37.598,-37.598,0.000
1733122822.038,-45.898,-36.133,-34.668,-39.062,0.000
1733122822.042,-34.180,-40.039,-39.062,-38.086,0.000
1733122822.046,-20.996,-41.016,-43.457,-27.832,0.000
1733122822.050,-36.621,-39.062,-43.457,-31.738,0.000
1733122822.054,-63.965,-41.992,-44.922,-47.363,0.000
1733122822.058,-57.129,-39.551,-41.504,-45.898,0.000
1733122822.062,-34.180,-37.598,-42.480,-37.109,0.000
1733122822.066,-16.113,-41.992,-43.945,-20.996,0.000
1733122822.070,-23.438,-36.621,-43.457,-17.578,0.000
1733122822.073,-34.180,-30.273,-40.527,-21.973,0.000
1733122822.077,-26.855,-34.180,-34.668,-23.438,0.000
1733122822.081,-17.090,-35.645,-39.062,-27.344,0.000
1733122822.085,3.906,-28.809,-41.016,-15.137,0.000
1733122822.089,-2.441,-23.438,-36.621,-13.184,0.000
1733122822.093,-34.180,-25.391,-38.574,-30.273,0.000
1733122822.097,-43.457,-25.391,-39.551,-40.039,0.000
1733122822.101,-30.762,-27.344,-40.039,-36.133,0.000
1733122822.105,-8.301,-30.273,-40.527,-21.973,0.000
1733122822.109,-16.113,-38.086,-41.504,-19.531,0.000
1733122822.113,-46.387,-41.016,-41.016,-27.344,0.000
1733122822.116,-53.711,-34.668,-39.062,-43.457,0.000
1733122822.120,-34.180,-31.250,-39.551,-36.133,0.000
1733122822.124,-6.836,-23.438,-36.621,-11.230,0.000
1733122822.128,0.000,-20.508,-35.156,-5.859,0.000
1733122822.132,0.000,-23.926,-37.109,-17.578,0.000
1733122822.136,0.000,-24.414,-33.203,-24.414,0.000
1733122822.140,0.000,-22.461,-31.250,-24.902,0.000
1733122822.144,0.000,-21.484,-33.691,-15.137,0.000
1733122822.148,0.000,-22.949,-36.133,-12.695,0.000
1733122822.152,0.000,-20.996,-35.156,-26.855,0.000
1733122822.155,0.000,-22.461,-32.227,-31.250,0.000
1733122822.159,0.000,-17.090,-30.273,-28.320,0.000
1733122822.163,0.000,-14.648,-31.738,-18.066,0.000
1733122822.167,0.000,-23.438,-37.109,-8.301,0.000
1733122822.171,0.000,-20.020,-35.645,-17.578,0.000
1733122822.175,-42.969,-14.160,-31.250,-29.297,0.000
1733122822.179,-36.621,-18.066,-33.203,-34.180,0.000
1733122822.183,-14.160,-22.461,-31.250,-27.344,0.000
1733122822.187,6.836,-20.020,-29.785,-15.625,0.000
1733122822.191,-1.953,-11.230,-32.227,-23.926,0.000
1733122822.195,-11.230,-6.348,-29.785,-33.691,0.000
1733122822.198,-5.371,-9.766,-30.762,-25.391,0.000
1733122822.202,-1.465,-18.066,-32.715,-17.090,0.000
1733122822.206,0.977,-15.625,-32.715,-12.695,0.000
1733122822.210,-17.090,-16.602,-38.086,-23.438,0.000
1733122822.214,-49.805,-28.320,-35.645,-34.668,0.000
1733122822.218,-51.758,-21.484,-25.879,-27.832,0.000
1733122822.222,-32.227,-16.602,-25.391,-26.367,0.000
1733122822.226,-21.973,-22.949,-27.344,-18.066,0.000
1733122822.230,-39.062,-24.414,-30.762,-14.648,0.000
1733122822.234,-66.895,-26.855,-35.156,-34.668,0.000
1733122822.237,-68.848,-25.391,-35.156,-41.016,0.000
1733122822.241,-51.758,-22.949,-32.715,-30.762,0.000
1733122822.245,-35.156,-25.879,-37.598,-18.066,0.000
1733122822.249,-44.922,-31.738,-37.109,-21.973,0.000
1733122822.253,-65.430,-30.762,-32.715,-41.504,0.000
1733122822.257,-53.711,-29.785,-30.762,-32.715,0.000
1733122822.261,-37.598,-27.832,-28.320,-20.508,0.000
1733122822.265,-23.438,-16.602,-32.227,-17.578,0.000
1733122822.269,-26.367,-16.602,-38.086,-14.648,0.000
1733122822.273,-48.340,-21.973,-35.645,-29.297,0.000
1733122822.277,-50.293,-15.137,-28.809,-29.785,0.000
1733122822.280,-37.598,-11.230,-31.250,-17.578,0.000
1733122822.284,-18.066,-13.672,-36.133,-12.207,0.000
1733122822.288,-15.137,-15.137,-35.156,-9.766,0.000
1733122822.292,-33.203,-17.090,-33.203,-17.578,0.000
1733122822.296,-41.992,-13.184,-32.715,-24.902,0.000
1733122822.300,-25.391,-14.160,-30.273,-22.949,0.000
1733122822.304,-7.324,-26.855,-31.250,-8.301,0.000
1733122822.308,-18.066,-37.109,-41.504,-3.418,0.000
1733122822.312,-41.016,-27.832,-41.016,-24.902,0.000
1733122822.316,-48.828,-24.902,-35.156,-32.715,0.000
1733122822.320,-33.203,-30.273,-35.156,-25.879,0.000
1733122822.323,-12.207,-24.902,-35.156,-13.672,0.000
1733122822.327,-8.789,-19.043,-37.598,-4.883,0.000
1733122822.331,-33.203,-20.020,-41.016,-19.043,0.000
1733122822.335,-49.805,-22.949,-38.086,-34.180,0.000
1733122822.339,-48.340,-24.414,-34.668,-28.809,0.000
1733122822.343,-35.645,-30.273,-39.062,-22.949,0.000
1733122822.347,-24.902,-34.668,-44.434,-21.484,0.000
1733122822.351,-42.480,-42.969,-47.363,-20.508,0.000
1733122822.355,-60.059,-49.316,-46.387,-32.715,0.000
1733122822.359,-49.805,-56.641,-43.457,-36.133,0.000
1733122822.362,-32.227,-65.918,-40.527,-28.809,0.000
1733122822.366,-16.602,-69.336,-37.598,-18.066,0.000
1733122822.370,-22.949,-75.195,-39.062,-21.484,0.000
1733122822.374,-45.898,-79.102,-48.340,-37.109,0.000
1733122822.378,-39.551,-76.172,-46.387,-32.227,0.000
1733122822.382,-20.996,-78.613,-41.504,-26.367,0.000
1733122822.386,-7.812,-78.125,-44.434,-19.043,0.000
1733122822.390,-16.602,-78.613,-46.875,-19.043,0.000
1733122822.394,-39.551,-84.473,-52.734,-32.227,0.000
1733122822.398,-41.016,-84.473,-54.688,-36.133,0.000
1733122822.402,-28.320,-76.172,-51.758,-34.668,0.000
1733122822.405,-9.766,-77.637,-48.828,-20.996,0.000
1733122822.409,-10.254,-78.613,-44.434,-15.625,0.000
1733122822.413,-36.133,-72.754,-42.969,-29.297,0.000
1733122822.417,-40.039,-68.359,-41.504,-34.180,0.000
1733122822.421,-24.414,-67.871,-40.527,-25.391,0.000
1733122822.425,-13.672,-66.895,-42.480,-22.949,0.000
1733122822.429,-18.066,-66.895,-46.387,-27.832,0.000
1733122822.433,-47.363,-70.312,-49.316,-47.852,0.000
1733122822.437,-57.617,-70.312,-45.898,-58.594,0.000
1733122822.441,-40.527,-70.312,-49.805,-40.039,0.000
1733122822.444,-24.414,-68.359,-53.223,-26.367,0.000
1733122822.448,-10.254,-63.477,-46.875,-18.555,0.000
1733122822.452,-25.879,-61.035,-46.387,-28.320,0.000
1733122822.456,-40.527,-56.152,-48.828,-41.016,0.000
1733122822.460,-32.715,-51.270,-47.852,-34.668,0.000
1733122822.464,-19.043,-56.641,-52.246,-23.438,0.000
1733122822.468,-13.672,-59.570,-53.711,-13.672,0.000
1733122822.472,-31.250,-50.293,-46.387,-23.438,0.000
1733122822.476,-41.504,-45.410,-46.875,-35.156,0.000
1733122822.480,-33.203,-45.898,-46.875,-32.227,0.000
1733122822.484,-23.438,-50.781,-41.504,-21.973,0.000
1733122822.487,-16.602,-52.246,-39.062,-0.488,0.000
1733122822.491,-30.273,-44.434,-32.715,-12.207,0.000
1733122822.495,-51.270,-46.387,-33.691,-34.668,0.000
1733122822.499,-47.852,-48.828,-38.086,-32.715,0.000
1733122822.503,-25.879,-42.480,-40.527,-20.996,0.000
1733122822.507,-15.625,-45.410,-39.551,-7.812,0.000
1733122822.511,-30.273,-44.922,-37.598,-15.137,0.000
1733122822.515,-48.828,-38.574,-39.551,-32.227,0.000
1733122822.519,-47.852,-36.621,-42.969,-33.203,0.000
1733122822.523,-29.785,-32.715,-42.969,-22.949,0.000
1733122822.527,-17.578,-34.668,-41.016,-18.066,0.000
1733122822.530,-35.645,-38.574,-44.434,-19.531,0.000
1733122822.534,-62.500,-30.762,-48.340,-37.598,0.000
1733122822.538,-51.270,-26.367,-47.852,-45.898,0.000
1733122822.542,-23.438,-30.273,-52.246,-32.715,0.000
1733122822.546,-7.324,-32.227,-53.711,-20.996,0.000
1733122822.550,-21.484,-26.367,-55.664,-25.391,0.000
1733122822.554,-46.875,-25.391,-50.293,-41.504,0.000
1733122822.558,-48.828,-29.785,-41.992,-45.410,0.000
1733122822.562,-35.156,-30.762,-42.969,-37.598,0.000
1733122822.566,-15.625,-31.738,-45.898,-22.949,0.000
1733122822.569,-16.113,-26.855,-42.969,-17.578,0.000
1733122822.573,-38.086,-28.809,-44.434,-26.367,0.000
1733122822.577,-41.016,-33.691,-42.969,-24.902,0.000
1733122822.581,-25.391,-24.902,-41.992,-20.508,0.000
1733122822.585,-10.254,-21.973,-49.316,-15.137,0.000
1733122822.589,-17.578,-26.367,-54.199,-13.672,0.000
1733122822.593,-44.922,-22.949,-54.199,-31.738,0.000
1733122822.597,-52.734,-19.043,-53.711,-49.316,0.000
1733122822.601,-33.203,-22.461,-45.410,-36.621,0.000
1733122822.605,-14.648,-24.902,-40.527,-17.090,0.000
1733122822.609,-18.555,-22.949,-42.480,-16.602,0.000
1733122822.612,-37.598,-21.973,-37.598,-30.273,0.000
1733122822.616,-48.340,-27.344,-40.527,-42.480,0.000
1733122822.620,-41.016,-35.156,-45.410,-31.250,0.000
1733122822.624,-24.902,-28.809,-47.852,-16.602,0.000
1733122822.628,-22.461,-28.809,-47.852,-17.578,0.000
1733122822.632,-42.480,-29.785,-45.410,-25.879,0.000
1733122822.636,-52.246,-21.484,-40.039,-31.738,0.000
1733122822.640,-41.016,-22.461,-32.715,-27.344,0.000
1733122822.644,-21.973,-25.391,-36.133,-19.531,0.000
1733122822.648,-13.672,-31.738,-41.504,-11.719,0.000
1733122822.651,-29.785,-36.133,-41.016,-16.113,0.000
1733122822.655,-41.992,-31.250,-40.039,-23.926,0.000
1733122822.659,-37.598,-29.785,-43.457,-24.902,0.000
1733122822.663,-16.602,-34.668,-49.805,-7.812,0.000
1733122822.667,2.930,-34.180,-43.457,7.812,0.000
1733122822.671,-19.531,-33.691,-39.062,-11.719,0.000
1733122822.675,-41.504,-33.691,-40.527,-30.762,0.000
1733122822.679,-31.250,-34.180,-38.086,-22.949,0.000
1733122822.683,-18.066,-33.691,-37.598,-15.137,0.000
1733122822.687,-7.324,-33.203,-41.992,-16.602,0.000
1733122822.691,-21.973,-35.645,-45.898,-24.414,0.000
1733122822.694,-48.340,-31.738,-48.340,-39.551,0.000
1733122822.698,-49.316,-19.043,-47.363,-41.504,0.000
1733122822.702,-34.668,-17.578,-46.875,-31.738,0.000
1733122822.706,-19.043,-23.926,-47.363,-28.809,0.000
1733122822.710,-27.344,-21.484,-43.945,-29.785,0.000
1733122822.714,-52.246,-22.949,-49.316,-42.969,0.000
1733122822.718,-47.852,-28.320,-50.781,-49.316,0.000
1733122822.722,-22.461,-29.297,-51.270,-41.504,0.000
1733122822.726,-2.930,-29.297,-58.105,-33.203,0.000
1733122822.730,-11.719,-28.809,-57.129,-35.645,0.000
1733122822.733,-37.109,-29.297,-51.270,-49.805,0.000
1733122822.737,-43.457,-28.809,-47.852,-52.734,0.000
1733122822.741,-31.250,-30.762,-51.270,-47.363,0.000
1733122822.745,-20.996,-33.203,-51.758,-36.133,0.000
1733122822.749,-30.273,-29.297,-48.340,-30.273,0.000
1733122822.753,-58.105,-30.273,-50.781,-42.480,0.000
1733122822.757,-60.059,-28.809,-49.805,-46.875,0.000
1733122822.761,-36.133,-23.438,-46.387,-35.156,0.000
1733122822.765,-13.184,-14.160,-50.293,-17.090,0.000
1733122822.769,-6.348,-17.578,-55.176,-2.930,0.000
1733122822.773,-36.133,-29.785,-50.781,-12.695,0.000
1733122822.776,-54.688,-20.508,-43.457,-29.297,0.000
1733122822.780,-36.133,-17.578,-46.387,-32.227,0.000
1733122822.784,-13.672,-25.391,-43.457,-19.043,0.000
1733122822.788,-14.160,-28.320,-40.039,-14.648,0.000
1733122822.792,-39.551,-25.391,-42.969,-20.020,0.000
1733122822.796,-51.758,-27.344,-41.992,-26.367,0.000
1733122822.800,-36.133,-36.133,-39.062,-24.414,0.000
1733122822.804,-16.602,-38.574,-31.738,-11.230,0.000
1733122822.808,-9.766,-31.738,-30.273,-7.324,0.000
1733122822.812,-31.738,-30.762,-36.133,-20.508,0.000
1733122822.816,-52.734,-39.062,-41.504,-30.273,0.000
1733122822.819,-47.363,-34.180,-41.016,-30.273,0.000
1733122822.823,-25.879,-34.668,-38.574,-28.320,0.000
1733122822.827,-13.672,-44.434,-37.109,-20.020,0.000
1733122822.831,-33.691,-44.434,-37.598,-25.879,0.000
1733122822.835,-49.316,-37.598,-42.969,-39.551,0.000
1733122822.839,-38.574,-31.250,-47.363,-44.434,0.000
1733122822.843,-19.531,-39.062,-41.992,-29.297,0.000
1733122822.847,-4.395,-44.434,-40.039,-8.789,0.000
1733122822.851,-17.090,-41.016,-41.016,-18.066,0.000
1733122822.855,-36.133,-35.156,-39.062,-33.691,0.000
1733122822.859,-29.297,-37.109,-41.992,-30.762,0.000
1733122822.862,-18.066,-41.992,-41.016,-20.020,0.000
1733122822.866,-4.395,-32.227,-38.574,-13.672,0.000
1733122822.870,-8.789,-28.320,-41.504,-15.625,0.000
1733122822.874,-33.203,-32.715,-40.527,-22.949,0.000
1733122822.878,-31.738,-34.180,-41.504,-26.367,0.000
1733122822.882,-16.602,-32.227,-43.945,-22.461,0.000
1733122822.886,-6.836,-34.668,-42.969,-7.812,0.000
1733122822.890,-13.184,-31.738,-40.527,-5.859,0.000
1733122822.894,-34.668,-32.715,-35.645,-23.438,0.000
1733122822.898,-40.527,-43.457,-39.062,-31.738,0.000
1733122822.901,-17.578,-39.551,-40.527,-18.555,0.000
1733122822.905,4.883,-37.109,-36.621,5.371,0.000
1733122822.909,0.488,-37.109,-36.621,1.953,0.000
1733122822.913,-20.996,-32.715,-34.180,-14.160,0.000
1733122822.917,-27.344,-33.691,-33.691,-28.809,0.000
1733122822.921,-15.625,-39.062,-37.109,-34.668,0.000
1733122822.925,0.977,-35.645,-37.598,-16.113,0.000
1733122822.929,-4.395,-35.156,-35.156,-15.137,0.000
1733122822.933,-35.645,-42.969,-33.203,-32.227,0.000
1733122822.937,-51.270,-44.434,-33.203,-39.062,0.000
1733122822.941,-41.016,-39.551,-35.156,-31.250,0.000
1733122822.944,-17.090,-37.109,-36.133,-15.137,0.000
1733122822.948,-15.137,-43.457,-41.992,-8.789,0.000
1733122822.952,-45.898,-42.480,-40.527,-22.949,0.000
1733122822.956,-59.570,-29.785,-33.203,-41.992,0.000
1733122822.960,-41.504,-29.785,-36.621,-38.574,0.000
1733122822.964,-22.461,-32.715,-38.574,-24.902,0.000
1733122822.968,-17.578,-29.297,-39.551,-14.648,0.000
1733122822.972,-34.180,-23.438,-39.551,-31.250,0.000
1733122822.976,-54.688,-21.973,-40.039,-51.758,0.000
1733122822.980,-46.875,-18.555,-41.504,-41.992,0.000
1733122822.983,-22.949,-18.555,-36.621,-29.785,0.000
1733122822.987,-11.230,-19.043,-35.156,-22.949,0.000
1733122822.991,-24.902,-15.625,-38.086,-23.438,0.000
1733122822.995,-40.039,-18.555,-30.762,-17.578,0.000
1733122822.999,-38.574,-14.648,-21.973,-14.160,0.000
1733122823.003,-23.926,-8.789,-25.879,-19.043,0.000
1733122823.007,-13.184,-14.648,-33.691,-10.254,0.000
1733122823.011,-30.273,-21.973,-36.133,-20.996,0.000
1733122823.015,-53.711,-19.043,-33.203,-41.016,0.000
1733122823.019,-49.805,-14.160,-34.180,-41.992,0.000
1733122823.023,-26.855,-19.043,-39.551,-26.855,0.000
1733122823.026,-15.625,-26.367,-40.039,-15.625,0.000
1733122823.030,-24.902,-27.832,-36.621,-22.949,0.000
1733122823.034,-40.527,-25.879,-35.156,-32.715,0.000
1733122823.038,-38.574,-20.996,-32.227,-31.738,0.000
1733122823.042,-27.832,-20.508,-35.645,-29.297,0.000
1733122823.046,-15.625,-23.926,-43.457,-26.855,0.000
1733122823.050,-24.902,-21.973,-42.969,-26.367,0.000
1733122823.054,-49.316,-23.438,-43.457,-27.832,0.000
1733122823.058,-46.875,-27.344,-44.922,-23.926,0.000
1733122823.062,-32.227,-20.508,-42.480,-25.879,0.000
1733122823.066,-12.695,-15.625,-44.434,-19.043,0.000
1733122823.069,-13.672,-15.625,-46.875,-15.625,0.000
1733122823.073,-43.945,-21.973,-49.316,-37.598,0.000
1733122823.077,-46.387,-22.461,-49.805,-47.363,0.000
1733122823.081,-29.785,-18.555,-45.410,-41.016,0.000
1733122823.085,-15.625,-23.926,-41.504,-27.832,0.000
1733122823.089,-15.137,-21.973,-42.480,-20.508,0.000
1733122823.093,-40.039,-20.020,-40.527,-35.156,0.000
1733122823.097,-44.922,-23.926,-35.645,-43.945,0.000
1733122823.101,-33.203,-26.367,-37.109,-34.180,0.000
1733122823.105,-16.602,-22.461,-33.691,-23.926,0.000
1733122823.108,-6.836,-19.531,-32.227,-17.090,0.000
1733122823.112,-30.762,-21.484,-35.645,-29.785,0.000
1733122823.116,-43.457,-21.484,-35.156,-44.434,0.000
1733122823.120,-30.762,-20.020,-35.156,-38.574,0.000
1733122823.124,-10.742,-22.949,-38.574,-28.320,0.000
1733122823.128,-6.836,-21.973,-45.410,-23.926,0.000
1733122823.132,-26.367,-20.996,-44.922,-35.156,0.000
1733122823.136,-37.598,-23.926,-43.457,-40.527,0.000
1733122823.140,-33.691,-27.344,-43.457,-43.457,0.000
1733122823.144,-14.648,-30.273,-43.457,-36.133,0.000
1733122823.148,-7.324,-33.203,-42.480,-17.090,0.000
1733122823.151,-32.715,-29.785,-40.527,-27.832,0.000
1733122823.155,-50.781,-27.832,-39.551,-42.969,0.000
1733122823.159,-39.551,-24.414,-37.598,-33.691,0.000
1733122823.163,-20.996,-20.996,-34.668,-23.926,0.000
1733122823.167,-10.254,-24.902,-39.551,-21.484,0.000
1733122823.171,-23.926,-25.879,-39.062,-23.438,0.000
1733122823.175,-40.039,-22.461,-33.203,-32.227,0.000
1733122823.179,-37.109,-23.926,-38.574,-32.227,0.000
1733122823.183,-20.996,-19.043,-42.480,-30.762,0.000
1733122823.187,-12.695,-20.996,-41.992,-28.320,0.000
1733122823.190,-22.461,-28.809,-42.969,-22.461,0.000
1733122823.194,-36.133,-24.414,-40.527,-32.227,0.000
1733122823.198,-38.086,-26.855,-41.504,-44.922,0.000
1733122823.202,-24.414,-31.738,-44.922,-38.086,0.000
1733122823.206,-10.254,-33.691,-44.434,-21.973,0.000
1733122823.210,-18.066,-31.738,-42.969,-22.949,0.000
1733122823.214,-38.574,-28.809,-41.992,-32.227,0.000
1733122823.218,-39.551,-30.273,-38.086,-30.273,0.000
1733122823.222,-20.996,-25.391,-37.109,-23.438,0.000
1733122823.226,-5.371,-22.949,-35.156,-10.254,0.000
1733122823.230,-16.113,-21.973,-31.250,-17.578,0.000
1733122823.233,-33.691,-19.531,-28.809,-31.250,0.000
1733122823.237,-40.527,-23.926,-33.203,-35.156,0.000
1733122823.241,-27.344,-23.438,-36.621,-42.969,0.000
1733122823.245,0.488,-27.344,-43.945,-35.645,0.000
1733122823.249,-6.836,-35.156,-46.875,-31.250,0.000
1733122823.253,-35.645,-34.668,-38.086,-41.992,0.000
1733122823.257,-46.387,-33.691,-39.062,-45.898,0.000
1733122823.261,-46.875,-42.969,-44.922,-37.598,0.000
1733122823.265,-32.715,-45.410,-48.828,-24.902,0.000
1733122823.269,-36.621,-46.875,-43.945,-15.137,0.000
1733122823.273,-62.012,-43.945,-36.621,-23.926,0.000
1733122823.276,-70.312,-34.668,-39.551,-40.527,0.000
1733122823.280,-58.105,-39.551,-45.898,-32.715,0.000
1733122823.284,-42.969,-40.527,-43.457,-16.113,0.000
1733122823.288,-35.156,-38.574,-37.598,-17.578,0.000
1733122823.292,-48.340,-40.527,-36.621,-26.367,0.000
1733122823.296,-61.523,-37.109,-36.133,-28.809,0.000
1733122823.300,-47.852,-32.715,-37.598,-25.391,0.000
1733122823.304,-28.320,-34.180,-36.133,-17.090,0.000
1733122823.308,-19.043,-38.574,-37.598,-11.230,0.000
1733122823.312,-35.645,-33.691,-41.016,-26.855,0.000
1733122823.315,-51.270,-23.438,-41.016,-38.574,0.000
1733122823.319,-38.086,-20.508,-42.480,-34.180,0.000
1733122823.323,-20.508,-20.996,-40.039,-21.484,0.000
1733122823.327,-17.578,-26.855,-38.086,-12.207,0.000
1733122823.331,-40.527,-24.414,-41.016,-25.879,0.000
1733122823.335,-59.570,-22.461,-42.480,-45.410,0.000
1733122823.339,-55.664,-27.832,-41.504,-51.270,0.000
1733122823.343,-43.945,-31.250,-43.945,-44.922,0.000
1733122823.347,-31.250,-28.809,-42.480,-37.109,0.000
1733122823.351,-38.086,-27.832,-37.598,-41.504,0.000
1733122823.355,-52.734,-27.832,-37.598,-45.898,0.000
1733122823.358,-48.340,-29.297,-41.992,-43.457,0.000
1733122823.362,-35.645,-35.156,-40.527,-36.621,0.000
1733122823.366,-22.949,-37.598,-38.086,-24.414,0.000
1733122823.370,-32.715,-36.133,-36.133,-19.531,0.000
1733122823.374,-50.293,-34.668,-34.668,-26.855,0.000
1733122823.378,-47.852,-31.738,-33.203,-31.738,0.000
1733122823.382,-39.551,-35.156,-39.551,-27.344,0.000
1733122823.386,-24.414,-34.180,-43.457,-13.672,0.000
1733122823.390,-27.832,-27.344,-37.598,-17.578,0.000
1733122823.394,-41.016,-31.250,-38.086,-31.250,0.000
1733122823.397,-30.762,-30.762,-36.133,-23.926,0.000
1733122823.401,-19.043,-25.391,-34.668,-24.414,0.000
1733122823.405,-5.371,-27.832,-42.969,-24.414,0.000
1733122823.409,-7.324,-33.691,-49.316,-18.555,0.000
1733122823.413,-24.902,-44.922,-45.898,-16.602,0.000
1733122823.417,-31.250,-41.504,-46.875,-26.367,0.000
1733122823.421,-26.367,-30.762,-47.852,-40.039,0.000
1733122823.425,-4.395,-28.320,-44.922,-25.391,0.000
1733122823.429,2.930,-32.227,-44.434,-7.812,0.000
1733122823.433,-20.996,-39.551,-40.039,-15.625,0.000
1733122823.436,-35.645,-37.109,-36.621,-29.785,0.000
1733122823.440,-23.926,-37.109,-40.039,-28.320,0.000
1733122823.444,-7.324,-45.410,-38.574,-19.043,0.000
1733122823.448,-3.418,-54.688,-41.016,-11.719,0.000
1733122823.452,-20.996,-53.711,-44.922,-19.043,0.000
1733122823.456,-34.668,-51.270,-46.387,-26.367,0.000
1733122823.460,-23.438,-54.688,-52.246,-24.414,0.000
1733122823.464,-11.230,-59.082,-51.270,-18.066,0.000
1733122823.468,-9.277,-58.594,-52.734,-13.184,0.000
1733122823.472,-28.320,-64.453,-57.617,-23.926,0.000
1733122823.476,-41.992,-62.500,-49.316,-33.691,0.000
1733122823.479,-33.203,-51.270,-34.668,-23.926,0.000
1733122823.483,-21.484,-49.805,-38.086,-19.531,0.000
1733122823.487,-17.090,-54.688,-46.875,-20.508,0.000
1733122823.491,-38.086,-52.734,-46.875,-27.344,0.000
1733122823.495,-60.059,-45.898,-43.457,-44.922,0.000
1733122823.499,-51.270,-46.387,-46.387,-43.457,0.000
1733122823.503,-28.809,-43.457,-51.758,-26.855,0.000
1733122823.507,-15.625,-43.457,-51.758,-18.066,0.000
1733122823.511,-23.926,-39.062,-46.387,-22.461,0.000
1733122823.515,-43.945,-33.691,-38.574,-37.598,0.000
1733122823.519,-41.016,-38.086,-37.109,-35.645,0.000
1733122823.522,-26.855,-44.922,-42.480,-29.785,0.000
1733122823.526,-20.996,-38.086,-45.410,-28.809,0.000
1733122823.530,-24.902,-29.785,-45.410,-25.879,0.000
1733122823.534,-39.551,-21.484,-42.969,-34.668,0.000
1733122823.538,-38.086,-21.973,-39.551,-34.668,0.000
1733122823.542,-30.273,-22.949,-40.039,-27.832,0.000
1733122823.546,-16.602,-21.484,-41.992,-9.277,0.000
1733122823.550,-17.090,-26.855,-42.969,0.977,0.000
1733122823.554,-39.062,-24.902,-40.527,-15.625,0.000
1733122823.558,-41.016,-20.020,-39.551,-23.926,0.000
1733122823.562,-23.438,-21.973,-42.480,-17.578,0.000
1733122823.565,-6.836,-22.461,-41.992,-7.324,0.000
1733122823.569,-10.742,-11.230,-34.668,-7.812,0.000
1733122823.573,-30.273,-8.789,-38.574,-25.391,0.000
1733122823.577,-37.598,-11.719,-42.480,-34.668,0.000
1733122823.581,-30.762,-13.672,-38.086,-25.391,0.000
1733122823.585,-13.184,-11.230,-38.086,-12.695,0.000
1733122823.589,-2.441,-13.184,-39.551,-3.418,0.000
1733122823.593,-29.297,-20.996,-45.898,-20.508,0.000
1733122823.597,-50.293,-20.020,-46.875,-35.645,0.000
1733122823.601,-33.691,-16.113,-44.434,-24.902,0.000
1733122823.605,-14.160,-19.043,-43.457,-15.625,0.000
1733122823.608,-8.301,-17.578,-45.410,-10.742,0.000
1733122823.612,-30.273,-13.184,-42.969,-24.414,0.000
1733122823.616,-48.340,-10.254,-40.039,-43.945,0.000
1733122823.620,-35.156,-6.836,-41.992,-40.039,0.000
1733122823.624,-12.207,-12.695,-49.805,-23.926,0.000
1733122823.628,-12.207,-14.648,-52.246,-15.137,0.000
1733122823.632,-35.156,-12.695,-42.969,-24.902,0.000
1733122823.636,-42.480,-20.020,-41.016,-33.691,0.000
1733122823.640,-27.832,-25.879,-43.457,-31.738,0.000
1733122823.644,-8.789,-29.297,-50.781,-26.367,0.000
1733122823.647,1.465,-32.227,-55.664,-20.508,0.000
1733122823.651,-12.207,-28.809,-49.316,-21.973,0.000
1733122823.655,-33.203,-23.926,-44.434,-23.926,0.000
1733122823.659,-31.250,-20.508,-43.457,-23.926,0.000
1733122823.663,-16.113,-20.020,-47.852,-22.949,0.000
1733122823.667,-7.812,-24.414,-50.781,-7.324,0.000
1733122823.671,-19.531,-25.391,-45.410,-7.812,0.000
1733122823.675,-37.598,-20.508,-41.992,-27.344,0.000
1733122823.679,-39.551,-21.484,-42.480,-30.273,0.000
1733122823.683,-25.391,-21.973,-41.504,-24.414,0.000
1733122823.687,-6.836,-16.602,-41.016,-15.137,0.000
1733122823.690,-15.625,-18.066,-38.086,-14.648,0.000
1733122823.694,-38.574,-25.879,-35.156,-23.926,0.000
1733122823.698,-41.504,-29.297,-38.574,-29.785,0.000
1733122823.702,-36.621,-21.484,-37.109,-28.809,0.000
1733122823.706,-22.949,-15.137,-35.156,-18.066,0.000
1733122823.710,-27.832,-28.809,-39.062,-12.207,0.000
1733122823.714,-47.363,-30.273,-40.039,-22.949,0.000
1733122823.718,-47.852,-21.973,-37.109,-33.691,0.000
1733122823.722,-34.180,-20.508,-36.621,-30.762,0.000
1733122823.726,-19.043,-22.461,-38.086,-22.949,0.000
1733122823.729,-25.879,-26.367,-37.598,-30.273,0.000
1733122823.733,-44.434,-26.855,-32.227,-39.551,0.000
1733122823.737,-44.434,-24.902,-31.250,-39.551,0.000
1733122823.741,-27.344,-27.832,-35.156,-38.086,0.000
1733122823.745,1.465,-30.273,-33.691,-20.508,0.000
1733122823.749,13.672,-29.785,-32.227,-8.301,0.000
1733122823.753,-9.277,-29.785,-34.668,-23.438,0.000
1733122823.757,-21.484,-25.879,-33.691,-30.273,0.000
1733122823.761,-7.324,-26.855,-34.180,-19.043,0.000
1733122823.765,1.953,-31.738,-38.086,-12.207,0.000
1733122823.769,-1.465,-37.109,-39.062,-10.742,0.000
1733122823.772,-32.715,-39.062,-39.062,-20.508,0.000
1733122823.776,-55.176,-31.250,-41.016,-25.391,0.000
1733122823.780,-38.086,-25.391,-40.527,-26.367,0.000
1733122823.784,-19.043,-28.809,-42.480,-21.484,0.000
1733122823.788,-14.648,-38.086,-47.852,-10.742,0.000
1733122823.792,-33.203,-37.109,-46.875,-18.555,0.000
1733122823.796,-55.176,-31.738,-45.410,-34.180,0.000
1733122823.800,-48.340,-26.855,-46.875,-37.598,0.000
1733122823.804,-28.809,-31.738,-51.270,-27.344,0.000
1733122823.808,-24.902,-39.062,-48.828,-14.648,0.000
1733122823.811,-32.715,-36.133,-45.898,-18.066,0.000
1733122823.815,-41.016,-34.668,-44.434,-28.809,0.000
1733122823.819,-36.133,-30.273,-41.504,-28.320,0.000
1733122823.823,-26.855,-27.832,-43.457,-24.902,0.000
1733122823.827,-14.648,-25.391,-41.992,-16.113,0.000
1733122823.831,-18.066,-25.391,-38.574,-15.137,0.000
1733122823.835,-37.598,-30.273,-34.180,-24.902,0.000
1733122823.839,-35.156,-23.438,-31.738,-28.809,0.000
1733122823.843,-22.949,-20.508,-34.180,-25.391,0.000
1733122823.847,-8.301,-29.785,-37.598,-12.207,0.000
1733122823.851,-14.648,-29.297,-37.598,-15.625,0.000
1733122823.854,-39.062,-22.461,-36.621,-34.668,0.000
1733122823.858,-42.480,-21.973,-44.434,-38.086,0.000
1733122823.862,-24.902,-20.996,-45.898,-30.762,0.000
1733122823.866,-5.371,-18.066,-39.551,-19.531,0.000
1733122823.870,-14.160,-20.996,-36.621,-19.531,0.000
1733122823.874,-41.016,-26.855,-37.109,-29.785,0.000
1733122823.878,-41.016,-30.273,-39.062,-32.227,0.000
1733122823.882,-23.926,-32.227,-44.922,-31.250,0.000
1733122823.886,-11.719,-33.203,-47.363,-21.484,0.000
1733122823.890,-16.602,-39.062,-45.898,-17.578,0.000
1733122823.894,-34.668,-42.480,-42.480,-23.926,0.000
1733122823.897,-32.715,-29.297,-36.621,-22.949,0.000
1733122823.901,-16.602,-22.949,-34.668,-21.973,0.000
1733122823.905,-1.465,-25.879,-36.621,-14.648,0.000
1733122823.909,3.906,-22.949,-34.180,0.000,0.000
1733122823.913,-20.508,-21.484,-28.320,-7.324,0.000
1733122823.917,-34.668,-14.160,-32.227,-29.297,0.000
1733122823.921,-20.508,-20.508,-40.039,-29.297,0.000
1733122823.925,-6.836,-26.855,-36.133,-11.719,0.000
1733122823.929,1.465,-27.344,-28.320,-3.418,0.000
1733122823.933,-14.648,-30.273,-28.809,-12.207,0.000
1733122823.936,-30.762,-25.391,-33.691,-22.949,0.000
1733122823.940,-20.996,-26.855,-33.691,-18.066,0.000
1733122823.944,-6.836,-27.344,-33.691,-10.742,0.000
1733122823.948,2.930,-18.066,-34.668,-2.930,0.000
1733122823.952,-5.371,-18.555,-35.645,-2.930,0.000
1733122823.956,-25.391,-21.484,-35.156,-14.160,0.000
1733122823.960,-25.879,-19.531,-32.227,-12.695,0.000
1733122823.964,-10.254,-23.926,-35.156,-7.324,0.000
1733122823.968,0.488,-26.367,-36.621,1.953,0.000
1733122823.972,-19.043,-24.414,-35.645,-3.418,0.000
1733122823.976,-40.039,-30.273,-37.109,-26.367,0.000
1733122823.979,-36.133,-32.715,-37.598,-29.297,0.000
1733122823.983,-24.414,-39.062,-34.668,-15.625,0.000
1733122823.987,-16.113,-41.504,-35.156,-5.859,0.000
1733122823.991,-25.879,-31.250,-32.715,-16.113,0.000
1733122823.995,-34.180,-24.414,-33.203,-26.367,0.000
1733122823.999,-33.691,-23.926,-37.598,-28.320,0.000
1733122824.003,-25.879,-26.367,-36.621,-26.855,0.000
1733122824.007,-12.207,-27.344,-39.062,-15.625,0.000
1733122824.011,-21.484,-30.762,-41.016,-16.113,0.000
1733122824.015,-45.898,-29.297,-38.574,-35.645,0.000
1733122824.019,-41.504,-22.949,-37.598,-38.574,0.000
1733122824.022,-22.949,-33.691,-41.504,-33.203,0.000
1733122824.026,-9.277,-41.016,-44.434,-26.855,0.000
1733122824.030,-22.461,-40.039,-42.480,-17.578,0.000
1733122824.034,-50.293,-36.621,-41.016,-26.367,0.000
1733122824.038,-49.316,-34.180,-39.062,-35.645,0.000
1733122824.042,-33.203,-40.039,-40.527,-25.879,0.000
1733122824.046,-22.949,-43.457,-42.480,-13.184,0.000
1733122824.050,-29.297,-42.969,-41.992,-16.602,0.000
1733122824.054,-41.504,-38.086,-39.551,-27.344,0.000
1733122824.058,-41.504,-36.621,-35.156,-28.809,0.000
1733122824.061,-28.809,-34.180,-33.691,-24.902,0.000
1733122824.065,-18.066,-31.250,-40.039,-19.043,0.000
1733122824.069,-17.090,-37.109,-39.551,-14.160,0.000
1733122824.073,-34.668,-41.504,-33.203,-20.996,0.000
1733122824.077,-45.898,-35.156,-34.180,-27.832,0.000
1733122824.081,-31.250,-19.531,-33.203,-26.367,0.000
1733122824.085,-5.859,-18.066,-28.809,-12.207,0.000
1733122824.089,7.812,-26.855,-24.414,-1.953,0.000
1733122824.093,-10.742,-33.203,-26.855,-12.207,0.000
1733122824.097,-29.297,-26.855,-37.598,-26.855,0.000
1733122824.101,-24.414,-25.391,-40.527,-24.902,0.000
1733122824.104,-5.371,-26.367,-34.180,-12.207,0.000
1733122824.108,4.395,-26.367,-37.109,-10.742,0.000
1733122824.112,-14.160,-24.902,-40.527,-20.508,0.000
1733122824.116,-28.320,-17.578,-33.203,-27.832,0.000
1733122824.120,-22.949,-23.926,-32.227,-18.066,0.000
1733122824.124,-14.160,-23.926,-35.156,-11.230,0.000
1733122824.128,-10.254,-23.438,-36.133,-14.648,0.000
1733122824.132,-31.250,-35.645,-37.109,-24.902,0.000
1733122824.136,-54.688,-39.062,-36.621,-41.016,0.000
1733122824.140,-45.410,-42.969,-35.645,-41.504,0.000
1733122824.143,-25.879,-46.387,-30.273,-29.297,0.000
1733122824.147,-16.602,-42.480,-25.391,-16.113,0.000
1733122824.151,-29.297,-38.574,-29.297,-21.484,0.000
1733122824.155,-51.270,-43.457,-34.668,-34.668,0.000
1733122824.159,-50.293,-39.062,-37.598,-38.086,0.000
1733122824.163,-31.250,-36.621,-42.969,-26.855,0.000
1733122824.167,-12.695,-40.527,-43.457,-13.184,0.000
1733122824.171,-20.996,-33.203,-33.691,-12.695,0.000
1733122824.175,-34.668,-33.691,-26.367,-10.254,0.000
1733122824.179,-26.367,-27.832,-30.273,-13.184,0.000
1733122824.183,-21.973,-20.508,-38.574,-27.344,0.000
1733122824.186,-3.418,-25.391,-39.062,-12.695,0.000
1733122824.190,3.906,-29.297,-38.574,1.465,0.000
1733122824.194,-18.555,-24.902,-37.109,-12.207,0.000
1733122824.198,-26.855,-17.578,-37.109,-29.297,0.000
1733122824.202,-20.996,-10.742,-38.086,-30.762,0.000
1733122824.206,-7.812,-13.672,-39.551,-14.160,0.000
1733122824.210,-10.254,-16.602,-38.086,-16.113,0.000
1733122824.214,-32.227,-10.254,-39.062,-25.879,0.000
1733122824.218,-35.156,-13.672,-41.504,-30.762,0.000
1733122824.222,-26.855,-27.832,-37.109,-32.227,0.000
1733122824.225,-14.648,-31.250,-38.086,-20.996,0.000
1733122824.229,-7.324,-21.484,-32.715,-13.672,0.000
1733122824.233,-26.367,-17.578,-29.785,-22.461,0.000
1733122824.237,-42.969,-15.625,-26.367,-25.879,0.000
1733122824.241,-34.180,-12.207,-27.344,-18.555,0.000
1733122824.245,-12.695,-12.207,-32.715,-9.766,0.000
1733122824.249,-1.465,-20.508,-34.180,-9.277,0.000
1733122824.253,-17.090,-20.020,-39.551,-23.926,0.000
1733122824.257,-29.297,-16.602,-47.363,-36.621,0.000
1733122824.261,-10.254,-13.672,-42.969,-31.738,0.000
1733122824.265,12.695,-6.836,-38.086,-17.578,0.000
1733122824.268,12.695,-16.113,-45.410,-4.395,0.000
1733122824.272,-18.555,-24.414,-41.504,-11.719,0.000
1733122824.276,-41.016,-15.137,-30.273,-26.855,0.000
1733122824.280,-39.551,-11.719,-25.879,-26.367,0.000
1733122824.284,-27.832,-16.113,-33.203,-16.113,0.000
1733122824.288,-19.531,-15.137,-39.062,-12.207,0.000
1733122824.292,-31.738,-7.812,-31.250,-20.020,0.000
1733122824.296,-47.363,-12.207,-29.785,-27.344,0.000
1733122824.300,-41.016,-17.578,-33.691,-29.785,0.000
1733122824.304,-26.855,-15.137,-34.668,-23.926,0.000
1733122824.308,-20.996,-15.625,-35.645,-22.949,0.000
1733122824.311,-31.250,-15.137,-35.645,-26.855,0.000
1733122824.315,-55.664,-13.672,-37.109,-34.180,0.000
1733122824.319,-54.199,-11.230,-34.180,-40.527,0.000
1733122824.323,-39.551,-14.648,-37.598,-38.574,0.000
1733122824.327,-28.809,-17.578,-40.527,-30.762,0.000
1733122824.331,-37.598,-10.254,-35.645,-34.668,0.000
1733122824.335,-57.617,-7.324,-38.086,-50.781,0.000
1733122824.339,-52.734,-14.648,-39.551,-54.688,0.000
1733122824.343,-30.273,-20.020,-37.598,-36.133,0.000
1733122824.347,-14.648,-13.672,-41.016,-16.602,0.000
1733122824.351,-20.508,-6.836,-41.992,-19.043,0.000
1733122824.354,-39.062,-6.836,-34.180,-30.273,0.000
1733122824.358,-38.574,-8.789,-34.668,-29.297,0.000
1733122824.362,-23.926,-9.277,-35.645,-16.113,0.000
1733122824.366,-7.324,-9.277,-34.668,-14.648,0.000
1733122824.370,-12.695,-18.066,-34.180,-19.043,0.000
1733122824.374,-37.598,-15.137,-34.180,-32.227,0.000
1733122824.378,-44.922,-6.348,-34.668,-42.969,0.000
1733122824.382,-36.133,-12.207,-39.062,-39.551,0.000
1733122824.386,-15.137,-18.555,-39.551,-30.762,0.000
1733122824.390,-15.625,-22.949,-38.574,-28.320,0.000
1733122824.393,-37.598,-22.949,-41.504,-41.504,0.000
1733122824.397,-48.828,-19.531,-40.039,-48.340,0.000
1733122824.401,-38.574,-20.996,-36.621,-42.480,0.000
1733122824.405,-19.531,-30.762,-39.062,-20.508,0.000
1733122824.409,-20.996,-33.203,-40.039,-17.578,0.000
1733122824.413,-35.645,-34.668,-37.109,-33.203,0.000
1733122824.417,-43.457,-51.270,-40.039,-38.086,0.000
1733122824.421,-36.133,-51.758,-37.598,-37.109,0.000
1733122824.425,-17.578,-47.363,-34.180,-23.926,0.000
1733122824.429,-20.020,-55.664,-39.062,-19.043,0.000
1733122824.433,-35.156,-52.246,-36.621,-27.832,0.000
1733122824.436,-39.551,-45.898,-39.551,-37.598,0.000
1733122824.440,-29.785,-50.293,-40.039,-29.297,0.000
1733122824.444,-23.438,-58.594,-29.785,-19.043,0.000
1733122824.448,-22.949,-66.406,-34.668,-18.555,0.000
1733122824.452,-38.574,-66.406,-41.504,-25.879,0.000
1733122824.456,-51.270,-56.152,-39.062,-44.434,0.000
1733122824.460,-39.062,-59.570,-33.691,-42.969,0.000
1733122824.464,-20.996,-71.289,-37.109,-27.832,0.000
1733122824.468,-8.789,-67.383,-39.551,-13.672,0.000
1733122824.472,-17.090,-62.012,-37.598,-15.625,0.000
1733122824.476,-35.645,-58.594,-36.133,-32.227,0.000
1733122824.479,-31.738,-44.922,-34.668,-34.180,0.000
1733122824.483,-6.348,-40.039,-31.738,-14.648,0.000
1733122824.487,6.348,-44.434,-32.715,-3.906,0.000
1733122824.491,-2.441,-49.316,-37.109,-8.301,0.000
1733122824.495,-19.531,-55.664,-41.016,-14.648,0.000
1733122824.499,-23.926,-59.082,-46.875,-21.973,0.000
1733122824.503,-21.973,-54.688,-46.875,-25.879,0.000
1733122824.507,-13.672,-52.246,-39.551,-13.672,0.000
1733122824.511,-24.902,-54.199,-38.086,-17.578,0.000
1733122824.515,-49.316,-49.316,-38.574,-37.598,0.000
1733122824.518,-48.340,-40.039,-33.203,-36.621,0.000
1733122824.522,-32.227,-36.621,-30.273,-31.738,0.000
1733122824.526,-18.066,-46.387,-26.367,-26.367,0.000
1733122824.530,-21.973,-44.434,-25.391,-23.926,0.000
1733122824.534,-40.527,-34.668,-30.762,-37.109,0.000
1733122824.538,-49.316,-39.062,-37.109,-39.551,0.000
1733122824.542,-36.621,-40.527,-37.598,-29.785,0.000
1733122824.546,-15.137,-36.133,-34.668,-17.090,0.000
1733122824.550,-15.625,-42.480,-38.086,-11.230,0.000
1733122824.554,-34.668,-51.758,-38.574,-22.949,0.000
1733122824.557,-40.527,-41.992,-32.715,-24.902,0.000
1733122824.561,-34.180,-35.156,-36.621,-26.855,0.000
1733122824.565,-15.625,-34.180,-43.457,-20.020,0.000
1733122824.569,-9.277,-30.762,-44.922,-14.648,0.000
1733122824.573,-33.203,-25.391,-46.387,-33.691,0.000
1733122824.577,-44.922,-23.926,-43.945,-43.945,0.000
1733122824.581,-27.832,-28.320,-45.898,-35.645,0.000
1733122824.585,-9.766,-24.902,-45.410,-23.438,0.000
1733122824.589,-9.277,-20.996,-46.875,-21.973,0.000
1733122824.593,-26.855,-23.926,-52.246,-35.645,0.000
1733122824.597,-42.969,-26.367,-55.176,-47.363,0.000
1733122824.600,-31.738,-21.973,-51.270,-36.133,0.000
1733122824.604,-15.625,-14.160,-48.340,-20.996,0.000
1733122824.608,-9.277,-12.695,-50.293,-15.137,0.000
1733122824.612,-22.461,-13.184,-48.340,-26.855,0.000
1733122824.616,-34.668,-14.160,-42.969,-39.551,0.000
1733122824.620,-20.996,-12.207,-41.992,-35.645,0.000
1733122824.624,-1.953,-9.277,-41.992,-24.902,0.000
1733122824.628,3.906,-12.207,-44.434,-16.113,0.000
1733122824.632,-13.672,-13.672,-44.922,-22.949,0.000
1733122824.636,-34.668,-8.789,-39.551,-36.621,0.000
1733122824.640,-33.691,-10.254,-37.109,-38.086,0.000
1733122824.643,-21.973,-17.090,-38.574,-27.832,0.000
1733122824.647,-14.160,-20.020,-41.016,-8.789,0.000
1733122824.651,-27.344,-14.648,-44.434,-18.555,0.000
1733122824.655,-42.480,-10.742,-46.875,-35.156,0.000
1733122824.659,-36.133,-11.230,-41.016,-30.762,0.000
1733122824.663,-25.391,-16.113,-36.133,-24.414,0.000
1733122824.667,-12.695,-24.902,-41.504,-20.020,0.000
1733122824.671,-19.531,-21.484,-51.758,-25.391,0.000
1733122824.675,-39.062,-10.742,-46.875,-36.621,0.000
1733122824.679,-38.574,-10.742,-36.621,-37.598,0.000
1733122824.683,-26.367,-9.277,-42.969,-33.691,0.000
1733122824.686,-10.742,-13.184,-50.293,-17.090,0.000
1733122824.690,-23.926,-29.785,-44.434,-7.324,0.000
1733122824.694,-51.270,-32.227,-35.645,-26.367,0.000
1733122824.698,-53.711,-27.344,-32.227,-36.133,0.000
1733122824.702,-39.062,-26.855,-40.039,-31.250,0.000
1733122824.706,-23.438,-32.227,-41.016,-22.461,0.000
1733122824.710,-30.273,-34.180,-39.062,-20.020,0.000
1733122824.714,-48.828,-26.367,-40.039,-32.227,0.000
1733122824.718,-48.340,-27.344,-39.062,-41.016,0.000
1733122824.722,-34.180,-28.320,-36.133,-36.133,0.000
1733122824.725,-18.555,-25.391,-33.691,-26.367,0.000
1733122824.729,-16.113,-34.180,-35.645,-17.578,0.000
1733122824.733,-33.691,-35.645,-43.457,-20.020,0.000
1733122824.737,-44.434,-34.180,-45.410,-25.879,0.000
1733122824.741,-40.039,-28.320,-42.969,-33.203,0.000
1733122824.745,-19.531,-23.438,-42.969,-20.996,0.000
1733122824.749,-14.160,-28.320,-41.504,-9.277,0.000
1733122824.753,-35.156,-28.809,-42.480,-30.762,0.000
1733122824.757,-42.480,-30.273,-43.945,-40.527,0.000
1733122824.761,-38.574,-36.621,-39.062,-27.344,0.000
1733122824.765,-24.902,-39.551,-36.621,-20.020,0.000
1733122824.768,-13.672,-37.109,-42.480,-21.973,0.000
1733122824.772,-25.879,-35.645,-48.340,-34.180,0.000
1733122824.776,-30.273,-34.180,-46.875,-45.410,0.000
1733122824.780,-17.578,-37.109,-45.410,-34.668,0.000
1733122824.784,-11.230,-43.945,-48.340,-26.855,0.000
1733122824.788,-4.883,-42.480,-48.340,-25.879,0.000
1733122824.792,-21.484,-40.527,-47.852,-32.715,0.000
1733122824.796,-54.199,-37.598,-45.410,-41.504,0.000
1733122824.800,-48.828,-32.227,-36.621,-34.668,0.000
1733122824.804,-30.762,-29.297,-30.762,-20.996,0.000
1733122824.807,-25.879,-25.879,-29.785,-18.066,0.000
1733122824.811,-29.785,-26.855,-25.391,-20.508,0.000
1733122824.815,-42.480,-24.414,-20.996,-31.250,0.000
1733122824.819,-44.434,-24.414,-18.066,-35.645,0.000
1733122824.823,-37.598,-27.344,-21.484,-25.879,0.000
1733122824.827,-26.367,-29.297,-23.438,-5.859,0.000
1733122824.831,-35.156,-24.902,-22.461,-15.137,0.000
1733122824.835,-58.105,-27.344,-25.391,-35.645,0.000
1733122824.839,-53.711,-37.109,-22.949,-34.180,0.000
1733122824.843,-29.297,-27.832,-19.531,-29.785,0.000
1733122824.847,-20.508,-19.043,-19.531,-22.949,0.000
1733122824.850,-23.438,-28.320,-22.461,-17.578,0.000
1733122824.854,-39.551,-33.203,-20.996,-27.344,0.000
1733122824.858,-48.340,-42.969,-24.902,-34.180,0.000
1733122824.862,-34.180,-51.270,-27.832,-31.738,0.000
1733122824.866,-19.043,-50.781,-27.344,-23.926,0.000
1733122824.870,-19.043,-51.758,-28.809,-20.996,0.000
1733122824.874,-43.945,-46.875,-24.414,-35.645,0.000
1733122824.878,-46.875,-41.504,-28.809,-43.457,0.000
1733122824.882,-30.762,-45.410,-36.133,-36.133,0.000
1733122824.886,-18.066,-45.410,-41.016,-24.414,0.000
1733122824.889,-19.531,-46.387,-43.457,-19.043,0.000
1733122824.893,-43.945,-45.410,-42.969,-36.133,0.000
1733122824.897,-53.223,-36.133,-43.945,-47.852,0.000
1733122824.901,-41.016,-34.180,-42.969,-38.086,0.000
1733122824.905,-23.926,-30.762,-37.598,-22.461,0.000
1733122824.909,-15.137,-21.973,-34.668,-13.672,0.000
1733122824.913,-30.762,-23.926,-36.133,-20.996,0.000
1733122824.917,-44.434,-26.855,-36.621,-35.156,0.000
1733122824.921,-41.016,-20.996,-37.598,-38.574,0.000
1733122824.925,-21.484,-17.090,-41.992,-28.320,0.000
1733122824.929,-15.625,-26.855,-47.852,-19.043,0.000
1733122824.932,-34.668,-29.785,-46.875,-28.809,0.000
1733122824.936,-49.805,-20.020,-41.992,-42.969,0.000
1733122824.940,-45.410,-21.973,-40.039,-35.645,0.000
1733122824.944,-27.344,-25.391,-39.062,-27.344,0.000
1733122824.948,-8.789,-23.926,-40.039,-19.531,0.000
1733122824.952,-20.020,-28.809,-38.574,-23.438,0.000
1733122824.956,-40.527,-35.156,-38.574,-37.598,0.000
1733122824.960,-32.715,-35.645,-39.551,-29.297,0.000
1733122824.964,-19.531,-25.391,-37.109,-24.414,0.000
1733122824.968,-7.812,-23.926,-40.527,-28.809,0.000
1733122824.972,-18.066,-34.668,-42.480,-30.762,0.000
1733122824.975,-41.016,-37.598,-34.668,-42.969,0.000
1733122824.979,-39.062,-36.621,-33.203,-43.457,0.000
1733122824.983,-27.344,-41.992,-39.551,-35.645,0.000
1733122824.987,-15.137,-46.387,-40.039,-29.297,0.000
1733122824.991,-26.855,-45.410,-40.527,-32.715,0.000
1733122824.995,-54.688,-41.504,-43.457,-50.781,0.000
1733122824.999,-48.828,-40.039,-42.969,-51.758,0.000
1733122825.003,-28.320,-41.016,-44.922,-34.668,0.000
1733122825.007,-22.461,-48.340,-50.293,-26.855,0.000
1733122825.011,-33.691,-50.781,-52.734,-31.250,0.000
1733122825.014,-47.363,-46.875,-50.781,-48.340,0.000
1733122825.018,-52.246,-50.781,-51.270,-56.152,0.000
1733122825.022,-44.922,-50.293,-51.758,-35.645,0.000
1733122825.026,-29.297,-43.945,-49.316,-20.020,0.000
1733122825.030,-27.832,-43.457,-49.805,-22.949,0.000
1733122825.034,-44.434,-42.969,-47.363,-38.086,0.000
1733122825.038,-49.805,-40.527,-42.969,-44.922,0.000
1733122825.042,-31.250,-42.969,-44.922,-35.156,0.000
1733122825.046,-9.277,-45.410,-47.852,-22.461,0.000
1733122825.050,-15.625,-48.828,-50.781,-21.484,0.000
1733122825.054,-41.504,-45.410,-45.898,-37.109,0.000
1733122825.057,-53.711,-41.016,-41.504,-46.387,0.000
1733122825.061,-43.945,-46.875,-44.434,-36.621,0.000
1733122825.065,-25.391,-49.805,-44.434,-20.508,0.000
1733122825.069,-23.438,-43.945,-44.922,-20.020,0.000
1733122825.073,-35.645,-41.016,-40.039,-29.785,0.000
1733122825.077,-45.898,-46.875,-37.109,-33.691,0.000
1733122825.081,0.000,-46.387,-39.062,-28.809,0.000
1733122825.085,0.000,-43.457,-41.992,-17.578,0.000
1733122825.089,0.000,-45.898,-40.039,-8.789,0.000
1733122825.093,0.000,-51.270,-37.109,-25.391,0.000
1733122825.097,0.000,-49.316,-41.504,-42.480,0.000
1733122825.100,0.000,-46.875,-44.922,-36.133,0.000
1733122825.104,0.000,-53.223,-43.457,-29.297,0.000
1733122825.108,0.000,-62.500,-40.527,-23.438,0.000
1733122825.112,0.000,-61.523,-36.133,-25.391,0.000
1733122825.116,0.000,-45.898,-36.133,-43.457,0.000
1733122825.120,0.000,-45.410,-40.039,-50.293,0.000
1733122825.124,0.000,-53.711,-37.598,-41.992,0.000
1733122825.128,-35.156,-53.223,-35.645,-32.227,0.000
1733122825.132,-45.410,-47.363,-38.086,-36.133,0.000
1733122825.136,-59.570,-44.922,-40.039,-47.363,0.000
1733122825.140,-48.828,-46.387,-42.969,-48.828,0.000
1733122825.143,-34.180,-44.922,-41.992,-42.969,0.000
1733122825.147,-21.973,-41.016,-45.898,-23.438,0.000
1733122825.151,-25.879,-42.480,-47.363,-23.438,0.000
1733122825.155,-46.875,-42.480,-45.898,-44.434,0.000
1733122825.159,-44.922,-33.203,-45.410,-46.875,0.000
1733122825.163,-30.762,-29.785,-46.875,-38.086,0.000
1733122825.167,-20.020,-33.203,-49.805,-26.855,0.000
1733122825.171,-24.414,-41.504,-48.828,-20.020,0.000
1733122825.175,-45.410,-39.551,-45.410,-29.785,0.000
1733122825.179,-43.457,-37.598,-41.016,-35.645,0.000
1733122825.182,-31.738,-44.922,-45.410,-27.344,0.000
1733122825.186,-20.020,-54.199,-46.875,-9.277,0.000
1733122825.190,-23.926,-55.176,-41.992,-12.207,0.000
1733122825.194,-46.875,-47.852,-45.898,-34.180,0.000
1733122825.198,-52.734,-41.016,-45.410,-42.969,0.000
1733122825.202,-41.016,-38.574,-40.527,-36.621,0.000
1733122825.206,-17.578,-32.715,-38.086,-26.855,0.000
1733122825.210,-13.672,-34.180,-38.574,-19.043,0.000
1733122825.214,-34.668,-39.551,-38.574,-30.762,0.000
1733122825.218,-41.992,-33.691,-38.574,-44.922,0.000
1733122825.222,-32.227,-35.156,-38.574,-41.504,0.000
1733122825.225,-22.461,-41.016,-41.992,-29.785,0.000
1733122825.229,-19.531,-38.574,-40.039,-20.996,0.000
1733122825.233,-35.645,-37.109,-38.086,-35.645,0.000
1733122825.237,-56.641,-36.621,-43.457,-53.223,0.000
1733122825.241,-46.875,-34.180,-47.852,-45.898,0.000
1733122825.245,-26.855,-37.109,-49.316,-26.855,0.000
1733122825.249,-20.508,-38.574,-47.852,-16.113,0.000
1733122825.253,-29.785,-31.250,-42.480,-23.926,0.000
1733122825.257,-38.086,-25.391,-37.598,-34.668,0.000
1733122825.261,-30.762,-23.926,-42.969,-34.180,0.000
1733122825.264,-19.043,-24.902,-44.922,-27.832,0.000
1733122825.268,-14.160,-28.320,-45.898,-17.578,0.000
1733122825.272,-25.391,-28.809,-46.387,-22.461,0.000
1733122825.276,-40.039,-30.762,-44.434,-46.387,0.000
1733122825.280,-35.156,-30.273,-49.316,-44.922,0.000
1733122825.284,-28.320,-24.414,-52.246,-31.250,0.000
1733122825.288,-20.508,-34.180,-56.152,-16.602,0.000
1733122825.292,-33.691,-37.598,-57.129,-17.090,0.000
1733122825.296,-48.340,-21.973,-50.781,-36.133,0.000
1733122825.300,-38.086,-17.090,-44.922,-36.621,0.000
1733122825.304,-24.902,-15.625,-45.898,-19.043,0.000
1733122825.307,-11.230,-17.578,-46.875,-9.766,0.000
1733122825.311,-14.160,-16.113,-44.922,-20.996,0.000
1733122825.315,-24.902,-16.113,-42.969,-35.645,0.000
1733122825.319,-25.391,-16.602,-42.969,-36.133,0.000
1733122825.323,-18.555,-16.113,-44.434,-27.344,0.000
1733122825.327,-10.742,-20.996,-48.340,-18.555,0.000
1733122825.331,-23.926,-37.109,-51.270,-19.043,0.000
1733122825.335,-54.688,-41.504,-49.316,-32.227,0.000
1733122825.339,-62.012,-31.250,-47.363,-40.527,0.000
1733122825.343,-52.246,-24.902,-43.945,-37.109,0.000
1733122825.347,-36.621,-22.461,-41.016,-20.996,0.000
1733122825.350,-30.762,-20.996,-37.109,-8.301,0.000
1733122825.354,-45.898,-18.555,-36.133,-25.391,0.000
1733122825.358,-44.922,-20.996,-34.668,-41.016,0.000
1733122825.362,-38.086,-23.926,-33.203,-34.668,0.000
1733122825.366,-27.832,-27.832,-35.645,-23.926,0.000
1733122825.370,-26.367,-25.391,-43.945,-17.578,0.000
1733122825.374,-45.898,-21.973,-52.734,-32.227,0.000
1733122825.378,-42.969,-20.508,-50.781,-47.363,0.000
1733122825.382,-31.250,-21.484,-47.852,-42.969,0.000
1733122825.386,-21.973,-23.926,-49.316,-22.461,0.000
1733122825.390,-16.602,-29.297,-50.293,-15.137,0.000
1733122825.393,-36.133,-30.273,-52.734,-29.297,0.000
1733122825.397,-42.969,-25.391,-56.641,-33.691,0.000
1733122825.401,-28.809,-15.625,-50.293,-35.645,0.000
1733122825.405,-18.066,-17.090,-45.898,-34.668,0.000
1733122825.409,-14.160,-27.832,-49.805,-20.996,0.000
1733122825.413,-30.762,-30.762,-48.828,-27.344,0.000
1733122825.417,-41.504,-30.273,-45.898,-43.457,0.000
1733122825.421,-30.762,-30.273,-46.387,-40.039,0.000
1733122825.425,-21.484,-26.855,-42.969,-29.297,0.000
1733122825.429,-17.578,-26.855,-41.992,-14.648,0.000
1733122825.432,-23.926,-21.484,-40.039,-11.719,0.000
1733122825.436,-38.574,-18.555,-35.156,-23.438,0.000
1733122825.440,-30.762,-20.996,-26.367,-10.742,0.000
1733122825.444,-15.137,-18.555,-25.391,-0.488,0.000
1733122825.448,-14.160,-11.719,-35.156,-5.371,0.000
1733122825.452,-25.391,-8.301,-38.574,-13.184,0.000
1733122825.456,-39.062,-11.230,-42.969,-24.902,0.000
1733122825.460,-24.902,-12.695,-40.527,-18.555,0.000
1733122825.464,-16.113,-17.578,-37.598,-16.602,0.000
1733122825.468,-20.020,-20.996,-36.133,-5.859,0.000
1733122825.472,-24.414,-24.414,-36.621,-8.301,0.000
1733122825.475,-32.227,-20.508,-39.551,-26.855,0.000
1733122825.479,-35.156,-14.160,-39.062,-26.855,0.000
1733122825.483,-27.344,-21.973,-43.945,-21.973,0.000
1733122825.487,-12.207,-25.879,-41.504,-6.836,0.000
1733122825.491,-16.602,-20.020,-38.574,-9.277,0.000
1733122825.495,-34.668,-25.391,-39.551,-26.367,0.000
1733122825.499,-44.922,-30.273,-45.898,-38.574,0.000
1733122825.503,-34.668,-30.762,-51.270,-46.387,0.000
1733122825.507,-21.973,-37.598,-48.828,-32.227,0.000
1733122825.511,-22.949,-38.086,-46.387,-16.113,0.000
1733122825.515,-30.762,-34.668,-44.922,-30.273,0.000
1733122825.518,-36.621,-38.574,-43.457,-45.898,0.000
1733122825.522,-31.250,-41.992,-43.457,-39.551,0.000
1733122825.526,-25.391,-39.062,-46.387,-28.320,0.000
1733122825.530,-25.879,-43.457,-49.805,-19.043,0.000
1733122825.534,-38.086,-42.480,-48.340,-33.203,0.000
1733122825.538,-49.805,-35.645,-45.898,-49.316,0.000
1733122825.542,-41.016,-42.480,-42.969,-37.598,0.000
1733122825.546,-29.785,-46.387,-37.109,-23.438,0.000
1733122825.550,-25.879,-43.945,-32.715,-14.160,0.000
1733122825.554,-34.180,-41.016,-32.227,-20.508,0.000
1733122825.557,-39.551,-38.086,-31.738,-32.227,0.000
1733122825.561,-29.785,-36.133,-30.273,-27.344,0.000
1733122825.565,-14.160,-41.504,-29.785,-13.184,0.000
1733122825.569,-8.301,-42.969,-34.668,-4.395,0.000
1733122825.573,-19.531,-42.969,-40.527,-12.207,0.000
1733122825.577,-29.785,-41.504,-44.434,-25.391,0.000
1733122825.581,-25.391,-31.738,-40.527,-30.762,0.000
1733122825.585,-12.695,-36.621,-40.527,-20.996,0.000
1733122825.589,2.930,-41.992,-36.133,-0.977,0.000
1733122825.593,-9.277,-39.062,-29.785,-9.766,0.000
1733122825.597,-33.691,-38.574,-36.133,-40.039,0.000
1733122825.600,-34.180,-46.387,-41.504,-46.387,0.000
1733122825.604,-29.785,-52.246,-45.898,-41.504,0.000
1733122825.608,-28.809,-47.852,-47.852,-33.691,0.000
1733122825.612,-33.691,-43.945,-46.875,-32.715,0.000
1733122825.616,-39.062,-40.039,-45.410,-42.969,0.000
1733122825.620,-35.645,-42.969,-43.945,-41.016,0.000
1733122825.624,-25.391,-38.086,-43.945,-33.691,0.000
1733122825.628,-20.996,-34.668,-51.758,-24.902,0.000
1733122825.632,-24.902,-45.898,-53.711,-22.461,0.000
1733122825.636,-36.621,-47.852,-51.758,-44.922,0.000
1733122825.639,-46.387,-40.039,-54.688,-49.805,0.000
1733122825.643,-42.969,-40.039,-57.617,-36.621,0.000
1733122825.647,-42.480,-42.969,-59.570,-27.832,0.000
1733122825.651,-46.875,-47.852,-60.059,-27.832,0.000
1733122825.655,-55.176,-51.758,-62.988,-41.016,0.000
1733122825.659,-61.523,-46.875,-62.988,-51.758,0.000
1733122825.663,-54.688,-44.922,-61.523,-46.387,0.000
1733122825.667,-34.668,-48.340,-59.570,-24.414,0.000
1733122825.671,-35.156,-47.852,-58.594,-26.367,0.000
1733122825.675,-52.246,-46.875,-58.594,-47.363,0.000
1733122825.678,-51.270,-43.457,-58.594,-48.828,0.000
1733122825.682,-42.969,-35.645,-59.570,-40.039,0.000
1733122825.686,-26.367,-28.320,-59.082,-31.738,0.000
1733122825.690,-20.508,-32.715,-58.594,-20.020,0.000
1733122825.694,-35.645,-33.203,-55.664,-24.414,0.000
1733122825.698,-41.016,-20.996,-51.270,-41.504,0.000
1733122825.702,-35.156,-20.020,-52.246,-43.457,0.000
1733122825.706,-26.855,-31.250,-60.547,-26.367,0.000
1733122825.710,-20.996,-35.156,-60.059,-13.672,0.000
1733122825.714,-32.227,-31.250,-52.246,-25.391,0.000
1733122825.718,-40.527,-28.320,-50.293,-45.410,0.000
1733122825.721,-24.414,-31.250,-46.875,-35.645,0.000
1733122825.725,-17.578,-37.109,-48.828,-20.020,0.000
1733122825.729,-20.996,-30.762,-50.293,-10.742,0.000
1733122825.733,-23.438,-25.879,-44.922,-11.719,0.000
1733122825.737,-34.668,-30.762,-43.945,-31.738,0.000
1733122825.741,-37.109,-35.156,-45.898,-31.250,0.000
1733122825.745,-24.902,-36.133,-49.316,-17.090,0.000
1733122825.749,-14.648,-39.551,-44.922,-8.301,0.000
1733122825.753,-21.484,-39.551,-43.945,-17.090,0.000
1733122825.757,-34.668,-28.809,-46.875,-30.762,0.000
1733122825.761,-39.062,-28.809,-46.875,-36.133,0.000
1733122825.764,-28.320,-30.273,-45.410,-31.250,0.000
1733122825.768,-19.043,-27.832,-47.363,-11.719,0.000
1733122825.772,-25.879,-33.691,-52.246,-11.230,0.000
1733122825.776,-33.691,-30.762,-49.805,-29.785,0.000
1733122825.780,-26.367,-25.879,-44.922,-33.203,0.000
1733122825.784,-18.555,-29.785,-41.504,-22.461,0.000
1733122825.788,-18.555,-28.809,-39.062,-11.719,0.000
1733122825.792,-26.855,-25.391,-40.527,-20.020,0.000
1733122825.796,-37.109,-24.414,-41.504,-37.109,0.000
1733122825.800,-41.992,-30.762,-45.410,-40.039,0.000
1733122825.804,-32.715,-38.086,-45.410,-27.832,0.000
1733122825.807,-23.926,-37.598,-45.898,-13.184,0.000
1733122825.811,-30.762,-32.227,-46.387,-14.160,0.000
1733122825.815,-36.133,-26.367,-43.945,-25.391,0.000
1733122825.819,-34.180,-33.203,-44.922,-35.156,0.000
1733122825.823,-32.715,-24.902,-48.828,-36.133,0.000
1733122825.827,-31.250,-11.230,-48.828,-20.996,0.000
1733122825.831,-29.785,-13.672,-49.316,-10.254,0.000
1733122825.835,-38.086,-13.184,-43.945,-23.926,0.000
1733122825.839,-45.410,-13.672,-38.086,-36.133,0.000
1733122825.843,-40.527,-23.438,-43.457,-32.715,0.000
1733122825.846,-31.250,-21.484,-39.551,-18.066,0.000
1733122825.850,-34.180,-17.578,-41.992,-16.602,0.000
1733122825.854,-45.898,-20.508,-41.992,-33.203,0.000
1733122825.858,-50.781,-29.297,-41.992,-45.898,0.000
1733122825.862,-44.922,-39.062,-44.922,-35.645,0.000
1733122825.866,-39.551,-36.133,-46.387,-23.438,0.000
1733122825.870,-32.227,-32.715,-44.434,-22.949,0.000
1733122825.874,-33.691,-31.738,-40.527,-34.180,0.000
1733122825.878,-38.086,-27.344,-44.434,-52.246,0.000
1733122825.882,-27.344,-24.414,-44.434,-52.246,0.000
1733122825.886,-9.766,-25.391,-46.387,-37.109,0.000
1733122825.889,-4.883,-29.785,-48.828,-24.902,0.000
1733122825.893,-16.113,-21.484,-41.504,-34.180,0.000
1733122825.897,-31.250,-14.160,-41.016,-48.828,0.000
1733122825.901,-36.133,-13.184,-44.434,-45.898,0.000
1733122825.905,-34.668,-19.043,-43.457,-21.973,0.000
1733122825.909,-40.527,-20.996,-44.922,-14.160,0.000
1733122825.913,-48.340,-20.508,-41.992,-29.297,0.000
1733122825.917,-55.176,-26.855,-38.574,-42.480,0.000
1733122825.921,-52.246,-26.367,-39.062,-39.062,0.000
1733122825.925,-42.969,-24.414,-41.016,-31.738,0.000
1733122825.929,-34.180,-28.320,-39.062,-20.020,0.000
1733122825.932,-33.203,-32.227,-41.016,-23.926,0.000
1733122825.936,-43.457,-34.180,-41.016,-39.062,0.000
1733122825.940,-41.504,-34.180,-37.598,-35.156,0.000
1733122825.944,-27.344,-34.180,-39.551,-23.926,0.000
1733122825.948,-20.508,-37.598,-45.410,-13.184,0.000
1733122825.952,-31.250,-41.016,-46.875,-22.461,0.000
1733122825.956,-43.457,-34.668,-44.434,-46.387,0.000
1733122825.960,-30.762,-35.645,-38.086,-49.316,0.000
1733122825.964,-19.043,-39.551,-34.668,-40.527,0.000
1733122825.968,-10.254,-40.527,-34.668,-24.414,0.000
1733122825.971,-11.719,-41.016,-33.691,-19.043,0.000
1733122825.975,-29.785,-39.551,-32.715,-29.785,0.000
1733122825.979,-34.180,-32.715,-37.598,-32.227,0.000
1733122825.983,-25.879,-22.949,-41.992,-26.367,0.000
1733122825.987,-8.789,-21.973,-36.133,-9.766,0.000
1733122825.991,-9.277,-22.461,-36.621,-4.395,0.000
1733122825.995,-20.996,-24.414,-40.039,-17.090,0.000
1733122825.999,-22.949,-22.949,-39.062,-30.273,0.000
1733122826.003,-21.973,-22.461,-40.527,-34.180,0.000
1733122826.007,-17.090,-31.250,-42.480,-22.461,0.000
1733122826.010,-18.066,-36.133,-36.621,-14.160,0.000
1733122826.014,-27.344,-32.715,-31.738,-21.484,0.000
1733122826.018,-28.320,-26.855,-36.133,-32.227,0.000
1733122826.022,-21.973,-32.715,-41.504,-30.273,0.000
1733122826.026,-15.625,-29.297,-42.480,-15.625,0.000
1733122826.030,-14.648,-19.531,-42.969,-4.395,0.000
1733122826.034,-24.414,-18.555,-42.969,-16.602,0.000
1733122826.038,-29.297,-25.879,-41.992,-27.832,0.000
1733122826.042,-30.273,-40.527,-41.992,-16.602,0.000
1733122826.046,-24.902,-30.273,-38.086,-6.348,0.000
1733122826.050,-11.719,-23.926,-36.133,-3.906,0.000
1733122826.053,-10.254,-28.320,-35.645,-6.348,0.000
1733122826.057,-11.719,-23.438,-34.668,-20.020,0.000
1733122826.061,-8.789,-28.320,-39.062,-24.414,0.000
1733122826.065,-2.441,-35.156,-42.969,-15.137,0.000
1733122826.069,1.953,-36.621,-41.016,-7.324,0.000
1733122826.073,-8.789,-39.062,-33.691,-6.348,0.000
1733122826.077,-26.367,-41.992,-36.133,-25.879,0.000
1733122826.081,-27.344,-39.551,-41.016,-30.273,0.000
1733122826.085,-21.484,-44.922,-43.457,-19.531,0.000
1733122826.089,-18.066,-42.969,-46.387,-20.996,0.000
1733122826.093,-21.484,-33.691,-44.434,-29.297,0.000
1733122826.096,-30.273,-37.109,-41.504,-39.551,0.000
1733122826.100,-28.320,-43.945,-43.945,-36.133,0.000
1733122826.104,-18.555,-33.691,-43.945,-29.297,0.000
1733122826.108,-11.230,-28.809,-39.551,-20.020,0.000
1733122826.112,-16.602,-37.109,-32.227,-15.625,0.000
1733122826.116,-25.391,-41.016,-29.297,-25.391,0.000
1733122826.120,-23.438,-40.527,-32.715,-28.320,0.000
1733122826.124,-15.137,-34.668,-36.133,-16.113,0.000
1733122826.128,-7.812,-31.250,-40.039,-4.395,0.000
1733122826.132,-13.672,-38.574,-43.457,-9.766,0.000
1733122826.136,-32.715,-46.875,-45.898,-26.855,0.000
1733122826.139,-37.109,-42.480,-46.387,-33.691,0.000
1733122826.143,-28.809,-43.945,-45.898,-26.855,0.000
1733122826.147,-26.367,-52.246,-41.992,-12.207,0.000
1733122826.151,-36.621,-48.340,-39.062,-15.625,0.000
1733122826.155,-48.828,-45.410,-40.039,-38.574,0.000
1733122826.159,-48.340,-40.527,-38.086,-41.992,0.000
1733122826.163,-38.086,-34.180,-38.574,-33.203,0.000
1733122826.167,-30.762,-35.156,-39.551,-26.855,0.000
1733122826.171,-29.297,-37.109,-42.969,-21.484,0.000
1733122826.175,-36.621,-39.551,-43.945,-35.645,0.000
1733122826.178,-45.410,-36.621,-42.969,-50.781,0.000
1733122826.182,-40.527,-27.344,-42.480,-42.480,0.000
1733122826.186,-33.691,-29.785,-41.992,-35.156,0.000
1733122826.190,-38.574,-37.598,-45.410,-30.762,0.000
1733122826.194,-54.688,-37.598,-47.852,-45.898,0.000
1733122826.198,-59.570,-31.738,-46.387,-58.105,0.000
1733122826.202,-49.316,-29.785,-41.016,-49.316,0.000
1733122826.206,-37.598,-29.785,-37.598,-35.156,0.000
1733122826.210,-28.320,-30.762,-34.180,-18.555,0.000
1733122826.214,-31.250,-24.902,-34.668,-25.391,0.000
1733122826.218,-42.969,-20.996,-34.668,-50.293,0.000
1733122826.221,-42.480,-24.414,-30.273,-52.734,0.000
1733122826.225,-29.785,-25.879,-29.297,-36.621,0.000
1733122826.229,-22.461,-26.367,-29.297,-20.020,0.000
1733122826.233,-25.391,-25.391,-30.762,-18.066,0.000
1733122826.237,-35.645,-30.762,-31.738,-26.367,0.000
1733122826.241,-35.156,-26.367,-32.715,-31.250,0.000
1733122826.245,-27.832,-21.973,-35.645,-27.344,0.000
1733122826.249,-19.531,-33.203,-38.086,-20.020,0.000
1733122826.253,-21.484,-31.250,-38.086,-27.832,0.000
1733122826.257,-33.691,-25.391,-33.203,-41.504,0.000
1733122826.261,-38.086,-32.227,-31.738,-41.016,0.000
1733122826.264,-30.762,-37.598,-32.227,-32.715,0.000
1733122826.268,-27.832,-40.039,-36.621,-28.320,0.000
1733122826.272,-33.203,-45.898,-41.016,-34.180,0.000
1733122826.276,-36.621,-47.852,-39.551,-44.922,0.000
1733122826.280,-30.273,-43.945,-38.086,-40.527,0.000
1733122826.284,-20.996,-38.086,-37.109,-28.809,0.000
1733122826.288,-14.648,-41.504,-36.133,-19.531,0.000
1733122826.292,-20.020,-44.434,-40.039,-16.602,0.000
1733122826.296,-30.273,-31.250,-41.016,-27.344,0.000
1733122826.300,-34.180,-26.367,-39.062,-38.574,0.000
1733122826.303,-21.973,-30.273,-44.434,-31.250,0.000
1733122826.307,-8.301,-35.156,-44.434,-7.324,0.000
1733122826.311,-13.672,-41.504,-42.969,-1.953,0.000
1733122826.315,-24.902,-41.992,-41.504,-18.555,0.000
1733122826.319,-28.320,-41.992,-35.156,-29.785,0.000
1733122826.323,-24.414,-42.969,-34.668,-16.602,0.000
1733122826.327,-14.648,-35.645,-30.762,6.348,0.000
1733122826.331,-10.254,-29.297,-26.367,-1.465,0.000
1733122826.335,-20.020,-37.109,-28.809,-24.902,0.000
1733122826.339,-28.809,-36.133,-30.762,-26.367,0.000
1733122826.342,-25.879,-27.832,-29.297,-19.531,0.000
1733122826.346,-12.695,-30.273,-33.203,-9.277,0.000
1733122826.350,-4.883,-42.480,-38.086,0.000,0.000
1733122826.354,-24.902,-44.434,-39.551,-16.602,0.000
1733122826.358,-33.691,-41.016,-42.969,-30.762,0.000
1733122826.362,-25.391,-38.086,-44.434,-25.879,0.000
1733122826.366,-20.996,-35.645,-42.969,-15.625,0.000
1733122826.370,-20.508,-38.574,-43.457,-0.977,0.000
1733122826.374,-32.227,-36.133,-45.898,-8.301,0.000
1733122826.378,-39.062,-28.320,-47.363,-30.762,0.000
1733122826.382,-30.762,-32.227,-47.852,-27.832,0.000
1733122826.385,-22.461,-40.039,-43.457,-20.020,0.000
1733122826.389,-12.695,-38.086,-43.945,-15.625,0.000
1733122826.393,-16.602,-28.809,-47.363,-23.438,0.000
1733122826.397,-33.691,-31.250,-42.480,-33.203,0.000
1733122826.401,-39.062,-30.273,-46.875,-32.715,0.000
1733122826.405,-28.320,-23.926,-51.758,-27.832,0.000
1733122826.409,-16.113,-25.879,-50.293,-11.230,0.000
1733122826.413,-28.320,-32.227,-51.758,-16.602,0.000
1733122826.417,-49.805,-37.598,-53.223,-40.527,0.000
1733122826.421,-47.363,-35.156,-50.293,-39.062,0.000
1733122826.425,-39.062,-41.992,-48.828,-27.344,0.000
1733122826.428,-32.715,-49.316,-44.434,-12.695,0.000
1733122826.432,-41.504,-57.617,-43.945,-7.812,0.000
1733122826.436,-58.105,-55.664,-48.828,-25.879,0.000
1733122826.440,-51.270,-49.805,-45.410,-34.668,0.000
1733122826.444,-31.738,-55.176,-45.898,-23.438,0.000
1733122826.448,-20.020,-56.641,-48.340,-12.207,0.000
1733122826.452,-25.879,-50.293,-48.828,-23.926,0.000
1733122826.456,-26.855,-42.480,-54.688,-44.434,0.000
1733122826.460,-17.578,-41.504,-52.734,-45.898,0.000
1733122826.464,-16.602,-35.156,-49.805,-39.551,0.000
1733122826.468,-13.184,-28.809,-51.270,-27.344,0.000
1733122826.471,-18.555,-35.645,-48.340,-17.578,0.000
1733122826.475,-40.039,-31.250,-48.340,-29.785,0.000
1733122826.479,-49.316,-24.414,-52.734,-44.922,0.000
1733122826.483,-45.410,-30.273,-56.152,-43.945,0.000
1733122826.487,-34.180,-34.180,-56.641,-30.762,0.000
1733122826.491,-32.715,-33.691,-57.617,-31.738,0.000
1733122826.495,-49.316,-27.832,-54.688,-46.387,0.000
1733122826.499,-52.246,-25.391,-54.199,-50.781,0.000
1733122826.503,-39.062,-28.809,-50.293,-35.645,0.000
1733122826.507,-29.785,-35.156,-48.340,-16.113,0.000
1733122826.510,-26.855,-33.203,-45.898,-13.184,0.000
1733122826.514,-33.691,-28.809,-44.434,-26.855,0.000
1733122826.518,-40.039,-32.715,-48.828,-34.668,0.000
1733122826.522,-26.855,-30.273,-42.969,-18.066,0.000
1733122826.526,-21.484,-27.344,-36.621,-4.395,0.000
1733122826.530,-17.578,-28.809,-30.273,2.441,0.000
1733122826.534,-20.508,-26.367,-33.203,-5.371,0.000
1733122826.538,-28.320,-23.926,-34.668,-25.879,0.000
1733122826.542,-19.043,-19.531,-29.785,-28.809,0.000
1733122826.546,-14.160,-21.484,-36.133,-16.602,0.000
1733122826.550,-11.230,-26.855,-38.086,-8.789,0.000
1733122826.553,-22.461,-24.414,-38.086,-17.090,0.000
1733122826.557,-36.621,-22.461,-35.645,-31.738,0.000
1733122826.561,-28.809,-20.020,-26.367,-28.809,0.000
1733122826.565,-17.578,-25.391,-31.738,-8.789,0.000
1733122826.569,-13.184,-33.203,-36.621,-2.930,0.000
1733122826.573,-22.949,-30.273,-38.086,-14.648,0.000
1733122826.577,-33.691,-30.273,-43.945,-28.320,0.000
1733122826.581,-30.273,-28.320,-41.992,-32.227,0.000
1733122826.585,-20.508,-25.391,-42.480,-20.996,0.000
1733122826.589,-14.160,-37.598,-37.109,-7.812,0.000
1733122826.593,-25.879,-52.734,-36.133,-18.066,0.000
1733122826.596,-42.480,-54.688,-43.945,-41.504,0.000
1733122826.600,-41.016,-43.457,-49.316,-48.340,0.000
1733122826.604,-35.156,-41.992,-52.246,-43.457,0.000
1733122826.608,-29.785,-50.293,-49.805,-28.320,0.000
1733122826.612,-32.715,-44.922,-45.410,-15.625,0.000
1733122826.616,-37.598,-33.691,-43.945,-32.715,0.000
1733122826.620,-34.668,-37.598,-48.340,-48.340,0.000
1733122826.624,-31.738,-36.133,-48.340,-42.969,0.000
